measure,condition,time,value,baseline_subtracted,eid,expression,n_events,subject
pupil,stim,-0.45,36.44044698748651,3.535623322860772,dfa58635-10b6-48d2-b77b-c4022ad0899a,1,344,ZFM-05170
pupil,stim,-0.35000000000000003,34.52214645489331,1.617322790267572,dfa58635-10b6-48d2-b77b-c4022ad0899a,1,344,ZFM-05170
pupil,stim,-0.25000000000000006,32.70302670731424,-0.20179695731150105,dfa58635-10b6-48d2-b77b-c4022ad0899a,1,344,ZFM-05170
pupil,stim,-0.15000000000000008,31.040123700733535,-1.8646999638922033,dfa58635-10b6-48d2-b77b-c4022ad0899a,1,344,ZFM-05170
pupil,stim,-0.050000000000000086,29.818374472701134,-3.086449191924604,dfa58635-10b6-48d2-b77b-c4022ad0899a,1,344,ZFM-05170
pupil,stim,0.04999999999999989,28.51400344652009,-4.390820218105649,dfa58635-10b6-48d2-b77b-c4022ad0899a,1,344,ZFM-05170
pupil,stim,0.14999999999999986,27.326039725394953,-5.578783939230785,dfa58635-10b6-48d2-b77b-c4022ad0899a,1,344,ZFM-05170
pupil,stim,0.24999999999999983,26.834844897592465,-6.069978767033273,dfa58635-10b6-48d2-b77b-c4022ad0899a,1,344,ZFM-05170
pupil,stim,0.3499999999999998,27.322461137736855,-5.582362526888883,dfa58635-10b6-48d2-b77b-c4022ad0899a,1,344,ZFM-05170
pupil,stim,0.4499999999999998,29.325899088846214,-3.5789245757795243,dfa58635-10b6-48d2-b77b-c4022ad0899a,1,344,ZFM-05170
pupil,stim,0.5499999999999998,32.02559833329731,-0.8792253313284277,dfa58635-10b6-48d2-b77b-c4022ad0899a,1,344,ZFM-05170
pupil,stim,0.6499999999999998,34.40649768744136,1.501674022815621,dfa58635-10b6-48d2-b77b-c4022ad0899a,1,344,ZFM-05170
pupil,stim,0.7499999999999998,36.703305683895806,3.798482019270068,dfa58635-10b6-48d2-b77b-c4022ad0899a,1,344,ZFM-05170
pupil,stim,0.8499999999999998,38.7215745320257,5.816750867399961,dfa58635-10b6-48d2-b77b-c4022ad0899a,1,344,ZFM-05170
pupil,stim,0.9499999999999997,41.23023727090595,8.325413606280215,dfa58635-10b6-48d2-b77b-c4022ad0899a,1,344,ZFM-05170
pupil,stim,1.0499999999999996,43.43310485551357,10.528281190887832,dfa58635-10b6-48d2-b77b-c4022ad0899a,1,344,ZFM-05170
pupil,stim,1.1499999999999997,44.75976643297579,11.85494276835005,dfa58635-10b6-48d2-b77b-c4022ad0899a,1,344,ZFM-05170
pupil,stim,1.2499999999999998,45.44971177650408,12.544888111878343,dfa58635-10b6-48d2-b77b-c4022ad0899a,1,344,ZFM-05170
pupil,stim,1.3499999999999996,46.015863132034,13.111039467408261,dfa58635-10b6-48d2-b77b-c4022ad0899a,1,344,ZFM-05170
pupil,stim,1.4499999999999995,46.52510937230068,13.620285707674945,dfa58635-10b6-48d2-b77b-c4022ad0899a,1,344,ZFM-05170
pupil,stim,1.5499999999999996,47.16966099713516,14.264837332509423,dfa58635-10b6-48d2-b77b-c4022ad0899a,1,344,ZFM-05170
pupil,stim,1.6499999999999997,47.36483590595923,14.460012241333494,dfa58635-10b6-48d2-b77b-c4022ad0899a,1,344,ZFM-05170
pupil,stim,1.7499999999999996,47.33589292877042,14.431069264144682,dfa58635-10b6-48d2-b77b-c4022ad0899a,1,344,ZFM-05170
pupil,stim,1.8499999999999994,47.022362504383885,14.117538839758147,dfa58635-10b6-48d2-b77b-c4022ad0899a,1,344,ZFM-05170
pupil,stim,1.9499999999999995,46.230093068209534,13.325269403583796,dfa58635-10b6-48d2-b77b-c4022ad0899a,1,344,ZFM-05170
pupil,stim,2.0499999999999994,45.889797440257276,12.984973775631538,dfa58635-10b6-48d2-b77b-c4022ad0899a,1,344,ZFM-05170
pupil,stim,2.1499999999999995,45.9464751395386,13.041651474912861,dfa58635-10b6-48d2-b77b-c4022ad0899a,1,344,ZFM-05170
pupil,stim,2.249999999999999,45.89976876501922,12.99494510039348,dfa58635-10b6-48d2-b77b-c4022ad0899a,1,344,ZFM-05170
pupil,stim,2.349999999999999,45.349388053894124,12.444564389268386,dfa58635-10b6-48d2-b77b-c4022ad0899a,1,344,ZFM-05170
pupil,stim,2.4499999999999993,44.77579081565482,11.870967151029085,dfa58635-10b6-48d2-b77b-c4022ad0899a,1,344,ZFM-05170
pupil,stim,2.549999999999999,44.16179366976543,11.256970005139692,dfa58635-10b6-48d2-b77b-c4022ad0899a,1,344,ZFM-05170
pupil,stim,2.649999999999999,43.744297821178954,10.839474156553216,dfa58635-10b6-48d2-b77b-c4022ad0899a,1,344,ZFM-05170
pupil,stim,2.749999999999999,43.16651678328533,10.261693118659593,dfa58635-10b6-48d2-b77b-c4022ad0899a,1,344,ZFM-05170
pupil,stim,2.849999999999999,42.23876294311345,9.333939278487712,dfa58635-10b6-48d2-b77b-c4022ad0899a,1,344,ZFM-05170
pupil,stim,2.9499999999999993,41.014369464248354,8.109545799622616,dfa58635-10b6-48d2-b77b-c4022ad0899a,1,344,ZFM-05170
pupil,stim,3.049999999999999,39.83709532710135,6.932271662475614,dfa58635-10b6-48d2-b77b-c4022ad0899a,1,344,ZFM-05170
pupil,stim,3.149999999999999,39.05714842053787,6.152324755912133,dfa58635-10b6-48d2-b77b-c4022ad0899a,1,344,ZFM-05170
pupil,stim,3.249999999999999,38.46798018583796,5.563156521212221,dfa58635-10b6-48d2-b77b-c4022ad0899a,1,344,ZFM-05170
pupil,stim,3.3499999999999988,37.8212185716174,4.916394906991663,dfa58635-10b6-48d2-b77b-c4022ad0899a,1,344,ZFM-05170
pupil,stim,3.449999999999999,37.40746717982025,4.502643515194514,dfa58635-10b6-48d2-b77b-c4022ad0899a,1,344,ZFM-05170
pupil,stim,3.549999999999999,37.25760785756877,4.352784192943034,dfa58635-10b6-48d2-b77b-c4022ad0899a,1,344,ZFM-05170
pupil,stim,3.649999999999999,37.57022175055261,4.665398085926874,dfa58635-10b6-48d2-b77b-c4022ad0899a,1,344,ZFM-05170
pupil,stim,3.749999999999999,37.829470731311154,4.9246470666854165,dfa58635-10b6-48d2-b77b-c4022ad0899a,1,344,ZFM-05170
pupil,stim,3.8499999999999988,37.921861753028814,5.017038088403076,dfa58635-10b6-48d2-b77b-c4022ad0899a,1,344,ZFM-05170
pupil,stim,3.949999999999999,37.79284883673624,4.888025172110503,dfa58635-10b6-48d2-b77b-c4022ad0899a,1,344,ZFM-05170
pupil,no_stim,-0.45,35.909323557752124,3.2843976058770323,dfa58635-10b6-48d2-b77b-c4022ad0899a,1,352,ZFM-05170
pupil,no_stim,-0.35000000000000003,34.33001627287093,1.7050903209958364,dfa58635-10b6-48d2-b77b-c4022ad0899a,1,352,ZFM-05170
pupil,no_stim,-0.25000000000000006,32.64442080435241,0.019494852477315305,dfa58635-10b6-48d2-b77b-c4022ad0899a,1,352,ZFM-05170
pupil,no_stim,-0.15000000000000008,30.911551365404396,-1.713374586470696,dfa58635-10b6-48d2-b77b-c4022ad0899a,1,352,ZFM-05170
pupil,no_stim,-0.050000000000000086,29.329317758995618,-3.295608192879474,dfa58635-10b6-48d2-b77b-c4022ad0899a,1,352,ZFM-05170
pupil,no_stim,0.04999999999999989,27.94474481852749,-4.680181133347602,dfa58635-10b6-48d2-b77b-c4022ad0899a,1,352,ZFM-05170
pupil,no_stim,0.14999999999999986,27.31918508430656,-5.305740867568531,dfa58635-10b6-48d2-b77b-c4022ad0899a,1,352,ZFM-05170
pupil,no_stim,0.24999999999999983,27.529962519932244,-5.094963431942848,dfa58635-10b6-48d2-b77b-c4022ad0899a,1,352,ZFM-05170
pupil,no_stim,0.3499999999999998,28.54463863976707,-4.080287312108023,dfa58635-10b6-48d2-b77b-c4022ad0899a,1,352,ZFM-05170
pupil,no_stim,0.4499999999999998,30.268848313367343,-2.356077638507749,dfa58635-10b6-48d2-b77b-c4022ad0899a,1,352,ZFM-05170
pupil,no_stim,0.5499999999999998,33.04648361685894,0.42155766498385105,dfa58635-10b6-48d2-b77b-c4022ad0899a,1,352,ZFM-05170
pupil,no_stim,0.6499999999999998,35.74921345220947,3.1242875003343755,dfa58635-10b6-48d2-b77b-c4022ad0899a,1,352,ZFM-05170
pupil,no_stim,0.7499999999999998,37.96553576351288,5.3406098116377905,dfa58635-10b6-48d2-b77b-c4022ad0899a,1,352,ZFM-05170
pupil,no_stim,0.8499999999999998,39.68465953585047,7.05973358397538,dfa58635-10b6-48d2-b77b-c4022ad0899a,1,352,ZFM-05170
pupil,no_stim,0.9499999999999997,41.44967847587676,8.824752524001667,dfa58635-10b6-48d2-b77b-c4022ad0899a,1,352,ZFM-05170
pupil,no_stim,1.0499999999999996,43.25268615323274,10.627760201357646,dfa58635-10b6-48d2-b77b-c4022ad0899a,1,352,ZFM-05170
pupil,no_stim,1.1499999999999997,44.582167301729356,11.957241349854264,dfa58635-10b6-48d2-b77b-c4022ad0899a,1,352,ZFM-05170
pupil,no_stim,1.2499999999999998,45.43745710745129,12.812531155576195,dfa58635-10b6-48d2-b77b-c4022ad0899a,1,352,ZFM-05170
pupil,no_stim,1.3499999999999996,46.061595708185656,13.436669756310565,dfa58635-10b6-48d2-b77b-c4022ad0899a,1,352,ZFM-05170
pupil,no_stim,1.4499999999999995,45.91606373217958,13.291137780304489,dfa58635-10b6-48d2-b77b-c4022ad0899a,1,352,ZFM-05170
pupil,no_stim,1.5499999999999996,45.43459174066113,12.809665788786042,dfa58635-10b6-48d2-b77b-c4022ad0899a,1,352,ZFM-05170
pupil,no_stim,1.6499999999999997,44.70020485550567,12.075278903630576,dfa58635-10b6-48d2-b77b-c4022ad0899a,1,352,ZFM-05170
pupil,no_stim,1.7499999999999996,44.26304237055853,11.638116418683438,dfa58635-10b6-48d2-b77b-c4022ad0899a,1,352,ZFM-05170
pupil,no_stim,1.8499999999999994,43.80938095122599,11.184454999350898,dfa58635-10b6-48d2-b77b-c4022ad0899a,1,352,ZFM-05170
pupil,no_stim,1.9499999999999995,43.18306883601782,10.558142884142725,dfa58635-10b6-48d2-b77b-c4022ad0899a,1,352,ZFM-05170
pupil,no_stim,2.0499999999999994,42.43548906536044,9.810563113485351,dfa58635-10b6-48d2-b77b-c4022ad0899a,1,352,ZFM-05170
pupil,no_stim,2.1499999999999995,42.003083205263636,9.378157253388544,dfa58635-10b6-48d2-b77b-c4022ad0899a,1,352,ZFM-05170
pupil,no_stim,2.249999999999999,41.66245477518581,9.037528823310716,dfa58635-10b6-48d2-b77b-c4022ad0899a,1,352,ZFM-05170
pupil,no_stim,2.349999999999999,41.05596441829826,8.431038466423168,dfa58635-10b6-48d2-b77b-c4022ad0899a,1,352,ZFM-05170
pupil,no_stim,2.4499999999999993,40.15598992934404,7.531063977468946,dfa58635-10b6-48d2-b77b-c4022ad0899a,1,352,ZFM-05170
pupil,no_stim,2.549999999999999,39.29229564669187,6.667369694816777,dfa58635-10b6-48d2-b77b-c4022ad0899a,1,352,ZFM-05170
pupil,no_stim,2.649999999999999,38.863896825137346,6.238970873262254,dfa58635-10b6-48d2-b77b-c4022ad0899a,1,352,ZFM-05170
pupil,no_stim,2.749999999999999,38.45186104672101,5.826935094845915,dfa58635-10b6-48d2-b77b-c4022ad0899a,1,352,ZFM-05170
pupil,no_stim,2.849999999999999,37.77951155658173,5.154585604706639,dfa58635-10b6-48d2-b77b-c4022ad0899a,1,352,ZFM-05170
pupil,no_stim,2.9499999999999993,37.2784556816629,4.653529729787806,dfa58635-10b6-48d2-b77b-c4022ad0899a,1,352,ZFM-05170
pupil,no_stim,3.049999999999999,36.73841863370955,4.113492681834458,dfa58635-10b6-48d2-b77b-c4022ad0899a,1,352,ZFM-05170
pupil,no_stim,3.149999999999999,36.16109685228873,3.5361709004136372,dfa58635-10b6-48d2-b77b-c4022ad0899a,1,352,ZFM-05170
pupil,no_stim,3.249999999999999,35.62525908437712,3.0003331325020284,dfa58635-10b6-48d2-b77b-c4022ad0899a,1,352,ZFM-05170
pupil,no_stim,3.3499999999999988,34.86419190112318,2.239265949248086,dfa58635-10b6-48d2-b77b-c4022ad0899a,1,352,ZFM-05170
pupil,no_stim,3.449999999999999,34.3256823667534,1.700756414878306,dfa58635-10b6-48d2-b77b-c4022ad0899a,1,352,ZFM-05170
pupil,no_stim,3.549999999999999,34.018252387500915,1.3933264356258235,dfa58635-10b6-48d2-b77b-c4022ad0899a,1,352,ZFM-05170
pupil,no_stim,3.649999999999999,33.993576242528526,1.3686502906534344,dfa58635-10b6-48d2-b77b-c4022ad0899a,1,352,ZFM-05170
pupil,no_stim,3.749999999999999,34.11027399327423,1.485348041399135,dfa58635-10b6-48d2-b77b-c4022ad0899a,1,352,ZFM-05170
pupil,no_stim,3.8499999999999988,34.28265943179229,1.6577334799171979,dfa58635-10b6-48d2-b77b-c4022ad0899a,1,352,ZFM-05170
pupil,no_stim,3.949999999999999,34.4996965589736,1.8747706070985117,dfa58635-10b6-48d2-b77b-c4022ad0899a,1,352,ZFM-05170
pupil,stim,-0.45,48.11909429303755,1.0564684489487703,2d93903c-d02b-4e0d-9218-681f2884598d,1,304,ZFM-05170
pupil,stim,-0.35000000000000003,48.01172239295376,0.9490965488649792,2d93903c-d02b-4e0d-9218-681f2884598d,1,304,ZFM-05170
pupil,stim,-0.25000000000000006,47.354443062259584,0.29181721817080586,2d93903c-d02b-4e0d-9218-681f2884598d,1,304,ZFM-05170
pupil,stim,-0.15000000000000008,46.573626469124775,-0.4889993749640027,2d93903c-d02b-4e0d-9218-681f2884598d,1,304,ZFM-05170
pupil,stim,-0.050000000000000086,45.25424300306825,-1.8083828410205314,2d93903c-d02b-4e0d-9218-681f2884598d,1,304,ZFM-05170
pupil,stim,0.04999999999999989,43.48814055110846,-3.57448529298032,2d93903c-d02b-4e0d-9218-681f2884598d,1,304,ZFM-05170
pupil,stim,0.14999999999999986,40.682223135055914,-6.3804027090328645,2d93903c-d02b-4e0d-9218-681f2884598d,1,304,ZFM-05170
pupil,stim,0.24999999999999983,36.87078704960468,-10.191838794484099,2d93903c-d02b-4e0d-9218-681f2884598d,1,304,ZFM-05170
pupil,stim,0.3499999999999998,32.34165040050545,-14.720975443583328,2d93903c-d02b-4e0d-9218-681f2884598d,1,304,ZFM-05170
pupil,stim,0.4499999999999998,27.920836153952852,-19.141789690135926,2d93903c-d02b-4e0d-9218-681f2884598d,1,304,ZFM-05170
pupil,stim,0.5499999999999998,24.487969670542757,-22.57465617354602,2d93903c-d02b-4e0d-9218-681f2884598d,1,304,ZFM-05170
pupil,stim,0.6499999999999998,23.26535696267353,-23.79726888141525,2d93903c-d02b-4e0d-9218-681f2884598d,1,304,ZFM-05170
pupil,stim,0.7499999999999998,23.492300845217844,-23.570324998870934,2d93903c-d02b-4e0d-9218-681f2884598d,1,304,ZFM-05170
pupil,stim,0.8499999999999998,24.18037946083055,-22.882246383258227,2d93903c-d02b-4e0d-9218-681f2884598d,1,304,ZFM-05170
pupil,stim,0.9499999999999997,24.19477741476898,-22.8678484293198,2d93903c-d02b-4e0d-9218-681f2884598d,1,304,ZFM-05170
pupil,stim,1.0499999999999996,24.018367309364834,-23.044258534723944,2d93903c-d02b-4e0d-9218-681f2884598d,1,304,ZFM-05170
pupil,stim,1.1499999999999997,23.968715457465077,-23.0939103866237,2d93903c-d02b-4e0d-9218-681f2884598d,1,304,ZFM-05170
pupil,stim,1.2499999999999998,24.306684044292776,-22.755941799796002,2d93903c-d02b-4e0d-9218-681f2884598d,1,304,ZFM-05170
pupil,stim,1.3499999999999996,24.661248819059143,-22.401377025029635,2d93903c-d02b-4e0d-9218-681f2884598d,1,304,ZFM-05170
pupil,stim,1.4499999999999995,25.01828714684416,-22.04433869724462,2d93903c-d02b-4e0d-9218-681f2884598d,1,304,ZFM-05170
pupil,stim,1.5499999999999996,25.447192232660935,-21.615433611427843,2d93903c-d02b-4e0d-9218-681f2884598d,1,304,ZFM-05170
pupil,stim,1.6499999999999997,26.25512421077376,-20.807501633315017,2d93903c-d02b-4e0d-9218-681f2884598d,1,304,ZFM-05170
pupil,stim,1.7499999999999996,27.22008799902908,-19.8425378450597,2d93903c-d02b-4e0d-9218-681f2884598d,1,304,ZFM-05170
pupil,stim,1.8499999999999994,28.46895019208056,-18.59367565200822,2d93903c-d02b-4e0d-9218-681f2884598d,1,304,ZFM-05170
pupil,stim,1.9499999999999995,31.234312912275055,-15.828312931813723,2d93903c-d02b-4e0d-9218-681f2884598d,1,304,ZFM-05170
pupil,stim,2.0499999999999994,34.14635759231824,-12.91626825177054,2d93903c-d02b-4e0d-9218-681f2884598d,1,304,ZFM-05170
pupil,stim,2.1499999999999995,37.032619368088575,-10.030006476000203,2d93903c-d02b-4e0d-9218-681f2884598d,1,304,ZFM-05170
pupil,stim,2.249999999999999,39.22776338378876,-7.834862460300016,2d93903c-d02b-4e0d-9218-681f2884598d,1,304,ZFM-05170
pupil,stim,2.349999999999999,41.169848680682136,-5.892777163406642,2d93903c-d02b-4e0d-9218-681f2884598d,1,304,ZFM-05170
pupil,stim,2.4499999999999993,44.03442777138259,-3.0281980727061892,2d93903c-d02b-4e0d-9218-681f2884598d,1,304,ZFM-05170
pupil,stim,2.549999999999999,47.48532436068156,0.42269851659278146,2d93903c-d02b-4e0d-9218-681f2884598d,1,304,ZFM-05170
pupil,stim,2.649999999999999,50.855078055249905,3.7924522111611267,2d93903c-d02b-4e0d-9218-681f2884598d,1,304,ZFM-05170
pupil,stim,2.749999999999999,53.618106872450205,6.555481028361427,2d93903c-d02b-4e0d-9218-681f2884598d,1,304,ZFM-05170
pupil,stim,2.849999999999999,55.73078845800057,8.66816261391179,2d93903c-d02b-4e0d-9218-681f2884598d,1,304,ZFM-05170
pupil,stim,2.9499999999999993,56.58181960614144,9.519193762052659,2d93903c-d02b-4e0d-9218-681f2884598d,1,304,ZFM-05170
pupil,stim,3.049999999999999,56.30284163271235,9.240215788623573,2d93903c-d02b-4e0d-9218-681f2884598d,1,304,ZFM-05170
pupil,stim,3.149999999999999,55.714442131230584,8.651816287141806,2d93903c-d02b-4e0d-9218-681f2884598d,1,304,ZFM-05170
pupil,stim,3.249999999999999,54.49773980659277,7.435113962503991,2d93903c-d02b-4e0d-9218-681f2884598d,1,304,ZFM-05170
pupil,stim,3.3499999999999988,54.14417417901483,7.081548334926055,2d93903c-d02b-4e0d-9218-681f2884598d,1,304,ZFM-05170
pupil,stim,3.449999999999999,53.63086154375786,6.568235699669081,2d93903c-d02b-4e0d-9218-681f2884598d,1,304,ZFM-05170
pupil,stim,3.549999999999999,52.94868400974809,5.886058165659314,2d93903c-d02b-4e0d-9218-681f2884598d,1,304,ZFM-05170
pupil,stim,3.649999999999999,52.08474701516024,5.022121171071461,2d93903c-d02b-4e0d-9218-681f2884598d,1,304,ZFM-05170
pupil,stim,3.749999999999999,50.861521660003035,3.798895815914257,2d93903c-d02b-4e0d-9218-681f2884598d,1,304,ZFM-05170
pupil,stim,3.8499999999999988,50.117910029133775,3.0552841850449965,2d93903c-d02b-4e0d-9218-681f2884598d,1,304,ZFM-05170
pupil,stim,3.949999999999999,49.25894885086201,2.196323006773234,2d93903c-d02b-4e0d-9218-681f2884598d,1,304,ZFM-05170
pupil,no_stim,-0.45,48.18084839964692,1.2656826301573503,2d93903c-d02b-4e0d-9218-681f2884598d,1,378,ZFM-05170
pupil,no_stim,-0.35000000000000003,48.28410620050247,1.368940431012902,2d93903c-d02b-4e0d-9218-681f2884598d,1,378,ZFM-05170
pupil,no_stim,-0.25000000000000006,47.50678831621957,0.5916225467300009,2d93903c-d02b-4e0d-9218-681f2884598d,1,378,ZFM-05170
pupil,no_stim,-0.15000000000000008,46.284614430449636,-0.6305513390399327,2d93903c-d02b-4e0d-9218-681f2884598d,1,378,ZFM-05170
pupil,no_stim,-0.050000000000000086,44.31947150062926,-2.5956942688603064,2d93903c-d02b-4e0d-9218-681f2884598d,1,378,ZFM-05170
pupil,no_stim,0.04999999999999989,42.04190969513897,-4.8732560743506,2d93903c-d02b-4e0d-9218-681f2884598d,1,378,ZFM-05170
pupil,no_stim,0.14999999999999986,39.330719788656396,-7.5844459808331735,2d93903c-d02b-4e0d-9218-681f2884598d,1,378,ZFM-05170
pupil,no_stim,0.24999999999999983,35.52024969096626,-11.394916078523309,2d93903c-d02b-4e0d-9218-681f2884598d,1,378,ZFM-05170
pupil,no_stim,0.3499999999999998,31.123925149203636,-15.791240620285933,2d93903c-d02b-4e0d-9218-681f2884598d,1,378,ZFM-05170
pupil,no_stim,0.4499999999999998,27.20245098135077,-19.7127147881388,2d93903c-d02b-4e0d-9218-681f2884598d,1,378,ZFM-05170
pupil,no_stim,0.5499999999999998,24.076877872386127,-22.83828789710344,2d93903c-d02b-4e0d-9218-681f2884598d,1,378,ZFM-05170
pupil,no_stim,0.6499999999999998,22.497593760719056,-24.417572008770513,2d93903c-d02b-4e0d-9218-681f2884598d,1,378,ZFM-05170
pupil,no_stim,0.7499999999999998,22.702964236034,-24.21220153345557,2d93903c-d02b-4e0d-9218-681f2884598d,1,378,ZFM-05170
pupil,no_stim,0.8499999999999998,23.454131927577393,-23.461033841912176,2d93903c-d02b-4e0d-9218-681f2884598d,1,378,ZFM-05170
pupil,no_stim,0.9499999999999997,24.48201083163909,-22.433154937850478,2d93903c-d02b-4e0d-9218-681f2884598d,1,378,ZFM-05170
pupil,no_stim,1.0499999999999996,25.188634203120042,-21.726531566369527,2d93903c-d02b-4e0d-9218-681f2884598d,1,378,ZFM-05170
pupil,no_stim,1.1499999999999997,25.759648408304002,-21.155517361185566,2d93903c-d02b-4e0d-9218-681f2884598d,1,378,ZFM-05170
pupil,no_stim,1.2499999999999998,25.91317518759833,-21.00199058189124,2d93903c-d02b-4e0d-9218-681f2884598d,1,378,ZFM-05170
pupil,no_stim,1.3499999999999996,26.052353267684282,-20.862812501805287,2d93903c-d02b-4e0d-9218-681f2884598d,1,378,ZFM-05170
pupil,no_stim,1.4499999999999995,26.31050340819987,-20.604662361289698,2d93903c-d02b-4e0d-9218-681f2884598d,1,378,ZFM-05170
pupil,no_stim,1.5499999999999996,27.213424701612812,-19.701741067876757,2d93903c-d02b-4e0d-9218-681f2884598d,1,378,ZFM-05170
pupil,no_stim,1.6499999999999997,28.387760101787116,-18.527405667702453,2d93903c-d02b-4e0d-9218-681f2884598d,1,378,ZFM-05170
pupil,no_stim,1.7499999999999996,29.475911112541358,-17.43925465694821,2d93903c-d02b-4e0d-9218-681f2884598d,1,378,ZFM-05170
pupil,no_stim,1.8499999999999994,30.986728020346412,-15.928437749143157,2d93903c-d02b-4e0d-9218-681f2884598d,1,378,ZFM-05170
pupil,no_stim,1.9499999999999995,33.56537711919579,-13.349788650293782,2d93903c-d02b-4e0d-9218-681f2884598d,1,378,ZFM-05170
pupil,no_stim,2.0499999999999994,36.61769872653266,-10.29746704295691,2d93903c-d02b-4e0d-9218-681f2884598d,1,378,ZFM-05170
pupil,no_stim,2.1499999999999995,39.09440591514788,-7.820759854341688,2d93903c-d02b-4e0d-9218-681f2884598d,1,378,ZFM-05170
pupil,no_stim,2.249999999999999,41.348182962697564,-5.566982806792005,2d93903c-d02b-4e0d-9218-681f2884598d,1,378,ZFM-05170
pupil,no_stim,2.349999999999999,43.45823733736775,-3.4569284321218205,2d93903c-d02b-4e0d-9218-681f2884598d,1,378,ZFM-05170
pupil,no_stim,2.4499999999999993,44.83325799832047,-2.0819077711690994,2d93903c-d02b-4e0d-9218-681f2884598d,1,378,ZFM-05170
pupil,no_stim,2.549999999999999,46.562206034048,-0.35295973544156567,2d93903c-d02b-4e0d-9218-681f2884598d,1,378,ZFM-05170
pupil,no_stim,2.649999999999999,48.17065811255985,1.25549234307028,2d93903c-d02b-4e0d-9218-681f2884598d,1,378,ZFM-05170
pupil,no_stim,2.749999999999999,49.51629062554741,2.6011248560578437,2d93903c-d02b-4e0d-9218-681f2884598d,1,378,ZFM-05170
pupil,no_stim,2.849999999999999,50.52928552166144,3.6141197521718738,2d93903c-d02b-4e0d-9218-681f2884598d,1,378,ZFM-05170
pupil,no_stim,2.9499999999999993,51.08661749330022,4.171451723810648,2d93903c-d02b-4e0d-9218-681f2884598d,1,378,ZFM-05170
pupil,no_stim,3.049999999999999,50.959743627471795,4.044577857982226,2d93903c-d02b-4e0d-9218-681f2884598d,1,378,ZFM-05170
pupil,no_stim,3.149999999999999,50.69836718588628,3.7832014163967145,2d93903c-d02b-4e0d-9218-681f2884598d,1,378,ZFM-05170
pupil,no_stim,3.249999999999999,50.087708805003956,3.172543035514387,2d93903c-d02b-4e0d-9218-681f2884598d,1,378,ZFM-05170
pupil,no_stim,3.3499999999999988,49.21926085489609,2.304095085406523,2d93903c-d02b-4e0d-9218-681f2884598d,1,378,ZFM-05170
pupil,no_stim,3.449999999999999,48.06794060666686,1.1527748371772901,2d93903c-d02b-4e0d-9218-681f2884598d,1,378,ZFM-05170
pupil,no_stim,3.549999999999999,46.63333926266061,-0.28182650682895627,2d93903c-d02b-4e0d-9218-681f2884598d,1,378,ZFM-05170
pupil,no_stim,3.649999999999999,45.331007442725834,-1.5841583267637347,2d93903c-d02b-4e0d-9218-681f2884598d,1,378,ZFM-05170
pupil,no_stim,3.749999999999999,44.01445118216854,-2.9007145873210263,2d93903c-d02b-4e0d-9218-681f2884598d,1,378,ZFM-05170
pupil,no_stim,3.8499999999999988,42.967191085450146,-3.9479746840394228,2d93903c-d02b-4e0d-9218-681f2884598d,1,378,ZFM-05170
pupil,no_stim,3.949999999999999,42.30003294346561,-4.6151328260239595,2d93903c-d02b-4e0d-9218-681f2884598d,1,378,ZFM-05170
pupil,stim,-0.45,39.08833786412845,4.3783213695088605,401dc15a-96d1-47a9-81f5-bebdfcd2465d,1,205,ZFM-05170
pupil,stim,-0.35000000000000003,36.72045967999821,2.0104431853786195,401dc15a-96d1-47a9-81f5-bebdfcd2465d,1,205,ZFM-05170
pupil,stim,-0.25000000000000006,34.524195372160115,-0.18582112245947258,401dc15a-96d1-47a9-81f5-bebdfcd2465d,1,205,ZFM-05170
pupil,stim,-0.15000000000000008,32.5548598822384,-2.155156612381191,401dc15a-96d1-47a9-81f5-bebdfcd2465d,1,205,ZFM-05170
pupil,stim,-0.050000000000000086,30.662229674572785,-4.047786820046802,401dc15a-96d1-47a9-81f5-bebdfcd2465d,1,205,ZFM-05170
pupil,stim,0.04999999999999989,28.968455640887765,-5.741560853731823,401dc15a-96d1-47a9-81f5-bebdfcd2465d,1,205,ZFM-05170
pupil,stim,0.14999999999999986,27.645509285811553,-7.064507208808035,401dc15a-96d1-47a9-81f5-bebdfcd2465d,1,205,ZFM-05170
pupil,stim,0.24999999999999983,27.854059831029435,-6.8559566635901525,401dc15a-96d1-47a9-81f5-bebdfcd2465d,1,205,ZFM-05170
pupil,stim,0.3499999999999998,28.99161940760924,-5.718397087010349,401dc15a-96d1-47a9-81f5-bebdfcd2465d,1,205,ZFM-05170
pupil,stim,0.4499999999999998,30.705670188089474,-4.004346306530113,401dc15a-96d1-47a9-81f5-bebdfcd2465d,1,205,ZFM-05170
pupil,stim,0.5499999999999998,33.03202692681691,-1.6779895678026762,401dc15a-96d1-47a9-81f5-bebdfcd2465d,1,205,ZFM-05170
pupil,stim,0.6499999999999998,36.385089230777425,1.675072736157837,401dc15a-96d1-47a9-81f5-bebdfcd2465d,1,205,ZFM-05170
pupil,stim,0.7499999999999998,40.70073185671041,5.990715362090825,401dc15a-96d1-47a9-81f5-bebdfcd2465d,1,205,ZFM-05170
pupil,stim,0.8499999999999998,44.7400697220229,10.030053227403315,401dc15a-96d1-47a9-81f5-bebdfcd2465d,1,205,ZFM-05170
pupil,stim,0.9499999999999997,47.41419100802678,12.704174513407196,401dc15a-96d1-47a9-81f5-bebdfcd2465d,1,205,ZFM-05170
pupil,stim,1.0499999999999996,49.319639221709494,14.609622727089906,401dc15a-96d1-47a9-81f5-bebdfcd2465d,1,205,ZFM-05170
pupil,stim,1.1499999999999997,51.100408758718245,16.390392264098658,401dc15a-96d1-47a9-81f5-bebdfcd2465d,1,205,ZFM-05170
pupil,stim,1.2499999999999998,52.580446163904554,17.870429669284967,401dc15a-96d1-47a9-81f5-bebdfcd2465d,1,205,ZFM-05170
pupil,stim,1.3499999999999996,53.15181507021294,18.441798575593353,401dc15a-96d1-47a9-81f5-bebdfcd2465d,1,205,ZFM-05170
pupil,stim,1.4499999999999995,53.29225865180193,18.582242157182343,401dc15a-96d1-47a9-81f5-bebdfcd2465d,1,205,ZFM-05170
pupil,stim,1.5499999999999996,53.260975060576286,18.550958565956698,401dc15a-96d1-47a9-81f5-bebdfcd2465d,1,205,ZFM-05170
pupil,stim,1.6499999999999997,53.55757813548463,18.847561640865045,401dc15a-96d1-47a9-81f5-bebdfcd2465d,1,205,ZFM-05170
pupil,stim,1.7499999999999996,53.46749714705748,18.75748065243789,401dc15a-96d1-47a9-81f5-bebdfcd2465d,1,205,ZFM-05170
pupil,stim,1.8499999999999994,53.20644573963763,18.496429245018042,401dc15a-96d1-47a9-81f5-bebdfcd2465d,1,205,ZFM-05170
pupil,stim,1.9499999999999995,52.988415035500765,18.278398540881177,401dc15a-96d1-47a9-81f5-bebdfcd2465d,1,205,ZFM-05170
pupil,stim,2.0499999999999994,52.3814630626923,17.67144656807271,401dc15a-96d1-47a9-81f5-bebdfcd2465d,1,205,ZFM-05170
pupil,stim,2.1499999999999995,51.465601039970245,16.755584545350658,401dc15a-96d1-47a9-81f5-bebdfcd2465d,1,205,ZFM-05170
pupil,stim,2.249999999999999,50.39144657760546,15.68143008298587,401dc15a-96d1-47a9-81f5-bebdfcd2465d,1,205,ZFM-05170
pupil,stim,2.349999999999999,48.954136475013065,14.244119980393478,401dc15a-96d1-47a9-81f5-bebdfcd2465d,1,205,ZFM-05170
pupil,stim,2.4499999999999993,47.604555708856864,12.894539214237277,401dc15a-96d1-47a9-81f5-bebdfcd2465d,1,205,ZFM-05170
pupil,stim,2.549999999999999,46.97684307498868,12.266826580369091,401dc15a-96d1-47a9-81f5-bebdfcd2465d,1,205,ZFM-05170
pupil,stim,2.649999999999999,46.91160360395129,12.201587109331705,401dc15a-96d1-47a9-81f5-bebdfcd2465d,1,205,ZFM-05170
pupil,stim,2.749999999999999,47.16127720635615,12.451260711736559,401dc15a-96d1-47a9-81f5-bebdfcd2465d,1,205,ZFM-05170
pupil,stim,2.849999999999999,47.0262397230052,12.31622322838561,401dc15a-96d1-47a9-81f5-bebdfcd2465d,1,205,ZFM-05170
pupil,stim,2.9499999999999993,46.30043034782317,11.590413853203586,401dc15a-96d1-47a9-81f5-bebdfcd2465d,1,205,ZFM-05170
pupil,stim,3.049999999999999,45.03579566098646,10.325779166366871,401dc15a-96d1-47a9-81f5-bebdfcd2465d,1,205,ZFM-05170
pupil,stim,3.149999999999999,43.72065952591584,9.010643031296254,401dc15a-96d1-47a9-81f5-bebdfcd2465d,1,205,ZFM-05170
pupil,stim,3.249999999999999,42.730605917347674,8.020589422728087,401dc15a-96d1-47a9-81f5-bebdfcd2465d,1,205,ZFM-05170
pupil,stim,3.3499999999999988,41.91826576973946,7.208249275119876,401dc15a-96d1-47a9-81f5-bebdfcd2465d,1,205,ZFM-05170
pupil,stim,3.449999999999999,41.35010092441575,6.640084429796161,401dc15a-96d1-47a9-81f5-bebdfcd2465d,1,205,ZFM-05170
pupil,stim,3.549999999999999,41.19988056034169,6.489864065722102,401dc15a-96d1-47a9-81f5-bebdfcd2465d,1,205,ZFM-05170
pupil,stim,3.649999999999999,40.80770428168126,6.097687787061673,401dc15a-96d1-47a9-81f5-bebdfcd2465d,1,205,ZFM-05170
pupil,stim,3.749999999999999,40.112880664943006,5.402864170323419,401dc15a-96d1-47a9-81f5-bebdfcd2465d,1,205,ZFM-05170
pupil,stim,3.8499999999999988,39.54626527745126,4.8362487828316745,401dc15a-96d1-47a9-81f5-bebdfcd2465d,1,205,ZFM-05170
pupil,stim,3.949999999999999,39.276407712464994,4.566391217845407,401dc15a-96d1-47a9-81f5-bebdfcd2465d,1,205,ZFM-05170
pupil,no_stim,-0.45,30.092090938128248,4.86337501637448,401dc15a-96d1-47a9-81f5-bebdfcd2465d,1,242,ZFM-05170
pupil,no_stim,-0.35000000000000003,27.71316883180988,2.4844529100561132,401dc15a-96d1-47a9-81f5-bebdfcd2465d,1,242,ZFM-05170
pupil,no_stim,-0.25000000000000006,25.040836475929048,-0.18787944582471994,401dc15a-96d1-47a9-81f5-bebdfcd2465d,1,242,ZFM-05170
pupil,no_stim,-0.15000000000000008,22.534260014711524,-2.6944559070422436,401dc15a-96d1-47a9-81f5-bebdfcd2465d,1,242,ZFM-05170
pupil,no_stim,-0.050000000000000086,20.763223348190124,-4.465492573563644,401dc15a-96d1-47a9-81f5-bebdfcd2465d,1,242,ZFM-05170
pupil,no_stim,0.04999999999999989,20.030194213037728,-5.19852170871604,401dc15a-96d1-47a9-81f5-bebdfcd2465d,1,242,ZFM-05170
pupil,no_stim,0.14999999999999986,21.433345490059416,-3.7953704316943515,401dc15a-96d1-47a9-81f5-bebdfcd2465d,1,242,ZFM-05170
pupil,no_stim,0.24999999999999983,23.522497285219778,-1.7062186365339898,401dc15a-96d1-47a9-81f5-bebdfcd2465d,1,242,ZFM-05170
pupil,no_stim,0.3499999999999998,25.475317732202605,0.246601810448837,401dc15a-96d1-47a9-81f5-bebdfcd2465d,1,242,ZFM-05170
pupil,no_stim,0.4499999999999998,26.82696575429839,1.5982498325446208,401dc15a-96d1-47a9-81f5-bebdfcd2465d,1,242,ZFM-05170
pupil,no_stim,0.5499999999999998,28.48969281071089,3.2609768889571207,401dc15a-96d1-47a9-81f5-bebdfcd2465d,1,242,ZFM-05170
pupil,no_stim,0.6499999999999998,31.073994000807335,5.845278079053568,401dc15a-96d1-47a9-81f5-bebdfcd2465d,1,242,ZFM-05170
pupil,no_stim,0.7499999999999998,34.9834155743832,9.754699652629434,401dc15a-96d1-47a9-81f5-bebdfcd2465d,1,242,ZFM-05170
pupil,no_stim,0.8499999999999998,39.44655877293444,14.21784285118067,401dc15a-96d1-47a9-81f5-bebdfcd2465d,1,242,ZFM-05170
pupil,no_stim,0.9499999999999997,43.0408099872901,17.812094065536336,401dc15a-96d1-47a9-81f5-bebdfcd2465d,1,242,ZFM-05170
pupil,no_stim,1.0499999999999996,45.407817311215915,20.179101389462147,401dc15a-96d1-47a9-81f5-bebdfcd2465d,1,242,ZFM-05170
pupil,no_stim,1.1499999999999997,47.1568626946024,21.928146772848635,401dc15a-96d1-47a9-81f5-bebdfcd2465d,1,242,ZFM-05170
pupil,no_stim,1.2499999999999998,48.25080702084069,23.02209109908692,401dc15a-96d1-47a9-81f5-bebdfcd2465d,1,242,ZFM-05170
pupil,no_stim,1.3499999999999996,49.01914638390987,23.790430462156102,401dc15a-96d1-47a9-81f5-bebdfcd2465d,1,242,ZFM-05170
pupil,no_stim,1.4499999999999995,49.83592521475987,24.6072092930061,401dc15a-96d1-47a9-81f5-bebdfcd2465d,1,242,ZFM-05170
pupil,no_stim,1.5499999999999996,50.34452899984708,25.11581307809331,401dc15a-96d1-47a9-81f5-bebdfcd2465d,1,242,ZFM-05170
pupil,no_stim,1.6499999999999997,50.649263880927805,25.420547959174037,401dc15a-96d1-47a9-81f5-bebdfcd2465d,1,242,ZFM-05170
pupil,no_stim,1.7499999999999996,49.979321861010845,24.750605939257078,401dc15a-96d1-47a9-81f5-bebdfcd2465d,1,242,ZFM-05170
pupil,no_stim,1.8499999999999994,48.465480514020214,23.236764592266447,401dc15a-96d1-47a9-81f5-bebdfcd2465d,1,242,ZFM-05170
pupil,no_stim,1.9499999999999995,46.45082908823795,21.222113166484185,401dc15a-96d1-47a9-81f5-bebdfcd2465d,1,242,ZFM-05170
pupil,no_stim,2.0499999999999994,44.69591799835928,19.46720207660551,401dc15a-96d1-47a9-81f5-bebdfcd2465d,1,242,ZFM-05170
pupil,no_stim,2.1499999999999995,43.45312254419925,18.224406622445485,401dc15a-96d1-47a9-81f5-bebdfcd2465d,1,242,ZFM-05170
pupil,no_stim,2.249999999999999,42.86967316691019,17.64095724515642,401dc15a-96d1-47a9-81f5-bebdfcd2465d,1,242,ZFM-05170
pupil,no_stim,2.349999999999999,42.36447578616537,17.135759864411604,401dc15a-96d1-47a9-81f5-bebdfcd2465d,1,242,ZFM-05170
pupil,no_stim,2.4499999999999993,41.51982030484846,16.29110438309469,401dc15a-96d1-47a9-81f5-bebdfcd2465d,1,242,ZFM-05170
pupil,no_stim,2.549999999999999,40.599431447980464,15.370715526226697,401dc15a-96d1-47a9-81f5-bebdfcd2465d,1,242,ZFM-05170
pupil,no_stim,2.649999999999999,39.40328807926304,14.174572157509274,401dc15a-96d1-47a9-81f5-bebdfcd2465d,1,242,ZFM-05170
pupil,no_stim,2.749999999999999,38.27810831632898,13.049392394575214,401dc15a-96d1-47a9-81f5-bebdfcd2465d,1,242,ZFM-05170
pupil,no_stim,2.849999999999999,37.06088755070945,11.832171628955685,401dc15a-96d1-47a9-81f5-bebdfcd2465d,1,242,ZFM-05170
pupil,no_stim,2.9499999999999993,35.897440305156906,10.668724383403138,401dc15a-96d1-47a9-81f5-bebdfcd2465d,1,242,ZFM-05170
pupil,no_stim,3.049999999999999,35.48273148878437,10.2540155670306,401dc15a-96d1-47a9-81f5-bebdfcd2465d,1,242,ZFM-05170
pupil,no_stim,3.149999999999999,35.345047745512495,10.116331823758728,401dc15a-96d1-47a9-81f5-bebdfcd2465d,1,242,ZFM-05170
pupil,no_stim,3.249999999999999,35.28143476750995,10.052718845756182,401dc15a-96d1-47a9-81f5-bebdfcd2465d,1,242,ZFM-05170
pupil,no_stim,3.3499999999999988,35.14540569594041,9.916689774186644,401dc15a-96d1-47a9-81f5-bebdfcd2465d,1,242,ZFM-05170
pupil,no_stim,3.449999999999999,34.849624355762366,9.620908434008598,401dc15a-96d1-47a9-81f5-bebdfcd2465d,1,242,ZFM-05170
pupil,no_stim,3.549999999999999,34.49055118378381,9.26183526203004,401dc15a-96d1-47a9-81f5-bebdfcd2465d,1,242,ZFM-05170
pupil,no_stim,3.649999999999999,34.50575767894994,9.277041757196173,401dc15a-96d1-47a9-81f5-bebdfcd2465d,1,242,ZFM-05170
pupil,no_stim,3.749999999999999,34.63218596031446,9.403470038560691,401dc15a-96d1-47a9-81f5-bebdfcd2465d,1,242,ZFM-05170
pupil,no_stim,3.8499999999999988,34.68300891838924,9.454292996635473,401dc15a-96d1-47a9-81f5-bebdfcd2465d,1,242,ZFM-05170
pupil,no_stim,3.949999999999999,34.52175127794937,9.293035356195603,401dc15a-96d1-47a9-81f5-bebdfcd2465d,1,242,ZFM-05170
pupil,stim,-0.45,50.54150504409754,2.095261882791462,54014195-8d46-4a06-a291-4761d1c98f10,1,283,ZFM-04811
pupil,stim,-0.35000000000000003,50.45923605024307,2.012992888936992,54014195-8d46-4a06-a291-4761d1c98f10,1,283,ZFM-04811
pupil,stim,-0.25000000000000006,49.55223698522096,1.1059938239148792,54014195-8d46-4a06-a291-4761d1c98f10,1,283,ZFM-04811
pupil,stim,-0.15000000000000008,47.69038581154992,-0.7558573497561554,54014195-8d46-4a06-a291-4761d1c98f10,1,283,ZFM-04811
pupil,stim,-0.050000000000000086,43.98785191541891,-4.458391245887171,54014195-8d46-4a06-a291-4761d1c98f10,1,283,ZFM-04811
pupil,stim,0.04999999999999989,38.016500867481085,-10.429742293824994,54014195-8d46-4a06-a291-4761d1c98f10,1,283,ZFM-04811
pupil,stim,0.14999999999999986,31.078987636555897,-17.36725552475018,54014195-8d46-4a06-a291-4761d1c98f10,1,283,ZFM-04811
pupil,stim,0.24999999999999983,25.309759242692575,-23.136483918613504,54014195-8d46-4a06-a291-4761d1c98f10,1,283,ZFM-04811
pupil,stim,0.3499999999999998,22.899873885124563,-25.546369276181515,54014195-8d46-4a06-a291-4761d1c98f10,1,283,ZFM-04811
pupil,stim,0.4499999999999998,24.86756256343338,-23.578680597872697,54014195-8d46-4a06-a291-4761d1c98f10,1,283,ZFM-04811
pupil,stim,0.5499999999999998,28.935556812513518,-19.51068634879256,54014195-8d46-4a06-a291-4761d1c98f10,1,283,ZFM-04811
pupil,stim,0.6499999999999998,32.502726377460135,-15.943516783845944,54014195-8d46-4a06-a291-4761d1c98f10,1,283,ZFM-04811
pupil,stim,0.7499999999999998,35.509261974585776,-12.936981186720303,54014195-8d46-4a06-a291-4761d1c98f10,1,283,ZFM-04811
pupil,stim,0.8499999999999998,37.778777875856434,-10.667465285449644,54014195-8d46-4a06-a291-4761d1c98f10,1,283,ZFM-04811
pupil,stim,0.9499999999999997,39.63061520042227,-8.815627960883809,54014195-8d46-4a06-a291-4761d1c98f10,1,283,ZFM-04811
pupil,stim,1.0499999999999996,41.03766527919813,-7.408577882107949,54014195-8d46-4a06-a291-4761d1c98f10,1,283,ZFM-04811
pupil,stim,1.1499999999999997,42.51299848961713,-5.933244671688946,54014195-8d46-4a06-a291-4761d1c98f10,1,283,ZFM-04811
pupil,stim,1.2499999999999998,44.11365481677505,-4.332588344531025,54014195-8d46-4a06-a291-4761d1c98f10,1,283,ZFM-04811
pupil,stim,1.3499999999999996,45.25750631325033,-3.188736848055747,54014195-8d46-4a06-a291-4761d1c98f10,1,283,ZFM-04811
pupil,stim,1.4499999999999995,45.9411307706246,-2.505112390681475,54014195-8d46-4a06-a291-4761d1c98f10,1,283,ZFM-04811
pupil,stim,1.5499999999999996,46.1551032988239,-2.2911398624821757,54014195-8d46-4a06-a291-4761d1c98f10,1,283,ZFM-04811
pupil,stim,1.6499999999999997,46.297278794576485,-2.1489643667295937,54014195-8d46-4a06-a291-4761d1c98f10,1,283,ZFM-04811
pupil,stim,1.7499999999999996,46.122292155890726,-2.3239510054153527,54014195-8d46-4a06-a291-4761d1c98f10,1,283,ZFM-04811
pupil,stim,1.8499999999999994,46.13345101996731,-2.312792141338768,54014195-8d46-4a06-a291-4761d1c98f10,1,283,ZFM-04811
pupil,stim,1.9499999999999995,46.424713502305,-2.021529659001075,54014195-8d46-4a06-a291-4761d1c98f10,1,283,ZFM-04811
pupil,stim,2.0499999999999994,46.66790315574211,-1.7783400055639689,54014195-8d46-4a06-a291-4761d1c98f10,1,283,ZFM-04811
pupil,stim,2.1499999999999995,46.93026822478819,-1.5159749365178854,54014195-8d46-4a06-a291-4761d1c98f10,1,283,ZFM-04811
pupil,stim,2.249999999999999,46.93436125371256,-1.5118819075935193,54014195-8d46-4a06-a291-4761d1c98f10,1,283,ZFM-04811
pupil,stim,2.349999999999999,46.92345610859688,-1.522787052709198,54014195-8d46-4a06-a291-4761d1c98f10,1,283,ZFM-04811
pupil,stim,2.4499999999999993,46.92106219219107,-1.5251809691150058,54014195-8d46-4a06-a291-4761d1c98f10,1,283,ZFM-04811
pupil,stim,2.549999999999999,46.8488811772812,-1.5973619840248787,54014195-8d46-4a06-a291-4761d1c98f10,1,283,ZFM-04811
pupil,stim,2.649999999999999,46.79933918813114,-1.6469039731749362,54014195-8d46-4a06-a291-4761d1c98f10,1,283,ZFM-04811
pupil,stim,2.749999999999999,46.55004805632561,-1.896195104980471,54014195-8d46-4a06-a291-4761d1c98f10,1,283,ZFM-04811
pupil,stim,2.849999999999999,46.25030889570253,-2.1959342656035474,54014195-8d46-4a06-a291-4761d1c98f10,1,283,ZFM-04811
pupil,stim,2.9499999999999993,45.967289027950216,-2.478954133355863,54014195-8d46-4a06-a291-4761d1c98f10,1,283,ZFM-04811
pupil,stim,3.049999999999999,45.801123547888075,-2.6451196134180037,54014195-8d46-4a06-a291-4761d1c98f10,1,283,ZFM-04811
pupil,stim,3.149999999999999,45.44021487267362,-3.006028288632457,54014195-8d46-4a06-a291-4761d1c98f10,1,283,ZFM-04811
pupil,stim,3.249999999999999,45.71299815601543,-2.733245005290648,54014195-8d46-4a06-a291-4761d1c98f10,1,283,ZFM-04811
pupil,stim,3.3499999999999988,46.90927663394238,-1.5369665273636954,54014195-8d46-4a06-a291-4761d1c98f10,1,283,ZFM-04811
pupil,stim,3.449999999999999,47.96392119583539,-0.48232196547068895,54014195-8d46-4a06-a291-4761d1c98f10,1,283,ZFM-04811
pupil,stim,3.549999999999999,47.99967699348747,-0.44656616781860947,54014195-8d46-4a06-a291-4761d1c98f10,1,283,ZFM-04811
pupil,stim,3.649999999999999,47.10929292366536,-1.3369502376407212,54014195-8d46-4a06-a291-4761d1c98f10,1,283,ZFM-04811
pupil,stim,3.749999999999999,45.4494518472107,-2.9967913140953755,54014195-8d46-4a06-a291-4761d1c98f10,1,283,ZFM-04811
pupil,stim,3.8499999999999988,43.58104037527692,-4.865202786029158,54014195-8d46-4a06-a291-4761d1c98f10,1,283,ZFM-04811
pupil,stim,3.949999999999999,41.69812876539726,-6.7481143959088215,54014195-8d46-4a06-a291-4761d1c98f10,1,283,ZFM-04811
pupil,no_stim,-0.45,47.9594526159068,2.680459194115585,54014195-8d46-4a06-a291-4761d1c98f10,1,257,ZFM-04811
pupil,no_stim,-0.35000000000000003,47.6991338878247,2.4201404660334873,54014195-8d46-4a06-a291-4761d1c98f10,1,257,ZFM-04811
pupil,no_stim,-0.25000000000000006,46.15790958370212,0.878916161910908,54014195-8d46-4a06-a291-4761d1c98f10,1,257,ZFM-04811
pupil,no_stim,-0.15000000000000008,43.96591098106556,-1.3130824407256512,54014195-8d46-4a06-a291-4761d1c98f10,1,257,ZFM-04811
pupil,no_stim,-0.050000000000000086,40.61256004045684,-4.666433381334372,54014195-8d46-4a06-a291-4761d1c98f10,1,257,ZFM-04811
pupil,no_stim,0.04999999999999989,35.21304573955691,-10.065947682234302,54014195-8d46-4a06-a291-4761d1c98f10,1,257,ZFM-04811
pupil,no_stim,0.14999999999999986,28.98648134750851,-16.292512074282705,54014195-8d46-4a06-a291-4761d1c98f10,1,257,ZFM-04811
pupil,no_stim,0.24999999999999983,23.83048070907624,-21.448512712714972,54014195-8d46-4a06-a291-4761d1c98f10,1,257,ZFM-04811
pupil,no_stim,0.3499999999999998,22.166466347320373,-23.11252707447084,54014195-8d46-4a06-a291-4761d1c98f10,1,257,ZFM-04811
pupil,no_stim,0.4499999999999998,24.175779479685577,-21.103213942105636,54014195-8d46-4a06-a291-4761d1c98f10,1,257,ZFM-04811
pupil,no_stim,0.5499999999999998,27.946057485140326,-17.332935936650887,54014195-8d46-4a06-a291-4761d1c98f10,1,257,ZFM-04811
pupil,no_stim,0.6499999999999998,32.10691686945158,-13.172076552339632,54014195-8d46-4a06-a291-4761d1c98f10,1,257,ZFM-04811
pupil,no_stim,0.7499999999999998,35.35112823515864,-9.927865186632573,54014195-8d46-4a06-a291-4761d1c98f10,1,257,ZFM-04811
pupil,no_stim,0.8499999999999998,37.900440512273875,-7.378552909517339,54014195-8d46-4a06-a291-4761d1c98f10,1,257,ZFM-04811
pupil,no_stim,0.9499999999999997,40.45877817226825,-4.820215249522967,54014195-8d46-4a06-a291-4761d1c98f10,1,257,ZFM-04811
pupil,no_stim,1.0499999999999996,42.81364865252148,-2.465344769269734,54014195-8d46-4a06-a291-4761d1c98f10,1,257,ZFM-04811
pupil,no_stim,1.1499999999999997,44.671302901196704,-0.6076905205945096,54014195-8d46-4a06-a291-4761d1c98f10,1,257,ZFM-04811
pupil,no_stim,1.2499999999999998,45.652650219795966,0.3736567980047525,54014195-8d46-4a06-a291-4761d1c98f10,1,257,ZFM-04811
pupil,no_stim,1.3499999999999996,45.97383436224413,0.6948409404529201,54014195-8d46-4a06-a291-4761d1c98f10,1,257,ZFM-04811
pupil,no_stim,1.4499999999999995,46.27460389861209,0.9956104768208789,54014195-8d46-4a06-a291-4761d1c98f10,1,257,ZFM-04811
pupil,no_stim,1.5499999999999996,45.95873530307625,0.6797418812850395,54014195-8d46-4a06-a291-4761d1c98f10,1,257,ZFM-04811
pupil,no_stim,1.6499999999999997,45.678366120751285,0.39937269896007166,54014195-8d46-4a06-a291-4761d1c98f10,1,257,ZFM-04811
pupil,no_stim,1.7499999999999996,45.25205452916405,-0.026938892627164535,54014195-8d46-4a06-a291-4761d1c98f10,1,257,ZFM-04811
pupil,no_stim,1.8499999999999994,45.24537695532874,-0.03361646646247607,54014195-8d46-4a06-a291-4761d1c98f10,1,257,ZFM-04811
pupil,no_stim,1.9499999999999995,45.44569089525856,0.16669747346734454,54014195-8d46-4a06-a291-4761d1c98f10,1,257,ZFM-04811
pupil,no_stim,2.0499999999999994,45.591012841868306,0.3120194200770925,54014195-8d46-4a06-a291-4761d1c98f10,1,257,ZFM-04811
pupil,no_stim,2.1499999999999995,45.406024226842725,0.1270308050515112,54014195-8d46-4a06-a291-4761d1c98f10,1,257,ZFM-04811
pupil,no_stim,2.249999999999999,45.19972215277222,-0.07927126901899584,54014195-8d46-4a06-a291-4761d1c98f10,1,257,ZFM-04811
pupil,no_stim,2.349999999999999,44.534144576278045,-0.7448488455131681,54014195-8d46-4a06-a291-4761d1c98f10,1,257,ZFM-04811
pupil,no_stim,2.4499999999999993,43.99689832759323,-1.2820950941979845,54014195-8d46-4a06-a291-4761d1c98f10,1,257,ZFM-04811
pupil,no_stim,2.549999999999999,44.01082118880418,-1.268172232987034,54014195-8d46-4a06-a291-4761d1c98f10,1,257,ZFM-04811
pupil,no_stim,2.649999999999999,44.40480756219831,-0.874185859592906,54014195-8d46-4a06-a291-4761d1c98f10,1,257,ZFM-04811
pupil,no_stim,2.749999999999999,44.810428165906245,-0.4685652558849682,54014195-8d46-4a06-a291-4761d1c98f10,1,257,ZFM-04811
pupil,no_stim,2.849999999999999,45.0011548999894,-0.27783852180181157,54014195-8d46-4a06-a291-4761d1c98f10,1,257,ZFM-04811
pupil,no_stim,2.9499999999999993,44.863707467225744,-0.41528595456546924,54014195-8d46-4a06-a291-4761d1c98f10,1,257,ZFM-04811
pupil,no_stim,3.049999999999999,44.80938458173965,-0.46960884005156345,54014195-8d46-4a06-a291-4761d1c98f10,1,257,ZFM-04811
pupil,no_stim,3.149999999999999,45.560011980762496,0.28101855897128303,54014195-8d46-4a06-a291-4761d1c98f10,1,257,ZFM-04811
pupil,no_stim,3.249999999999999,46.73887237644921,1.459878954657995,54014195-8d46-4a06-a291-4761d1c98f10,1,257,ZFM-04811
pupil,no_stim,3.3499999999999988,47.56267556643134,2.2836821446401245,54014195-8d46-4a06-a291-4761d1c98f10,1,257,ZFM-04811
pupil,no_stim,3.449999999999999,46.9889623971632,1.7099689753719858,54014195-8d46-4a06-a291-4761d1c98f10,1,257,ZFM-04811
pupil,no_stim,3.549999999999999,45.63631780850357,0.35732438671235656,54014195-8d46-4a06-a291-4761d1c98f10,1,257,ZFM-04811
pupil,no_stim,3.649999999999999,43.5998482771012,-1.6791451446900112,54014195-8d46-4a06-a291-4761d1c98f10,1,257,ZFM-04811
pupil,no_stim,3.749999999999999,41.516484992504246,-3.7625084292869673,54014195-8d46-4a06-a291-4761d1c98f10,1,257,ZFM-04811
pupil,no_stim,3.8499999999999988,40.09986401089624,-5.179129410894973,54014195-8d46-4a06-a291-4761d1c98f10,1,257,ZFM-04811
pupil,no_stim,3.949999999999999,39.20669949650694,-6.072293925284271,54014195-8d46-4a06-a291-4761d1c98f10,1,257,ZFM-04811
pupil,stim,-0.45,181.66488200091146,-7.226383357558916,126cf6e8-fc3a-4fab-aad4-75772af0aa5d,1,229,ZFM-04811
pupil,stim,-0.35000000000000003,194.27169893284173,5.380433574371352,126cf6e8-fc3a-4fab-aad4-75772af0aa5d,1,229,ZFM-04811
pupil,stim,-0.25000000000000006,197.20835321459532,8.317087856124942,126cf6e8-fc3a-4fab-aad4-75772af0aa5d,1,229,ZFM-04811
pupil,stim,-0.15000000000000008,188.39115510972522,-0.500110248745159,126cf6e8-fc3a-4fab-aad4-75772af0aa5d,1,229,ZFM-04811
pupil,stim,-0.050000000000000086,182.9202375342782,-5.971027824192191,126cf6e8-fc3a-4fab-aad4-75772af0aa5d,1,229,ZFM-04811
pupil,stim,0.04999999999999989,187.7399679070491,-1.1512974514212715,126cf6e8-fc3a-4fab-aad4-75772af0aa5d,1,229,ZFM-04811
pupil,stim,0.14999999999999986,191.33098760240955,2.4397222439391726,126cf6e8-fc3a-4fab-aad4-75772af0aa5d,1,229,ZFM-04811
pupil,stim,0.24999999999999983,191.66398976252756,2.772724404057186,126cf6e8-fc3a-4fab-aad4-75772af0aa5d,1,229,ZFM-04811
pupil,stim,0.3499999999999998,187.30423328370952,-1.587032074760856,126cf6e8-fc3a-4fab-aad4-75772af0aa5d,1,229,ZFM-04811
pupil,stim,0.4499999999999998,182.68081299448875,-6.210452363981631,126cf6e8-fc3a-4fab-aad4-75772af0aa5d,1,229,ZFM-04811
pupil,stim,0.5499999999999998,172.46957569614784,-16.421689662322535,126cf6e8-fc3a-4fab-aad4-75772af0aa5d,1,229,ZFM-04811
pupil,stim,0.6499999999999998,149.60672618615942,-39.28453917231096,126cf6e8-fc3a-4fab-aad4-75772af0aa5d,1,229,ZFM-04811
pupil,stim,0.7499999999999998,128.48978456081315,-60.40148079765723,126cf6e8-fc3a-4fab-aad4-75772af0aa5d,1,229,ZFM-04811
pupil,stim,0.8499999999999998,111.41057735981735,-77.48068799865302,126cf6e8-fc3a-4fab-aad4-75772af0aa5d,1,229,ZFM-04811
pupil,stim,0.9499999999999997,104.49688395514771,-84.39438140332267,126cf6e8-fc3a-4fab-aad4-75772af0aa5d,1,229,ZFM-04811
pupil,stim,1.0499999999999996,107.32084342180784,-81.57042193666254,126cf6e8-fc3a-4fab-aad4-75772af0aa5d,1,229,ZFM-04811
pupil,stim,1.1499999999999997,111.21494287202545,-77.67632248644493,126cf6e8-fc3a-4fab-aad4-75772af0aa5d,1,229,ZFM-04811
pupil,stim,1.2499999999999998,116.36196143439437,-72.529303924076,126cf6e8-fc3a-4fab-aad4-75772af0aa5d,1,229,ZFM-04811
pupil,stim,1.3499999999999996,118.80236050398379,-70.08890485448659,126cf6e8-fc3a-4fab-aad4-75772af0aa5d,1,229,ZFM-04811
pupil,stim,1.4499999999999995,121.36897105567176,-67.52229430279861,126cf6e8-fc3a-4fab-aad4-75772af0aa5d,1,229,ZFM-04811
pupil,stim,1.5499999999999996,125.33314069441789,-63.558124664052485,126cf6e8-fc3a-4fab-aad4-75772af0aa5d,1,229,ZFM-04811
pupil,stim,1.6499999999999997,126.61006742304419,-62.28119793542619,126cf6e8-fc3a-4fab-aad4-75772af0aa5d,1,229,ZFM-04811
pupil,stim,1.7499999999999996,129.06436801237092,-59.82689734609946,126cf6e8-fc3a-4fab-aad4-75772af0aa5d,1,229,ZFM-04811
pupil,stim,1.8499999999999994,130.1185294134302,-58.77273594504018,126cf6e8-fc3a-4fab-aad4-75772af0aa5d,1,229,ZFM-04811
pupil,stim,1.9499999999999995,129.47191263512374,-59.419352723346634,126cf6e8-fc3a-4fab-aad4-75772af0aa5d,1,229,ZFM-04811
pupil,stim,2.0499999999999994,131.13508628890443,-57.756179069565945,126cf6e8-fc3a-4fab-aad4-75772af0aa5d,1,229,ZFM-04811
pupil,stim,2.1499999999999995,133.03507381145076,-55.85619154701962,126cf6e8-fc3a-4fab-aad4-75772af0aa5d,1,229,ZFM-04811
pupil,stim,2.249999999999999,137.16318622716426,-51.72807913130612,126cf6e8-fc3a-4fab-aad4-75772af0aa5d,1,229,ZFM-04811
pupil,stim,2.349999999999999,137.41306608647167,-51.478199271998704,126cf6e8-fc3a-4fab-aad4-75772af0aa5d,1,229,ZFM-04811
pupil,stim,2.4499999999999993,133.6539502040313,-55.237315154439074,126cf6e8-fc3a-4fab-aad4-75772af0aa5d,1,229,ZFM-04811
pupil,stim,2.549999999999999,130.53615567470658,-58.3551096837638,126cf6e8-fc3a-4fab-aad4-75772af0aa5d,1,229,ZFM-04811
pupil,stim,2.649999999999999,130.2342102717358,-58.65705508673457,126cf6e8-fc3a-4fab-aad4-75772af0aa5d,1,229,ZFM-04811
pupil,stim,2.749999999999999,136.79118293211985,-52.100082426350525,126cf6e8-fc3a-4fab-aad4-75772af0aa5d,1,229,ZFM-04811
pupil,stim,2.849999999999999,142.2515271043103,-46.63973825416008,126cf6e8-fc3a-4fab-aad4-75772af0aa5d,1,229,ZFM-04811
pupil,stim,2.9499999999999993,152.262868013788,-36.628397344682384,126cf6e8-fc3a-4fab-aad4-75772af0aa5d,1,229,ZFM-04811
pupil,stim,3.049999999999999,160.43457915153996,-28.456686206930414,126cf6e8-fc3a-4fab-aad4-75772af0aa5d,1,229,ZFM-04811
pupil,stim,3.149999999999999,164.5472467598382,-24.344018598632175,126cf6e8-fc3a-4fab-aad4-75772af0aa5d,1,229,ZFM-04811
pupil,stim,3.249999999999999,161.24935802636477,-27.641907332105603,126cf6e8-fc3a-4fab-aad4-75772af0aa5d,1,229,ZFM-04811
pupil,stim,3.3499999999999988,154.64976977164955,-34.24149558682083,126cf6e8-fc3a-4fab-aad4-75772af0aa5d,1,229,ZFM-04811
pupil,stim,3.449999999999999,152.5753397948863,-36.315925563584074,126cf6e8-fc3a-4fab-aad4-75772af0aa5d,1,229,ZFM-04811
pupil,stim,3.549999999999999,153.13783397729918,-35.7534313811712,126cf6e8-fc3a-4fab-aad4-75772af0aa5d,1,229,ZFM-04811
pupil,stim,3.649999999999999,156.31484527962093,-32.57642007884945,126cf6e8-fc3a-4fab-aad4-75772af0aa5d,1,229,ZFM-04811
pupil,stim,3.749999999999999,163.69521919315244,-25.196046165317938,126cf6e8-fc3a-4fab-aad4-75772af0aa5d,1,229,ZFM-04811
pupil,stim,3.8499999999999988,166.037936510541,-22.85332884792939,126cf6e8-fc3a-4fab-aad4-75772af0aa5d,1,229,ZFM-04811
pupil,stim,3.949999999999999,168.81361325922114,-20.077652099249235,126cf6e8-fc3a-4fab-aad4-75772af0aa5d,1,229,ZFM-04811
pupil,no_stim,-0.45,176.9097402073972,0.19142345853370557,126cf6e8-fc3a-4fab-aad4-75772af0aa5d,1,257,ZFM-04811
pupil,no_stim,-0.35000000000000003,178.45374893100413,1.7354321821406415,126cf6e8-fc3a-4fab-aad4-75772af0aa5d,1,257,ZFM-04811
pupil,no_stim,-0.25000000000000006,177.8321161724809,1.1137994236174222,126cf6e8-fc3a-4fab-aad4-75772af0aa5d,1,257,ZFM-04811
pupil,no_stim,-0.15000000000000008,175.54247207851392,-1.1758446703495622,126cf6e8-fc3a-4fab-aad4-75772af0aa5d,1,257,ZFM-04811
pupil,no_stim,-0.050000000000000086,174.8535063549213,-1.8648103939421787,126cf6e8-fc3a-4fab-aad4-75772af0aa5d,1,257,ZFM-04811
pupil,no_stim,0.04999999999999989,173.42120774880166,-3.2971090000618233,126cf6e8-fc3a-4fab-aad4-75772af0aa5d,1,257,ZFM-04811
pupil,no_stim,0.14999999999999986,170.1782774809676,-6.540039267895878,126cf6e8-fc3a-4fab-aad4-75772af0aa5d,1,257,ZFM-04811
pupil,no_stim,0.24999999999999983,168.64739294990733,-8.070923798956159,126cf6e8-fc3a-4fab-aad4-75772af0aa5d,1,257,ZFM-04811
pupil,no_stim,0.3499999999999998,172.03128226731337,-4.687034481550114,126cf6e8-fc3a-4fab-aad4-75772af0aa5d,1,257,ZFM-04811
pupil,no_stim,0.4499999999999998,181.2749937956869,4.55667704682341,126cf6e8-fc3a-4fab-aad4-75772af0aa5d,1,257,ZFM-04811
pupil,no_stim,0.5499999999999998,182.9837697744236,6.265453025560106,126cf6e8-fc3a-4fab-aad4-75772af0aa5d,1,257,ZFM-04811
pupil,no_stim,0.6499999999999998,168.02635144852258,-8.691965300340911,126cf6e8-fc3a-4fab-aad4-75772af0aa5d,1,257,ZFM-04811
pupil,no_stim,0.7499999999999998,143.9933901476763,-32.72492660118718,126cf6e8-fc3a-4fab-aad4-75772af0aa5d,1,257,ZFM-04811
pupil,no_stim,0.8499999999999998,120.20234435338908,-56.51597239547441,126cf6e8-fc3a-4fab-aad4-75772af0aa5d,1,257,ZFM-04811
pupil,no_stim,0.9499999999999997,110.54729783184284,-66.17101891702065,126cf6e8-fc3a-4fab-aad4-75772af0aa5d,1,257,ZFM-04811
pupil,no_stim,1.0499999999999996,107.2229800676481,-69.49533668121539,126cf6e8-fc3a-4fab-aad4-75772af0aa5d,1,257,ZFM-04811
pupil,no_stim,1.1499999999999997,103.8997912061453,-72.81852554271819,126cf6e8-fc3a-4fab-aad4-75772af0aa5d,1,257,ZFM-04811
pupil,no_stim,1.2499999999999998,105.33748281896865,-71.38083392989483,126cf6e8-fc3a-4fab-aad4-75772af0aa5d,1,257,ZFM-04811
pupil,no_stim,1.3499999999999996,109.29942295093159,-67.4188937979319,126cf6e8-fc3a-4fab-aad4-75772af0aa5d,1,257,ZFM-04811
pupil,no_stim,1.4499999999999995,116.50579100820669,-60.2125257406568,126cf6e8-fc3a-4fab-aad4-75772af0aa5d,1,257,ZFM-04811
pupil,no_stim,1.5499999999999996,117.34663253602325,-59.371684212840236,126cf6e8-fc3a-4fab-aad4-75772af0aa5d,1,257,ZFM-04811
pupil,no_stim,1.6499999999999997,116.85328540677358,-59.86503134208991,126cf6e8-fc3a-4fab-aad4-75772af0aa5d,1,257,ZFM-04811
pupil,no_stim,1.7499999999999996,116.34487772206109,-60.3734390268024,126cf6e8-fc3a-4fab-aad4-75772af0aa5d,1,257,ZFM-04811
pupil,no_stim,1.8499999999999994,114.85209708429628,-61.86621966456721,126cf6e8-fc3a-4fab-aad4-75772af0aa5d,1,257,ZFM-04811
pupil,no_stim,1.9499999999999995,112.83010998231887,-63.88820676654461,126cf6e8-fc3a-4fab-aad4-75772af0aa5d,1,257,ZFM-04811
pupil,no_stim,2.0499999999999994,113.81857501993905,-62.89974172892444,126cf6e8-fc3a-4fab-aad4-75772af0aa5d,1,257,ZFM-04811
pupil,no_stim,2.1499999999999995,119.70678874592375,-57.01152800293974,126cf6e8-fc3a-4fab-aad4-75772af0aa5d,1,257,ZFM-04811
pupil,no_stim,2.249999999999999,122.19560052539005,-54.52271622347344,126cf6e8-fc3a-4fab-aad4-75772af0aa5d,1,257,ZFM-04811
pupil,no_stim,2.349999999999999,120.39181979296394,-56.32649695589954,126cf6e8-fc3a-4fab-aad4-75772af0aa5d,1,257,ZFM-04811
pupil,no_stim,2.4499999999999993,120.90745917099699,-55.8108575778665,126cf6e8-fc3a-4fab-aad4-75772af0aa5d,1,257,ZFM-04811
pupil,no_stim,2.549999999999999,126.94166184013184,-49.77665490873164,126cf6e8-fc3a-4fab-aad4-75772af0aa5d,1,257,ZFM-04811
pupil,no_stim,2.649999999999999,134.11711927085685,-42.60119747800664,126cf6e8-fc3a-4fab-aad4-75772af0aa5d,1,257,ZFM-04811
pupil,no_stim,2.749999999999999,142.68132739880954,-34.03698935005394,126cf6e8-fc3a-4fab-aad4-75772af0aa5d,1,257,ZFM-04811
pupil,no_stim,2.849999999999999,148.4912253588172,-28.227091390046297,126cf6e8-fc3a-4fab-aad4-75772af0aa5d,1,257,ZFM-04811
pupil,no_stim,2.9499999999999993,151.1168744176054,-25.601442331258085,126cf6e8-fc3a-4fab-aad4-75772af0aa5d,1,257,ZFM-04811
pupil,no_stim,3.049999999999999,152.41081680434394,-24.30749994451955,126cf6e8-fc3a-4fab-aad4-75772af0aa5d,1,257,ZFM-04811
pupil,no_stim,3.149999999999999,150.24102541099566,-26.477291337867825,126cf6e8-fc3a-4fab-aad4-75772af0aa5d,1,257,ZFM-04811
pupil,no_stim,3.249999999999999,147.70085975205873,-29.017456996804754,126cf6e8-fc3a-4fab-aad4-75772af0aa5d,1,257,ZFM-04811
pupil,no_stim,3.3499999999999988,146.59965248359555,-30.118664265267938,126cf6e8-fc3a-4fab-aad4-75772af0aa5d,1,257,ZFM-04811
pupil,no_stim,3.449999999999999,151.32270261739754,-25.395614131465948,126cf6e8-fc3a-4fab-aad4-75772af0aa5d,1,257,ZFM-04811
pupil,no_stim,3.549999999999999,154.79934648443682,-21.91897026442666,126cf6e8-fc3a-4fab-aad4-75772af0aa5d,1,257,ZFM-04811
pupil,no_stim,3.649999999999999,153.63109081957327,-23.087225929290213,126cf6e8-fc3a-4fab-aad4-75772af0aa5d,1,257,ZFM-04811
pupil,no_stim,3.749999999999999,149.715253576973,-27.00306317189049,126cf6e8-fc3a-4fab-aad4-75772af0aa5d,1,257,ZFM-04811
pupil,no_stim,3.8499999999999988,150.4302791334169,-26.288037615446598,126cf6e8-fc3a-4fab-aad4-75772af0aa5d,1,257,ZFM-04811
pupil,no_stim,3.949999999999999,158.02491307069246,-18.693403678171023,126cf6e8-fc3a-4fab-aad4-75772af0aa5d,1,257,ZFM-04811
pupil,stim,-0.45,48.61042512189427,-1.3283838691069079,2ec37e95-4266-45ac-8a42-a1b2d5bc8b7e,1,214,ZFM-04811
pupil,stim,-0.35000000000000003,50.35369755885261,0.4148885678514347,2ec37e95-4266-45ac-8a42-a1b2d5bc8b7e,1,214,ZFM-04811
pupil,stim,-0.25000000000000006,51.501613466986036,1.562804475984862,2ec37e95-4266-45ac-8a42-a1b2d5bc8b7e,1,214,ZFM-04811
pupil,stim,-0.15000000000000008,51.02897676275123,1.0901677717500533,2ec37e95-4266-45ac-8a42-a1b2d5bc8b7e,1,214,ZFM-04811
pupil,stim,-0.050000000000000086,48.19933204452173,-1.7394769464794422,2ec37e95-4266-45ac-8a42-a1b2d5bc8b7e,1,214,ZFM-04811
pupil,stim,0.04999999999999989,43.2886762450554,-6.6501327459457755,2ec37e95-4266-45ac-8a42-a1b2d5bc8b7e,1,214,ZFM-04811
pupil,stim,0.14999999999999986,37.41668363179407,-12.522125359207102,2ec37e95-4266-45ac-8a42-a1b2d5bc8b7e,1,214,ZFM-04811
pupil,stim,0.24999999999999983,32.13014284773024,-17.808666143270933,2ec37e95-4266-45ac-8a42-a1b2d5bc8b7e,1,214,ZFM-04811
pupil,stim,0.3499999999999998,29.263616410203053,-20.67519258079812,2ec37e95-4266-45ac-8a42-a1b2d5bc8b7e,1,214,ZFM-04811
pupil,stim,0.4499999999999998,29.42789323565207,-20.510915755349103,2ec37e95-4266-45ac-8a42-a1b2d5bc8b7e,1,214,ZFM-04811
pupil,stim,0.5499999999999998,31.275952306538684,-18.66285668446249,2ec37e95-4266-45ac-8a42-a1b2d5bc8b7e,1,214,ZFM-04811
pupil,stim,0.6499999999999998,34.37971620968319,-15.559092781317986,2ec37e95-4266-45ac-8a42-a1b2d5bc8b7e,1,214,ZFM-04811
pupil,stim,0.7499999999999998,38.14752221514691,-11.791286775854267,2ec37e95-4266-45ac-8a42-a1b2d5bc8b7e,1,214,ZFM-04811
pupil,stim,0.8499999999999998,41.74711854688443,-8.191690444116745,2ec37e95-4266-45ac-8a42-a1b2d5bc8b7e,1,214,ZFM-04811
pupil,stim,0.9499999999999997,44.12633236462096,-5.812476626380217,2ec37e95-4266-45ac-8a42-a1b2d5bc8b7e,1,214,ZFM-04811
pupil,stim,1.0499999999999996,45.29087233760193,-4.647936653399242,2ec37e95-4266-45ac-8a42-a1b2d5bc8b7e,1,214,ZFM-04811
pupil,stim,1.1499999999999997,46.22827534810875,-3.710533642892422,2ec37e95-4266-45ac-8a42-a1b2d5bc8b7e,1,214,ZFM-04811
pupil,stim,1.2499999999999998,46.868159784803055,-3.0706492061981194,2ec37e95-4266-45ac-8a42-a1b2d5bc8b7e,1,214,ZFM-04811
pupil,stim,1.3499999999999996,47.44675727967861,-2.492051711322567,2ec37e95-4266-45ac-8a42-a1b2d5bc8b7e,1,214,ZFM-04811
pupil,stim,1.4499999999999995,48.08424368345407,-1.8545653075471051,2ec37e95-4266-45ac-8a42-a1b2d5bc8b7e,1,214,ZFM-04811
pupil,stim,1.5499999999999996,48.49220082627203,-1.4466081647291418,2ec37e95-4266-45ac-8a42-a1b2d5bc8b7e,1,214,ZFM-04811
pupil,stim,1.6499999999999997,49.42073843548587,-0.5180705555153011,2ec37e95-4266-45ac-8a42-a1b2d5bc8b7e,1,214,ZFM-04811
pupil,stim,1.7499999999999996,49.97089518556187,0.032086194560697834,2ec37e95-4266-45ac-8a42-a1b2d5bc8b7e,1,214,ZFM-04811
pupil,stim,1.8499999999999994,49.8741272468521,-0.06468174414907679,2ec37e95-4266-45ac-8a42-a1b2d5bc8b7e,1,214,ZFM-04811
pupil,stim,1.9499999999999995,49.16301979362525,-0.7757891973759214,2ec37e95-4266-45ac-8a42-a1b2d5bc8b7e,1,214,ZFM-04811
pupil,stim,2.0499999999999994,47.61505013951587,-2.3237588514853016,2ec37e95-4266-45ac-8a42-a1b2d5bc8b7e,1,214,ZFM-04811
pupil,stim,2.1499999999999995,46.254548784956036,-3.6842602060451384,2ec37e95-4266-45ac-8a42-a1b2d5bc8b7e,1,214,ZFM-04811
pupil,stim,2.249999999999999,44.835627407371476,-5.1031815836296985,2ec37e95-4266-45ac-8a42-a1b2d5bc8b7e,1,214,ZFM-04811
pupil,stim,2.349999999999999,44.40468117020632,-5.534127820794858,2ec37e95-4266-45ac-8a42-a1b2d5bc8b7e,1,214,ZFM-04811
pupil,stim,2.4499999999999993,44.80932130120769,-5.129487689793486,2ec37e95-4266-45ac-8a42-a1b2d5bc8b7e,1,214,ZFM-04811
pupil,stim,2.549999999999999,44.63197567958197,-5.306833311419204,2ec37e95-4266-45ac-8a42-a1b2d5bc8b7e,1,214,ZFM-04811
pupil,stim,2.649999999999999,44.24930339838254,-5.689505592618637,2ec37e95-4266-45ac-8a42-a1b2d5bc8b7e,1,214,ZFM-04811
pupil,stim,2.749999999999999,43.53568025450246,-6.403128736498715,2ec37e95-4266-45ac-8a42-a1b2d5bc8b7e,1,214,ZFM-04811
pupil,stim,2.849999999999999,43.22415789215687,-6.714651098844307,2ec37e95-4266-45ac-8a42-a1b2d5bc8b7e,1,214,ZFM-04811
pupil,stim,2.9499999999999993,43.72511445103288,-6.213694539968294,2ec37e95-4266-45ac-8a42-a1b2d5bc8b7e,1,214,ZFM-04811
pupil,stim,3.049999999999999,43.93516175405794,-6.003647236943237,2ec37e95-4266-45ac-8a42-a1b2d5bc8b7e,1,214,ZFM-04811
pupil,stim,3.149999999999999,44.18574802164755,-5.753060969353626,2ec37e95-4266-45ac-8a42-a1b2d5bc8b7e,1,214,ZFM-04811
pupil,stim,3.249999999999999,44.49225657678505,-5.4465524142161215,2ec37e95-4266-45ac-8a42-a1b2d5bc8b7e,1,214,ZFM-04811
pupil,stim,3.3499999999999988,44.403104473338594,-5.53570451766258,2ec37e95-4266-45ac-8a42-a1b2d5bc8b7e,1,214,ZFM-04811
pupil,stim,3.449999999999999,44.20282200487855,-5.735986986122626,2ec37e95-4266-45ac-8a42-a1b2d5bc8b7e,1,214,ZFM-04811
pupil,stim,3.549999999999999,43.27574579419805,-6.663063196803122,2ec37e95-4266-45ac-8a42-a1b2d5bc8b7e,1,214,ZFM-04811
pupil,stim,3.649999999999999,41.651007016156406,-8.287801974844768,2ec37e95-4266-45ac-8a42-a1b2d5bc8b7e,1,214,ZFM-04811
pupil,stim,3.749999999999999,40.661487351674175,-9.277321639326999,2ec37e95-4266-45ac-8a42-a1b2d5bc8b7e,1,214,ZFM-04811
pupil,stim,3.8499999999999988,40.334799707453186,-9.604009283547988,2ec37e95-4266-45ac-8a42-a1b2d5bc8b7e,1,214,ZFM-04811
pupil,stim,3.949999999999999,40.22083968390699,-9.717969307094187,2ec37e95-4266-45ac-8a42-a1b2d5bc8b7e,1,214,ZFM-04811
pupil,no_stim,-0.45,45.963959345969705,2.4586122323433344,2ec37e95-4266-45ac-8a42-a1b2d5bc8b7e,1,188,ZFM-04811
pupil,no_stim,-0.35000000000000003,45.99303724810149,2.487690134475116,2ec37e95-4266-45ac-8a42-a1b2d5bc8b7e,1,188,ZFM-04811
pupil,no_stim,-0.25000000000000006,44.409149868580705,0.9038027549543344,2ec37e95-4266-45ac-8a42-a1b2d5bc8b7e,1,188,ZFM-04811
pupil,no_stim,-0.15000000000000008,41.95374804902524,-1.5515990646011275,2ec37e95-4266-45ac-8a42-a1b2d5bc8b7e,1,188,ZFM-04811
pupil,no_stim,-0.050000000000000086,39.206841056454714,-4.298506057171657,2ec37e95-4266-45ac-8a42-a1b2d5bc8b7e,1,188,ZFM-04811
pupil,no_stim,0.04999999999999989,36.99796706787583,-6.507380045750544,2ec37e95-4266-45ac-8a42-a1b2d5bc8b7e,1,188,ZFM-04811
pupil,no_stim,0.14999999999999986,34.58143121930793,-8.92391589431844,2ec37e95-4266-45ac-8a42-a1b2d5bc8b7e,1,188,ZFM-04811
pupil,no_stim,0.24999999999999983,32.60361438374953,-10.90173272987684,2ec37e95-4266-45ac-8a42-a1b2d5bc8b7e,1,188,ZFM-04811
pupil,no_stim,0.3499999999999998,31.475566915684592,-12.029780197941779,2ec37e95-4266-45ac-8a42-a1b2d5bc8b7e,1,188,ZFM-04811
pupil,no_stim,0.4499999999999998,32.205218536627854,-11.300128576998517,2ec37e95-4266-45ac-8a42-a1b2d5bc8b7e,1,188,ZFM-04811
pupil,no_stim,0.5499999999999998,33.8696837862503,-9.635663327376072,2ec37e95-4266-45ac-8a42-a1b2d5bc8b7e,1,188,ZFM-04811
pupil,no_stim,0.6499999999999998,36.28148251055781,-7.223864603068563,2ec37e95-4266-45ac-8a42-a1b2d5bc8b7e,1,188,ZFM-04811
pupil,no_stim,0.7499999999999998,38.55430582472427,-4.951041288902104,2ec37e95-4266-45ac-8a42-a1b2d5bc8b7e,1,188,ZFM-04811
pupil,no_stim,0.8499999999999998,41.22320864490916,-2.282138468717214,2ec37e95-4266-45ac-8a42-a1b2d5bc8b7e,1,188,ZFM-04811
pupil,no_stim,0.9499999999999997,43.93349821510554,0.42815110147916613,2ec37e95-4266-45ac-8a42-a1b2d5bc8b7e,1,188,ZFM-04811
pupil,no_stim,1.0499999999999996,45.682428270756986,2.1770811571306155,2ec37e95-4266-45ac-8a42-a1b2d5bc8b7e,1,188,ZFM-04811
pupil,no_stim,1.1499999999999997,46.064084276061315,2.5587371624349444,2ec37e95-4266-45ac-8a42-a1b2d5bc8b7e,1,188,ZFM-04811
pupil,no_stim,1.2499999999999998,45.78612332745121,2.2807762138248364,2ec37e95-4266-45ac-8a42-a1b2d5bc8b7e,1,188,ZFM-04811
pupil,no_stim,1.3499999999999996,46.11265166245197,2.6073045488255957,2ec37e95-4266-45ac-8a42-a1b2d5bc8b7e,1,188,ZFM-04811
pupil,no_stim,1.4499999999999995,46.837205848883166,3.3318587352567945,2ec37e95-4266-45ac-8a42-a1b2d5bc8b7e,1,188,ZFM-04811
pupil,no_stim,1.5499999999999996,47.43634707889424,3.9309999652678655,2ec37e95-4266-45ac-8a42-a1b2d5bc8b7e,1,188,ZFM-04811
pupil,no_stim,1.6499999999999997,48.011971070956086,4.506623957329715,2ec37e95-4266-45ac-8a42-a1b2d5bc8b7e,1,188,ZFM-04811
pupil,no_stim,1.7499999999999996,48.30050430487934,4.795157191252969,2ec37e95-4266-45ac-8a42-a1b2d5bc8b7e,1,188,ZFM-04811
pupil,no_stim,1.8499999999999994,48.26429659781508,4.758949484188712,2ec37e95-4266-45ac-8a42-a1b2d5bc8b7e,1,188,ZFM-04811
pupil,no_stim,1.9499999999999995,48.01912823387416,4.513781120247792,2ec37e95-4266-45ac-8a42-a1b2d5bc8b7e,1,188,ZFM-04811
pupil,no_stim,2.0499999999999994,47.13459971193967,3.6292525983133004,2ec37e95-4266-45ac-8a42-a1b2d5bc8b7e,1,188,ZFM-04811
pupil,no_stim,2.1499999999999995,46.221753331726546,2.7164062181001754,2ec37e95-4266-45ac-8a42-a1b2d5bc8b7e,1,188,ZFM-04811
pupil,no_stim,2.249999999999999,45.90692098685243,2.401573873226056,2ec37e95-4266-45ac-8a42-a1b2d5bc8b7e,1,188,ZFM-04811
pupil,no_stim,2.349999999999999,45.85686415162704,2.3515170380006722,2ec37e95-4266-45ac-8a42-a1b2d5bc8b7e,1,188,ZFM-04811
pupil,no_stim,2.4499999999999993,45.230159885628375,1.7248127720020037,2ec37e95-4266-45ac-8a42-a1b2d5bc8b7e,1,188,ZFM-04811
pupil,no_stim,2.549999999999999,43.90265475821968,0.3973076445933117,2ec37e95-4266-45ac-8a42-a1b2d5bc8b7e,1,188,ZFM-04811
pupil,no_stim,2.649999999999999,42.812820283817985,-0.6925268298083864,2ec37e95-4266-45ac-8a42-a1b2d5bc8b7e,1,188,ZFM-04811
pupil,no_stim,2.749999999999999,42.33064901676803,-1.174698096858343,2ec37e95-4266-45ac-8a42-a1b2d5bc8b7e,1,188,ZFM-04811
pupil,no_stim,2.849999999999999,41.669459923128436,-1.8358871904979353,2ec37e95-4266-45ac-8a42-a1b2d5bc8b7e,1,188,ZFM-04811
pupil,no_stim,2.9499999999999993,40.92762623534132,-2.5777208782850494,2ec37e95-4266-45ac-8a42-a1b2d5bc8b7e,1,188,ZFM-04811
pupil,no_stim,3.049999999999999,41.034680929674586,-2.470666183951785,2ec37e95-4266-45ac-8a42-a1b2d5bc8b7e,1,188,ZFM-04811
pupil,no_stim,3.149999999999999,41.56262856059971,-1.9427185530266584,2ec37e95-4266-45ac-8a42-a1b2d5bc8b7e,1,188,ZFM-04811
pupil,no_stim,3.249999999999999,42.06122016387904,-1.4441269497473286,2ec37e95-4266-45ac-8a42-a1b2d5bc8b7e,1,188,ZFM-04811
pupil,no_stim,3.3499999999999988,41.133987031605564,-2.371360082020807,2ec37e95-4266-45ac-8a42-a1b2d5bc8b7e,1,188,ZFM-04811
pupil,no_stim,3.449999999999999,40.16585816115979,-3.3394889524665814,2ec37e95-4266-45ac-8a42-a1b2d5bc8b7e,1,188,ZFM-04811
pupil,no_stim,3.549999999999999,39.72325833988863,-3.7820887737377404,2ec37e95-4266-45ac-8a42-a1b2d5bc8b7e,1,188,ZFM-04811
pupil,no_stim,3.649999999999999,39.92761515061557,-3.577731963010798,2ec37e95-4266-45ac-8a42-a1b2d5bc8b7e,1,188,ZFM-04811
pupil,no_stim,3.749999999999999,40.31324226485164,-3.1921048487747328,2ec37e95-4266-45ac-8a42-a1b2d5bc8b7e,1,188,ZFM-04811
pupil,no_stim,3.8499999999999988,40.11026188745908,-3.3950852261672892,2ec37e95-4266-45ac-8a42-a1b2d5bc8b7e,1,188,ZFM-04811
pupil,no_stim,3.949999999999999,39.6883870000441,-3.816960113582269,2ec37e95-4266-45ac-8a42-a1b2d5bc8b7e,1,188,ZFM-04811
pupil,stim,-0.45,131.53625320465358,-11.55746003532596,a3b8947c-4fb1-43ef-a8df-c51fffe78c11,1,225,ZFM-04811
pupil,stim,-0.35000000000000003,138.67270049118693,-4.421012748792606,a3b8947c-4fb1-43ef-a8df-c51fffe78c11,1,225,ZFM-04811
pupil,stim,-0.25000000000000006,145.51988623901556,2.4261729990360266,a3b8947c-4fb1-43ef-a8df-c51fffe78c11,1,225,ZFM-04811
pupil,stim,-0.15000000000000008,149.59302642445542,6.499313184475881,a3b8947c-4fb1-43ef-a8df-c51fffe78c11,1,225,ZFM-04811
pupil,stim,-0.050000000000000086,150.14669984058628,7.052986600606744,a3b8947c-4fb1-43ef-a8df-c51fffe78c11,1,225,ZFM-04811
pupil,stim,0.04999999999999989,144.4021412168601,1.3084279768805516,a3b8947c-4fb1-43ef-a8df-c51fffe78c11,1,225,ZFM-04811
pupil,stim,0.14999999999999986,134.525862384745,-8.567850855234525,a3b8947c-4fb1-43ef-a8df-c51fffe78c11,1,225,ZFM-04811
pupil,stim,0.24999999999999983,127.67116402231983,-15.422549217659707,a3b8947c-4fb1-43ef-a8df-c51fffe78c11,1,225,ZFM-04811
pupil,stim,0.3499999999999998,123.57977366468258,-19.51393957529696,a3b8947c-4fb1-43ef-a8df-c51fffe78c11,1,225,ZFM-04811
pupil,stim,0.4499999999999998,120.81196851744502,-22.281744722534512,a3b8947c-4fb1-43ef-a8df-c51fffe78c11,1,225,ZFM-04811
pupil,stim,0.5499999999999998,118.83528359759778,-24.258429642381756,a3b8947c-4fb1-43ef-a8df-c51fffe78c11,1,225,ZFM-04811
pupil,stim,0.6499999999999998,118.86755364747904,-24.226159592500494,a3b8947c-4fb1-43ef-a8df-c51fffe78c11,1,225,ZFM-04811
pupil,stim,0.7499999999999998,118.2808160877627,-24.812897152216834,a3b8947c-4fb1-43ef-a8df-c51fffe78c11,1,225,ZFM-04811
pupil,stim,0.8499999999999998,119.02790512847339,-24.065808111506144,a3b8947c-4fb1-43ef-a8df-c51fffe78c11,1,225,ZFM-04811
pupil,stim,0.9499999999999997,122.07053865851323,-21.023174581466307,a3b8947c-4fb1-43ef-a8df-c51fffe78c11,1,225,ZFM-04811
pupil,stim,1.0499999999999996,128.27674886122762,-14.81696437875192,a3b8947c-4fb1-43ef-a8df-c51fffe78c11,1,225,ZFM-04811
pupil,stim,1.1499999999999997,136.43643630958672,-6.657276930392811,a3b8947c-4fb1-43ef-a8df-c51fffe78c11,1,225,ZFM-04811
pupil,stim,1.2499999999999998,138.70662195094306,-4.387091289036476,a3b8947c-4fb1-43ef-a8df-c51fffe78c11,1,225,ZFM-04811
pupil,stim,1.3499999999999996,135.54755857868503,-7.5461546612945085,a3b8947c-4fb1-43ef-a8df-c51fffe78c11,1,225,ZFM-04811
pupil,stim,1.4499999999999995,130.86929177271853,-12.22442146726101,a3b8947c-4fb1-43ef-a8df-c51fffe78c11,1,225,ZFM-04811
pupil,stim,1.5499999999999996,130.82156714044257,-12.272146099536968,a3b8947c-4fb1-43ef-a8df-c51fffe78c11,1,225,ZFM-04811
pupil,stim,1.6499999999999997,134.1461627141305,-8.947550525849039,a3b8947c-4fb1-43ef-a8df-c51fffe78c11,1,225,ZFM-04811
pupil,stim,1.7499999999999996,134.77290481948134,-8.320808420498196,a3b8947c-4fb1-43ef-a8df-c51fffe78c11,1,225,ZFM-04811
pupil,stim,1.8499999999999994,132.38282846810839,-10.71088477187115,a3b8947c-4fb1-43ef-a8df-c51fffe78c11,1,225,ZFM-04811
pupil,stim,1.9499999999999995,128.19210600294738,-14.901607237032152,a3b8947c-4fb1-43ef-a8df-c51fffe78c11,1,225,ZFM-04811
pupil,stim,2.0499999999999994,126.80003053766534,-16.2936827023142,a3b8947c-4fb1-43ef-a8df-c51fffe78c11,1,225,ZFM-04811
pupil,stim,2.1499999999999995,127.49326435189627,-15.600448888083264,a3b8947c-4fb1-43ef-a8df-c51fffe78c11,1,225,ZFM-04811
pupil,stim,2.249999999999999,130.41201027556255,-12.681702964416985,a3b8947c-4fb1-43ef-a8df-c51fffe78c11,1,225,ZFM-04811
pupil,stim,2.349999999999999,131.8505167852501,-11.243196454729429,a3b8947c-4fb1-43ef-a8df-c51fffe78c11,1,225,ZFM-04811
pupil,stim,2.4499999999999993,132.33525297146048,-10.758460268519059,a3b8947c-4fb1-43ef-a8df-c51fffe78c11,1,225,ZFM-04811
pupil,stim,2.549999999999999,130.85349048887232,-12.240222751107211,a3b8947c-4fb1-43ef-a8df-c51fffe78c11,1,225,ZFM-04811
pupil,stim,2.649999999999999,132.05518960959833,-11.038523630381206,a3b8947c-4fb1-43ef-a8df-c51fffe78c11,1,225,ZFM-04811
pupil,stim,2.749999999999999,133.76374395122605,-9.329969288753489,a3b8947c-4fb1-43ef-a8df-c51fffe78c11,1,225,ZFM-04811
pupil,stim,2.849999999999999,134.42917245672834,-8.664540783251198,a3b8947c-4fb1-43ef-a8df-c51fffe78c11,1,225,ZFM-04811
pupil,stim,2.9499999999999993,135.89756616919826,-7.196147070781279,a3b8947c-4fb1-43ef-a8df-c51fffe78c11,1,225,ZFM-04811
pupil,stim,3.049999999999999,136.17802538776564,-6.9156878522138925,a3b8947c-4fb1-43ef-a8df-c51fffe78c11,1,225,ZFM-04811
pupil,stim,3.149999999999999,137.3757127380886,-5.718000501890941,a3b8947c-4fb1-43ef-a8df-c51fffe78c11,1,225,ZFM-04811
pupil,stim,3.249999999999999,135.28528168492468,-7.808431555054852,a3b8947c-4fb1-43ef-a8df-c51fffe78c11,1,225,ZFM-04811
pupil,stim,3.3499999999999988,134.6788966000553,-8.414816639924226,a3b8947c-4fb1-43ef-a8df-c51fffe78c11,1,225,ZFM-04811
pupil,stim,3.449999999999999,133.67651110393444,-9.417202136045091,a3b8947c-4fb1-43ef-a8df-c51fffe78c11,1,225,ZFM-04811
pupil,stim,3.549999999999999,131.34148265371937,-11.752230586260168,a3b8947c-4fb1-43ef-a8df-c51fffe78c11,1,225,ZFM-04811
pupil,stim,3.649999999999999,127.06665277781417,-16.027060462165366,a3b8947c-4fb1-43ef-a8df-c51fffe78c11,1,225,ZFM-04811
pupil,stim,3.749999999999999,123.27574881865769,-19.817964421321847,a3b8947c-4fb1-43ef-a8df-c51fffe78c11,1,225,ZFM-04811
pupil,stim,3.8499999999999988,120.22466768438568,-22.869045555593857,a3b8947c-4fb1-43ef-a8df-c51fffe78c11,1,225,ZFM-04811
pupil,stim,3.949999999999999,120.87406845680029,-22.21964478317925,a3b8947c-4fb1-43ef-a8df-c51fffe78c11,1,225,ZFM-04811
pupil,no_stim,-0.45,155.26438016086027,-5.911041091318168,a3b8947c-4fb1-43ef-a8df-c51fffe78c11,1,177,ZFM-04811
pupil,no_stim,-0.35000000000000003,158.93301721863375,-2.2424040335446875,a3b8947c-4fb1-43ef-a8df-c51fffe78c11,1,177,ZFM-04811
pupil,no_stim,-0.25000000000000006,161.6980980465766,0.5226767943981656,a3b8947c-4fb1-43ef-a8df-c51fffe78c11,1,177,ZFM-04811
pupil,no_stim,-0.15000000000000008,163.9770207163799,2.801599464201473,a3b8947c-4fb1-43ef-a8df-c51fffe78c11,1,177,ZFM-04811
pupil,no_stim,-0.050000000000000086,166.00459011844166,4.829168866263217,a3b8947c-4fb1-43ef-a8df-c51fffe78c11,1,177,ZFM-04811
pupil,no_stim,0.04999999999999989,163.40676843515288,2.231347182974446,a3b8947c-4fb1-43ef-a8df-c51fffe78c11,1,177,ZFM-04811
pupil,no_stim,0.14999999999999986,150.48328391715106,-10.692137335027383,a3b8947c-4fb1-43ef-a8df-c51fffe78c11,1,177,ZFM-04811
pupil,no_stim,0.24999999999999983,135.2265010490946,-25.948920203083844,a3b8947c-4fb1-43ef-a8df-c51fffe78c11,1,177,ZFM-04811
pupil,no_stim,0.3499999999999998,124.01082945835965,-37.164591793818786,a3b8947c-4fb1-43ef-a8df-c51fffe78c11,1,177,ZFM-04811
pupil,no_stim,0.4499999999999998,116.43238170178859,-44.74303955038985,a3b8947c-4fb1-43ef-a8df-c51fffe78c11,1,177,ZFM-04811
pupil,no_stim,0.5499999999999998,112.89924750576738,-48.27617374641106,a3b8947c-4fb1-43ef-a8df-c51fffe78c11,1,177,ZFM-04811
pupil,no_stim,0.6499999999999998,113.25025524930422,-47.92516600287422,a3b8947c-4fb1-43ef-a8df-c51fffe78c11,1,177,ZFM-04811
pupil,no_stim,0.7499999999999998,116.21304247536686,-44.962378776811576,a3b8947c-4fb1-43ef-a8df-c51fffe78c11,1,177,ZFM-04811
pupil,no_stim,0.8499999999999998,119.53530225973483,-41.640118992443604,a3b8947c-4fb1-43ef-a8df-c51fffe78c11,1,177,ZFM-04811
pupil,no_stim,0.9499999999999997,122.43672282552124,-38.738698426657194,a3b8947c-4fb1-43ef-a8df-c51fffe78c11,1,177,ZFM-04811
pupil,no_stim,1.0499999999999996,125.66997739242557,-35.50544385975287,a3b8947c-4fb1-43ef-a8df-c51fffe78c11,1,177,ZFM-04811
pupil,no_stim,1.1499999999999997,128.19950582527912,-32.97591542689932,a3b8947c-4fb1-43ef-a8df-c51fffe78c11,1,177,ZFM-04811
pupil,no_stim,1.2499999999999998,132.05937685680584,-29.116044395372597,a3b8947c-4fb1-43ef-a8df-c51fffe78c11,1,177,ZFM-04811
pupil,no_stim,1.3499999999999996,138.11691100579097,-23.05851024638747,a3b8947c-4fb1-43ef-a8df-c51fffe78c11,1,177,ZFM-04811
pupil,no_stim,1.4499999999999995,144.2683854174149,-16.907035834763548,a3b8947c-4fb1-43ef-a8df-c51fffe78c11,1,177,ZFM-04811
pupil,no_stim,1.5499999999999996,147.3901368941863,-13.78528435799214,a3b8947c-4fb1-43ef-a8df-c51fffe78c11,1,177,ZFM-04811
pupil,no_stim,1.6499999999999997,146.71947964326475,-14.45594160891369,a3b8947c-4fb1-43ef-a8df-c51fffe78c11,1,177,ZFM-04811
pupil,no_stim,1.7499999999999996,143.4499451198284,-17.725476132350025,a3b8947c-4fb1-43ef-a8df-c51fffe78c11,1,177,ZFM-04811
pupil,no_stim,1.8499999999999994,140.52282864501592,-20.652592607162518,a3b8947c-4fb1-43ef-a8df-c51fffe78c11,1,177,ZFM-04811
pupil,no_stim,1.9499999999999995,140.7668388916722,-20.408582360506244,a3b8947c-4fb1-43ef-a8df-c51fffe78c11,1,177,ZFM-04811
pupil,no_stim,2.0499999999999994,140.8377355257802,-20.337685726398234,a3b8947c-4fb1-43ef-a8df-c51fffe78c11,1,177,ZFM-04811
pupil,no_stim,2.1499999999999995,139.2817739160853,-21.893647336093125,a3b8947c-4fb1-43ef-a8df-c51fffe78c11,1,177,ZFM-04811
pupil,no_stim,2.249999999999999,138.0996754891157,-23.07574576306274,a3b8947c-4fb1-43ef-a8df-c51fffe78c11,1,177,ZFM-04811
pupil,no_stim,2.349999999999999,137.23675059346354,-23.938670658714898,a3b8947c-4fb1-43ef-a8df-c51fffe78c11,1,177,ZFM-04811
pupil,no_stim,2.4499999999999993,138.14153222588754,-23.033889026290893,a3b8947c-4fb1-43ef-a8df-c51fffe78c11,1,177,ZFM-04811
pupil,no_stim,2.549999999999999,138.10236468497015,-23.073056567208283,a3b8947c-4fb1-43ef-a8df-c51fffe78c11,1,177,ZFM-04811
pupil,no_stim,2.649999999999999,138.43213917376062,-22.74328207841782,a3b8947c-4fb1-43ef-a8df-c51fffe78c11,1,177,ZFM-04811
pupil,no_stim,2.749999999999999,141.87259297510232,-19.302828277076117,a3b8947c-4fb1-43ef-a8df-c51fffe78c11,1,177,ZFM-04811
pupil,no_stim,2.849999999999999,143.76452661396254,-17.410894638215893,a3b8947c-4fb1-43ef-a8df-c51fffe78c11,1,177,ZFM-04811
pupil,no_stim,2.9499999999999993,148.03871299475603,-13.136708257422413,a3b8947c-4fb1-43ef-a8df-c51fffe78c11,1,177,ZFM-04811
pupil,no_stim,3.049999999999999,149.9809606013679,-11.194460650810527,a3b8947c-4fb1-43ef-a8df-c51fffe78c11,1,177,ZFM-04811
pupil,no_stim,3.149999999999999,151.0997286529257,-10.075692599252733,a3b8947c-4fb1-43ef-a8df-c51fffe78c11,1,177,ZFM-04811
pupil,no_stim,3.249999999999999,149.9159116440022,-11.259509608176245,a3b8947c-4fb1-43ef-a8df-c51fffe78c11,1,177,ZFM-04811
pupil,no_stim,3.3499999999999988,145.9667218177986,-15.208699434379838,a3b8947c-4fb1-43ef-a8df-c51fffe78c11,1,177,ZFM-04811
pupil,no_stim,3.449999999999999,144.1102694150878,-17.06515183709064,a3b8947c-4fb1-43ef-a8df-c51fffe78c11,1,177,ZFM-04811
pupil,no_stim,3.549999999999999,145.47836098879537,-15.697060263383065,a3b8947c-4fb1-43ef-a8df-c51fffe78c11,1,177,ZFM-04811
pupil,no_stim,3.649999999999999,147.70824339934163,-13.467177852836812,a3b8947c-4fb1-43ef-a8df-c51fffe78c11,1,177,ZFM-04811
pupil,no_stim,3.749999999999999,153.55380360724234,-7.621617644936094,a3b8947c-4fb1-43ef-a8df-c51fffe78c11,1,177,ZFM-04811
pupil,no_stim,3.8499999999999988,158.68585110886522,-2.489570143313216,a3b8947c-4fb1-43ef-a8df-c51fffe78c11,1,177,ZFM-04811
pupil,no_stim,3.949999999999999,160.7597116298297,-0.41570962234874287,a3b8947c-4fb1-43ef-a8df-c51fffe78c11,1,177,ZFM-04811
pupil,stim,-0.45,32.653191069596616,2.0774717656686086,cce8c6b0-2695-42d3-bc35-af35b4546c65,0,258,ZFM-04300
pupil,stim,-0.35000000000000003,31.47850698717704,0.9027876832490342,cce8c6b0-2695-42d3-bc35-af35b4546c65,0,258,ZFM-04300
pupil,stim,-0.25000000000000006,30.433497073255374,-0.1422222306726333,cce8c6b0-2695-42d3-bc35-af35b4546c65,0,258,ZFM-04300
pupil,stim,-0.15000000000000008,29.553757118178027,-1.021962185749981,cce8c6b0-2695-42d3-bc35-af35b4546c65,0,258,ZFM-04300
pupil,stim,-0.050000000000000086,28.759644271432997,-1.8160750324950108,cce8c6b0-2695-42d3-bc35-af35b4546c65,0,258,ZFM-04300
pupil,stim,0.04999999999999989,27.948177781178043,-2.627541522749965,cce8c6b0-2695-42d3-bc35-af35b4546c65,0,258,ZFM-04300
pupil,stim,0.14999999999999986,27.046195593144304,-3.529523710783703,cce8c6b0-2695-42d3-bc35-af35b4546c65,0,258,ZFM-04300
pupil,stim,0.24999999999999983,25.745955180745145,-4.829764123182862,cce8c6b0-2695-42d3-bc35-af35b4546c65,0,258,ZFM-04300
pupil,stim,0.3499999999999998,24.2907109079648,-6.285008395963207,cce8c6b0-2695-42d3-bc35-af35b4546c65,0,258,ZFM-04300
pupil,stim,0.4499999999999998,23.726753421326766,-6.848965882601242,cce8c6b0-2695-42d3-bc35-af35b4546c65,0,258,ZFM-04300
pupil,stim,0.5499999999999998,24.990250775890157,-5.58546852803785,cce8c6b0-2695-42d3-bc35-af35b4546c65,0,258,ZFM-04300
pupil,stim,0.6499999999999998,27.809009170160063,-2.766710133767944,cce8c6b0-2695-42d3-bc35-af35b4546c65,0,258,ZFM-04300
pupil,stim,0.7499999999999998,30.928484072002313,0.3527647680743051,cce8c6b0-2695-42d3-bc35-af35b4546c65,0,258,ZFM-04300
pupil,stim,0.8499999999999998,33.45994821460199,2.884228910673979,cce8c6b0-2695-42d3-bc35-af35b4546c65,0,258,ZFM-04300
pupil,stim,0.9499999999999997,35.073160292119525,4.497440988191517,cce8c6b0-2695-42d3-bc35-af35b4546c65,0,258,ZFM-04300
pupil,stim,1.0499999999999996,35.98910526423187,5.413385960303859,cce8c6b0-2695-42d3-bc35-af35b4546c65,0,258,ZFM-04300
pupil,stim,1.1499999999999997,36.69950503982401,6.1237857358960035,cce8c6b0-2695-42d3-bc35-af35b4546c65,0,258,ZFM-04300
pupil,stim,1.2499999999999998,37.445759361389335,6.870040057461328,cce8c6b0-2695-42d3-bc35-af35b4546c65,0,258,ZFM-04300
pupil,stim,1.3499999999999996,38.28363605071656,7.707916746788552,cce8c6b0-2695-42d3-bc35-af35b4546c65,0,258,ZFM-04300
pupil,stim,1.4499999999999995,39.16746748385293,8.591748179924924,cce8c6b0-2695-42d3-bc35-af35b4546c65,0,258,ZFM-04300
pupil,stim,1.5499999999999996,39.868633513006905,9.292914209078898,cce8c6b0-2695-42d3-bc35-af35b4546c65,0,258,ZFM-04300
pupil,stim,1.6499999999999997,40.24503726403142,9.66931796010341,cce8c6b0-2695-42d3-bc35-af35b4546c65,0,258,ZFM-04300
pupil,stim,1.7499999999999996,40.26201208573932,9.686292781811314,cce8c6b0-2695-42d3-bc35-af35b4546c65,0,258,ZFM-04300
pupil,stim,1.8499999999999994,40.045929324996145,9.470210021068137,cce8c6b0-2695-42d3-bc35-af35b4546c65,0,258,ZFM-04300
pupil,stim,1.9499999999999995,39.75616602726126,9.180446723333251,cce8c6b0-2695-42d3-bc35-af35b4546c65,0,258,ZFM-04300
pupil,stim,2.0499999999999994,39.3950013048621,8.819282000934091,cce8c6b0-2695-42d3-bc35-af35b4546c65,0,258,ZFM-04300
pupil,stim,2.1499999999999995,38.88534854969614,8.309629245768132,cce8c6b0-2695-42d3-bc35-af35b4546c65,0,258,ZFM-04300
pupil,stim,2.249999999999999,38.216305144980964,7.640585841052957,cce8c6b0-2695-42d3-bc35-af35b4546c65,0,258,ZFM-04300
pupil,stim,2.349999999999999,37.57716716521024,7.001447861282234,cce8c6b0-2695-42d3-bc35-af35b4546c65,0,258,ZFM-04300
pupil,stim,2.4499999999999993,36.92172058373445,6.3460012798064405,cce8c6b0-2695-42d3-bc35-af35b4546c65,0,258,ZFM-04300
pupil,stim,2.549999999999999,36.22174468604677,5.646025382118761,cce8c6b0-2695-42d3-bc35-af35b4546c65,0,258,ZFM-04300
pupil,stim,2.649999999999999,35.51241914518967,4.93669984126166,cce8c6b0-2695-42d3-bc35-af35b4546c65,0,258,ZFM-04300
pupil,stim,2.749999999999999,34.819259804196605,4.2435405002685975,cce8c6b0-2695-42d3-bc35-af35b4546c65,0,258,ZFM-04300
pupil,stim,2.849999999999999,34.2058690243343,3.6301497204062905,cce8c6b0-2695-42d3-bc35-af35b4546c65,0,258,ZFM-04300
pupil,stim,2.9499999999999993,33.55433779450175,2.9786184905737407,cce8c6b0-2695-42d3-bc35-af35b4546c65,0,258,ZFM-04300
pupil,stim,3.049999999999999,33.07178323137589,2.4960639274478815,cce8c6b0-2695-42d3-bc35-af35b4546c65,0,258,ZFM-04300
pupil,stim,3.149999999999999,32.609348639629694,2.0336293357016864,cce8c6b0-2695-42d3-bc35-af35b4546c65,0,258,ZFM-04300
pupil,stim,3.249999999999999,32.09527264530938,1.5195533413813713,cce8c6b0-2695-42d3-bc35-af35b4546c65,0,258,ZFM-04300
pupil,stim,3.3499999999999988,31.46506155260904,0.8893422486810323,cce8c6b0-2695-42d3-bc35-af35b4546c65,0,258,ZFM-04300
pupil,stim,3.449999999999999,30.801930033171846,0.22621072924383867,cce8c6b0-2695-42d3-bc35-af35b4546c65,0,258,ZFM-04300
pupil,stim,3.549999999999999,30.176082620363776,-0.399636683564232,cce8c6b0-2695-42d3-bc35-af35b4546c65,0,258,ZFM-04300
pupil,stim,3.649999999999999,29.514792105552544,-1.0609271983754631,cce8c6b0-2695-42d3-bc35-af35b4546c65,0,258,ZFM-04300
pupil,stim,3.749999999999999,28.765713932805053,-1.810005371122955,cce8c6b0-2695-42d3-bc35-af35b4546c65,0,258,ZFM-04300
pupil,stim,3.8499999999999988,28.074469299390667,-2.50125000453734,cce8c6b0-2695-42d3-bc35-af35b4546c65,0,258,ZFM-04300
pupil,stim,3.949999999999999,27.564591678881268,-3.01112762504674,cce8c6b0-2695-42d3-bc35-af35b4546c65,0,258,ZFM-04300
pupil,no_stim,-0.45,32.731885916054225,1.84661980324395,cce8c6b0-2695-42d3-bc35-af35b4546c65,0,259,ZFM-04300
pupil,no_stim,-0.35000000000000003,31.669551402263046,0.7842852894527717,cce8c6b0-2695-42d3-bc35-af35b4546c65,0,259,ZFM-04300
pupil,no_stim,-0.25000000000000006,30.791621293180118,-0.09364481963015692,cce8c6b0-2695-42d3-bc35-af35b4546c65,0,259,ZFM-04300
pupil,no_stim,-0.15000000000000008,30.006319871463987,-0.8789462413462878,cce8c6b0-2695-42d3-bc35-af35b4546c65,0,259,ZFM-04300
pupil,no_stim,-0.050000000000000086,29.226952081089987,-1.6583140317202876,cce8c6b0-2695-42d3-bc35-af35b4546c65,0,259,ZFM-04300
pupil,no_stim,0.04999999999999989,28.426102451447065,-2.4591636613632097,cce8c6b0-2695-42d3-bc35-af35b4546c65,0,259,ZFM-04300
pupil,no_stim,0.14999999999999986,27.44463776463382,-3.4406283481764532,cce8c6b0-2695-42d3-bc35-af35b4546c65,0,259,ZFM-04300
pupil,no_stim,0.24999999999999983,26.157630022265387,-4.7276360905448875,cce8c6b0-2695-42d3-bc35-af35b4546c65,0,259,ZFM-04300
pupil,no_stim,0.3499999999999998,25.087419844492555,-5.79784626831772,cce8c6b0-2695-42d3-bc35-af35b4546c65,0,259,ZFM-04300
pupil,no_stim,0.4499999999999998,24.899791714670442,-5.985474398139832,cce8c6b0-2695-42d3-bc35-af35b4546c65,0,259,ZFM-04300
pupil,no_stim,0.5499999999999998,26.059739052267176,-4.825527060543099,cce8c6b0-2695-42d3-bc35-af35b4546c65,0,259,ZFM-04300
pupil,no_stim,0.6499999999999998,28.156819705959393,-2.728446406850882,cce8c6b0-2695-42d3-bc35-af35b4546c65,0,259,ZFM-04300
pupil,no_stim,0.7499999999999998,30.432177818935337,-0.4530882938749379,cce8c6b0-2695-42d3-bc35-af35b4546c65,0,259,ZFM-04300
pupil,no_stim,0.8499999999999998,32.29979473855581,1.414528625745536,cce8c6b0-2695-42d3-bc35-af35b4546c65,0,259,ZFM-04300
pupil,no_stim,0.9499999999999997,33.511021950131735,2.62575583732146,cce8c6b0-2695-42d3-bc35-af35b4546c65,0,259,ZFM-04300
pupil,no_stim,1.0499999999999996,34.46762567095839,3.5823595581481165,cce8c6b0-2695-42d3-bc35-af35b4546c65,0,259,ZFM-04300
pupil,no_stim,1.1499999999999997,35.48988992361122,4.604623810800948,cce8c6b0-2695-42d3-bc35-af35b4546c65,0,259,ZFM-04300
pupil,no_stim,1.2499999999999998,36.60394390075957,5.718677787949293,cce8c6b0-2695-42d3-bc35-af35b4546c65,0,259,ZFM-04300
pupil,no_stim,1.3499999999999996,37.78439548111007,6.899129368299793,cce8c6b0-2695-42d3-bc35-af35b4546c65,0,259,ZFM-04300
pupil,no_stim,1.4499999999999995,38.86685289157336,7.981586778763084,cce8c6b0-2695-42d3-bc35-af35b4546c65,0,259,ZFM-04300
pupil,no_stim,1.5499999999999996,39.79496307758392,8.909696964773648,cce8c6b0-2695-42d3-bc35-af35b4546c65,0,259,ZFM-04300
pupil,no_stim,1.6499999999999997,40.31549938509995,9.430233272289673,cce8c6b0-2695-42d3-bc35-af35b4546c65,0,259,ZFM-04300
pupil,no_stim,1.7499999999999996,40.33932751176042,9.454061398950149,cce8c6b0-2695-42d3-bc35-af35b4546c65,0,259,ZFM-04300
pupil,no_stim,1.8499999999999994,40.14033783558153,9.255071722771259,cce8c6b0-2695-42d3-bc35-af35b4546c65,0,259,ZFM-04300
pupil,no_stim,1.9499999999999995,39.84170848479258,8.956442371982309,cce8c6b0-2695-42d3-bc35-af35b4546c65,0,259,ZFM-04300
pupil,no_stim,2.0499999999999994,39.6680887717842,8.782822658973924,cce8c6b0-2695-42d3-bc35-af35b4546c65,0,259,ZFM-04300
pupil,no_stim,2.1499999999999995,39.385591484784634,8.500325371974359,cce8c6b0-2695-42d3-bc35-af35b4546c65,0,259,ZFM-04300
pupil,no_stim,2.249999999999999,39.09909830391019,8.213832191099915,cce8c6b0-2695-42d3-bc35-af35b4546c65,0,259,ZFM-04300
pupil,no_stim,2.349999999999999,38.644722960381536,7.759456847571261,cce8c6b0-2695-42d3-bc35-af35b4546c65,0,259,ZFM-04300
pupil,no_stim,2.4499999999999993,38.18793491778836,7.302668804978087,cce8c6b0-2695-42d3-bc35-af35b4546c65,0,259,ZFM-04300
pupil,no_stim,2.549999999999999,37.65941063183622,6.774144519025942,cce8c6b0-2695-42d3-bc35-af35b4546c65,0,259,ZFM-04300
pupil,no_stim,2.649999999999999,37.077321156409425,6.192055043599151,cce8c6b0-2695-42d3-bc35-af35b4546c65,0,259,ZFM-04300
pupil,no_stim,2.749999999999999,36.45222545835602,5.566959345545744,cce8c6b0-2695-42d3-bc35-af35b4546c65,0,259,ZFM-04300
pupil,no_stim,2.849999999999999,35.7699210215782,4.884654908767924,cce8c6b0-2695-42d3-bc35-af35b4546c65,0,259,ZFM-04300
pupil,no_stim,2.9499999999999993,35.17775278370667,4.292486670896398,cce8c6b0-2695-42d3-bc35-af35b4546c65,0,259,ZFM-04300
pupil,no_stim,3.049999999999999,34.63904365151667,3.753777538706398,cce8c6b0-2695-42d3-bc35-af35b4546c65,0,259,ZFM-04300
pupil,no_stim,3.149999999999999,34.13825498468771,3.252988871877438,cce8c6b0-2695-42d3-bc35-af35b4546c65,0,259,ZFM-04300
pupil,no_stim,3.249999999999999,33.66098148802219,2.775715375211913,cce8c6b0-2695-42d3-bc35-af35b4546c65,0,259,ZFM-04300
pupil,no_stim,3.3499999999999988,33.06343278048114,2.178166667670869,cce8c6b0-2695-42d3-bc35-af35b4546c65,0,259,ZFM-04300
pupil,no_stim,3.449999999999999,32.511149550702456,1.6258834378921811,cce8c6b0-2695-42d3-bc35-af35b4546c65,0,259,ZFM-04300
pupil,no_stim,3.549999999999999,31.93407567999938,1.0488095671891067,cce8c6b0-2695-42d3-bc35-af35b4546c65,0,259,ZFM-04300
pupil,no_stim,3.649999999999999,31.41189145054619,0.5266253377359149,cce8c6b0-2695-42d3-bc35-af35b4546c65,0,259,ZFM-04300
pupil,no_stim,3.749999999999999,30.80753824659522,-0.0777278662150529,cce8c6b0-2695-42d3-bc35-af35b4546c65,0,259,ZFM-04300
pupil,no_stim,3.8499999999999988,30.095637505007,-0.789628607803273,cce8c6b0-2695-42d3-bc35-af35b4546c65,0,259,ZFM-04300
pupil,no_stim,3.949999999999999,29.587867064832857,-1.297399047977418,cce8c6b0-2695-42d3-bc35-af35b4546c65,0,259,ZFM-04300
pupil,stim,-0.45,27.20041081188861,1.3827025414857808,2457a923-5efb-42ba-80c2-a83a5b659e28,0,292,ZFM-04300
pupil,stim,-0.35000000000000003,26.482148594818103,0.6644403244152741,2457a923-5efb-42ba-80c2-a83a5b659e28,0,292,ZFM-04300
pupil,stim,-0.25000000000000006,25.820602136208475,0.002893865805646101,2457a923-5efb-42ba-80c2-a83a5b659e28,0,292,ZFM-04300
pupil,stim,-0.15000000000000008,25.128023881776382,-0.6896843886264463,2457a923-5efb-42ba-80c2-a83a5b659e28,0,292,ZFM-04300
pupil,stim,-0.050000000000000086,24.457355927322563,-1.3603523430802653,2457a923-5efb-42ba-80c2-a83a5b659e28,0,292,ZFM-04300
pupil,stim,0.04999999999999989,23.780505555298447,-2.0372027151043817,2457a923-5efb-42ba-80c2-a83a5b659e28,0,292,ZFM-04300
pupil,stim,0.14999999999999986,22.895112648776035,-2.922595621626794,2457a923-5efb-42ba-80c2-a83a5b659e28,0,292,ZFM-04300
pupil,stim,0.24999999999999983,21.899392915712923,-3.9183153546899057,2457a923-5efb-42ba-80c2-a83a5b659e28,0,292,ZFM-04300
pupil,stim,0.3499999999999998,21.31818583351269,-4.499522436890139,2457a923-5efb-42ba-80c2-a83a5b659e28,0,292,ZFM-04300
pupil,stim,0.4499999999999998,21.809974773620365,-4.007733496782464,2457a923-5efb-42ba-80c2-a83a5b659e28,0,292,ZFM-04300
pupil,stim,0.5499999999999998,23.429755953830163,-2.3879523165726653,2457a923-5efb-42ba-80c2-a83a5b659e28,0,292,ZFM-04300
pupil,stim,0.6499999999999998,25.506937529865105,-0.31077074053772336,2457a923-5efb-42ba-80c2-a83a5b659e28,0,292,ZFM-04300
pupil,stim,0.7499999999999998,27.312316222447514,1.494607952044685,2457a923-5efb-42ba-80c2-a83a5b659e28,0,292,ZFM-04300
pupil,stim,0.8499999999999998,28.390233532612214,2.5725252622093855,2457a923-5efb-42ba-80c2-a83a5b659e28,0,292,ZFM-04300
pupil,stim,0.9499999999999997,28.969068315805444,3.1513600454026154,2457a923-5efb-42ba-80c2-a83a5b659e28,0,292,ZFM-04300
pupil,stim,1.0499999999999996,29.391811268961053,3.5741029985582244,2457a923-5efb-42ba-80c2-a83a5b659e28,0,292,ZFM-04300
pupil,stim,1.1499999999999997,30.109658170168412,4.291949899765584,2457a923-5efb-42ba-80c2-a83a5b659e28,0,292,ZFM-04300
pupil,stim,1.2499999999999998,31.206216933858816,5.388508663455987,2457a923-5efb-42ba-80c2-a83a5b659e28,0,292,ZFM-04300
pupil,stim,1.3499999999999996,32.510552289860144,6.692844019457315,2457a923-5efb-42ba-80c2-a83a5b659e28,0,292,ZFM-04300
pupil,stim,1.4499999999999995,33.71445663904809,7.896748368645259,2457a923-5efb-42ba-80c2-a83a5b659e28,0,292,ZFM-04300
pupil,stim,1.5499999999999996,34.60498997046745,8.787281700064622,2457a923-5efb-42ba-80c2-a83a5b659e28,0,292,ZFM-04300
pupil,stim,1.6499999999999997,35.113648492140406,9.295940221737578,2457a923-5efb-42ba-80c2-a83a5b659e28,0,292,ZFM-04300
pupil,stim,1.7499999999999996,35.263798079074874,9.446089808672046,2457a923-5efb-42ba-80c2-a83a5b659e28,0,292,ZFM-04300
pupil,stim,1.8499999999999994,35.05885741415175,9.241149143748924,2457a923-5efb-42ba-80c2-a83a5b659e28,0,292,ZFM-04300
pupil,stim,1.9499999999999995,34.741728844016414,8.924020573613586,2457a923-5efb-42ba-80c2-a83a5b659e28,0,292,ZFM-04300
pupil,stim,2.0499999999999994,34.416967559472965,8.599259289070137,2457a923-5efb-42ba-80c2-a83a5b659e28,0,292,ZFM-04300
pupil,stim,2.1499999999999995,34.05698358322305,8.239275312820222,2457a923-5efb-42ba-80c2-a83a5b659e28,0,292,ZFM-04300
pupil,stim,2.249999999999999,33.58729706585323,7.7695887954503995,2457a923-5efb-42ba-80c2-a83a5b659e28,0,292,ZFM-04300
pupil,stim,2.349999999999999,32.907144597631294,7.089436327228466,2457a923-5efb-42ba-80c2-a83a5b659e28,0,292,ZFM-04300
pupil,stim,2.4499999999999993,32.09656697124942,6.278858700846595,2457a923-5efb-42ba-80c2-a83a5b659e28,0,292,ZFM-04300
pupil,stim,2.549999999999999,31.162089981472953,5.344381711070124,2457a923-5efb-42ba-80c2-a83a5b659e28,0,292,ZFM-04300
pupil,stim,2.649999999999999,30.201497014220134,4.3837887438173055,2457a923-5efb-42ba-80c2-a83a5b659e28,0,292,ZFM-04300
pupil,stim,2.749999999999999,29.354279163644854,3.5365708932420254,2457a923-5efb-42ba-80c2-a83a5b659e28,0,292,ZFM-04300
pupil,stim,2.849999999999999,28.718556415326375,2.900848144923547,2457a923-5efb-42ba-80c2-a83a5b659e28,0,292,ZFM-04300
pupil,stim,2.9499999999999993,28.238060543378527,2.4203522729756983,2457a923-5efb-42ba-80c2-a83a5b659e28,0,292,ZFM-04300
pupil,stim,3.049999999999999,27.69825555601326,1.880547285610433,2457a923-5efb-42ba-80c2-a83a5b659e28,0,292,ZFM-04300
pupil,stim,3.149999999999999,27.097434939030826,1.2797266686279976,2457a923-5efb-42ba-80c2-a83a5b659e28,0,292,ZFM-04300
pupil,stim,3.249999999999999,26.591384090646173,0.7736758202433442,2457a923-5efb-42ba-80c2-a83a5b659e28,0,292,ZFM-04300
pupil,stim,3.3499999999999988,26.201953495435777,0.38424522503294867,2457a923-5efb-42ba-80c2-a83a5b659e28,0,292,ZFM-04300
pupil,stim,3.449999999999999,25.891580487025248,0.07387221662241927,2457a923-5efb-42ba-80c2-a83a5b659e28,0,292,ZFM-04300
pupil,stim,3.549999999999999,25.48265242570166,-0.33505584470117,2457a923-5efb-42ba-80c2-a83a5b659e28,0,292,ZFM-04300
pupil,stim,3.649999999999999,25.008554812926363,-0.8091534574764658,2457a923-5efb-42ba-80c2-a83a5b659e28,0,292,ZFM-04300
pupil,stim,3.749999999999999,24.581652169895058,-1.2360561005077706,2457a923-5efb-42ba-80c2-a83a5b659e28,0,292,ZFM-04300
pupil,stim,3.8499999999999988,24.318279666438652,-1.4994286039641764,2457a923-5efb-42ba-80c2-a83a5b659e28,0,292,ZFM-04300
pupil,stim,3.949999999999999,24.341210306427822,-1.4764979639750067,2457a923-5efb-42ba-80c2-a83a5b659e28,0,292,ZFM-04300
pupil,no_stim,-0.45,29.471734117061292,1.8713462834334322,2457a923-5efb-42ba-80c2-a83a5b659e28,0,270,ZFM-04300
pupil,no_stim,-0.35000000000000003,28.426653185697386,0.8262653520695267,2457a923-5efb-42ba-80c2-a83a5b659e28,0,270,ZFM-04300
pupil,no_stim,-0.25000000000000006,27.42320057087152,-0.1771872627563411,2457a923-5efb-42ba-80c2-a83a5b659e28,0,270,ZFM-04300
pupil,no_stim,-0.15000000000000008,26.609163105291266,-0.9912247283365936,2457a923-5efb-42ba-80c2-a83a5b659e28,0,270,ZFM-04300
pupil,no_stim,-0.050000000000000086,26.071188189217853,-1.5291996444100064,2457a923-5efb-42ba-80c2-a83a5b659e28,0,270,ZFM-04300
pupil,no_stim,0.04999999999999989,25.569110861523544,-2.0312769721043153,2457a923-5efb-42ba-80c2-a83a5b659e28,0,270,ZFM-04300
pupil,no_stim,0.14999999999999986,24.7479101812557,-2.8524776523721584,2457a923-5efb-42ba-80c2-a83a5b659e28,0,270,ZFM-04300
pupil,no_stim,0.24999999999999983,23.655815853875886,-3.9445719797519736,2457a923-5efb-42ba-80c2-a83a5b659e28,0,270,ZFM-04300
pupil,no_stim,0.3499999999999998,22.858645648219497,-4.741742185408363,2457a923-5efb-42ba-80c2-a83a5b659e28,0,270,ZFM-04300
pupil,no_stim,0.4499999999999998,23.01168943170487,-4.58869840192299,2457a923-5efb-42ba-80c2-a83a5b659e28,0,270,ZFM-04300
pupil,no_stim,0.5499999999999998,24.35116013494276,-3.2492276986851003,2457a923-5efb-42ba-80c2-a83a5b659e28,0,270,ZFM-04300
pupil,no_stim,0.6499999999999998,26.127108008748163,-1.4732798248796968,2457a923-5efb-42ba-80c2-a83a5b659e28,0,270,ZFM-04300
pupil,no_stim,0.7499999999999998,27.614332502594817,0.013944668966956897,2457a923-5efb-42ba-80c2-a83a5b659e28,0,270,ZFM-04300
pupil,no_stim,0.8499999999999998,28.69285369559286,1.0924658619649996,2457a923-5efb-42ba-80c2-a83a5b659e28,0,270,ZFM-04300
pupil,no_stim,0.9499999999999997,29.392588219652232,1.7922003860243727,2457a923-5efb-42ba-80c2-a83a5b659e28,0,270,ZFM-04300
pupil,no_stim,1.0499999999999996,30.11391191642625,2.5135240827983907,2457a923-5efb-42ba-80c2-a83a5b659e28,0,270,ZFM-04300
pupil,no_stim,1.1499999999999997,30.989312023188674,3.3889241895608144,2457a923-5efb-42ba-80c2-a83a5b659e28,0,270,ZFM-04300
pupil,no_stim,1.2499999999999998,32.16981005457981,4.569422220951953,2457a923-5efb-42ba-80c2-a83a5b659e28,0,270,ZFM-04300
pupil,no_stim,1.3499999999999996,33.625705132716654,6.025317299088794,2457a923-5efb-42ba-80c2-a83a5b659e28,0,270,ZFM-04300
pupil,no_stim,1.4499999999999995,34.84451987485522,7.244132041227363,2457a923-5efb-42ba-80c2-a83a5b659e28,0,270,ZFM-04300
pupil,no_stim,1.5499999999999996,35.41619892134351,7.815811087715648,2457a923-5efb-42ba-80c2-a83a5b659e28,0,270,ZFM-04300
pupil,no_stim,1.6499999999999997,35.490104868275715,7.889717034647855,2457a923-5efb-42ba-80c2-a83a5b659e28,0,270,ZFM-04300
pupil,no_stim,1.7499999999999996,35.33689647212494,7.736508638497082,2457a923-5efb-42ba-80c2-a83a5b659e28,0,270,ZFM-04300
pupil,no_stim,1.8499999999999994,35.303837346984544,7.703449513356684,2457a923-5efb-42ba-80c2-a83a5b659e28,0,270,ZFM-04300
pupil,no_stim,1.9499999999999995,35.39641985947976,7.796032025851897,2457a923-5efb-42ba-80c2-a83a5b659e28,0,270,ZFM-04300
pupil,no_stim,2.0499999999999994,35.38012469409809,7.7797368604702335,2457a923-5efb-42ba-80c2-a83a5b659e28,0,270,ZFM-04300
pupil,no_stim,2.1499999999999995,35.15074297450424,7.5503551408763805,2457a923-5efb-42ba-80c2-a83a5b659e28,0,270,ZFM-04300
pupil,no_stim,2.249999999999999,34.61208858735034,7.011700753722483,2457a923-5efb-42ba-80c2-a83a5b659e28,0,270,ZFM-04300
pupil,no_stim,2.349999999999999,33.889821408224904,6.289433574597044,2457a923-5efb-42ba-80c2-a83a5b659e28,0,270,ZFM-04300
pupil,no_stim,2.4499999999999993,33.27183594936681,5.671448115738951,2457a923-5efb-42ba-80c2-a83a5b659e28,0,270,ZFM-04300
pupil,no_stim,2.549999999999999,32.795090663011976,5.194702829384116,2457a923-5efb-42ba-80c2-a83a5b659e28,0,270,ZFM-04300
pupil,no_stim,2.649999999999999,32.331130731655946,4.730742898028087,2457a923-5efb-42ba-80c2-a83a5b659e28,0,270,ZFM-04300
pupil,no_stim,2.749999999999999,31.7439236951852,4.143535861557339,2457a923-5efb-42ba-80c2-a83a5b659e28,0,270,ZFM-04300
pupil,no_stim,2.849999999999999,31.101601608535958,3.5012137749080985,2457a923-5efb-42ba-80c2-a83a5b659e28,0,270,ZFM-04300
pupil,no_stim,2.9499999999999993,30.533609135436294,2.933221301808434,2457a923-5efb-42ba-80c2-a83a5b659e28,0,270,ZFM-04300
pupil,no_stim,3.049999999999999,29.942130173930828,2.341742340302968,2457a923-5efb-42ba-80c2-a83a5b659e28,0,270,ZFM-04300
pupil,no_stim,3.149999999999999,29.23012102952022,1.62973319589236,2457a923-5efb-42ba-80c2-a83a5b659e28,0,270,ZFM-04300
pupil,no_stim,3.249999999999999,28.525193282235573,0.9248054486077137,2457a923-5efb-42ba-80c2-a83a5b659e28,0,270,ZFM-04300
pupil,no_stim,3.3499999999999988,28.08956659294655,0.4891787593186905,2457a923-5efb-42ba-80c2-a83a5b659e28,0,270,ZFM-04300
pupil,no_stim,3.449999999999999,27.77122682887968,0.17083899525182034,2457a923-5efb-42ba-80c2-a83a5b659e28,0,270,ZFM-04300
pupil,no_stim,3.549999999999999,27.449727056848005,-0.1506607767798549,2457a923-5efb-42ba-80c2-a83a5b659e28,0,270,ZFM-04300
pupil,no_stim,3.649999999999999,26.963234532013786,-0.6371533016140738,2457a923-5efb-42ba-80c2-a83a5b659e28,0,270,ZFM-04300
pupil,no_stim,3.749999999999999,26.539770247436913,-1.060617586190947,2457a923-5efb-42ba-80c2-a83a5b659e28,0,270,ZFM-04300
pupil,no_stim,3.8499999999999988,26.308060807245734,-1.2923270263821252,2457a923-5efb-42ba-80c2-a83a5b659e28,0,270,ZFM-04300
pupil,no_stim,3.949999999999999,26.19649217744774,-1.4038956561801186,2457a923-5efb-42ba-80c2-a83a5b659e28,0,270,ZFM-04300
pupil,stim,-0.45,43.87802046747471,2.093462325743559,a456692f-5658-430f-b748-c864ace98b6c,0,283,ZFM-04300
pupil,stim,-0.35000000000000003,42.74264573682705,0.9580875950958969,a456692f-5658-430f-b748-c864ace98b6c,0,283,ZFM-04300
pupil,stim,-0.25000000000000006,41.66115914309946,-0.12339899863169279,a456692f-5658-430f-b748-c864ace98b6c,0,283,ZFM-04300
pupil,stim,-0.15000000000000008,40.7170357059823,-1.067522435748856,a456692f-5658-430f-b748-c864ace98b6c,0,283,ZFM-04300
pupil,stim,-0.050000000000000086,39.92392965527227,-1.8606284864588858,a456692f-5658-430f-b748-c864ace98b6c,0,283,ZFM-04300
pupil,stim,0.04999999999999989,39.2098233305399,-2.574734811191256,a456692f-5658-430f-b748-c864ace98b6c,0,283,ZFM-04300
pupil,stim,0.14999999999999986,38.39112710927546,-3.3934310324556947,a456692f-5658-430f-b748-c864ace98b6c,0,283,ZFM-04300
pupil,stim,0.24999999999999983,37.49660083936371,-4.287957302367445,a456692f-5658-430f-b748-c864ace98b6c,0,283,ZFM-04300
pupil,stim,0.3499999999999998,37.02086102047074,-4.763697121260414,a456692f-5658-430f-b748-c864ace98b6c,0,283,ZFM-04300
pupil,stim,0.4499999999999998,37.44809917797525,-4.336458963755902,a456692f-5658-430f-b748-c864ace98b6c,0,283,ZFM-04300
pupil,stim,0.5499999999999998,38.83578139434294,-2.948776747388216,a456692f-5658-430f-b748-c864ace98b6c,0,283,ZFM-04300
pupil,stim,0.6499999999999998,40.632371303189494,-1.1521868385416596,a456692f-5658-430f-b748-c864ace98b6c,0,283,ZFM-04300
pupil,stim,0.7499999999999998,42.374670493274905,0.5901123515437519,a456692f-5658-430f-b748-c864ace98b6c,0,283,ZFM-04300
pupil,stim,0.8499999999999998,43.743822541333095,1.9592643996019419,a456692f-5658-430f-b748-c864ace98b6c,0,283,ZFM-04300
pupil,stim,0.9499999999999997,44.754215693231835,2.9696575515006813,a456692f-5658-430f-b748-c864ace98b6c,0,283,ZFM-04300
pupil,stim,1.0499999999999996,45.72111516874638,3.936557027015226,a456692f-5658-430f-b748-c864ace98b6c,0,283,ZFM-04300
pupil,stim,1.1499999999999997,46.76394094940148,4.979382807670326,a456692f-5658-430f-b748-c864ace98b6c,0,283,ZFM-04300
pupil,stim,1.2499999999999998,47.873675503525796,6.089117361794642,a456692f-5658-430f-b748-c864ace98b6c,0,283,ZFM-04300
pupil,stim,1.3499999999999996,49.05912876899221,7.274570627261056,a456692f-5658-430f-b748-c864ace98b6c,0,283,ZFM-04300
pupil,stim,1.4499999999999995,50.12015601980542,8.335597878074267,a456692f-5658-430f-b748-c864ace98b6c,0,283,ZFM-04300
pupil,stim,1.5499999999999996,51.049024818737166,9.264466677006013,a456692f-5658-430f-b748-c864ace98b6c,0,283,ZFM-04300
pupil,stim,1.6499999999999997,51.755278131629524,9.97071998989837,a456692f-5658-430f-b748-c864ace98b6c,0,283,ZFM-04300
pupil,stim,1.7499999999999996,52.10391512932545,10.319356987594297,a456692f-5658-430f-b748-c864ace98b6c,0,283,ZFM-04300
pupil,stim,1.8499999999999994,52.06172694391477,10.277168802183617,a456692f-5658-430f-b748-c864ace98b6c,0,283,ZFM-04300
pupil,stim,1.9499999999999995,51.504289432703935,9.719731290972781,a456692f-5658-430f-b748-c864ace98b6c,0,283,ZFM-04300
pupil,stim,2.0499999999999994,50.87386064588015,9.089302504148996,a456692f-5658-430f-b748-c864ace98b6c,0,283,ZFM-04300
pupil,stim,2.1499999999999995,50.484801803758664,8.70024366202751,a456692f-5658-430f-b748-c864ace98b6c,0,283,ZFM-04300
pupil,stim,2.249999999999999,50.19228587284314,8.407727731111983,a456692f-5658-430f-b748-c864ace98b6c,0,283,ZFM-04300
pupil,stim,2.349999999999999,49.763675179371404,7.9791170376402505,a456692f-5658-430f-b748-c864ace98b6c,0,283,ZFM-04300
pupil,stim,2.4499999999999993,49.23643863232021,7.451880490589055,a456692f-5658-430f-b748-c864ace98b6c,0,283,ZFM-04300
pupil,stim,2.549999999999999,48.6809785309925,6.896420389261344,a456692f-5658-430f-b748-c864ace98b6c,0,283,ZFM-04300
pupil,stim,2.649999999999999,48.14836050260735,6.3638023608762,a456692f-5658-430f-b748-c864ace98b6c,0,283,ZFM-04300
pupil,stim,2.749999999999999,47.56450344980033,5.779945308069173,a456692f-5658-430f-b748-c864ace98b6c,0,283,ZFM-04300
pupil,stim,2.849999999999999,46.97176072923718,5.187202587506029,a456692f-5658-430f-b748-c864ace98b6c,0,283,ZFM-04300
pupil,stim,2.9499999999999993,46.308497034401086,4.523938892669932,a456692f-5658-430f-b748-c864ace98b6c,0,283,ZFM-04300
pupil,stim,3.049999999999999,45.633538089287825,3.8489799475566713,a456692f-5658-430f-b748-c864ace98b6c,0,283,ZFM-04300
pupil,stim,3.149999999999999,44.98367032315347,3.199112181422315,a456692f-5658-430f-b748-c864ace98b6c,0,283,ZFM-04300
pupil,stim,3.249999999999999,44.36241900061057,2.5778608588794185,a456692f-5658-430f-b748-c864ace98b6c,0,283,ZFM-04300
pupil,stim,3.3499999999999988,43.73841455530086,1.953856413569703,a456692f-5658-430f-b748-c864ace98b6c,0,283,ZFM-04300
pupil,stim,3.449999999999999,43.096960947189494,1.3124028054583405,a456692f-5658-430f-b748-c864ace98b6c,0,283,ZFM-04300
pupil,stim,3.549999999999999,42.66879132009142,0.8842331783602688,a456692f-5658-430f-b748-c864ace98b6c,0,283,ZFM-04300
pupil,stim,3.649999999999999,42.216109144815,0.43155100308384675,a456692f-5658-430f-b748-c864ace98b6c,0,283,ZFM-04300
pupil,stim,3.749999999999999,41.74472036525806,-0.03983777647309239,a456692f-5658-430f-b748-c864ace98b6c,0,283,ZFM-04300
pupil,stim,3.8499999999999988,41.26595427563091,-0.5186038661002428,a456692f-5658-430f-b748-c864ace98b6c,0,283,ZFM-04300
pupil,stim,3.949999999999999,40.81387056441856,-0.9706875773125958,a456692f-5658-430f-b748-c864ace98b6c,0,283,ZFM-04300
pupil,no_stim,-0.45,43.522102614873795,1.69056744351996,a456692f-5658-430f-b748-c864ace98b6c,0,241,ZFM-04300
pupil,no_stim,-0.35000000000000003,42.616010553095286,0.7844753817414514,a456692f-5658-430f-b748-c864ace98b6c,0,241,ZFM-04300
pupil,no_stim,-0.25000000000000006,41.788019199530545,-0.04351597182328959,a456692f-5658-430f-b748-c864ace98b6c,0,241,ZFM-04300
pupil,no_stim,-0.15000000000000008,41.00304494991091,-0.8284902214429266,a456692f-5658-430f-b748-c864ace98b6c,0,241,ZFM-04300
pupil,no_stim,-0.050000000000000086,40.22849853935863,-1.6030366319952023,a456692f-5658-430f-b748-c864ace98b6c,0,241,ZFM-04300
pupil,no_stim,0.04999999999999989,39.56750842054435,-2.264026750809485,a456692f-5658-430f-b748-c864ace98b6c,0,241,ZFM-04300
pupil,no_stim,0.14999999999999986,38.70855666676996,-3.1229785045838767,a456692f-5658-430f-b748-c864ace98b6c,0,241,ZFM-04300
pupil,no_stim,0.24999999999999983,37.66825282708568,-4.163282344268154,a456692f-5658-430f-b748-c864ace98b6c,0,241,ZFM-04300
pupil,no_stim,0.3499999999999998,36.8384569743376,-4.9930781970162315,a456692f-5658-430f-b748-c864ace98b6c,0,241,ZFM-04300
pupil,no_stim,0.4499999999999998,36.837986735197426,-4.993548436156409,a456692f-5658-430f-b748-c864ace98b6c,0,241,ZFM-04300
pupil,no_stim,0.5499999999999998,38.186791116864875,-3.64474405448896,a456692f-5658-430f-b748-c864ace98b6c,0,241,ZFM-04300
pupil,no_stim,0.6499999999999998,40.37073962676966,-1.4607955445841725,a456692f-5658-430f-b748-c864ace98b6c,0,241,ZFM-04300
pupil,no_stim,0.7499999999999998,42.61793445724749,0.7863992858936584,a456692f-5658-430f-b748-c864ace98b6c,0,241,ZFM-04300
pupil,no_stim,0.8499999999999998,44.15737547851542,2.3258403071615845,a456692f-5658-430f-b748-c864ace98b6c,0,241,ZFM-04300
pupil,no_stim,0.9499999999999997,45.17846512161091,3.3469299502570777,a456692f-5658-430f-b748-c864ace98b6c,0,241,ZFM-04300
pupil,no_stim,1.0499999999999996,45.93332444381703,4.1017892724631935,a456692f-5658-430f-b748-c864ace98b6c,0,241,ZFM-04300
pupil,no_stim,1.1499999999999997,46.747999651459885,4.91646448010605,a456692f-5658-430f-b748-c864ace98b6c,0,241,ZFM-04300
pupil,no_stim,1.2499999999999998,47.57758837842567,5.746053207071839,a456692f-5658-430f-b748-c864ace98b6c,0,241,ZFM-04300
pupil,no_stim,1.3499999999999996,48.45551382784731,6.6239786564934775,a456692f-5658-430f-b748-c864ace98b6c,0,241,ZFM-04300
pupil,no_stim,1.4499999999999995,49.277788055866445,7.44625288451261,a456692f-5658-430f-b748-c864ace98b6c,0,241,ZFM-04300
pupil,no_stim,1.5499999999999996,49.92832548828181,8.096790316927972,a456692f-5658-430f-b748-c864ace98b6c,0,241,ZFM-04300
pupil,no_stim,1.6499999999999997,50.175480959226455,8.34394578787262,a456692f-5658-430f-b748-c864ace98b6c,0,241,ZFM-04300
pupil,no_stim,1.7499999999999996,49.94442432338301,8.112889152029176,a456692f-5658-430f-b748-c864ace98b6c,0,241,ZFM-04300
pupil,no_stim,1.8499999999999994,49.47574632846975,7.644211157115912,a456692f-5658-430f-b748-c864ace98b6c,0,241,ZFM-04300
pupil,no_stim,1.9499999999999995,49.07921226158741,7.247677090233573,a456692f-5658-430f-b748-c864ace98b6c,0,241,ZFM-04300
pupil,no_stim,2.0499999999999994,48.803634236356004,6.972099065002169,a456692f-5658-430f-b748-c864ace98b6c,0,241,ZFM-04300
pupil,no_stim,2.1499999999999995,48.480847877310744,6.649312705956909,a456692f-5658-430f-b748-c864ace98b6c,0,241,ZFM-04300
pupil,no_stim,2.249999999999999,48.049190963562,6.217655792208163,a456692f-5658-430f-b748-c864ace98b6c,0,241,ZFM-04300
pupil,no_stim,2.349999999999999,47.6346537444281,5.803118573074265,a456692f-5658-430f-b748-c864ace98b6c,0,241,ZFM-04300
pupil,no_stim,2.4499999999999993,47.256719842449286,5.425184671095451,a456692f-5658-430f-b748-c864ace98b6c,0,241,ZFM-04300
pupil,no_stim,2.549999999999999,46.99039432412583,5.158859152771996,a456692f-5658-430f-b748-c864ace98b6c,0,241,ZFM-04300
pupil,no_stim,2.649999999999999,46.70703643546893,4.875501264115094,a456692f-5658-430f-b748-c864ace98b6c,0,241,ZFM-04300
pupil,no_stim,2.749999999999999,46.312644682936195,4.4811095115823605,a456692f-5658-430f-b748-c864ace98b6c,0,241,ZFM-04300
pupil,no_stim,2.849999999999999,45.73258993871625,3.9010547673624174,a456692f-5658-430f-b748-c864ace98b6c,0,241,ZFM-04300
pupil,no_stim,2.9499999999999993,45.18844089466932,3.356905723315485,a456692f-5658-430f-b748-c864ace98b6c,0,241,ZFM-04300
pupil,no_stim,3.049999999999999,44.75618613070057,2.924650959346735,a456692f-5658-430f-b748-c864ace98b6c,0,241,ZFM-04300
pupil,no_stim,3.149999999999999,44.40080025153399,2.569265080180152,a456692f-5658-430f-b748-c864ace98b6c,0,241,ZFM-04300
pupil,no_stim,3.249999999999999,44.12702882700497,2.2954936556511356,a456692f-5658-430f-b748-c864ace98b6c,0,241,ZFM-04300
pupil,no_stim,3.3499999999999988,43.65064621819526,1.819111046841428,a456692f-5658-430f-b748-c864ace98b6c,0,241,ZFM-04300
pupil,no_stim,3.449999999999999,43.06155532642344,1.230020155069603,a456692f-5658-430f-b748-c864ace98b6c,0,241,ZFM-04300
pupil,no_stim,3.549999999999999,42.38975971281374,0.5582245414599072,a456692f-5658-430f-b748-c864ace98b6c,0,241,ZFM-04300
pupil,no_stim,3.649999999999999,41.80087875136099,-0.03065641999284452,a456692f-5658-430f-b748-c864ace98b6c,0,241,ZFM-04300
pupil,no_stim,3.749999999999999,41.3008071071074,-0.530728064246432,a456692f-5658-430f-b748-c864ace98b6c,0,241,ZFM-04300
pupil,no_stim,3.8499999999999988,40.71015022507937,-1.1213849462744676,a456692f-5658-430f-b748-c864ace98b6c,0,241,ZFM-04300
pupil,no_stim,3.949999999999999,40.20039682504413,-1.6311383463097044,a456692f-5658-430f-b748-c864ace98b6c,0,241,ZFM-04300
pupil,stim,-0.45,87.92857062744692,1.723792493939115,7d962737-6858-4d85-9420-c83d20e3ff0a,0,88,ZFM-04300
pupil,stim,-0.35000000000000003,87.14778674301796,0.9430086095101586,7d962737-6858-4d85-9420-c83d20e3ff0a,0,88,ZFM-04300
pupil,stim,-0.25000000000000006,86.27871759654575,0.07393946303794507,7d962737-6858-4d85-9420-c83d20e3ff0a,0,88,ZFM-04300
pupil,stim,-0.15000000000000008,85.27741479904522,-0.9273633344625836,7d962737-6858-4d85-9420-c83d20e3ff0a,0,88,ZFM-04300
pupil,stim,-0.050000000000000086,84.39140090148315,-1.8133772320246493,7d962737-6858-4d85-9420-c83d20e3ff0a,0,88,ZFM-04300
pupil,stim,0.04999999999999989,83.50707985215023,-2.6976982813575745,7d962737-6858-4d85-9420-c83d20e3ff0a,0,88,ZFM-04300
pupil,stim,0.14999999999999986,82.23825322180384,-3.9665249117039565,7d962737-6858-4d85-9420-c83d20e3ff0a,0,88,ZFM-04300
pupil,stim,0.24999999999999983,81.08442119718212,-5.120356936325678,7d962737-6858-4d85-9420-c83d20e3ff0a,0,88,ZFM-04300
pupil,stim,0.3499999999999998,80.8360894656334,-5.368688667874395,7d962737-6858-4d85-9420-c83d20e3ff0a,0,88,ZFM-04300
pupil,stim,0.4499999999999998,81.80635518791914,-4.398422945588663,7d962737-6858-4d85-9420-c83d20e3ff0a,0,88,ZFM-04300
pupil,stim,0.5499999999999998,83.44331927392635,-2.7614588595814524,7d962737-6858-4d85-9420-c83d20e3ff0a,0,88,ZFM-04300
pupil,stim,0.6499999999999998,84.78812585817592,-1.4166522753318844,7d962737-6858-4d85-9420-c83d20e3ff0a,0,88,ZFM-04300
pupil,stim,0.7499999999999998,85.5650163759427,-0.6397617575650969,7d962737-6858-4d85-9420-c83d20e3ff0a,0,88,ZFM-04300
pupil,stim,0.8499999999999998,85.59462130428307,-0.610156829224735,7d962737-6858-4d85-9420-c83d20e3ff0a,0,88,ZFM-04300
pupil,stim,0.9499999999999997,85.18581238046717,-1.0189657530406322,7d962737-6858-4d85-9420-c83d20e3ff0a,0,88,ZFM-04300
pupil,stim,1.0499999999999996,84.9080404442895,-1.296737689218304,7d962737-6858-4d85-9420-c83d20e3ff0a,0,88,ZFM-04300
pupil,stim,1.1499999999999997,85.14709543179721,-1.0576827017105899,7d962737-6858-4d85-9420-c83d20e3ff0a,0,88,ZFM-04300
pupil,stim,1.2499999999999998,85.88867639866055,-0.31610173484725124,7d962737-6858-4d85-9420-c83d20e3ff0a,0,88,ZFM-04300
pupil,stim,1.3499999999999996,86.62901895134205,0.42424081783424583,7d962737-6858-4d85-9420-c83d20e3ff0a,0,88,ZFM-04300
pupil,stim,1.4499999999999995,87.22608975192871,1.02131161842091,7d962737-6858-4d85-9420-c83d20e3ff0a,0,88,ZFM-04300
pupil,stim,1.5499999999999996,87.28611238006333,1.081334246555528,7d962737-6858-4d85-9420-c83d20e3ff0a,0,88,ZFM-04300
pupil,stim,1.6499999999999997,87.29087947243255,1.086101338924749,7d962737-6858-4d85-9420-c83d20e3ff0a,0,88,ZFM-04300
pupil,stim,1.7499999999999996,87.37711280803022,1.1723346745224177,7d962737-6858-4d85-9420-c83d20e3ff0a,0,88,ZFM-04300
pupil,stim,1.8499999999999994,87.53698061345118,1.3322024799433763,7d962737-6858-4d85-9420-c83d20e3ff0a,0,88,ZFM-04300
pupil,stim,1.9499999999999995,87.67390934398962,1.4691312104818195,7d962737-6858-4d85-9420-c83d20e3ff0a,0,88,ZFM-04300
pupil,stim,2.0499999999999994,87.549618666648,1.3448405331402,7d962737-6858-4d85-9420-c83d20e3ff0a,0,88,ZFM-04300
pupil,stim,2.1499999999999995,87.53675498799788,1.3319768544900796,7d962737-6858-4d85-9420-c83d20e3ff0a,0,88,ZFM-04300
pupil,stim,2.249999999999999,87.6140525190266,1.409274385518799,7d962737-6858-4d85-9420-c83d20e3ff0a,0,88,ZFM-04300
pupil,stim,2.349999999999999,87.58056750765675,1.375789374148951,7d962737-6858-4d85-9420-c83d20e3ff0a,0,88,ZFM-04300
pupil,stim,2.4499999999999993,87.49432448280665,1.2895463492988455,7d962737-6858-4d85-9420-c83d20e3ff0a,0,88,ZFM-04300
pupil,stim,2.549999999999999,87.24663942347179,1.0418612899639896,7d962737-6858-4d85-9420-c83d20e3ff0a,0,88,ZFM-04300
pupil,stim,2.649999999999999,87.02381865880369,0.8190405252958897,7d962737-6858-4d85-9420-c83d20e3ff0a,0,88,ZFM-04300
pupil,stim,2.749999999999999,86.6186946421063,0.41391650859850415,7d962737-6858-4d85-9420-c83d20e3ff0a,0,88,ZFM-04300
pupil,stim,2.849999999999999,86.17944962169646,-0.025328511811338217,7d962737-6858-4d85-9420-c83d20e3ff0a,0,88,ZFM-04300
pupil,stim,2.9499999999999993,85.72216146721901,-0.4826166662887914,7d962737-6858-4d85-9420-c83d20e3ff0a,0,88,ZFM-04300
pupil,stim,3.049999999999999,85.58924694129524,-0.6155311922125577,7d962737-6858-4d85-9420-c83d20e3ff0a,0,88,ZFM-04300
pupil,stim,3.149999999999999,85.5916604189168,-0.6131177145909987,7d962737-6858-4d85-9420-c83d20e3ff0a,0,88,ZFM-04300
pupil,stim,3.249999999999999,85.38539386553764,-0.8193842679701646,7d962737-6858-4d85-9420-c83d20e3ff0a,0,88,ZFM-04300
pupil,stim,3.3499999999999988,84.89481028110117,-1.3099678524066292,7d962737-6858-4d85-9420-c83d20e3ff0a,0,88,ZFM-04300
pupil,stim,3.449999999999999,84.13541897051677,-2.0693591629910344,7d962737-6858-4d85-9420-c83d20e3ff0a,0,88,ZFM-04300
pupil,stim,3.549999999999999,83.45395449896726,-2.750823634540538,7d962737-6858-4d85-9420-c83d20e3ff0a,0,88,ZFM-04300
pupil,stim,3.649999999999999,83.10929828861892,-3.095479844888885,7d962737-6858-4d85-9420-c83d20e3ff0a,0,88,ZFM-04300
pupil,stim,3.749999999999999,82.76661276858528,-3.4381653649225257,7d962737-6858-4d85-9420-c83d20e3ff0a,0,88,ZFM-04300
pupil,stim,3.8499999999999988,82.60483972286221,-3.599938410645592,7d962737-6858-4d85-9420-c83d20e3ff0a,0,88,ZFM-04300
pupil,stim,3.949999999999999,82.61349083858954,-3.59128729491826,7d962737-6858-4d85-9420-c83d20e3ff0a,0,88,ZFM-04300
pupil,no_stim,-0.45,80.12929201449408,1.433516830328685,7d962737-6858-4d85-9420-c83d20e3ff0a,0,57,ZFM-04300
pupil,no_stim,-0.35000000000000003,79.19668979820798,0.5009146140425855,7d962737-6858-4d85-9420-c83d20e3ff0a,0,57,ZFM-04300
pupil,no_stim,-0.25000000000000006,78.69118538088125,-0.00458980328414782,7d962737-6858-4d85-9420-c83d20e3ff0a,0,57,ZFM-04300
pupil,no_stim,-0.15000000000000008,78.07921356808032,-0.6165616160850789,7d962737-6858-4d85-9420-c83d20e3ff0a,0,57,ZFM-04300
pupil,no_stim,-0.050000000000000086,77.38249515916337,-1.3132800250020296,7d962737-6858-4d85-9420-c83d20e3ff0a,0,57,ZFM-04300
pupil,no_stim,0.04999999999999989,76.53125002717884,-2.1645251569865565,7d962737-6858-4d85-9420-c83d20e3ff0a,0,57,ZFM-04300
pupil,no_stim,0.14999999999999986,75.41613233970214,-3.279642844463254,7d962737-6858-4d85-9420-c83d20e3ff0a,0,57,ZFM-04300
pupil,no_stim,0.24999999999999983,73.91594261366522,-4.779832570500176,7d962737-6858-4d85-9420-c83d20e3ff0a,0,57,ZFM-04300
pupil,no_stim,0.3499999999999998,73.15034335551526,-5.545431828650138,7d962737-6858-4d85-9420-c83d20e3ff0a,0,57,ZFM-04300
pupil,no_stim,0.4499999999999998,73.74471235291453,-4.951062831250866,7d962737-6858-4d85-9420-c83d20e3ff0a,0,57,ZFM-04300
pupil,no_stim,0.5499999999999998,75.69421314621347,-3.0015620379519277,7d962737-6858-4d85-9420-c83d20e3ff0a,0,57,ZFM-04300
pupil,no_stim,0.6499999999999998,78.13832554571881,-0.5574496384465846,7d962737-6858-4d85-9420-c83d20e3ff0a,0,57,ZFM-04300
pupil,no_stim,0.7499999999999998,80.25830096296086,1.562525778795461,7d962737-6858-4d85-9420-c83d20e3ff0a,0,57,ZFM-04300
pupil,no_stim,0.8499999999999998,81.52181439439194,2.82603921022654,7d962737-6858-4d85-9420-c83d20e3ff0a,0,57,ZFM-04300
pupil,no_stim,0.9499999999999997,81.78280314828321,3.0870279641178087,7d962737-6858-4d85-9420-c83d20e3ff0a,0,57,ZFM-04300
pupil,no_stim,1.0499999999999996,81.7346594827161,3.0388842985506983,7d962737-6858-4d85-9420-c83d20e3ff0a,0,57,ZFM-04300
pupil,no_stim,1.1499999999999997,81.91349737596514,3.217722191799737,7d962737-6858-4d85-9420-c83d20e3ff0a,0,57,ZFM-04300
pupil,no_stim,1.2499999999999998,82.26857485205929,3.5727996678938894,7d962737-6858-4d85-9420-c83d20e3ff0a,0,57,ZFM-04300
pupil,no_stim,1.3499999999999996,82.69908816141587,4.003312977250474,7d962737-6858-4d85-9420-c83d20e3ff0a,0,57,ZFM-04300
pupil,no_stim,1.4499999999999995,83.37048468397062,4.674709499805218,7d962737-6858-4d85-9420-c83d20e3ff0a,0,57,ZFM-04300
pupil,no_stim,1.5499999999999996,83.83096961344577,5.135194429280375,7d962737-6858-4d85-9420-c83d20e3ff0a,0,57,ZFM-04300
pupil,no_stim,1.6499999999999997,84.07221296233968,5.376437778174278,7d962737-6858-4d85-9420-c83d20e3ff0a,0,57,ZFM-04300
pupil,no_stim,1.7499999999999996,84.21906079801245,5.523285613847051,7d962737-6858-4d85-9420-c83d20e3ff0a,0,57,ZFM-04300
pupil,no_stim,1.8499999999999994,84.684382882263,5.988607698097596,7d962737-6858-4d85-9420-c83d20e3ff0a,0,57,ZFM-04300
pupil,no_stim,1.9499999999999995,85.22014690182728,6.524371717661879,7d962737-6858-4d85-9420-c83d20e3ff0a,0,57,ZFM-04300
pupil,no_stim,2.0499999999999994,84.86058517882265,6.164809994657247,7d962737-6858-4d85-9420-c83d20e3ff0a,0,57,ZFM-04300
pupil,no_stim,2.1499999999999995,84.4127492534831,5.7169740693177005,7d962737-6858-4d85-9420-c83d20e3ff0a,0,57,ZFM-04300
pupil,no_stim,2.249999999999999,83.84144781226236,5.1456726280969605,7d962737-6858-4d85-9420-c83d20e3ff0a,0,57,ZFM-04300
pupil,no_stim,2.349999999999999,83.69234746486639,4.996572280700988,7d962737-6858-4d85-9420-c83d20e3ff0a,0,57,ZFM-04300
pupil,no_stim,2.4499999999999993,83.09016977511807,4.394394590952672,7d962737-6858-4d85-9420-c83d20e3ff0a,0,57,ZFM-04300
pupil,no_stim,2.549999999999999,81.96662299679151,3.2708478126261156,7d962737-6858-4d85-9420-c83d20e3ff0a,0,57,ZFM-04300
pupil,no_stim,2.649999999999999,80.9419642802962,2.2461890961308058,7d962737-6858-4d85-9420-c83d20e3ff0a,0,57,ZFM-04300
pupil,no_stim,2.749999999999999,80.32644246893241,1.6306672847670143,7d962737-6858-4d85-9420-c83d20e3ff0a,0,57,ZFM-04300
pupil,no_stim,2.849999999999999,80.2154108793747,1.5196356952093026,7d962737-6858-4d85-9420-c83d20e3ff0a,0,57,ZFM-04300
pupil,no_stim,2.9499999999999993,80.09754547445287,1.4017702902874731,7d962737-6858-4d85-9420-c83d20e3ff0a,0,57,ZFM-04300
pupil,no_stim,3.049999999999999,80.03618197147871,1.340406787313313,7d962737-6858-4d85-9420-c83d20e3ff0a,0,57,ZFM-04300
pupil,no_stim,3.149999999999999,79.81907966879501,1.1233044846296139,7d962737-6858-4d85-9420-c83d20e3ff0a,0,57,ZFM-04300
pupil,no_stim,3.249999999999999,79.40059302805062,0.7048178438852233,7d962737-6858-4d85-9420-c83d20e3ff0a,0,57,ZFM-04300
pupil,no_stim,3.3499999999999988,78.73570611247523,0.03993092830982903,7d962737-6858-4d85-9420-c83d20e3ff0a,0,57,ZFM-04300
pupil,no_stim,3.449999999999999,78.04180679667509,-0.653968387490309,7d962737-6858-4d85-9420-c83d20e3ff0a,0,57,ZFM-04300
pupil,no_stim,3.549999999999999,77.2973487419257,-1.3984264422396961,7d962737-6858-4d85-9420-c83d20e3ff0a,0,57,ZFM-04300
pupil,no_stim,3.649999999999999,76.44880821008083,-2.2469669740845717,7d962737-6858-4d85-9420-c83d20e3ff0a,0,57,ZFM-04300
pupil,no_stim,3.749999999999999,75.66595305571792,-3.029822128447478,7d962737-6858-4d85-9420-c83d20e3ff0a,0,57,ZFM-04300
pupil,no_stim,3.8499999999999988,75.2884313815616,-3.4073438026038048,7d962737-6858-4d85-9420-c83d20e3ff0a,0,57,ZFM-04300
pupil,no_stim,3.949999999999999,75.36608413071424,-3.329691053451157,7d962737-6858-4d85-9420-c83d20e3ff0a,0,57,ZFM-04300
pupil,stim,-0.45,56.2805628058392,1.3704323224110695,ae4a54de-43c9-4eff-8a7d-bd2d05c5f993,1,341,ZFM-04083
pupil,stim,-0.35000000000000003,55.46489435297858,0.5547638695504489,ae4a54de-43c9-4eff-8a7d-bd2d05c5f993,1,341,ZFM-04083
pupil,stim,-0.25000000000000006,54.23414061526775,-0.6759898681603858,ae4a54de-43c9-4eff-8a7d-bd2d05c5f993,1,341,ZFM-04083
pupil,stim,-0.15000000000000008,54.04683432196677,-0.8632961614613635,ae4a54de-43c9-4eff-8a7d-bd2d05c5f993,1,341,ZFM-04083
pupil,stim,-0.050000000000000086,54.524220321088386,-0.38591016233974784,ae4a54de-43c9-4eff-8a7d-bd2d05c5f993,1,341,ZFM-04083
pupil,stim,0.04999999999999989,54.98338050015416,0.07325001672602838,ae4a54de-43c9-4eff-8a7d-bd2d05c5f993,1,341,ZFM-04083
pupil,stim,0.14999999999999986,55.50192068541861,0.5917902019904773,ae4a54de-43c9-4eff-8a7d-bd2d05c5f993,1,341,ZFM-04083
pupil,stim,0.24999999999999983,56.66537609126779,1.7552456078396546,ae4a54de-43c9-4eff-8a7d-bd2d05c5f993,1,341,ZFM-04083
pupil,stim,0.3499999999999998,58.38871516686618,3.4785846834380436,ae4a54de-43c9-4eff-8a7d-bd2d05c5f993,1,341,ZFM-04083
pupil,stim,0.4499999999999998,59.83315623395295,4.923025750524815,ae4a54de-43c9-4eff-8a7d-bd2d05c5f993,1,341,ZFM-04083
pupil,stim,0.5499999999999998,61.36824053217453,6.4581100487463985,ae4a54de-43c9-4eff-8a7d-bd2d05c5f993,1,341,ZFM-04083
pupil,stim,0.6499999999999998,63.58879633589573,8.678665852467596,ae4a54de-43c9-4eff-8a7d-bd2d05c5f993,1,341,ZFM-04083
pupil,stim,0.7499999999999998,66.27006174254407,11.359931259115939,ae4a54de-43c9-4eff-8a7d-bd2d05c5f993,1,341,ZFM-04083
pupil,stim,0.8499999999999998,68.81729539071185,13.907164907283715,ae4a54de-43c9-4eff-8a7d-bd2d05c5f993,1,341,ZFM-04083
pupil,stim,0.9499999999999997,70.67963088807741,15.769500404649278,ae4a54de-43c9-4eff-8a7d-bd2d05c5f993,1,341,ZFM-04083
pupil,stim,1.0499999999999996,71.70757255667941,16.797442073251275,ae4a54de-43c9-4eff-8a7d-bd2d05c5f993,1,341,ZFM-04083
pupil,stim,1.1499999999999997,71.760813089245,16.85068260581687,ae4a54de-43c9-4eff-8a7d-bd2d05c5f993,1,341,ZFM-04083
pupil,stim,1.2499999999999998,71.6364336520887,16.726303168660564,ae4a54de-43c9-4eff-8a7d-bd2d05c5f993,1,341,ZFM-04083
pupil,stim,1.3499999999999996,71.7037505425904,16.793620059162265,ae4a54de-43c9-4eff-8a7d-bd2d05c5f993,1,341,ZFM-04083
pupil,stim,1.4499999999999995,71.39271871171229,16.482588228284158,ae4a54de-43c9-4eff-8a7d-bd2d05c5f993,1,341,ZFM-04083
pupil,stim,1.5499999999999996,70.5200104622166,15.60987997878847,ae4a54de-43c9-4eff-8a7d-bd2d05c5f993,1,341,ZFM-04083
pupil,stim,1.6499999999999997,69.40333579910043,14.493205315672299,ae4a54de-43c9-4eff-8a7d-bd2d05c5f993,1,341,ZFM-04083
pupil,stim,1.7499999999999996,68.76089947832222,13.850768994894082,ae4a54de-43c9-4eff-8a7d-bd2d05c5f993,1,341,ZFM-04083
pupil,stim,1.8499999999999994,69.32120345451997,14.41107297109184,ae4a54de-43c9-4eff-8a7d-bd2d05c5f993,1,341,ZFM-04083
pupil,stim,1.9499999999999995,69.74204758599623,14.831917102568099,ae4a54de-43c9-4eff-8a7d-bd2d05c5f993,1,341,ZFM-04083
pupil,stim,2.0499999999999994,69.41568867114218,14.505558187714044,ae4a54de-43c9-4eff-8a7d-bd2d05c5f993,1,341,ZFM-04083
pupil,stim,2.1499999999999995,68.7457787803588,13.835648296930671,ae4a54de-43c9-4eff-8a7d-bd2d05c5f993,1,341,ZFM-04083
pupil,stim,2.249999999999999,67.28313091851594,12.373000435087803,ae4a54de-43c9-4eff-8a7d-bd2d05c5f993,1,341,ZFM-04083
pupil,stim,2.349999999999999,65.13048635005009,10.220355866621958,ae4a54de-43c9-4eff-8a7d-bd2d05c5f993,1,341,ZFM-04083
pupil,stim,2.4499999999999993,62.88128013864006,7.971149655211924,ae4a54de-43c9-4eff-8a7d-bd2d05c5f993,1,341,ZFM-04083
pupil,stim,2.549999999999999,60.6767560931369,5.766625609708768,ae4a54de-43c9-4eff-8a7d-bd2d05c5f993,1,341,ZFM-04083
pupil,stim,2.649999999999999,59.344488448226635,4.434357964798501,ae4a54de-43c9-4eff-8a7d-bd2d05c5f993,1,341,ZFM-04083
pupil,stim,2.749999999999999,58.08881094493962,3.178680461511483,ae4a54de-43c9-4eff-8a7d-bd2d05c5f993,1,341,ZFM-04083
pupil,stim,2.849999999999999,56.807476921267615,1.8973464378394809,ae4a54de-43c9-4eff-8a7d-bd2d05c5f993,1,341,ZFM-04083
pupil,stim,2.9499999999999993,55.51094234722476,0.6008118637966291,ae4a54de-43c9-4eff-8a7d-bd2d05c5f993,1,341,ZFM-04083
pupil,stim,3.049999999999999,54.543267038375305,-0.36686344505282875,ae4a54de-43c9-4eff-8a7d-bd2d05c5f993,1,341,ZFM-04083
pupil,stim,3.149999999999999,54.254370572268826,-0.6557599111593078,ae4a54de-43c9-4eff-8a7d-bd2d05c5f993,1,341,ZFM-04083
pupil,stim,3.249999999999999,54.30150817159822,-0.6086223118299117,ae4a54de-43c9-4eff-8a7d-bd2d05c5f993,1,341,ZFM-04083
pupil,stim,3.3499999999999988,54.642646075132376,-0.2674844082957577,ae4a54de-43c9-4eff-8a7d-bd2d05c5f993,1,341,ZFM-04083
pupil,stim,3.449999999999999,54.95307194024289,0.04294145681475925,ae4a54de-43c9-4eff-8a7d-bd2d05c5f993,1,341,ZFM-04083
pupil,stim,3.549999999999999,55.47217552220753,0.5620450387793952,ae4a54de-43c9-4eff-8a7d-bd2d05c5f993,1,341,ZFM-04083
pupil,stim,3.649999999999999,56.09075861592999,1.1806281325018588,ae4a54de-43c9-4eff-8a7d-bd2d05c5f993,1,341,ZFM-04083
pupil,stim,3.749999999999999,56.30809670538803,1.3979662219598978,ae4a54de-43c9-4eff-8a7d-bd2d05c5f993,1,341,ZFM-04083
pupil,stim,3.8499999999999988,57.15269070862755,2.242560225199419,ae4a54de-43c9-4eff-8a7d-bd2d05c5f993,1,341,ZFM-04083
pupil,stim,3.949999999999999,58.44226570803708,3.5321352246089432,ae4a54de-43c9-4eff-8a7d-bd2d05c5f993,1,341,ZFM-04083
pupil,no_stim,-0.45,58.82767044558644,2.040476388292916,ae4a54de-43c9-4eff-8a7d-bd2d05c5f993,1,363,ZFM-04083
pupil,no_stim,-0.35000000000000003,57.54969334238797,0.7624992850944423,ae4a54de-43c9-4eff-8a7d-bd2d05c5f993,1,363,ZFM-04083
pupil,no_stim,-0.25000000000000006,56.01747327679816,-0.7697207804953692,ae4a54de-43c9-4eff-8a7d-bd2d05c5f993,1,363,ZFM-04083
pupil,no_stim,-0.15000000000000008,55.4815981729896,-1.3055958843039264,ae4a54de-43c9-4eff-8a7d-bd2d05c5f993,1,363,ZFM-04083
pupil,no_stim,-0.050000000000000086,56.05953504870544,-0.7276590085880841,ae4a54de-43c9-4eff-8a7d-bd2d05c5f993,1,363,ZFM-04083
pupil,no_stim,0.04999999999999989,57.44790152965041,0.6607074723568829,ae4a54de-43c9-4eff-8a7d-bd2d05c5f993,1,363,ZFM-04083
pupil,no_stim,0.14999999999999986,58.94637849359224,2.159184436298716,ae4a54de-43c9-4eff-8a7d-bd2d05c5f993,1,363,ZFM-04083
pupil,no_stim,0.24999999999999983,59.80223042824382,3.015036370950291,ae4a54de-43c9-4eff-8a7d-bd2d05c5f993,1,363,ZFM-04083
pupil,no_stim,0.3499999999999998,60.084299395509156,3.29710533821563,ae4a54de-43c9-4eff-8a7d-bd2d05c5f993,1,363,ZFM-04083
pupil,no_stim,0.4499999999999998,60.499915568383905,3.712721511090379,ae4a54de-43c9-4eff-8a7d-bd2d05c5f993,1,363,ZFM-04083
pupil,no_stim,0.5499999999999998,61.493946960187394,4.706752902893868,ae4a54de-43c9-4eff-8a7d-bd2d05c5f993,1,363,ZFM-04083
pupil,no_stim,0.6499999999999998,63.804452420849394,7.017258363555868,ae4a54de-43c9-4eff-8a7d-bd2d05c5f993,1,363,ZFM-04083
pupil,no_stim,0.7499999999999998,65.39530350468148,8.608109447387953,ae4a54de-43c9-4eff-8a7d-bd2d05c5f993,1,363,ZFM-04083
pupil,no_stim,0.8499999999999998,65.96895544372461,9.181761386431084,ae4a54de-43c9-4eff-8a7d-bd2d05c5f993,1,363,ZFM-04083
pupil,no_stim,0.9499999999999997,66.32385705731807,9.53666300002454,ae4a54de-43c9-4eff-8a7d-bd2d05c5f993,1,363,ZFM-04083
pupil,no_stim,1.0499999999999996,67.15339403440288,10.366199977109353,ae4a54de-43c9-4eff-8a7d-bd2d05c5f993,1,363,ZFM-04083
pupil,no_stim,1.1499999999999997,67.20040991230357,10.413215855010044,ae4a54de-43c9-4eff-8a7d-bd2d05c5f993,1,363,ZFM-04083
pupil,no_stim,1.2499999999999998,67.13037846836585,10.343184411072322,ae4a54de-43c9-4eff-8a7d-bd2d05c5f993,1,363,ZFM-04083
pupil,no_stim,1.3499999999999996,67.77567570289872,10.988481645605198,ae4a54de-43c9-4eff-8a7d-bd2d05c5f993,1,363,ZFM-04083
pupil,no_stim,1.4499999999999995,68.16316579920648,11.375971741912956,ae4a54de-43c9-4eff-8a7d-bd2d05c5f993,1,363,ZFM-04083
pupil,no_stim,1.5499999999999996,68.99428963574387,12.207095578450343,ae4a54de-43c9-4eff-8a7d-bd2d05c5f993,1,363,ZFM-04083
pupil,no_stim,1.6499999999999997,69.49497589891143,12.707781841617908,ae4a54de-43c9-4eff-8a7d-bd2d05c5f993,1,363,ZFM-04083
pupil,no_stim,1.7499999999999996,69.90536314736737,13.118169090073842,ae4a54de-43c9-4eff-8a7d-bd2d05c5f993,1,363,ZFM-04083
pupil,no_stim,1.8499999999999994,70.35532177513952,13.56812771784599,ae4a54de-43c9-4eff-8a7d-bd2d05c5f993,1,363,ZFM-04083
pupil,no_stim,1.9499999999999995,69.82395228095763,13.036758223664101,ae4a54de-43c9-4eff-8a7d-bd2d05c5f993,1,363,ZFM-04083
pupil,no_stim,2.0499999999999994,68.36521863685766,11.578024579564136,ae4a54de-43c9-4eff-8a7d-bd2d05c5f993,1,363,ZFM-04083
pupil,no_stim,2.1499999999999995,66.10907390789994,9.321879850606415,ae4a54de-43c9-4eff-8a7d-bd2d05c5f993,1,363,ZFM-04083
pupil,no_stim,2.249999999999999,63.98602723486815,7.1988331775746275,ae4a54de-43c9-4eff-8a7d-bd2d05c5f993,1,363,ZFM-04083
pupil,no_stim,2.349999999999999,61.983962154886186,5.19676809759266,ae4a54de-43c9-4eff-8a7d-bd2d05c5f993,1,363,ZFM-04083
pupil,no_stim,2.4499999999999993,60.420096560625616,3.6329025033320903,ae4a54de-43c9-4eff-8a7d-bd2d05c5f993,1,363,ZFM-04083
pupil,no_stim,2.549999999999999,59.66347236941676,2.876278312123233,ae4a54de-43c9-4eff-8a7d-bd2d05c5f993,1,363,ZFM-04083
pupil,no_stim,2.649999999999999,59.53548800245291,2.748293945159382,ae4a54de-43c9-4eff-8a7d-bd2d05c5f993,1,363,ZFM-04083
pupil,no_stim,2.749999999999999,59.10148329296545,2.3142892356719216,ae4a54de-43c9-4eff-8a7d-bd2d05c5f993,1,363,ZFM-04083
pupil,no_stim,2.849999999999999,57.9157233433526,1.1285292860590772,ae4a54de-43c9-4eff-8a7d-bd2d05c5f993,1,363,ZFM-04083
pupil,no_stim,2.9499999999999993,56.33492256760799,-0.4522714896855362,ae4a54de-43c9-4eff-8a7d-bd2d05c5f993,1,363,ZFM-04083
pupil,no_stim,3.049999999999999,55.965432779095345,-0.8217612781981813,ae4a54de-43c9-4eff-8a7d-bd2d05c5f993,1,363,ZFM-04083
pupil,no_stim,3.149999999999999,56.190988618814394,-0.5962054384791315,ae4a54de-43c9-4eff-8a7d-bd2d05c5f993,1,363,ZFM-04083
pupil,no_stim,3.249999999999999,56.57626428816414,-0.2109297691293861,ae4a54de-43c9-4eff-8a7d-bd2d05c5f993,1,363,ZFM-04083
pupil,no_stim,3.3499999999999988,56.97592867728219,0.18873461998866503,ae4a54de-43c9-4eff-8a7d-bd2d05c5f993,1,363,ZFM-04083
pupil,no_stim,3.449999999999999,56.51320123555418,-0.27399282173934836,ae4a54de-43c9-4eff-8a7d-bd2d05c5f993,1,363,ZFM-04083
pupil,no_stim,3.549999999999999,56.95485445986314,0.16766040256961645,ae4a54de-43c9-4eff-8a7d-bd2d05c5f993,1,363,ZFM-04083
pupil,no_stim,3.649999999999999,57.176939214989844,0.3897451576963178,ae4a54de-43c9-4eff-8a7d-bd2d05c5f993,1,363,ZFM-04083
pupil,no_stim,3.749999999999999,57.58490768371673,0.797713626423203,ae4a54de-43c9-4eff-8a7d-bd2d05c5f993,1,363,ZFM-04083
pupil,no_stim,3.8499999999999988,57.66784325458265,0.8806491972891237,ae4a54de-43c9-4eff-8a7d-bd2d05c5f993,1,363,ZFM-04083
pupil,no_stim,3.949999999999999,57.31466814397384,0.5274740866803143,ae4a54de-43c9-4eff-8a7d-bd2d05c5f993,1,363,ZFM-04083
pupil,stim,-0.45,-103.21418386419518,0.039845519805055574,27c5e5e6-0359-4375-b53e-677aa57a73c0,1,231,ZFM-04083
pupil,stim,-0.35000000000000003,-103.21396477334314,0.04006461065709743,27c5e5e6-0359-4375-b53e-677aa57a73c0,1,231,ZFM-04083
pupil,stim,-0.25000000000000006,-103.23625561464921,0.017773769351023816,27c5e5e6-0359-4375-b53e-677aa57a73c0,1,231,ZFM-04083
pupil,stim,-0.15000000000000008,-103.28029158760647,-0.026262203606236767,27c5e5e6-0359-4375-b53e-677aa57a73c0,1,231,ZFM-04083
pupil,stim,-0.050000000000000086,-103.32545108020717,-0.07142169620694006,27c5e5e6-0359-4375-b53e-677aa57a73c0,1,231,ZFM-04083
pupil,stim,0.04999999999999989,-103.39964107252943,-0.14561168852920048,27c5e5e6-0359-4375-b53e-677aa57a73c0,1,231,ZFM-04083
pupil,stim,0.14999999999999986,-103.49784171665179,-0.243812332651558,27c5e5e6-0359-4375-b53e-677aa57a73c0,1,231,ZFM-04083
pupil,stim,0.24999999999999983,-103.59848003236382,-0.3444506483635905,27c5e5e6-0359-4375-b53e-677aa57a73c0,1,231,ZFM-04083
pupil,stim,0.3499999999999998,-103.63759936515194,-0.3835699811517088,27c5e5e6-0359-4375-b53e-677aa57a73c0,1,231,ZFM-04083
pupil,stim,0.4499999999999998,-103.59609909346757,-0.3420697094673386,27c5e5e6-0359-4375-b53e-677aa57a73c0,1,231,ZFM-04083
pupil,stim,0.5499999999999998,-103.60137690997527,-0.3473475259750387,27c5e5e6-0359-4375-b53e-677aa57a73c0,1,231,ZFM-04083
pupil,stim,0.6499999999999998,-103.61268299251661,-0.3586536085163772,27c5e5e6-0359-4375-b53e-677aa57a73c0,1,231,ZFM-04083
pupil,stim,0.7499999999999998,-103.66422284570629,-0.41019346170605786,27c5e5e6-0359-4375-b53e-677aa57a73c0,1,231,ZFM-04083
pupil,stim,0.8499999999999998,-103.69884679508633,-0.44481741108609185,27c5e5e6-0359-4375-b53e-677aa57a73c0,1,231,ZFM-04083
pupil,stim,0.9499999999999997,-103.80305587793757,-0.5490264939373333,27c5e5e6-0359-4375-b53e-677aa57a73c0,1,231,ZFM-04083
pupil,stim,1.0499999999999996,-103.7795128155688,-0.5254834315685599,27c5e5e6-0359-4375-b53e-677aa57a73c0,1,231,ZFM-04083
pupil,stim,1.1499999999999997,-103.69140005795894,-0.43737067395871065,27c5e5e6-0359-4375-b53e-677aa57a73c0,1,231,ZFM-04083
pupil,stim,1.2499999999999998,-103.7332134983169,-0.4791841143166664,27c5e5e6-0359-4375-b53e-677aa57a73c0,1,231,ZFM-04083
pupil,stim,1.3499999999999996,-103.76165714341515,-0.5076277594149161,27c5e5e6-0359-4375-b53e-677aa57a73c0,1,231,ZFM-04083
pupil,stim,1.4499999999999995,-103.78910736622731,-0.5350779822270795,27c5e5e6-0359-4375-b53e-677aa57a73c0,1,231,ZFM-04083
pupil,stim,1.5499999999999996,-103.76739865236017,-0.5133692683599378,27c5e5e6-0359-4375-b53e-677aa57a73c0,1,231,ZFM-04083
pupil,stim,1.6499999999999997,-103.69310723282959,-0.4390778488293563,27c5e5e6-0359-4375-b53e-677aa57a73c0,1,231,ZFM-04083
pupil,stim,1.7499999999999996,-103.61032130564423,-0.3562919216440008,27c5e5e6-0359-4375-b53e-677aa57a73c0,1,231,ZFM-04083
pupil,stim,1.8499999999999994,-103.5716053401149,-0.31757595611466627,27c5e5e6-0359-4375-b53e-677aa57a73c0,1,231,ZFM-04083
pupil,stim,1.9499999999999995,-103.62500086241049,-0.37097147841025446,27c5e5e6-0359-4375-b53e-677aa57a73c0,1,231,ZFM-04083
pupil,stim,2.0499999999999994,-103.6971373081763,-0.4431079241760614,27c5e5e6-0359-4375-b53e-677aa57a73c0,1,231,ZFM-04083
pupil,stim,2.1499999999999995,-103.7947361707631,-0.5407067867628683,27c5e5e6-0359-4375-b53e-677aa57a73c0,1,231,ZFM-04083
pupil,stim,2.249999999999999,-103.94233217536218,-0.6883027913619486,27c5e5e6-0359-4375-b53e-677aa57a73c0,1,231,ZFM-04083
pupil,stim,2.349999999999999,-104.05375779946004,-0.7997284154598105,27c5e5e6-0359-4375-b53e-677aa57a73c0,1,231,ZFM-04083
pupil,stim,2.4499999999999993,-104.14217501907504,-0.8881456350748067,27c5e5e6-0359-4375-b53e-677aa57a73c0,1,231,ZFM-04083
pupil,stim,2.549999999999999,-104.2141531458459,-0.9601237618456651,27c5e5e6-0359-4375-b53e-677aa57a73c0,1,231,ZFM-04083
pupil,stim,2.649999999999999,-104.28172848514849,-1.027699101148258,27c5e5e6-0359-4375-b53e-677aa57a73c0,1,231,ZFM-04083
pupil,stim,2.749999999999999,-104.29679813028223,-1.0427687462819932,27c5e5e6-0359-4375-b53e-677aa57a73c0,1,231,ZFM-04083
pupil,stim,2.849999999999999,-104.32028192448642,-1.0662525404861896,27c5e5e6-0359-4375-b53e-677aa57a73c0,1,231,ZFM-04083
pupil,stim,2.9499999999999993,-104.34277808026319,-1.0887486962629538,27c5e5e6-0359-4375-b53e-677aa57a73c0,1,231,ZFM-04083
pupil,stim,3.049999999999999,-104.32315547600385,-1.0691260920036143,27c5e5e6-0359-4375-b53e-677aa57a73c0,1,231,ZFM-04083
pupil,stim,3.149999999999999,-104.30820646320558,-1.0541770792053455,27c5e5e6-0359-4375-b53e-677aa57a73c0,1,231,ZFM-04083
pupil,stim,3.249999999999999,-104.26443405572299,-1.0104046717227533,27c5e5e6-0359-4375-b53e-677aa57a73c0,1,231,ZFM-04083
pupil,stim,3.3499999999999988,-104.22916841270533,-0.9751390287051009,27c5e5e6-0359-4375-b53e-677aa57a73c0,1,231,ZFM-04083
pupil,stim,3.449999999999999,-104.20585439865523,-0.9518250146550002,27c5e5e6-0359-4375-b53e-677aa57a73c0,1,231,ZFM-04083
pupil,stim,3.549999999999999,-104.19425808981444,-0.9402287058142065,27c5e5e6-0359-4375-b53e-677aa57a73c0,1,231,ZFM-04083
pupil,stim,3.649999999999999,-104.21418019907726,-0.9601508150770286,27c5e5e6-0359-4375-b53e-677aa57a73c0,1,231,ZFM-04083
pupil,stim,3.749999999999999,-104.26361082636433,-1.0095814423640945,27c5e5e6-0359-4375-b53e-677aa57a73c0,1,231,ZFM-04083
pupil,stim,3.8499999999999988,-104.28211405911516,-1.0280846751149255,27c5e5e6-0359-4375-b53e-677aa57a73c0,1,231,ZFM-04083
pupil,stim,3.949999999999999,-104.27427108056321,-1.0202416965629766,27c5e5e6-0359-4375-b53e-677aa57a73c0,1,231,ZFM-04083
pupil,no_stim,-0.45,-299.87458871085914,-3.2184407145018668,27c5e5e6-0359-4375-b53e-677aa57a73c0,1,241,ZFM-04083
pupil,no_stim,-0.35000000000000003,-298.2413988319692,-1.5852508356119301,27c5e5e6-0359-4375-b53e-677aa57a73c0,1,241,ZFM-04083
pupil,no_stim,-0.25000000000000006,-296.64529814176615,0.01084985459112886,27c5e5e6-0359-4375-b53e-677aa57a73c0,1,241,ZFM-04083
pupil,no_stim,-0.15000000000000008,-295.045298479617,1.610849516740302,27c5e5e6-0359-4375-b53e-677aa57a73c0,1,241,ZFM-04083
pupil,no_stim,-0.050000000000000086,-293.47415581757485,3.181992178782423,27c5e5e6-0359-4375-b53e-677aa57a73c0,1,241,ZFM-04083
pupil,no_stim,0.04999999999999989,-291.8742288616086,4.781919134748705,27c5e5e6-0359-4375-b53e-677aa57a73c0,1,241,ZFM-04083
pupil,no_stim,0.14999999999999986,-290.2121828795719,6.443965116785364,27c5e5e6-0359-4375-b53e-677aa57a73c0,1,241,ZFM-04083
pupil,no_stim,0.24999999999999983,-288.55415209777846,8.10199589857882,27c5e5e6-0359-4375-b53e-677aa57a73c0,1,241,ZFM-04083
pupil,no_stim,0.3499999999999998,-286.90116706041294,9.754980935944332,27c5e5e6-0359-4375-b53e-677aa57a73c0,1,241,ZFM-04083
pupil,no_stim,0.4499999999999998,-285.2891118197236,11.36703617663369,27c5e5e6-0359-4375-b53e-677aa57a73c0,1,241,ZFM-04083
pupil,no_stim,0.5499999999999998,-283.6651959946356,12.990952001721666,27c5e5e6-0359-4375-b53e-677aa57a73c0,1,241,ZFM-04083
pupil,no_stim,0.6499999999999998,-281.9923297169644,14.663818279392899,27c5e5e6-0359-4375-b53e-677aa57a73c0,1,241,ZFM-04083
pupil,no_stim,0.7499999999999998,-280.36044155019533,16.295706446161944,27c5e5e6-0359-4375-b53e-677aa57a73c0,1,241,ZFM-04083
pupil,no_stim,0.8499999999999998,-278.73089256111496,17.92525543524232,27c5e5e6-0359-4375-b53e-677aa57a73c0,1,241,ZFM-04083
pupil,no_stim,0.9499999999999997,-277.140825757764,19.515322238593285,27c5e5e6-0359-4375-b53e-677aa57a73c0,1,241,ZFM-04083
pupil,no_stim,1.0499999999999996,-275.58081419687073,21.075333799486543,27c5e5e6-0359-4375-b53e-677aa57a73c0,1,241,ZFM-04083
pupil,no_stim,1.1499999999999997,-274.01323935837024,22.642908637987034,27c5e5e6-0359-4375-b53e-677aa57a73c0,1,241,ZFM-04083
pupil,no_stim,1.2499999999999998,-272.378226737679,24.277921258678305,27c5e5e6-0359-4375-b53e-677aa57a73c0,1,241,ZFM-04083
pupil,no_stim,1.3499999999999996,-270.7764392371578,25.879708759199502,27c5e5e6-0359-4375-b53e-677aa57a73c0,1,241,ZFM-04083
pupil,no_stim,1.4499999999999995,-269.21820990528,27.437938091077285,27c5e5e6-0359-4375-b53e-677aa57a73c0,1,241,ZFM-04083
pupil,no_stim,1.5499999999999996,-267.6148086172915,29.04133937906579,27c5e5e6-0359-4375-b53e-677aa57a73c0,1,241,ZFM-04083
pupil,no_stim,1.6499999999999997,-265.98603147347137,30.670116522885905,27c5e5e6-0359-4375-b53e-677aa57a73c0,1,241,ZFM-04083
pupil,no_stim,1.7499999999999996,-264.29967604212544,32.356471954231836,27c5e5e6-0359-4375-b53e-677aa57a73c0,1,241,ZFM-04083
pupil,no_stim,1.8499999999999994,-262.6411659934745,34.01498200288279,27c5e5e6-0359-4375-b53e-677aa57a73c0,1,241,ZFM-04083
pupil,no_stim,1.9499999999999995,-260.9534597334985,35.70268826285877,27c5e5e6-0359-4375-b53e-677aa57a73c0,1,241,ZFM-04083
pupil,no_stim,2.0499999999999994,-259.36070933710084,37.29543865925643,27c5e5e6-0359-4375-b53e-677aa57a73c0,1,241,ZFM-04083
pupil,no_stim,2.1499999999999995,-257.7805550783375,38.87559291801978,27c5e5e6-0359-4375-b53e-677aa57a73c0,1,241,ZFM-04083
pupil,no_stim,2.249999999999999,-256.2605167784635,40.395631217893765,27c5e5e6-0359-4375-b53e-677aa57a73c0,1,241,ZFM-04083
pupil,no_stim,2.349999999999999,-254.82608700981996,41.83006098653732,27c5e5e6-0359-4375-b53e-677aa57a73c0,1,241,ZFM-04083
pupil,no_stim,2.4499999999999993,-253.46265971331502,43.19348828304226,27c5e5e6-0359-4375-b53e-677aa57a73c0,1,241,ZFM-04083
pupil,no_stim,2.549999999999999,-251.92138316377125,44.73476483258602,27c5e5e6-0359-4375-b53e-677aa57a73c0,1,241,ZFM-04083
pupil,no_stim,2.649999999999999,-250.41493652857372,46.24121146778356,27c5e5e6-0359-4375-b53e-677aa57a73c0,1,241,ZFM-04083
pupil,no_stim,2.749999999999999,-248.9516476134928,47.70450038286447,27c5e5e6-0359-4375-b53e-677aa57a73c0,1,241,ZFM-04083
pupil,no_stim,2.849999999999999,-247.51000912196665,49.14613887439063,27c5e5e6-0359-4375-b53e-677aa57a73c0,1,241,ZFM-04083
pupil,no_stim,2.9499999999999993,-246.0997666147227,50.556381381634566,27c5e5e6-0359-4375-b53e-677aa57a73c0,1,241,ZFM-04083
pupil,no_stim,3.049999999999999,-244.7349555917552,51.92119240460207,27c5e5e6-0359-4375-b53e-677aa57a73c0,1,241,ZFM-04083
pupil,no_stim,3.149999999999999,-243.3655668970739,53.29058109928337,27c5e5e6-0359-4375-b53e-677aa57a73c0,1,241,ZFM-04083
pupil,no_stim,3.249999999999999,-241.9525865174153,54.703561478941964,27c5e5e6-0359-4375-b53e-677aa57a73c0,1,241,ZFM-04083
pupil,no_stim,3.3499999999999988,-240.52282418087432,56.13332381548295,27c5e5e6-0359-4375-b53e-677aa57a73c0,1,241,ZFM-04083
pupil,no_stim,3.449999999999999,-239.12959985869568,57.52654813766159,27c5e5e6-0359-4375-b53e-677aa57a73c0,1,241,ZFM-04083
pupil,no_stim,3.549999999999999,-237.69234011175007,58.963807884607206,27c5e5e6-0359-4375-b53e-677aa57a73c0,1,241,ZFM-04083
pupil,no_stim,3.649999999999999,-236.23428908514987,60.42185891120741,27c5e5e6-0359-4375-b53e-677aa57a73c0,1,241,ZFM-04083
pupil,no_stim,3.749999999999999,-234.88606445924137,61.77008353711591,27c5e5e6-0359-4375-b53e-677aa57a73c0,1,241,ZFM-04083
pupil,no_stim,3.8499999999999988,-233.52873167986206,63.127416316495214,27c5e5e6-0359-4375-b53e-677aa57a73c0,1,241,ZFM-04083
pupil,no_stim,3.949999999999999,-232.2019086106366,64.45423938572068,27c5e5e6-0359-4375-b53e-677aa57a73c0,1,241,ZFM-04083
pupil,stim,-0.45,117.49297872666173,1.9442114820840857,bd02e951-760a-448d-9c52-3f2990f9cf42,1,209,ZFM-04083
pupil,stim,-0.35000000000000003,116.31251405223189,0.7637468076542433,bd02e951-760a-448d-9c52-3f2990f9cf42,1,209,ZFM-04083
pupil,stim,-0.25000000000000006,115.48481303694348,-0.06395420763416837,bd02e951-760a-448d-9c52-3f2990f9cf42,1,209,ZFM-04083
pupil,stim,-0.15000000000000008,114.51622562379045,-1.0325416207871996,bd02e951-760a-448d-9c52-3f2990f9cf42,1,209,ZFM-04083
pupil,stim,-0.050000000000000086,113.93730478326074,-1.6114624613169042,bd02e951-760a-448d-9c52-3f2990f9cf42,1,209,ZFM-04083
pupil,stim,0.04999999999999989,113.57222832551795,-1.976538919059692,bd02e951-760a-448d-9c52-3f2990f9cf42,1,209,ZFM-04083
pupil,stim,0.14999999999999986,112.02533201785333,-3.5234352267243167,bd02e951-760a-448d-9c52-3f2990f9cf42,1,209,ZFM-04083
pupil,stim,0.24999999999999983,109.88920436714558,-5.659562877432066,bd02e951-760a-448d-9c52-3f2990f9cf42,1,209,ZFM-04083
pupil,stim,0.3499999999999998,108.6378779675359,-6.910889277041747,bd02e951-760a-448d-9c52-3f2990f9cf42,1,209,ZFM-04083
pupil,stim,0.4499999999999998,108.85953465291952,-6.689232591658126,bd02e951-760a-448d-9c52-3f2990f9cf42,1,209,ZFM-04083
pupil,stim,0.5499999999999998,109.82705850959123,-5.7217087349864215,bd02e951-760a-448d-9c52-3f2990f9cf42,1,209,ZFM-04083
pupil,stim,0.6499999999999998,110.00868487663237,-5.540082367945274,bd02e951-760a-448d-9c52-3f2990f9cf42,1,209,ZFM-04083
pupil,stim,0.7499999999999998,111.45344420592686,-4.09532303865079,bd02e951-760a-448d-9c52-3f2990f9cf42,1,209,ZFM-04083
pupil,stim,0.8499999999999998,113.34387927325484,-2.2048879713228047,bd02e951-760a-448d-9c52-3f2990f9cf42,1,209,ZFM-04083
pupil,stim,0.9499999999999997,114.52357530855488,-1.0251919360227646,bd02e951-760a-448d-9c52-3f2990f9cf42,1,209,ZFM-04083
pupil,stim,1.0499999999999996,114.55043815822191,-0.9983290863557386,bd02e951-760a-448d-9c52-3f2990f9cf42,1,209,ZFM-04083
pupil,stim,1.1499999999999997,113.25704248003807,-2.2917247645395804,bd02e951-760a-448d-9c52-3f2990f9cf42,1,209,ZFM-04083
pupil,stim,1.2499999999999998,112.2635307745947,-3.285236469982948,bd02e951-760a-448d-9c52-3f2990f9cf42,1,209,ZFM-04083
pupil,stim,1.3499999999999996,111.28182885438858,-4.266938390189068,bd02e951-760a-448d-9c52-3f2990f9cf42,1,209,ZFM-04083
pupil,stim,1.4499999999999995,111.31636410416539,-4.232403140412259,bd02e951-760a-448d-9c52-3f2990f9cf42,1,209,ZFM-04083
pupil,stim,1.5499999999999996,111.91497687897856,-3.633790365599083,bd02e951-760a-448d-9c52-3f2990f9cf42,1,209,ZFM-04083
pupil,stim,1.6499999999999997,112.77412810742698,-2.774639137150672,bd02e951-760a-448d-9c52-3f2990f9cf42,1,209,ZFM-04083
pupil,stim,1.7499999999999996,113.27707467627484,-2.271692568302811,bd02e951-760a-448d-9c52-3f2990f9cf42,1,209,ZFM-04083
pupil,stim,1.8499999999999994,113.57722116396803,-1.9715460806096132,bd02e951-760a-448d-9c52-3f2990f9cf42,1,209,ZFM-04083
pupil,stim,1.9499999999999995,112.99351622363358,-2.5552510209440698,bd02e951-760a-448d-9c52-3f2990f9cf42,1,209,ZFM-04083
pupil,stim,2.0499999999999994,112.00929097171776,-3.5394762728598863,bd02e951-760a-448d-9c52-3f2990f9cf42,1,209,ZFM-04083
pupil,stim,2.1499999999999995,111.9423681458424,-3.6063990987352526,bd02e951-760a-448d-9c52-3f2990f9cf42,1,209,ZFM-04083
pupil,stim,2.249999999999999,112.59819658588567,-2.950570658691973,bd02e951-760a-448d-9c52-3f2990f9cf42,1,209,ZFM-04083
pupil,stim,2.349999999999999,113.05351456885089,-2.4952526757267606,bd02e951-760a-448d-9c52-3f2990f9cf42,1,209,ZFM-04083
pupil,stim,2.4499999999999993,112.9333684720724,-2.6153987725052446,bd02e951-760a-448d-9c52-3f2990f9cf42,1,209,ZFM-04083
pupil,stim,2.549999999999999,112.09748850839571,-3.4512787361819335,bd02e951-760a-448d-9c52-3f2990f9cf42,1,209,ZFM-04083
pupil,stim,2.649999999999999,110.87850360487526,-4.670263639702384,bd02e951-760a-448d-9c52-3f2990f9cf42,1,209,ZFM-04083
pupil,stim,2.749999999999999,110.64836106277141,-4.9004061818062326,bd02e951-760a-448d-9c52-3f2990f9cf42,1,209,ZFM-04083
pupil,stim,2.849999999999999,111.16981304784518,-4.378954196732465,bd02e951-760a-448d-9c52-3f2990f9cf42,1,209,ZFM-04083
pupil,stim,2.9499999999999993,111.0110761704851,-4.53769107409255,bd02e951-760a-448d-9c52-3f2990f9cf42,1,209,ZFM-04083
pupil,stim,3.049999999999999,110.34011041065597,-5.20865683392168,bd02e951-760a-448d-9c52-3f2990f9cf42,1,209,ZFM-04083
pupil,stim,3.149999999999999,109.38374417800469,-6.165023066572957,bd02e951-760a-448d-9c52-3f2990f9cf42,1,209,ZFM-04083
pupil,stim,3.249999999999999,109.0134120433955,-6.535355201182142,bd02e951-760a-448d-9c52-3f2990f9cf42,1,209,ZFM-04083
pupil,stim,3.3499999999999988,109.7766475623467,-5.772119682230951,bd02e951-760a-448d-9c52-3f2990f9cf42,1,209,ZFM-04083
pupil,stim,3.449999999999999,110.23724752054034,-5.311519724037311,bd02e951-760a-448d-9c52-3f2990f9cf42,1,209,ZFM-04083
pupil,stim,3.549999999999999,110.64870095321402,-4.900066291363629,bd02e951-760a-448d-9c52-3f2990f9cf42,1,209,ZFM-04083
pupil,stim,3.649999999999999,110.97267449456487,-4.576092750012776,bd02e951-760a-448d-9c52-3f2990f9cf42,1,209,ZFM-04083
pupil,stim,3.749999999999999,111.36271129130029,-4.186055953277361,bd02e951-760a-448d-9c52-3f2990f9cf42,1,209,ZFM-04083
pupil,stim,3.8499999999999988,112.09942821284737,-3.4493390317302755,bd02e951-760a-448d-9c52-3f2990f9cf42,1,209,ZFM-04083
pupil,stim,3.949999999999999,112.37490807273367,-3.173859171843972,bd02e951-760a-448d-9c52-3f2990f9cf42,1,209,ZFM-04083
pupil,no_stim,-0.45,114.36214038972544,1.31722318757204,bd02e951-760a-448d-9c52-3f2990f9cf42,1,226,ZFM-04083
pupil,no_stim,-0.35000000000000003,114.1641723467502,1.1192551445968064,bd02e951-760a-448d-9c52-3f2990f9cf42,1,226,ZFM-04083
pupil,no_stim,-0.25000000000000006,113.62305968569359,0.5781424835401907,bd02e951-760a-448d-9c52-3f2990f9cf42,1,226,ZFM-04083
pupil,no_stim,-0.15000000000000008,112.07648429290332,-0.9684329092500832,bd02e951-760a-448d-9c52-3f2990f9cf42,1,226,ZFM-04083
pupil,no_stim,-0.050000000000000086,110.99872929569443,-2.046187906458968,bd02e951-760a-448d-9c52-3f2990f9cf42,1,226,ZFM-04083
pupil,no_stim,0.04999999999999989,110.3686251817915,-2.676292020361899,bd02e951-760a-448d-9c52-3f2990f9cf42,1,226,ZFM-04083
pupil,no_stim,0.14999999999999986,109.52490584137605,-3.520011360777346,bd02e951-760a-448d-9c52-3f2990f9cf42,1,226,ZFM-04083
pupil,no_stim,0.24999999999999983,108.18906216762034,-4.855855034533064,bd02e951-760a-448d-9c52-3f2990f9cf42,1,226,ZFM-04083
pupil,no_stim,0.3499999999999998,106.55080343189678,-6.494113770256618,bd02e951-760a-448d-9c52-3f2990f9cf42,1,226,ZFM-04083
pupil,no_stim,0.4499999999999998,105.36188060478806,-7.683036597365344,bd02e951-760a-448d-9c52-3f2990f9cf42,1,226,ZFM-04083
pupil,no_stim,0.5499999999999998,105.2019969441973,-7.842920257956095,bd02e951-760a-448d-9c52-3f2990f9cf42,1,226,ZFM-04083
pupil,no_stim,0.6499999999999998,106.82120288249745,-6.223714319655954,bd02e951-760a-448d-9c52-3f2990f9cf42,1,226,ZFM-04083
pupil,no_stim,0.7499999999999998,109.37729312323327,-3.6676240789201273,bd02e951-760a-448d-9c52-3f2990f9cf42,1,226,ZFM-04083
pupil,no_stim,0.8499999999999998,111.21515056912465,-1.829766633028754,bd02e951-760a-448d-9c52-3f2990f9cf42,1,226,ZFM-04083
pupil,no_stim,0.9499999999999997,111.81488528097066,-1.2300319211827428,bd02e951-760a-448d-9c52-3f2990f9cf42,1,226,ZFM-04083
pupil,no_stim,1.0499999999999996,111.62211845370695,-1.4227987484464535,bd02e951-760a-448d-9c52-3f2990f9cf42,1,226,ZFM-04083
pupil,no_stim,1.1499999999999997,111.66521634776775,-1.3797008543856464,bd02e951-760a-448d-9c52-3f2990f9cf42,1,226,ZFM-04083
pupil,no_stim,1.2499999999999998,111.90742975899083,-1.1374874431625699,bd02e951-760a-448d-9c52-3f2990f9cf42,1,226,ZFM-04083
pupil,no_stim,1.3499999999999996,112.27391863640574,-0.7709985657476608,bd02e951-760a-448d-9c52-3f2990f9cf42,1,226,ZFM-04083
pupil,no_stim,1.4499999999999995,112.58306735647314,-0.46184984568026266,bd02e951-760a-448d-9c52-3f2990f9cf42,1,226,ZFM-04083
pupil,no_stim,1.5499999999999996,112.81313693764037,-0.23178026451303424,bd02e951-760a-448d-9c52-3f2990f9cf42,1,226,ZFM-04083
pupil,no_stim,1.6499999999999997,113.06764362148128,0.02272641932788133,bd02e951-760a-448d-9c52-3f2990f9cf42,1,226,ZFM-04083
pupil,no_stim,1.7499999999999996,113.18678755728911,0.14187035513570834,bd02e951-760a-448d-9c52-3f2990f9cf42,1,226,ZFM-04083
pupil,no_stim,1.8499999999999994,112.96886499485593,-0.0760522072974652,bd02e951-760a-448d-9c52-3f2990f9cf42,1,226,ZFM-04083
pupil,no_stim,1.9499999999999995,112.55762006431169,-0.4872971378417077,bd02e951-760a-448d-9c52-3f2990f9cf42,1,226,ZFM-04083
pupil,no_stim,2.0499999999999994,111.95462826001518,-1.0902889421382156,bd02e951-760a-448d-9c52-3f2990f9cf42,1,226,ZFM-04083
pupil,no_stim,2.1499999999999995,111.82118894199994,-1.2237282601534645,bd02e951-760a-448d-9c52-3f2990f9cf42,1,226,ZFM-04083
pupil,no_stim,2.249999999999999,111.58568151759334,-1.4592356845600563,bd02e951-760a-448d-9c52-3f2990f9cf42,1,226,ZFM-04083
pupil,no_stim,2.349999999999999,111.38535576192058,-1.659561440232821,bd02e951-760a-448d-9c52-3f2990f9cf42,1,226,ZFM-04083
pupil,no_stim,2.4499999999999993,111.19404787991729,-1.8508693222361075,bd02e951-760a-448d-9c52-3f2990f9cf42,1,226,ZFM-04083
pupil,no_stim,2.549999999999999,111.84341207603717,-1.2015051261162313,bd02e951-760a-448d-9c52-3f2990f9cf42,1,226,ZFM-04083
pupil,no_stim,2.649999999999999,112.24286437352487,-0.8020528286285327,bd02e951-760a-448d-9c52-3f2990f9cf42,1,226,ZFM-04083
pupil,no_stim,2.749999999999999,111.70862492162398,-1.3362922805294204,bd02e951-760a-448d-9c52-3f2990f9cf42,1,226,ZFM-04083
pupil,no_stim,2.849999999999999,110.81433288334958,-2.230584318803821,bd02e951-760a-448d-9c52-3f2990f9cf42,1,226,ZFM-04083
pupil,no_stim,2.9499999999999993,109.7807838135244,-3.2641333886290056,bd02e951-760a-448d-9c52-3f2990f9cf42,1,226,ZFM-04083
pupil,no_stim,3.049999999999999,109.62319401835124,-3.4217231838021576,bd02e951-760a-448d-9c52-3f2990f9cf42,1,226,ZFM-04083
pupil,no_stim,3.149999999999999,109.63908108695037,-3.40583611520303,bd02e951-760a-448d-9c52-3f2990f9cf42,1,226,ZFM-04083
pupil,no_stim,3.249999999999999,109.6242641374032,-3.420653064750198,bd02e951-760a-448d-9c52-3f2990f9cf42,1,226,ZFM-04083
pupil,no_stim,3.3499999999999988,109.83756052989884,-3.207356672254562,bd02e951-760a-448d-9c52-3f2990f9cf42,1,226,ZFM-04083
pupil,no_stim,3.449999999999999,110.26517804615882,-2.7797391559945765,bd02e951-760a-448d-9c52-3f2990f9cf42,1,226,ZFM-04083
pupil,no_stim,3.549999999999999,111.09303277596321,-1.9518844261901904,bd02e951-760a-448d-9c52-3f2990f9cf42,1,226,ZFM-04083
pupil,no_stim,3.649999999999999,111.17915904941532,-1.8657581527380813,bd02e951-760a-448d-9c52-3f2990f9cf42,1,226,ZFM-04083
pupil,no_stim,3.749999999999999,110.90955399881366,-2.135363203339736,bd02e951-760a-448d-9c52-3f2990f9cf42,1,226,ZFM-04083
pupil,no_stim,3.8499999999999988,110.97122140024344,-2.073695801909963,bd02e951-760a-448d-9c52-3f2990f9cf42,1,226,ZFM-04083
pupil,no_stim,3.949999999999999,111.0460785005709,-1.9988387015824998,bd02e951-760a-448d-9c52-3f2990f9cf42,1,226,ZFM-04083
pupil,stim,-0.45,49.59588532269555,1.8765301239281627,40b82e4e-4df4-4638-8c06-1d7ce0a58015,1,364,ZFM-04080
pupil,stim,-0.35000000000000003,48.932046006827484,1.2126908080600955,40b82e4e-4df4-4638-8c06-1d7ce0a58015,1,364,ZFM-04080
pupil,stim,-0.25000000000000006,47.87181677597633,0.15246157720893905,40b82e4e-4df4-4638-8c06-1d7ce0a58015,1,364,ZFM-04080
pupil,stim,-0.15000000000000008,46.948614109741705,-0.7707410890256838,40b82e4e-4df4-4638-8c06-1d7ce0a58015,1,364,ZFM-04080
pupil,stim,-0.050000000000000086,45.24841377859588,-2.4709414201715063,40b82e4e-4df4-4638-8c06-1d7ce0a58015,1,364,ZFM-04080
pupil,stim,0.04999999999999989,45.717023025413134,-2.0023321733542545,40b82e4e-4df4-4638-8c06-1d7ce0a58015,1,364,ZFM-04080
pupil,stim,0.14999999999999986,51.092013966357456,3.3726587675900674,40b82e4e-4df4-4638-8c06-1d7ce0a58015,1,364,ZFM-04080
pupil,stim,0.24999999999999983,58.81515242119008,11.09579722242269,40b82e4e-4df4-4638-8c06-1d7ce0a58015,1,364,ZFM-04080
pupil,stim,0.3499999999999998,65.61849695354216,17.899141754774774,40b82e4e-4df4-4638-8c06-1d7ce0a58015,1,364,ZFM-04080
pupil,stim,0.4499999999999998,67.94811782626532,20.22876262749793,40b82e4e-4df4-4638-8c06-1d7ce0a58015,1,364,ZFM-04080
pupil,stim,0.5499999999999998,66.69735087613638,18.977995677368995,40b82e4e-4df4-4638-8c06-1d7ce0a58015,1,364,ZFM-04080
pupil,stim,0.6499999999999998,63.51275392577217,15.793398727004778,40b82e4e-4df4-4638-8c06-1d7ce0a58015,1,364,ZFM-04080
pupil,stim,0.7499999999999998,59.743759720905885,12.024404522138497,40b82e4e-4df4-4638-8c06-1d7ce0a58015,1,364,ZFM-04080
pupil,stim,0.8499999999999998,56.743852227601955,9.024497028834567,40b82e4e-4df4-4638-8c06-1d7ce0a58015,1,364,ZFM-04080
pupil,stim,0.9499999999999997,54.83276507158014,7.113409872812753,40b82e4e-4df4-4638-8c06-1d7ce0a58015,1,364,ZFM-04080
pupil,stim,1.0499999999999996,53.42804806702864,5.708692868261252,40b82e4e-4df4-4638-8c06-1d7ce0a58015,1,364,ZFM-04080
pupil,stim,1.1499999999999997,52.74566569634604,5.026310497578649,40b82e4e-4df4-4638-8c06-1d7ce0a58015,1,364,ZFM-04080
pupil,stim,1.2499999999999998,52.69552424857524,4.976169049807851,40b82e4e-4df4-4638-8c06-1d7ce0a58015,1,364,ZFM-04080
pupil,stim,1.3499999999999996,52.83254498706427,5.113189788296879,40b82e4e-4df4-4638-8c06-1d7ce0a58015,1,364,ZFM-04080
pupil,stim,1.4499999999999995,52.956825945252255,5.237470746484867,40b82e4e-4df4-4638-8c06-1d7ce0a58015,1,364,ZFM-04080
pupil,stim,1.5499999999999996,52.879552608067,5.160197409299613,40b82e4e-4df4-4638-8c06-1d7ce0a58015,1,364,ZFM-04080
pupil,stim,1.6499999999999997,52.561849285011526,4.8424940862441375,40b82e4e-4df4-4638-8c06-1d7ce0a58015,1,364,ZFM-04080
pupil,stim,1.7499999999999996,51.86471643768842,4.1453612389210335,40b82e4e-4df4-4638-8c06-1d7ce0a58015,1,364,ZFM-04080
pupil,stim,1.8499999999999994,51.070960455683796,3.3516052569164074,40b82e4e-4df4-4638-8c06-1d7ce0a58015,1,364,ZFM-04080
pupil,stim,1.9499999999999995,50.30125487447169,2.5818996757042996,40b82e4e-4df4-4638-8c06-1d7ce0a58015,1,364,ZFM-04080
pupil,stim,2.0499999999999994,49.64380409871278,1.9244488999453893,40b82e4e-4df4-4638-8c06-1d7ce0a58015,1,364,ZFM-04080
pupil,stim,2.1499999999999995,48.81980098926699,1.1004457904995988,40b82e4e-4df4-4638-8c06-1d7ce0a58015,1,364,ZFM-04080
pupil,stim,2.249999999999999,47.76854415393907,0.04918895517167954,40b82e4e-4df4-4638-8c06-1d7ce0a58015,1,364,ZFM-04080
pupil,stim,2.349999999999999,46.86379019556402,-0.8555650032033668,40b82e4e-4df4-4638-8c06-1d7ce0a58015,1,364,ZFM-04080
pupil,stim,2.4499999999999993,46.54156771241722,-1.1777874863501694,40b82e4e-4df4-4638-8c06-1d7ce0a58015,1,364,ZFM-04080
pupil,stim,2.549999999999999,46.39185122070629,-1.3275039780610953,40b82e4e-4df4-4638-8c06-1d7ce0a58015,1,364,ZFM-04080
pupil,stim,2.649999999999999,45.98847254676088,-1.7308826520065068,40b82e4e-4df4-4638-8c06-1d7ce0a58015,1,364,ZFM-04080
pupil,stim,2.749999999999999,45.68667358167661,-2.0326816170907804,40b82e4e-4df4-4638-8c06-1d7ce0a58015,1,364,ZFM-04080
pupil,stim,2.849999999999999,45.68054895732506,-2.0388062414423302,40b82e4e-4df4-4638-8c06-1d7ce0a58015,1,364,ZFM-04080
pupil,stim,2.9499999999999993,45.648832209985706,-2.0705229887816827,40b82e4e-4df4-4638-8c06-1d7ce0a58015,1,364,ZFM-04080
pupil,stim,3.049999999999999,45.338834132312,-2.380521066455387,40b82e4e-4df4-4638-8c06-1d7ce0a58015,1,364,ZFM-04080
pupil,stim,3.149999999999999,45.06357087049005,-2.655784328277342,40b82e4e-4df4-4638-8c06-1d7ce0a58015,1,364,ZFM-04080
pupil,stim,3.249999999999999,45.40467047314236,-2.3146847256250282,40b82e4e-4df4-4638-8c06-1d7ce0a58015,1,364,ZFM-04080
pupil,stim,3.3499999999999988,45.789689643532796,-1.9296655552345925,40b82e4e-4df4-4638-8c06-1d7ce0a58015,1,364,ZFM-04080
pupil,stim,3.449999999999999,45.93387128212166,-1.785483916645731,40b82e4e-4df4-4638-8c06-1d7ce0a58015,1,364,ZFM-04080
pupil,stim,3.549999999999999,46.16844186128231,-1.5509133374850776,40b82e4e-4df4-4638-8c06-1d7ce0a58015,1,364,ZFM-04080
pupil,stim,3.649999999999999,46.747058143573376,-0.9722970551940122,40b82e4e-4df4-4638-8c06-1d7ce0a58015,1,364,ZFM-04080
pupil,stim,3.749999999999999,47.86878503953089,0.14942984076350285,40b82e4e-4df4-4638-8c06-1d7ce0a58015,1,364,ZFM-04080
pupil,stim,3.8499999999999988,50.03249169584543,2.313136497078041,40b82e4e-4df4-4638-8c06-1d7ce0a58015,1,364,ZFM-04080
pupil,stim,3.949999999999999,52.44024495176067,4.72088975299328,40b82e4e-4df4-4638-8c06-1d7ce0a58015,1,364,ZFM-04080
pupil,no_stim,-0.45,48.89136054787002,1.8411939235163786,40b82e4e-4df4-4638-8c06-1d7ce0a58015,1,404,ZFM-04080
pupil,no_stim,-0.35000000000000003,48.25347754841718,1.203310924063537,40b82e4e-4df4-4638-8c06-1d7ce0a58015,1,404,ZFM-04080
pupil,no_stim,-0.25000000000000006,47.30088743457118,0.2507208102175369,40b82e4e-4df4-4638-8c06-1d7ce0a58015,1,404,ZFM-04080
pupil,no_stim,-0.15000000000000008,46.09932290850081,-0.9508437158528338,40b82e4e-4df4-4638-8c06-1d7ce0a58015,1,404,ZFM-04080
pupil,no_stim,-0.050000000000000086,44.705784682409,-2.34438194194464,40b82e4e-4df4-4638-8c06-1d7ce0a58015,1,404,ZFM-04080
pupil,no_stim,0.04999999999999989,44.262775905485086,-2.787390718868558,40b82e4e-4df4-4638-8c06-1d7ce0a58015,1,404,ZFM-04080
pupil,no_stim,0.14999999999999986,47.19711942425844,0.14695279990479548,40b82e4e-4df4-4638-8c06-1d7ce0a58015,1,404,ZFM-04080
pupil,no_stim,0.24999999999999983,52.034532344670815,4.984365720317172,40b82e4e-4df4-4638-8c06-1d7ce0a58015,1,404,ZFM-04080
pupil,no_stim,0.3499999999999998,57.37586598866155,10.325699364307908,40b82e4e-4df4-4638-8c06-1d7ce0a58015,1,404,ZFM-04080
pupil,no_stim,0.4499999999999998,59.69434957245203,12.64418294809839,40b82e4e-4df4-4638-8c06-1d7ce0a58015,1,404,ZFM-04080
pupil,no_stim,0.5499999999999998,58.52066763171204,11.470501007358394,40b82e4e-4df4-4638-8c06-1d7ce0a58015,1,404,ZFM-04080
pupil,no_stim,0.6499999999999998,56.32985803436581,9.27969141001217,40b82e4e-4df4-4638-8c06-1d7ce0a58015,1,404,ZFM-04080
pupil,no_stim,0.7499999999999998,54.30781949555734,7.257652871203696,40b82e4e-4df4-4638-8c06-1d7ce0a58015,1,404,ZFM-04080
pupil,no_stim,0.8499999999999998,53.82863644410308,6.778469819749439,40b82e4e-4df4-4638-8c06-1d7ce0a58015,1,404,ZFM-04080
pupil,no_stim,0.9499999999999997,53.518011855472615,6.467845231118972,40b82e4e-4df4-4638-8c06-1d7ce0a58015,1,404,ZFM-04080
pupil,no_stim,1.0499999999999996,52.68342178575356,5.633255161399916,40b82e4e-4df4-4638-8c06-1d7ce0a58015,1,404,ZFM-04080
pupil,no_stim,1.1499999999999997,52.02017502262511,4.970008398271467,40b82e4e-4df4-4638-8c06-1d7ce0a58015,1,404,ZFM-04080
pupil,no_stim,1.2499999999999998,51.92147406956038,4.871307445206739,40b82e4e-4df4-4638-8c06-1d7ce0a58015,1,404,ZFM-04080
pupil,no_stim,1.3499999999999996,51.96594971891827,4.915783094564624,40b82e4e-4df4-4638-8c06-1d7ce0a58015,1,404,ZFM-04080
pupil,no_stim,1.4499999999999995,52.00510994928499,4.9549433249313495,40b82e4e-4df4-4638-8c06-1d7ce0a58015,1,404,ZFM-04080
pupil,no_stim,1.5499999999999996,51.71772835130951,4.667561726955867,40b82e4e-4df4-4638-8c06-1d7ce0a58015,1,404,ZFM-04080
pupil,no_stim,1.6499999999999997,51.15825379498093,4.108087170627286,40b82e4e-4df4-4638-8c06-1d7ce0a58015,1,404,ZFM-04080
pupil,no_stim,1.7499999999999996,50.49923394515009,3.449067320796445,40b82e4e-4df4-4638-8c06-1d7ce0a58015,1,404,ZFM-04080
pupil,no_stim,1.8499999999999994,49.80487085714199,2.754704232788349,40b82e4e-4df4-4638-8c06-1d7ce0a58015,1,404,ZFM-04080
pupil,no_stim,1.9499999999999995,49.26863357058203,2.2184669462283892,40b82e4e-4df4-4638-8c06-1d7ce0a58015,1,404,ZFM-04080
pupil,no_stim,2.0499999999999994,48.76040072272871,1.710234098375068,40b82e4e-4df4-4638-8c06-1d7ce0a58015,1,404,ZFM-04080
pupil,no_stim,2.1499999999999995,48.01359698516763,0.9634303608139874,40b82e4e-4df4-4638-8c06-1d7ce0a58015,1,404,ZFM-04080
pupil,no_stim,2.249999999999999,47.28190797890504,0.23174135455139577,40b82e4e-4df4-4638-8c06-1d7ce0a58015,1,404,ZFM-04080
pupil,no_stim,2.349999999999999,46.60889352842857,-0.4412730959250766,40b82e4e-4df4-4638-8c06-1d7ce0a58015,1,404,ZFM-04080
pupil,no_stim,2.4499999999999993,45.99487521895777,-1.0552914053958702,40b82e4e-4df4-4638-8c06-1d7ce0a58015,1,404,ZFM-04080
pupil,no_stim,2.549999999999999,45.38475313666739,-1.6654134876862514,40b82e4e-4df4-4638-8c06-1d7ce0a58015,1,404,ZFM-04080
pupil,no_stim,2.649999999999999,45.19558104958507,-1.8545855747685707,40b82e4e-4df4-4638-8c06-1d7ce0a58015,1,404,ZFM-04080
pupil,no_stim,2.749999999999999,45.214229315295285,-1.8359373090583588,40b82e4e-4df4-4638-8c06-1d7ce0a58015,1,404,ZFM-04080
pupil,no_stim,2.849999999999999,45.13167493308511,-1.9184916912685352,40b82e4e-4df4-4638-8c06-1d7ce0a58015,1,404,ZFM-04080
pupil,no_stim,2.9499999999999993,44.87005073272856,-2.1801158916250856,40b82e4e-4df4-4638-8c06-1d7ce0a58015,1,404,ZFM-04080
pupil,no_stim,3.049999999999999,44.67026312008446,-2.37990350426918,40b82e4e-4df4-4638-8c06-1d7ce0a58015,1,404,ZFM-04080
pupil,no_stim,3.149999999999999,44.67466730376495,-2.3754993205886947,40b82e4e-4df4-4638-8c06-1d7ce0a58015,1,404,ZFM-04080
pupil,no_stim,3.249999999999999,44.8501574706055,-2.200009153748141,40b82e4e-4df4-4638-8c06-1d7ce0a58015,1,404,ZFM-04080
pupil,no_stim,3.3499999999999988,45.295791781200016,-1.7543748431536272,40b82e4e-4df4-4638-8c06-1d7ce0a58015,1,404,ZFM-04080
pupil,no_stim,3.449999999999999,45.81141875797546,-1.2387478663781835,40b82e4e-4df4-4638-8c06-1d7ce0a58015,1,404,ZFM-04080
pupil,no_stim,3.549999999999999,46.28075916084142,-0.7694074635122234,40b82e4e-4df4-4638-8c06-1d7ce0a58015,1,404,ZFM-04080
pupil,no_stim,3.649999999999999,46.82566562540893,-0.22450099894471265,40b82e4e-4df4-4638-8c06-1d7ce0a58015,1,404,ZFM-04080
pupil,no_stim,3.749999999999999,47.941731051399046,0.8915644270454024,40b82e4e-4df4-4638-8c06-1d7ce0a58015,1,404,ZFM-04080
pupil,no_stim,3.8499999999999988,49.270558251198715,2.220391626845071,40b82e4e-4df4-4638-8c06-1d7ce0a58015,1,404,ZFM-04080
pupil,no_stim,3.949999999999999,50.4345189767583,3.3843523524046546,40b82e4e-4df4-4638-8c06-1d7ce0a58015,1,404,ZFM-04080
pupil,stim,-0.45,40.462154384421446,1.7547057963729458,08371a0c-22d9-4f6e-ac22-c15788b39180,1,325,ZFM-04080
pupil,stim,-0.35000000000000003,39.69690156692154,0.9894529788730395,08371a0c-22d9-4f6e-ac22-c15788b39180,1,325,ZFM-04080
pupil,stim,-0.25000000000000006,38.870624775038074,0.16317618698957403,08371a0c-22d9-4f6e-ac22-c15788b39180,1,325,ZFM-04080
pupil,stim,-0.15000000000000008,37.80202621139057,-0.9054223766579312,08371a0c-22d9-4f6e-ac22-c15788b39180,1,325,ZFM-04080
pupil,stim,-0.050000000000000086,36.70553600247088,-2.001912585577621,08371a0c-22d9-4f6e-ac22-c15788b39180,1,325,ZFM-04080
pupil,stim,0.04999999999999989,35.94157896997673,-2.7658696180717683,08371a0c-22d9-4f6e-ac22-c15788b39180,1,325,ZFM-04080
pupil,stim,0.14999999999999986,35.22205062176575,-3.485397966282747,08371a0c-22d9-4f6e-ac22-c15788b39180,1,325,ZFM-04080
pupil,stim,0.24999999999999983,34.63603991303629,-4.071408675012208,08371a0c-22d9-4f6e-ac22-c15788b39180,1,325,ZFM-04080
pupil,stim,0.3499999999999998,34.54275271991367,-4.164695868134828,08371a0c-22d9-4f6e-ac22-c15788b39180,1,325,ZFM-04080
pupil,stim,0.4499999999999998,35.40889134725466,-3.2985572407938406,08371a0c-22d9-4f6e-ac22-c15788b39180,1,325,ZFM-04080
pupil,stim,0.5499999999999998,36.40589350559807,-2.3015550824504274,08371a0c-22d9-4f6e-ac22-c15788b39180,1,325,ZFM-04080
pupil,stim,0.6499999999999998,36.87705535023603,-1.8303932378124728,08371a0c-22d9-4f6e-ac22-c15788b39180,1,325,ZFM-04080
pupil,stim,0.7499999999999998,37.24289635905259,-1.4645522289959132,08371a0c-22d9-4f6e-ac22-c15788b39180,1,325,ZFM-04080
pupil,stim,0.8499999999999998,38.40889295947759,-0.29855562857090945,08371a0c-22d9-4f6e-ac22-c15788b39180,1,325,ZFM-04080
pupil,stim,0.9499999999999997,40.53039476726142,1.82294617921292,08371a0c-22d9-4f6e-ac22-c15788b39180,1,325,ZFM-04080
pupil,stim,1.0499999999999996,42.855303997137156,4.147855409088656,08371a0c-22d9-4f6e-ac22-c15788b39180,1,325,ZFM-04080
pupil,stim,1.1499999999999997,44.99240680462598,6.284958216577479,08371a0c-22d9-4f6e-ac22-c15788b39180,1,325,ZFM-04080
pupil,stim,1.2499999999999998,46.94762596916934,8.240177381120837,08371a0c-22d9-4f6e-ac22-c15788b39180,1,325,ZFM-04080
pupil,stim,1.3499999999999996,48.64195463292832,9.934506044879818,08371a0c-22d9-4f6e-ac22-c15788b39180,1,325,ZFM-04080
pupil,stim,1.4499999999999995,49.89789226513298,11.190443677084481,08371a0c-22d9-4f6e-ac22-c15788b39180,1,325,ZFM-04080
pupil,stim,1.5499999999999996,50.773500661141675,12.066052073093175,08371a0c-22d9-4f6e-ac22-c15788b39180,1,325,ZFM-04080
pupil,stim,1.6499999999999997,51.32321397789822,12.61576538984972,08371a0c-22d9-4f6e-ac22-c15788b39180,1,325,ZFM-04080
pupil,stim,1.7499999999999996,51.55663409158483,12.849185503536333,08371a0c-22d9-4f6e-ac22-c15788b39180,1,325,ZFM-04080
pupil,stim,1.8499999999999994,51.530906043816906,12.823457455768406,08371a0c-22d9-4f6e-ac22-c15788b39180,1,325,ZFM-04080
pupil,stim,1.9499999999999995,51.39269923646797,12.68525064841947,08371a0c-22d9-4f6e-ac22-c15788b39180,1,325,ZFM-04080
pupil,stim,2.0499999999999994,51.16735191616658,12.45990332811808,08371a0c-22d9-4f6e-ac22-c15788b39180,1,325,ZFM-04080
pupil,stim,2.1499999999999995,50.77429577182988,12.066847183781377,08371a0c-22d9-4f6e-ac22-c15788b39180,1,325,ZFM-04080
pupil,stim,2.249999999999999,50.292386665941855,11.584938077893355,08371a0c-22d9-4f6e-ac22-c15788b39180,1,325,ZFM-04080
pupil,stim,2.349999999999999,49.8349986755653,11.127550087516802,08371a0c-22d9-4f6e-ac22-c15788b39180,1,325,ZFM-04080
pupil,stim,2.4499999999999993,49.24900260590877,10.541554017860271,08371a0c-22d9-4f6e-ac22-c15788b39180,1,325,ZFM-04080
pupil,stim,2.549999999999999,48.3980739570099,9.690625368961399,08371a0c-22d9-4f6e-ac22-c15788b39180,1,325,ZFM-04080
pupil,stim,2.649999999999999,47.45804500760177,8.750596419553268,08371a0c-22d9-4f6e-ac22-c15788b39180,1,325,ZFM-04080
pupil,stim,2.749999999999999,46.559213796728955,7.851765208680455,08371a0c-22d9-4f6e-ac22-c15788b39180,1,325,ZFM-04080
pupil,stim,2.849999999999999,45.73393214295239,7.026483554903891,08371a0c-22d9-4f6e-ac22-c15788b39180,1,325,ZFM-04080
pupil,stim,2.9499999999999993,45.04329930197216,6.335850713923662,08371a0c-22d9-4f6e-ac22-c15788b39180,1,325,ZFM-04080
pupil,stim,3.049999999999999,44.37457862005173,5.667130032003229,08371a0c-22d9-4f6e-ac22-c15788b39180,1,325,ZFM-04080
pupil,stim,3.149999999999999,44.018754907921206,5.311306319872706,08371a0c-22d9-4f6e-ac22-c15788b39180,1,325,ZFM-04080
pupil,stim,3.249999999999999,43.67623087292138,4.96878228487288,08371a0c-22d9-4f6e-ac22-c15788b39180,1,325,ZFM-04080
pupil,stim,3.3499999999999988,43.159559863864295,4.4521112758157955,08371a0c-22d9-4f6e-ac22-c15788b39180,1,325,ZFM-04080
pupil,stim,3.449999999999999,42.350051807943856,3.6426032198953564,08371a0c-22d9-4f6e-ac22-c15788b39180,1,325,ZFM-04080
pupil,stim,3.549999999999999,41.410710038982515,2.703261450934015,08371a0c-22d9-4f6e-ac22-c15788b39180,1,325,ZFM-04080
pupil,stim,3.649999999999999,40.52097046793225,1.8135218798837514,08371a0c-22d9-4f6e-ac22-c15788b39180,1,325,ZFM-04080
pupil,stim,3.749999999999999,39.8729452107551,1.1654966227065984,08371a0c-22d9-4f6e-ac22-c15788b39180,1,325,ZFM-04080
pupil,stim,3.8499999999999988,39.40412750847638,0.6966789204278783,08371a0c-22d9-4f6e-ac22-c15788b39180,1,325,ZFM-04080
pupil,stim,3.949999999999999,39.088365420988005,0.38091683293950496,08371a0c-22d9-4f6e-ac22-c15788b39180,1,325,ZFM-04080
pupil,no_stim,-0.45,43.13923078019381,1.9602356745986498,08371a0c-22d9-4f6e-ac22-c15788b39180,1,265,ZFM-04080
pupil,no_stim,-0.35000000000000003,42.20029300171032,1.0212978961151578,08371a0c-22d9-4f6e-ac22-c15788b39180,1,265,ZFM-04080
pupil,no_stim,-0.25000000000000006,41.179934731574114,0.0009396259789511419,08371a0c-22d9-4f6e-ac22-c15788b39180,1,265,ZFM-04080
pupil,no_stim,-0.15000000000000008,40.10722508741374,-1.0717700181814251,08371a0c-22d9-4f6e-ac22-c15788b39180,1,265,ZFM-04080
pupil,no_stim,-0.050000000000000086,39.268291927083865,-1.910703178511298,08371a0c-22d9-4f6e-ac22-c15788b39180,1,265,ZFM-04080
pupil,no_stim,0.04999999999999989,38.62026852980883,-2.5587265757863307,08371a0c-22d9-4f6e-ac22-c15788b39180,1,265,ZFM-04080
pupil,no_stim,0.14999999999999986,37.5116273323487,-3.667367773246461,08371a0c-22d9-4f6e-ac22-c15788b39180,1,265,ZFM-04080
pupil,no_stim,0.24999999999999983,36.0234207820418,-5.15557432355336,08371a0c-22d9-4f6e-ac22-c15788b39180,1,265,ZFM-04080
pupil,no_stim,0.3499999999999998,35.04333106399824,-6.135664041596925,08371a0c-22d9-4f6e-ac22-c15788b39180,1,265,ZFM-04080
pupil,no_stim,0.4499999999999998,34.60979232685509,-6.56920277874007,08371a0c-22d9-4f6e-ac22-c15788b39180,1,265,ZFM-04080
pupil,no_stim,0.5499999999999998,34.192483793295665,-6.986511312299498,08371a0c-22d9-4f6e-ac22-c15788b39180,1,265,ZFM-04080
pupil,no_stim,0.6499999999999998,33.90825587871823,-7.270739226876934,08371a0c-22d9-4f6e-ac22-c15788b39180,1,265,ZFM-04080
pupil,no_stim,0.7499999999999998,34.72033471397661,-6.458660391618551,08371a0c-22d9-4f6e-ac22-c15788b39180,1,265,ZFM-04080
pupil,no_stim,0.8499999999999998,37.40197226144663,-3.777022844148533,08371a0c-22d9-4f6e-ac22-c15788b39180,1,265,ZFM-04080
pupil,no_stim,0.9499999999999997,40.91391175098637,-0.26508335460879096,08371a0c-22d9-4f6e-ac22-c15788b39180,1,265,ZFM-04080
pupil,no_stim,1.0499999999999996,44.55176752539905,3.372772419803887,08371a0c-22d9-4f6e-ac22-c15788b39180,1,265,ZFM-04080
pupil,no_stim,1.1499999999999997,47.566502839213484,6.387507733618321,08371a0c-22d9-4f6e-ac22-c15788b39180,1,265,ZFM-04080
pupil,no_stim,1.2499999999999998,50.04691469947505,8.86791959387989,08371a0c-22d9-4f6e-ac22-c15788b39180,1,265,ZFM-04080
pupil,no_stim,1.3499999999999996,51.850804115326085,10.671809009730922,08371a0c-22d9-4f6e-ac22-c15788b39180,1,265,ZFM-04080
pupil,no_stim,1.4499999999999995,52.82933027603355,11.650335170438389,08371a0c-22d9-4f6e-ac22-c15788b39180,1,265,ZFM-04080
pupil,no_stim,1.5499999999999996,53.347442180999714,12.16844707540455,08371a0c-22d9-4f6e-ac22-c15788b39180,1,265,ZFM-04080
pupil,no_stim,1.6499999999999997,53.72138255835951,12.542387452764345,08371a0c-22d9-4f6e-ac22-c15788b39180,1,265,ZFM-04080
pupil,no_stim,1.7499999999999996,53.92204288632316,12.743047780727998,08371a0c-22d9-4f6e-ac22-c15788b39180,1,265,ZFM-04080
pupil,no_stim,1.8499999999999994,53.91098007014476,12.731984964549596,08371a0c-22d9-4f6e-ac22-c15788b39180,1,265,ZFM-04080
pupil,no_stim,1.9499999999999995,53.83488045778601,12.655885352190843,08371a0c-22d9-4f6e-ac22-c15788b39180,1,265,ZFM-04080
pupil,no_stim,2.0499999999999994,53.843796551389076,12.664801445793913,08371a0c-22d9-4f6e-ac22-c15788b39180,1,265,ZFM-04080
pupil,no_stim,2.1499999999999995,53.920208132731275,12.741213027136112,08371a0c-22d9-4f6e-ac22-c15788b39180,1,265,ZFM-04080
pupil,no_stim,2.249999999999999,53.67040364462172,12.491408539026558,08371a0c-22d9-4f6e-ac22-c15788b39180,1,265,ZFM-04080
pupil,no_stim,2.349999999999999,52.97061854947148,11.791623443876318,08371a0c-22d9-4f6e-ac22-c15788b39180,1,265,ZFM-04080
pupil,no_stim,2.4499999999999993,52.18682148329545,11.007826377700283,08371a0c-22d9-4f6e-ac22-c15788b39180,1,265,ZFM-04080
pupil,no_stim,2.549999999999999,51.439899197805126,10.260904092209962,08371a0c-22d9-4f6e-ac22-c15788b39180,1,265,ZFM-04080
pupil,no_stim,2.649999999999999,50.75563467362343,9.57663956802827,08371a0c-22d9-4f6e-ac22-c15788b39180,1,265,ZFM-04080
pupil,no_stim,2.749999999999999,50.05082781475408,8.871832709158916,08371a0c-22d9-4f6e-ac22-c15788b39180,1,265,ZFM-04080
pupil,no_stim,2.849999999999999,49.336411929370904,8.15741682377574,08371a0c-22d9-4f6e-ac22-c15788b39180,1,265,ZFM-04080
pupil,no_stim,2.9499999999999993,48.57150828980198,7.39251318420682,08371a0c-22d9-4f6e-ac22-c15788b39180,1,265,ZFM-04080
pupil,no_stim,3.049999999999999,47.933682568409964,6.7546874628148,08371a0c-22d9-4f6e-ac22-c15788b39180,1,265,ZFM-04080
pupil,no_stim,3.149999999999999,47.19342202855609,6.014426922960929,08371a0c-22d9-4f6e-ac22-c15788b39180,1,265,ZFM-04080
pupil,no_stim,3.249999999999999,46.37659788938669,5.197602783791524,08371a0c-22d9-4f6e-ac22-c15788b39180,1,265,ZFM-04080
pupil,no_stim,3.3499999999999988,45.45272529510726,4.273730189512094,08371a0c-22d9-4f6e-ac22-c15788b39180,1,265,ZFM-04080
pupil,no_stim,3.449999999999999,44.5289857447757,3.3499906391805396,08371a0c-22d9-4f6e-ac22-c15788b39180,1,265,ZFM-04080
pupil,no_stim,3.549999999999999,43.45271958257716,2.2737244769819966,08371a0c-22d9-4f6e-ac22-c15788b39180,1,265,ZFM-04080
pupil,no_stim,3.649999999999999,42.40054722019435,1.2215521145991843,08371a0c-22d9-4f6e-ac22-c15788b39180,1,265,ZFM-04080
pupil,no_stim,3.749999999999999,41.44139573793658,0.26240063234141786,08371a0c-22d9-4f6e-ac22-c15788b39180,1,265,ZFM-04080
pupil,no_stim,3.8499999999999988,40.67273946366713,-0.5062556419280355,08371a0c-22d9-4f6e-ac22-c15788b39180,1,265,ZFM-04080
pupil,no_stim,3.949999999999999,39.86376765240136,-1.3152274531938062,08371a0c-22d9-4f6e-ac22-c15788b39180,1,265,ZFM-04080
pupil,stim,-0.45,443.090355119396,7.929455059087218,d45f1a4a-7f14-4f84-a85c-34b21c6d498c,1,221,ZFM-04080
pupil,stim,-0.35000000000000003,439.6666690607903,4.505769000481507,d45f1a4a-7f14-4f84-a85c-34b21c6d498c,1,221,ZFM-04080
pupil,stim,-0.25000000000000006,435.4925967108187,0.3316966505099117,d45f1a4a-7f14-4f84-a85c-34b21c6d498c,1,221,ZFM-04080
pupil,stim,-0.15000000000000008,430.9965126496723,-4.164387410636493,d45f1a4a-7f14-4f84-a85c-34b21c6d498c,1,221,ZFM-04080
pupil,stim,-0.050000000000000086,426.5583667608664,-8.60253329944237,d45f1a4a-7f14-4f84-a85c-34b21c6d498c,1,221,ZFM-04080
pupil,stim,0.04999999999999989,422.2408865801774,-12.920013480131388,d45f1a4a-7f14-4f84-a85c-34b21c6d498c,1,221,ZFM-04080
pupil,stim,0.14999999999999986,418.70807547795624,-16.452824582352548,d45f1a4a-7f14-4f84-a85c-34b21c6d498c,1,221,ZFM-04080
pupil,stim,0.24999999999999983,417.677596166732,-17.483303893576817,d45f1a4a-7f14-4f84-a85c-34b21c6d498c,1,221,ZFM-04080
pupil,stim,0.3499999999999998,422.93157516975344,-12.229324890555347,d45f1a4a-7f14-4f84-a85c-34b21c6d498c,1,221,ZFM-04080
pupil,stim,0.4499999999999998,436.59814125952386,1.437241199215066,d45f1a4a-7f14-4f84-a85c-34b21c6d498c,1,221,ZFM-04080
pupil,stim,0.5499999999999998,454.14294497169686,18.982044911388073,d45f1a4a-7f14-4f84-a85c-34b21c6d498c,1,221,ZFM-04080
pupil,stim,0.6499999999999998,468.09584861188705,32.93494855157826,d45f1a4a-7f14-4f84-a85c-34b21c6d498c,1,221,ZFM-04080
pupil,stim,0.7499999999999998,475.65042962054963,40.48952956024084,d45f1a4a-7f14-4f84-a85c-34b21c6d498c,1,221,ZFM-04080
pupil,stim,0.8499999999999998,477.71973074711536,42.55883068680657,d45f1a4a-7f14-4f84-a85c-34b21c6d498c,1,221,ZFM-04080
pupil,stim,0.9499999999999997,477.67529143024376,42.51439136993497,d45f1a4a-7f14-4f84-a85c-34b21c6d498c,1,221,ZFM-04080
pupil,stim,1.0499999999999996,478.00824542763667,42.847345367327875,d45f1a4a-7f14-4f84-a85c-34b21c6d498c,1,221,ZFM-04080
pupil,stim,1.1499999999999997,479.21400731344943,44.05310725314064,d45f1a4a-7f14-4f84-a85c-34b21c6d498c,1,221,ZFM-04080
pupil,stim,1.2499999999999998,480.9756131096016,45.814713049292834,d45f1a4a-7f14-4f84-a85c-34b21c6d498c,1,221,ZFM-04080
pupil,stim,1.3499999999999996,482.05069525010776,46.889795189798974,d45f1a4a-7f14-4f84-a85c-34b21c6d498c,1,221,ZFM-04080
pupil,stim,1.4499999999999995,481.23102955034136,46.07012949003257,d45f1a4a-7f14-4f84-a85c-34b21c6d498c,1,221,ZFM-04080
pupil,stim,1.5499999999999996,479.13388422537827,43.97298416506948,d45f1a4a-7f14-4f84-a85c-34b21c6d498c,1,221,ZFM-04080
pupil,stim,1.6499999999999997,476.62684145109466,41.46594139078587,d45f1a4a-7f14-4f84-a85c-34b21c6d498c,1,221,ZFM-04080
pupil,stim,1.7499999999999996,473.9902821271243,38.829382066815526,d45f1a4a-7f14-4f84-a85c-34b21c6d498c,1,221,ZFM-04080
pupil,stim,1.8499999999999994,470.6500876247983,35.4891875644895,d45f1a4a-7f14-4f84-a85c-34b21c6d498c,1,221,ZFM-04080
pupil,stim,1.9499999999999995,467.07241155943626,31.91151149912747,d45f1a4a-7f14-4f84-a85c-34b21c6d498c,1,221,ZFM-04080
pupil,stim,2.0499999999999994,464.4353635608597,29.274463500550894,d45f1a4a-7f14-4f84-a85c-34b21c6d498c,1,221,ZFM-04080
pupil,stim,2.1499999999999995,462.4034200596724,27.242519999363594,d45f1a4a-7f14-4f84-a85c-34b21c6d498c,1,221,ZFM-04080
pupil,stim,2.249999999999999,460.359583715568,25.19868365525923,d45f1a4a-7f14-4f84-a85c-34b21c6d498c,1,221,ZFM-04080
pupil,stim,2.349999999999999,458.06260012924514,22.90170006893635,d45f1a4a-7f14-4f84-a85c-34b21c6d498c,1,221,ZFM-04080
pupil,stim,2.4499999999999993,454.90689731482485,19.745997254516055,d45f1a4a-7f14-4f84-a85c-34b21c6d498c,1,221,ZFM-04080
pupil,stim,2.549999999999999,451.4544806450261,16.29358058471729,d45f1a4a-7f14-4f84-a85c-34b21c6d498c,1,221,ZFM-04080
pupil,stim,2.649999999999999,449.77583935652143,14.61493929621264,d45f1a4a-7f14-4f84-a85c-34b21c6d498c,1,221,ZFM-04080
pupil,stim,2.749999999999999,448.5952891697022,13.434389109393408,d45f1a4a-7f14-4f84-a85c-34b21c6d498c,1,221,ZFM-04080
pupil,stim,2.849999999999999,447.72499312896065,12.564093068651857,d45f1a4a-7f14-4f84-a85c-34b21c6d498c,1,221,ZFM-04080
pupil,stim,2.9499999999999993,444.5471310224203,9.386230962111483,d45f1a4a-7f14-4f84-a85c-34b21c6d498c,1,221,ZFM-04080
pupil,stim,3.049999999999999,440.3283718838869,5.167471823578126,d45f1a4a-7f14-4f84-a85c-34b21c6d498c,1,221,ZFM-04080
pupil,stim,3.149999999999999,436.08525470076,0.9243546404512131,d45f1a4a-7f14-4f84-a85c-34b21c6d498c,1,221,ZFM-04080
pupil,stim,3.249999999999999,432.80258641109344,-2.358313649215347,d45f1a4a-7f14-4f84-a85c-34b21c6d498c,1,221,ZFM-04080
pupil,stim,3.3499999999999988,431.0046895907426,-4.15621046956619,d45f1a4a-7f14-4f84-a85c-34b21c6d498c,1,221,ZFM-04080
pupil,stim,3.449999999999999,430.1478537702855,-5.013046290023283,d45f1a4a-7f14-4f84-a85c-34b21c6d498c,1,221,ZFM-04080
pupil,stim,3.549999999999999,429.8950306915372,-5.265869368771575,d45f1a4a-7f14-4f84-a85c-34b21c6d498c,1,221,ZFM-04080
pupil,stim,3.649999999999999,429.62512432388314,-5.535775736425649,d45f1a4a-7f14-4f84-a85c-34b21c6d498c,1,221,ZFM-04080
pupil,stim,3.749999999999999,429.2873601566964,-5.873539903612368,d45f1a4a-7f14-4f84-a85c-34b21c6d498c,1,221,ZFM-04080
pupil,stim,3.8499999999999988,429.7077056646893,-5.453194395619505,d45f1a4a-7f14-4f84-a85c-34b21c6d498c,1,221,ZFM-04080
pupil,stim,3.949999999999999,432.43694726489696,-2.723952795411833,d45f1a4a-7f14-4f84-a85c-34b21c6d498c,1,221,ZFM-04080
pupil,no_stim,-0.45,415.76950632339526,4.341536951523665,d45f1a4a-7f14-4f84-a85c-34b21c6d498c,1,205,ZFM-04080
pupil,no_stim,-0.35000000000000003,413.5868740232233,2.1589046513516905,d45f1a4a-7f14-4f84-a85c-34b21c6d498c,1,205,ZFM-04080
pupil,no_stim,-0.25000000000000006,411.60088165221623,0.17291228034463302,d45f1a4a-7f14-4f84-a85c-34b21c6d498c,1,205,ZFM-04080
pupil,no_stim,-0.15000000000000008,409.25336729608387,-2.174602075787732,d45f1a4a-7f14-4f84-a85c-34b21c6d498c,1,205,ZFM-04080
pupil,no_stim,-0.050000000000000086,406.92921756443917,-4.498751807432427,d45f1a4a-7f14-4f84-a85c-34b21c6d498c,1,205,ZFM-04080
pupil,no_stim,0.04999999999999989,405.17294135817724,-6.255028013694357,d45f1a4a-7f14-4f84-a85c-34b21c6d498c,1,205,ZFM-04080
pupil,no_stim,0.14999999999999986,404.6247596824985,-6.803209689373091,d45f1a4a-7f14-4f84-a85c-34b21c6d498c,1,205,ZFM-04080
pupil,no_stim,0.24999999999999983,406.0139182747337,-5.414051097137872,d45f1a4a-7f14-4f84-a85c-34b21c6d498c,1,205,ZFM-04080
pupil,no_stim,0.3499999999999998,412.6247867509961,1.196817379124525,d45f1a4a-7f14-4f84-a85c-34b21c6d498c,1,205,ZFM-04080
pupil,no_stim,0.4499999999999998,425.74212192900796,14.314152557136367,d45f1a4a-7f14-4f84-a85c-34b21c6d498c,1,205,ZFM-04080
pupil,no_stim,0.5499999999999998,443.2390042959916,31.81103492412001,d45f1a4a-7f14-4f84-a85c-34b21c6d498c,1,205,ZFM-04080
pupil,no_stim,0.6499999999999998,458.3118692521724,46.88389988030082,d45f1a4a-7f14-4f84-a85c-34b21c6d498c,1,205,ZFM-04080
pupil,no_stim,0.7499999999999998,467.863776299206,56.4358069273344,d45f1a4a-7f14-4f84-a85c-34b21c6d498c,1,205,ZFM-04080
pupil,no_stim,0.8499999999999998,471.5643885828301,60.13641921095848,d45f1a4a-7f14-4f84-a85c-34b21c6d498c,1,205,ZFM-04080
pupil,no_stim,0.9499999999999997,472.03375817955975,60.60578880768816,d45f1a4a-7f14-4f84-a85c-34b21c6d498c,1,205,ZFM-04080
pupil,no_stim,1.0499999999999996,471.19294969838535,59.76498032651375,d45f1a4a-7f14-4f84-a85c-34b21c6d498c,1,205,ZFM-04080
pupil,no_stim,1.1499999999999997,470.18828021990345,58.76031084803185,d45f1a4a-7f14-4f84-a85c-34b21c6d498c,1,205,ZFM-04080
pupil,no_stim,1.2499999999999998,470.9770726129381,59.54910324106652,d45f1a4a-7f14-4f84-a85c-34b21c6d498c,1,205,ZFM-04080
pupil,no_stim,1.3499999999999996,471.2689918328753,59.84102246100372,d45f1a4a-7f14-4f84-a85c-34b21c6d498c,1,205,ZFM-04080
pupil,no_stim,1.4499999999999995,471.1117280475506,59.68375867567903,d45f1a4a-7f14-4f84-a85c-34b21c6d498c,1,205,ZFM-04080
pupil,no_stim,1.5499999999999996,470.64022493297796,59.21225556110636,d45f1a4a-7f14-4f84-a85c-34b21c6d498c,1,205,ZFM-04080
pupil,no_stim,1.6499999999999997,469.05578218292226,57.62781281105066,d45f1a4a-7f14-4f84-a85c-34b21c6d498c,1,205,ZFM-04080
pupil,no_stim,1.7499999999999996,466.70718096811595,55.27921159624435,d45f1a4a-7f14-4f84-a85c-34b21c6d498c,1,205,ZFM-04080
pupil,no_stim,1.8499999999999994,462.9075606133382,51.47959124146661,d45f1a4a-7f14-4f84-a85c-34b21c6d498c,1,205,ZFM-04080
pupil,no_stim,1.9499999999999995,458.2578233001442,46.8298539282726,d45f1a4a-7f14-4f84-a85c-34b21c6d498c,1,205,ZFM-04080
pupil,no_stim,2.0499999999999994,453.95294762324517,42.52497825137357,d45f1a4a-7f14-4f84-a85c-34b21c6d498c,1,205,ZFM-04080
pupil,no_stim,2.1499999999999995,449.8081733162299,38.3802039443583,d45f1a4a-7f14-4f84-a85c-34b21c6d498c,1,205,ZFM-04080
pupil,no_stim,2.249999999999999,445.6544454439798,34.2264760721082,d45f1a4a-7f14-4f84-a85c-34b21c6d498c,1,205,ZFM-04080
pupil,no_stim,2.349999999999999,441.4581841832246,30.030214811353005,d45f1a4a-7f14-4f84-a85c-34b21c6d498c,1,205,ZFM-04080
pupil,no_stim,2.4499999999999993,437.4636989099806,26.035729538109024,d45f1a4a-7f14-4f84-a85c-34b21c6d498c,1,205,ZFM-04080
pupil,no_stim,2.549999999999999,433.50273197601484,22.074762604143245,d45f1a4a-7f14-4f84-a85c-34b21c6d498c,1,205,ZFM-04080
pupil,no_stim,2.649999999999999,429.3542633084714,17.92629393659979,d45f1a4a-7f14-4f84-a85c-34b21c6d498c,1,205,ZFM-04080
pupil,no_stim,2.749999999999999,425.9557460762146,14.527776704343012,d45f1a4a-7f14-4f84-a85c-34b21c6d498c,1,205,ZFM-04080
pupil,no_stim,2.849999999999999,423.85241981116053,12.424450439288933,d45f1a4a-7f14-4f84-a85c-34b21c6d498c,1,205,ZFM-04080
pupil,no_stim,2.9499999999999993,423.06774273978687,11.639773367915268,d45f1a4a-7f14-4f84-a85c-34b21c6d498c,1,205,ZFM-04080
pupil,no_stim,3.049999999999999,422.1894241951476,10.761454823275983,d45f1a4a-7f14-4f84-a85c-34b21c6d498c,1,205,ZFM-04080
pupil,no_stim,3.149999999999999,419.3058510683312,7.87788169645961,d45f1a4a-7f14-4f84-a85c-34b21c6d498c,1,205,ZFM-04080
pupil,no_stim,3.249999999999999,415.8245289793181,4.396559607446477,d45f1a4a-7f14-4f84-a85c-34b21c6d498c,1,205,ZFM-04080
pupil,no_stim,3.3499999999999988,413.52690993903394,2.0989405671623445,d45f1a4a-7f14-4f84-a85c-34b21c6d498c,1,205,ZFM-04080
pupil,no_stim,3.449999999999999,412.9064448328954,1.478475461023777,d45f1a4a-7f14-4f84-a85c-34b21c6d498c,1,205,ZFM-04080
pupil,no_stim,3.549999999999999,412.0500686480773,0.6220992762056881,d45f1a4a-7f14-4f84-a85c-34b21c6d498c,1,205,ZFM-04080
pupil,no_stim,3.649999999999999,411.0841717238495,-0.34379764802207546,d45f1a4a-7f14-4f84-a85c-34b21c6d498c,1,205,ZFM-04080
pupil,no_stim,3.749999999999999,410.88585593773075,-0.5421134341408447,d45f1a4a-7f14-4f84-a85c-34b21c6d498c,1,205,ZFM-04080
pupil,no_stim,3.8499999999999988,411.9899696373919,0.5620002655202825,d45f1a4a-7f14-4f84-a85c-34b21c6d498c,1,205,ZFM-04080
pupil,no_stim,3.949999999999999,414.49844427610583,3.0704749042342314,d45f1a4a-7f14-4f84-a85c-34b21c6d498c,1,205,ZFM-04080
pupil,stim,-0.45,50.290415379507536,3.573038360836101,8a1808ee-44ab-4572-b7ac-921a1af98748,1,333,ZFM-04122
pupil,stim,-0.35000000000000003,49.40164079438599,2.6842637757145553,8a1808ee-44ab-4572-b7ac-921a1af98748,1,333,ZFM-04122
pupil,stim,-0.25000000000000006,47.88346404911784,1.1660870304464055,8a1808ee-44ab-4572-b7ac-921a1af98748,1,333,ZFM-04122
pupil,stim,-0.15000000000000008,45.655862526818424,-1.0615144918530106,8a1808ee-44ab-4572-b7ac-921a1af98748,1,333,ZFM-04122
pupil,stim,-0.050000000000000086,40.3555023435274,-6.361874675144037,8a1808ee-44ab-4572-b7ac-921a1af98748,1,333,ZFM-04122
pupil,stim,0.04999999999999989,32.68440254165029,-14.032974477021142,8a1808ee-44ab-4572-b7ac-921a1af98748,1,333,ZFM-04122
pupil,stim,0.14999999999999986,24.064255299197733,-22.653121719473702,8a1808ee-44ab-4572-b7ac-921a1af98748,1,333,ZFM-04122
pupil,stim,0.24999999999999983,18.78098907629478,-27.936387942376655,8a1808ee-44ab-4572-b7ac-921a1af98748,1,333,ZFM-04122
pupil,stim,0.3499999999999998,18.417580025624577,-28.299796993046858,8a1808ee-44ab-4572-b7ac-921a1af98748,1,333,ZFM-04122
pupil,stim,0.4499999999999998,20.283363345187645,-26.43401367348379,8a1808ee-44ab-4572-b7ac-921a1af98748,1,333,ZFM-04122
pupil,stim,0.5499999999999998,22.602818197420504,-24.11455882125093,8a1808ee-44ab-4572-b7ac-921a1af98748,1,333,ZFM-04122
pupil,stim,0.6499999999999998,25.17986483395442,-21.537512184717016,8a1808ee-44ab-4572-b7ac-921a1af98748,1,333,ZFM-04122
pupil,stim,0.7499999999999998,27.677987038372233,-19.0393899802992,8a1808ee-44ab-4572-b7ac-921a1af98748,1,333,ZFM-04122
pupil,stim,0.8499999999999998,30.016522823073057,-16.700854195598378,8a1808ee-44ab-4572-b7ac-921a1af98748,1,333,ZFM-04122
pupil,stim,0.9499999999999997,32.00166949978634,-14.715707518885097,8a1808ee-44ab-4572-b7ac-921a1af98748,1,333,ZFM-04122
pupil,stim,1.0499999999999996,33.45353255303867,-13.263844465632765,8a1808ee-44ab-4572-b7ac-921a1af98748,1,333,ZFM-04122
pupil,stim,1.1499999999999997,35.636388138393194,-11.080988880278241,8a1808ee-44ab-4572-b7ac-921a1af98748,1,333,ZFM-04122
pupil,stim,1.2499999999999998,37.33899639110374,-9.378380627567694,8a1808ee-44ab-4572-b7ac-921a1af98748,1,333,ZFM-04122
pupil,stim,1.3499999999999996,40.731288004434866,-5.986089014236569,8a1808ee-44ab-4572-b7ac-921a1af98748,1,333,ZFM-04122
pupil,stim,1.4499999999999995,44.79468289854312,-1.9226941201283125,8a1808ee-44ab-4572-b7ac-921a1af98748,1,333,ZFM-04122
pupil,stim,1.5499999999999996,49.00385145929132,2.286474440619884,8a1808ee-44ab-4572-b7ac-921a1af98748,1,333,ZFM-04122
pupil,stim,1.6499999999999997,52.58001098569226,5.862633967020827,8a1808ee-44ab-4572-b7ac-921a1af98748,1,333,ZFM-04122
pupil,stim,1.7499999999999996,54.433918496370005,7.71654147769857,8a1808ee-44ab-4572-b7ac-921a1af98748,1,333,ZFM-04122
pupil,stim,1.8499999999999994,55.82667673366338,9.109299714991948,8a1808ee-44ab-4572-b7ac-921a1af98748,1,333,ZFM-04122
pupil,stim,1.9499999999999995,57.67088556598607,10.953508547314634,8a1808ee-44ab-4572-b7ac-921a1af98748,1,333,ZFM-04122
pupil,stim,2.0499999999999994,59.83861085940465,13.121233840733218,8a1808ee-44ab-4572-b7ac-921a1af98748,1,333,ZFM-04122
pupil,stim,2.1499999999999995,61.45584416448822,14.738467145816784,8a1808ee-44ab-4572-b7ac-921a1af98748,1,333,ZFM-04122
pupil,stim,2.249999999999999,62.9327244770205,16.215347458349065,8a1808ee-44ab-4572-b7ac-921a1af98748,1,333,ZFM-04122
pupil,stim,2.349999999999999,63.735789777853,17.018412759181565,8a1808ee-44ab-4572-b7ac-921a1af98748,1,333,ZFM-04122
pupil,stim,2.4499999999999993,63.50577699415111,16.788399975479678,8a1808ee-44ab-4572-b7ac-921a1af98748,1,333,ZFM-04122
pupil,stim,2.549999999999999,62.69150502220859,15.974128003537153,8a1808ee-44ab-4572-b7ac-921a1af98748,1,333,ZFM-04122
pupil,stim,2.649999999999999,62.333540478185284,15.61616345951385,8a1808ee-44ab-4572-b7ac-921a1af98748,1,333,ZFM-04122
pupil,stim,2.749999999999999,62.08930764476993,15.371930626098496,8a1808ee-44ab-4572-b7ac-921a1af98748,1,333,ZFM-04122
pupil,stim,2.849999999999999,61.428873053387136,14.7114960347157,8a1808ee-44ab-4572-b7ac-921a1af98748,1,333,ZFM-04122
pupil,stim,2.9499999999999993,59.49809974862454,12.780722729953105,8a1808ee-44ab-4572-b7ac-921a1af98748,1,333,ZFM-04122
pupil,stim,3.049999999999999,56.668157889675996,9.95078087100456,8a1808ee-44ab-4572-b7ac-921a1af98748,1,333,ZFM-04122
pupil,stim,3.149999999999999,54.52284491627193,7.805467897600494,8a1808ee-44ab-4572-b7ac-921a1af98748,1,333,ZFM-04122
pupil,stim,3.249999999999999,53.71140357754683,6.994026558875397,8a1808ee-44ab-4572-b7ac-921a1af98748,1,333,ZFM-04122
pupil,stim,3.3499999999999988,53.11828934804498,6.400912329373547,8a1808ee-44ab-4572-b7ac-921a1af98748,1,333,ZFM-04122
pupil,stim,3.449999999999999,52.98499199103594,6.267614972364505,8a1808ee-44ab-4572-b7ac-921a1af98748,1,333,ZFM-04122
pupil,stim,3.549999999999999,52.556283906722086,5.838906888050651,8a1808ee-44ab-4572-b7ac-921a1af98748,1,333,ZFM-04122
pupil,stim,3.649999999999999,51.61275440826711,4.895377389595673,8a1808ee-44ab-4572-b7ac-921a1af98748,1,333,ZFM-04122
pupil,stim,3.749999999999999,50.06222219083952,3.3448451721680854,8a1808ee-44ab-4572-b7ac-921a1af98748,1,333,ZFM-04122
pupil,stim,3.8499999999999988,48.5996932328405,1.882316214169066,8a1808ee-44ab-4572-b7ac-921a1af98748,1,333,ZFM-04122
pupil,stim,3.949999999999999,47.4429457844196,0.7255687657481644,8a1808ee-44ab-4572-b7ac-921a1af98748,1,333,ZFM-04122
pupil,no_stim,-0.45,55.34126722674419,3.2610579757221956,8a1808ee-44ab-4572-b7ac-921a1af98748,1,335,ZFM-04122
pupil,no_stim,-0.35000000000000003,54.91780098194505,2.8375917309230516,8a1808ee-44ab-4572-b7ac-921a1af98748,1,335,ZFM-04122
pupil,no_stim,-0.25000000000000006,53.654693217767026,1.5744839667450279,8a1808ee-44ab-4572-b7ac-921a1af98748,1,335,ZFM-04122
pupil,no_stim,-0.15000000000000008,51.19115191893142,-0.8890573320905801,8a1808ee-44ab-4572-b7ac-921a1af98748,1,335,ZFM-04122
pupil,no_stim,-0.050000000000000086,45.296132909722324,-6.784076341299674,8a1808ee-44ab-4572-b7ac-921a1af98748,1,335,ZFM-04122
pupil,no_stim,0.04999999999999989,35.51357200950105,-16.56663724152095,8a1808ee-44ab-4572-b7ac-921a1af98748,1,335,ZFM-04122
pupil,no_stim,0.14999999999999986,25.499233238930934,-26.580976012091064,8a1808ee-44ab-4572-b7ac-921a1af98748,1,335,ZFM-04122
pupil,no_stim,0.24999999999999983,20.194385572099396,-31.885823678922602,8a1808ee-44ab-4572-b7ac-921a1af98748,1,335,ZFM-04122
pupil,no_stim,0.3499999999999998,20.242596069334233,-31.837613181687765,8a1808ee-44ab-4572-b7ac-921a1af98748,1,335,ZFM-04122
pupil,no_stim,0.4499999999999998,22.655968385959834,-29.424240865062163,8a1808ee-44ab-4572-b7ac-921a1af98748,1,335,ZFM-04122
pupil,no_stim,0.5499999999999998,25.905487268593674,-26.174721982428323,8a1808ee-44ab-4572-b7ac-921a1af98748,1,335,ZFM-04122
pupil,no_stim,0.6499999999999998,29.966690293869373,-22.113518957152625,8a1808ee-44ab-4572-b7ac-921a1af98748,1,335,ZFM-04122
pupil,no_stim,0.7499999999999998,34.5924885660745,-17.487720684947497,8a1808ee-44ab-4572-b7ac-921a1af98748,1,335,ZFM-04122
pupil,no_stim,0.8499999999999998,37.39846878251844,-14.681740468503556,8a1808ee-44ab-4572-b7ac-921a1af98748,1,335,ZFM-04122
pupil,no_stim,0.9499999999999997,38.73157669527699,-13.348632555745006,8a1808ee-44ab-4572-b7ac-921a1af98748,1,335,ZFM-04122
pupil,no_stim,1.0499999999999996,39.59407693568913,-12.486132315332867,8a1808ee-44ab-4572-b7ac-921a1af98748,1,335,ZFM-04122
pupil,no_stim,1.1499999999999997,41.35000218365339,-10.73020706736861,8a1808ee-44ab-4572-b7ac-921a1af98748,1,335,ZFM-04122
pupil,no_stim,1.2499999999999998,43.59039730419026,-8.489811946831736,8a1808ee-44ab-4572-b7ac-921a1af98748,1,335,ZFM-04122
pupil,no_stim,1.3499999999999996,45.69085520231191,-6.389354048710089,8a1808ee-44ab-4572-b7ac-921a1af98748,1,335,ZFM-04122
pupil,no_stim,1.4499999999999995,47.449758738448914,-4.630450512573084,8a1808ee-44ab-4572-b7ac-921a1af98748,1,335,ZFM-04122
pupil,no_stim,1.5499999999999996,49.551139477373276,-2.5290697736487218,8a1808ee-44ab-4572-b7ac-921a1af98748,1,335,ZFM-04122
pupil,no_stim,1.6499999999999997,51.98077996162409,-0.09942928939791074,8a1808ee-44ab-4572-b7ac-921a1af98748,1,335,ZFM-04122
pupil,no_stim,1.7499999999999996,54.459199432123654,2.3789901811016563,8a1808ee-44ab-4572-b7ac-921a1af98748,1,335,ZFM-04122
pupil,no_stim,1.8499999999999994,56.43361879057477,4.353409539552771,8a1808ee-44ab-4572-b7ac-921a1af98748,1,335,ZFM-04122
pupil,no_stim,1.9499999999999995,58.64980368315283,6.569594432130835,8a1808ee-44ab-4572-b7ac-921a1af98748,1,335,ZFM-04122
pupil,no_stim,2.0499999999999994,60.64737663541129,8.567167384389293,8a1808ee-44ab-4572-b7ac-921a1af98748,1,335,ZFM-04122
pupil,no_stim,2.1499999999999995,62.41695288937776,10.336743638355763,8a1808ee-44ab-4572-b7ac-921a1af98748,1,335,ZFM-04122
pupil,no_stim,2.249999999999999,65.37165238156594,13.29144313054394,8a1808ee-44ab-4572-b7ac-921a1af98748,1,335,ZFM-04122
pupil,no_stim,2.349999999999999,68.68829330710527,16.60808405608327,8a1808ee-44ab-4572-b7ac-921a1af98748,1,335,ZFM-04122
pupil,no_stim,2.4499999999999993,70.48726605643597,18.407056805413973,8a1808ee-44ab-4572-b7ac-921a1af98748,1,335,ZFM-04122
pupil,no_stim,2.549999999999999,70.7084563088104,18.6282470577884,8a1808ee-44ab-4572-b7ac-921a1af98748,1,335,ZFM-04122
pupil,no_stim,2.649999999999999,70.87967781384101,18.799468562819015,8a1808ee-44ab-4572-b7ac-921a1af98748,1,335,ZFM-04122
pupil,no_stim,2.749999999999999,70.54605400048946,18.465844749467465,8a1808ee-44ab-4572-b7ac-921a1af98748,1,335,ZFM-04122
pupil,no_stim,2.849999999999999,69.85735975451459,17.777150503492592,8a1808ee-44ab-4572-b7ac-921a1af98748,1,335,ZFM-04122
pupil,no_stim,2.9499999999999993,67.63652849716622,15.556319246144227,8a1808ee-44ab-4572-b7ac-921a1af98748,1,335,ZFM-04122
pupil,no_stim,3.049999999999999,65.41305631187308,13.33284706085108,8a1808ee-44ab-4572-b7ac-921a1af98748,1,335,ZFM-04122
pupil,no_stim,3.149999999999999,63.50436034585782,11.424151094835821,8a1808ee-44ab-4572-b7ac-921a1af98748,1,335,ZFM-04122
pupil,no_stim,3.249999999999999,61.816901420893835,9.736692169871837,8a1808ee-44ab-4572-b7ac-921a1af98748,1,335,ZFM-04122
pupil,no_stim,3.3499999999999988,59.76742947182744,7.687220220805443,8a1808ee-44ab-4572-b7ac-921a1af98748,1,335,ZFM-04122
pupil,no_stim,3.449999999999999,57.100491659813464,5.020282408791466,8a1808ee-44ab-4572-b7ac-921a1af98748,1,335,ZFM-04122
pupil,no_stim,3.549999999999999,54.92022911597567,2.8400198649536748,8a1808ee-44ab-4572-b7ac-921a1af98748,1,335,ZFM-04122
pupil,no_stim,3.649999999999999,53.448750988782066,1.3685417377600686,8a1808ee-44ab-4572-b7ac-921a1af98748,1,335,ZFM-04122
pupil,no_stim,3.749999999999999,52.50383010828916,0.42362085726716003,8a1808ee-44ab-4572-b7ac-921a1af98748,1,335,ZFM-04122
pupil,no_stim,3.8499999999999988,51.408151688491415,-0.6720575625305827,8a1808ee-44ab-4572-b7ac-921a1af98748,1,335,ZFM-04122
pupil,no_stim,3.949999999999999,50.02344383958096,-2.0567654114410345,8a1808ee-44ab-4572-b7ac-921a1af98748,1,335,ZFM-04122
pupil,stim,-0.45,84.49534746894189,0.39803246698176054,c3ac69ad-851a-475c-8ba8-e44e9bd76dcb,1,425,ZFM-04122
pupil,stim,-0.35000000000000003,85.13756675449974,1.0402517525396178,c3ac69ad-851a-475c-8ba8-e44e9bd76dcb,1,425,ZFM-04122
pupil,stim,-0.25000000000000006,85.25647083170931,1.1591558297491815,c3ac69ad-851a-475c-8ba8-e44e9bd76dcb,1,425,ZFM-04122
pupil,stim,-0.15000000000000008,84.96192737736797,0.8646123754078445,c3ac69ad-851a-475c-8ba8-e44e9bd76dcb,1,425,ZFM-04122
pupil,stim,-0.050000000000000086,80.63526257728176,-3.4620524246783617,c3ac69ad-851a-475c-8ba8-e44e9bd76dcb,1,425,ZFM-04122
pupil,stim,0.04999999999999989,72.85649994885273,-11.240815053107397,c3ac69ad-851a-475c-8ba8-e44e9bd76dcb,1,425,ZFM-04122
pupil,stim,0.14999999999999986,63.48070102286928,-20.616613979090843,c3ac69ad-851a-475c-8ba8-e44e9bd76dcb,1,425,ZFM-04122
pupil,stim,0.24999999999999983,55.59555294992609,-28.50176205203404,c3ac69ad-851a-475c-8ba8-e44e9bd76dcb,1,425,ZFM-04122
pupil,stim,0.3499999999999998,51.219445430976606,-32.87786957098352,c3ac69ad-851a-475c-8ba8-e44e9bd76dcb,1,425,ZFM-04122
pupil,stim,0.4499999999999998,48.812734151444026,-35.2845808505161,c3ac69ad-851a-475c-8ba8-e44e9bd76dcb,1,425,ZFM-04122
pupil,stim,0.5499999999999998,48.231790531634026,-35.8655244703261,c3ac69ad-851a-475c-8ba8-e44e9bd76dcb,1,425,ZFM-04122
pupil,stim,0.6499999999999998,49.16938107901083,-34.92793392294929,c3ac69ad-851a-475c-8ba8-e44e9bd76dcb,1,425,ZFM-04122
pupil,stim,0.7499999999999998,50.666727728845125,-33.430587273115,c3ac69ad-851a-475c-8ba8-e44e9bd76dcb,1,425,ZFM-04122
pupil,stim,0.8499999999999998,52.61606864295546,-31.481246359004665,c3ac69ad-851a-475c-8ba8-e44e9bd76dcb,1,425,ZFM-04122
pupil,stim,0.9499999999999997,54.828040033332314,-29.269274968627812,c3ac69ad-851a-475c-8ba8-e44e9bd76dcb,1,425,ZFM-04122
pupil,stim,1.0499999999999996,57.5707348857262,-26.526580116233923,c3ac69ad-851a-475c-8ba8-e44e9bd76dcb,1,425,ZFM-04122
pupil,stim,1.1499999999999997,59.24434065548058,-24.85297434647955,c3ac69ad-851a-475c-8ba8-e44e9bd76dcb,1,425,ZFM-04122
pupil,stim,1.2499999999999998,59.61687708150352,-24.48043792045661,c3ac69ad-851a-475c-8ba8-e44e9bd76dcb,1,425,ZFM-04122
pupil,stim,1.3499999999999996,60.14986529740168,-23.947449704558444,c3ac69ad-851a-475c-8ba8-e44e9bd76dcb,1,425,ZFM-04122
pupil,stim,1.4499999999999995,62.45475241453978,-21.642562587420343,c3ac69ad-851a-475c-8ba8-e44e9bd76dcb,1,425,ZFM-04122
pupil,stim,1.5499999999999996,65.07771122156366,-19.019603780396466,c3ac69ad-851a-475c-8ba8-e44e9bd76dcb,1,425,ZFM-04122
pupil,stim,1.6499999999999997,66.00110876318288,-18.096206238777242,c3ac69ad-851a-475c-8ba8-e44e9bd76dcb,1,425,ZFM-04122
pupil,stim,1.7499999999999996,66.94631766466044,-17.150997337299685,c3ac69ad-851a-475c-8ba8-e44e9bd76dcb,1,425,ZFM-04122
pupil,stim,1.8499999999999994,68.61387354985747,-15.483441452102653,c3ac69ad-851a-475c-8ba8-e44e9bd76dcb,1,425,ZFM-04122
pupil,stim,1.9499999999999995,71.43323283171043,-12.6640821702497,c3ac69ad-851a-475c-8ba8-e44e9bd76dcb,1,425,ZFM-04122
pupil,stim,2.0499999999999994,74.08687890036495,-10.010436101595175,c3ac69ad-851a-475c-8ba8-e44e9bd76dcb,1,425,ZFM-04122
pupil,stim,2.1499999999999995,75.0924460107053,-9.004868991254824,c3ac69ad-851a-475c-8ba8-e44e9bd76dcb,1,425,ZFM-04122
pupil,stim,2.249999999999999,75.18515764230736,-8.912157359652767,c3ac69ad-851a-475c-8ba8-e44e9bd76dcb,1,425,ZFM-04122
pupil,stim,2.349999999999999,75.71680639191436,-8.380508610045766,c3ac69ad-851a-475c-8ba8-e44e9bd76dcb,1,425,ZFM-04122
pupil,stim,2.4499999999999993,77.44557136329959,-6.651743638660534,c3ac69ad-851a-475c-8ba8-e44e9bd76dcb,1,425,ZFM-04122
pupil,stim,2.549999999999999,79.31058594303538,-4.786729058924749,c3ac69ad-851a-475c-8ba8-e44e9bd76dcb,1,425,ZFM-04122
pupil,stim,2.649999999999999,80.85758695678575,-3.239728045174374,c3ac69ad-851a-475c-8ba8-e44e9bd76dcb,1,425,ZFM-04122
pupil,stim,2.749999999999999,81.58291009921884,-2.5144049027412905,c3ac69ad-851a-475c-8ba8-e44e9bd76dcb,1,425,ZFM-04122
pupil,stim,2.849999999999999,81.3203970745515,-2.7769179274086326,c3ac69ad-851a-475c-8ba8-e44e9bd76dcb,1,425,ZFM-04122
pupil,stim,2.9499999999999993,80.58959295283763,-3.507722049122492,c3ac69ad-851a-475c-8ba8-e44e9bd76dcb,1,425,ZFM-04122
pupil,stim,3.049999999999999,80.1673160642737,-3.9299989376864204,c3ac69ad-851a-475c-8ba8-e44e9bd76dcb,1,425,ZFM-04122
pupil,stim,3.149999999999999,79.91404628749666,-4.183268714463466,c3ac69ad-851a-475c-8ba8-e44e9bd76dcb,1,425,ZFM-04122
pupil,stim,3.249999999999999,79.1625729490924,-4.934742052867733,c3ac69ad-851a-475c-8ba8-e44e9bd76dcb,1,425,ZFM-04122
pupil,stim,3.3499999999999988,78.43682852256929,-5.6604864793908405,c3ac69ad-851a-475c-8ba8-e44e9bd76dcb,1,425,ZFM-04122
pupil,stim,3.449999999999999,77.6415508089557,-6.455764193004427,c3ac69ad-851a-475c-8ba8-e44e9bd76dcb,1,425,ZFM-04122
pupil,stim,3.549999999999999,76.6462945091762,-7.451020492783925,c3ac69ad-851a-475c-8ba8-e44e9bd76dcb,1,425,ZFM-04122
pupil,stim,3.649999999999999,74.95387419377153,-9.1434408081886,c3ac69ad-851a-475c-8ba8-e44e9bd76dcb,1,425,ZFM-04122
pupil,stim,3.749999999999999,72.77842360553255,-11.318891396427574,c3ac69ad-851a-475c-8ba8-e44e9bd76dcb,1,425,ZFM-04122
pupil,stim,3.8499999999999988,71.46475122538214,-12.632563776577982,c3ac69ad-851a-475c-8ba8-e44e9bd76dcb,1,425,ZFM-04122
pupil,stim,3.949999999999999,70.72949540052758,-13.367819601432544,c3ac69ad-851a-475c-8ba8-e44e9bd76dcb,1,425,ZFM-04122
pupil,no_stim,-0.45,85.78694144415735,2.849528857472322,c3ac69ad-851a-475c-8ba8-e44e9bd76dcb,1,461,ZFM-04122
pupil,no_stim,-0.35000000000000003,85.43654173441767,2.4991291477326456,c3ac69ad-851a-475c-8ba8-e44e9bd76dcb,1,461,ZFM-04122
pupil,no_stim,-0.25000000000000006,84.1507158442225,1.2133032575374756,c3ac69ad-851a-475c-8ba8-e44e9bd76dcb,1,461,ZFM-04122
pupil,no_stim,-0.15000000000000008,82.26323465882821,-0.6741779278568174,c3ac69ad-851a-475c-8ba8-e44e9bd76dcb,1,461,ZFM-04122
pupil,no_stim,-0.050000000000000086,77.04962925179939,-5.88778333488564,c3ac69ad-851a-475c-8ba8-e44e9bd76dcb,1,461,ZFM-04122
pupil,no_stim,0.04999999999999989,69.45187424168932,-13.485538344995703,c3ac69ad-851a-475c-8ba8-e44e9bd76dcb,1,461,ZFM-04122
pupil,no_stim,0.14999999999999986,61.28119174333094,-21.656220843354085,c3ac69ad-851a-475c-8ba8-e44e9bd76dcb,1,461,ZFM-04122
pupil,no_stim,0.24999999999999983,54.730909610608954,-28.206502976076074,c3ac69ad-851a-475c-8ba8-e44e9bd76dcb,1,461,ZFM-04122
pupil,no_stim,0.3499999999999998,51.679329236252336,-31.258083350432692,c3ac69ad-851a-475c-8ba8-e44e9bd76dcb,1,461,ZFM-04122
pupil,no_stim,0.4499999999999998,50.82889400578743,-32.108518580897595,c3ac69ad-851a-475c-8ba8-e44e9bd76dcb,1,461,ZFM-04122
pupil,no_stim,0.5499999999999998,52.60887214588666,-30.32854044079837,c3ac69ad-851a-475c-8ba8-e44e9bd76dcb,1,461,ZFM-04122
pupil,no_stim,0.6499999999999998,56.080395471342406,-26.85701711534262,c3ac69ad-851a-475c-8ba8-e44e9bd76dcb,1,461,ZFM-04122
pupil,no_stim,0.7499999999999998,59.72102330304396,-23.21638928364107,c3ac69ad-851a-475c-8ba8-e44e9bd76dcb,1,461,ZFM-04122
pupil,no_stim,0.8499999999999998,61.184806581128974,-21.752606005556054,c3ac69ad-851a-475c-8ba8-e44e9bd76dcb,1,461,ZFM-04122
pupil,no_stim,0.9499999999999997,61.47692180782402,-21.460490778861008,c3ac69ad-851a-475c-8ba8-e44e9bd76dcb,1,461,ZFM-04122
pupil,no_stim,1.0499999999999996,61.39381155894765,-21.54360102773738,c3ac69ad-851a-475c-8ba8-e44e9bd76dcb,1,461,ZFM-04122
pupil,no_stim,1.1499999999999997,61.74946161891388,-21.18795096777115,c3ac69ad-851a-475c-8ba8-e44e9bd76dcb,1,461,ZFM-04122
pupil,no_stim,1.2499999999999998,62.445518893417336,-20.49189369326769,c3ac69ad-851a-475c-8ba8-e44e9bd76dcb,1,461,ZFM-04122
pupil,no_stim,1.3499999999999996,63.572673074984266,-19.364739511700762,c3ac69ad-851a-475c-8ba8-e44e9bd76dcb,1,461,ZFM-04122
pupil,no_stim,1.4499999999999995,65.06847250355895,-17.868940083126077,c3ac69ad-851a-475c-8ba8-e44e9bd76dcb,1,461,ZFM-04122
pupil,no_stim,1.5499999999999996,66.5310438320447,-16.406368754640326,c3ac69ad-851a-475c-8ba8-e44e9bd76dcb,1,461,ZFM-04122
pupil,no_stim,1.6499999999999997,67.70334677230322,-15.234065814381808,c3ac69ad-851a-475c-8ba8-e44e9bd76dcb,1,461,ZFM-04122
pupil,no_stim,1.7499999999999996,68.73169858756799,-14.205713999117037,c3ac69ad-851a-475c-8ba8-e44e9bd76dcb,1,461,ZFM-04122
pupil,no_stim,1.8499999999999994,69.90846596688598,-13.028946619799044,c3ac69ad-851a-475c-8ba8-e44e9bd76dcb,1,461,ZFM-04122
pupil,no_stim,1.9499999999999995,71.36233234120084,-11.575080245484187,c3ac69ad-851a-475c-8ba8-e44e9bd76dcb,1,461,ZFM-04122
pupil,no_stim,2.0499999999999994,73.5293137709864,-9.408098815698622,c3ac69ad-851a-475c-8ba8-e44e9bd76dcb,1,461,ZFM-04122
pupil,no_stim,2.1499999999999995,75.63939643421412,-7.2980161524709075,c3ac69ad-851a-475c-8ba8-e44e9bd76dcb,1,461,ZFM-04122
pupil,no_stim,2.249999999999999,78.04731829331789,-4.890094293367142,c3ac69ad-851a-475c-8ba8-e44e9bd76dcb,1,461,ZFM-04122
pupil,no_stim,2.349999999999999,80.04232300075458,-2.8950895859304495,c3ac69ad-851a-475c-8ba8-e44e9bd76dcb,1,461,ZFM-04122
pupil,no_stim,2.4499999999999993,80.72024029487878,-2.21717229180625,c3ac69ad-851a-475c-8ba8-e44e9bd76dcb,1,461,ZFM-04122
pupil,no_stim,2.549999999999999,80.95162506721145,-1.9857875194735755,c3ac69ad-851a-475c-8ba8-e44e9bd76dcb,1,461,ZFM-04122
pupil,no_stim,2.649999999999999,82.04752438279195,-0.8898882038930793,c3ac69ad-851a-475c-8ba8-e44e9bd76dcb,1,461,ZFM-04122
pupil,no_stim,2.749999999999999,83.85247161235336,0.9150590256683273,c3ac69ad-851a-475c-8ba8-e44e9bd76dcb,1,461,ZFM-04122
pupil,no_stim,2.849999999999999,85.79432372864459,2.856911141959557,c3ac69ad-851a-475c-8ba8-e44e9bd76dcb,1,461,ZFM-04122
pupil,no_stim,2.9499999999999993,86.08852747332755,3.1511148866425174,c3ac69ad-851a-475c-8ba8-e44e9bd76dcb,1,461,ZFM-04122
pupil,no_stim,3.049999999999999,85.67144958236666,2.7340369956816346,c3ac69ad-851a-475c-8ba8-e44e9bd76dcb,1,461,ZFM-04122
pupil,no_stim,3.149999999999999,84.65346829449052,1.716055707805495,c3ac69ad-851a-475c-8ba8-e44e9bd76dcb,1,461,ZFM-04122
pupil,no_stim,3.249999999999999,83.58516358816293,0.6477510014779,c3ac69ad-851a-475c-8ba8-e44e9bd76dcb,1,461,ZFM-04122
pupil,no_stim,3.3499999999999988,82.4727557210254,-0.4646568656596344,c3ac69ad-851a-475c-8ba8-e44e9bd76dcb,1,461,ZFM-04122
pupil,no_stim,3.449999999999999,80.65631860972199,-2.281093976963035,c3ac69ad-851a-475c-8ba8-e44e9bd76dcb,1,461,ZFM-04122
pupil,no_stim,3.549999999999999,78.89267940759672,-4.044733179088311,c3ac69ad-851a-475c-8ba8-e44e9bd76dcb,1,461,ZFM-04122
pupil,no_stim,3.649999999999999,77.50700484125251,-5.430407745432518,c3ac69ad-851a-475c-8ba8-e44e9bd76dcb,1,461,ZFM-04122
pupil,no_stim,3.749999999999999,75.41678297900984,-7.52062960767519,c3ac69ad-851a-475c-8ba8-e44e9bd76dcb,1,461,ZFM-04122
pupil,no_stim,3.8499999999999988,74.00260788832466,-8.934804698360367,c3ac69ad-851a-475c-8ba8-e44e9bd76dcb,1,461,ZFM-04122
pupil,no_stim,3.949999999999999,73.30703974927464,-9.630372837410391,c3ac69ad-851a-475c-8ba8-e44e9bd76dcb,1,461,ZFM-04122
pupil,stim,-0.45,92.60017915462656,2.5883057403582086,30e67309-433b-4839-88ad-2bef7b33d39e,1,166,ZFM-04122
pupil,stim,-0.35000000000000003,92.7412502723025,2.7293768580341435,30e67309-433b-4839-88ad-2bef7b33d39e,1,166,ZFM-04122
pupil,stim,-0.25000000000000006,91.71043651898526,1.6985631047169107,30e67309-433b-4839-88ad-2bef7b33d39e,1,166,ZFM-04122
pupil,stim,-0.15000000000000008,89.53199467926524,-0.47987873500311196,30e67309-433b-4839-88ad-2bef7b33d39e,1,166,ZFM-04122
pupil,stim,-0.050000000000000086,83.47550644616219,-6.536366968106165,30e67309-433b-4839-88ad-2bef7b33d39e,1,166,ZFM-04122
pupil,stim,0.04999999999999989,76.19129146596167,-13.820581948306682,30e67309-433b-4839-88ad-2bef7b33d39e,1,166,ZFM-04122
pupil,stim,0.14999999999999986,71.31286940976396,-18.69900400450439,30e67309-433b-4839-88ad-2bef7b33d39e,1,166,ZFM-04122
pupil,stim,0.24999999999999983,70.7267711842626,-19.285102230005748,30e67309-433b-4839-88ad-2bef7b33d39e,1,166,ZFM-04122
pupil,stim,0.3499999999999998,73.23052757627873,-16.78134583798962,30e67309-433b-4839-88ad-2bef7b33d39e,1,166,ZFM-04122
pupil,stim,0.4499999999999998,76.29672448209216,-13.715148932176191,30e67309-433b-4839-88ad-2bef7b33d39e,1,166,ZFM-04122
pupil,stim,0.5499999999999998,78.99243196390445,-11.0194414503639,30e67309-433b-4839-88ad-2bef7b33d39e,1,166,ZFM-04122
pupil,stim,0.6499999999999998,79.98766028181801,-10.024213132450342,30e67309-433b-4839-88ad-2bef7b33d39e,1,166,ZFM-04122
pupil,stim,0.7499999999999998,79.17883302651725,-10.833040387751097,30e67309-433b-4839-88ad-2bef7b33d39e,1,166,ZFM-04122
pupil,stim,0.8499999999999998,76.64435791482416,-13.367515499444195,30e67309-433b-4839-88ad-2bef7b33d39e,1,166,ZFM-04122
pupil,stim,0.9499999999999997,73.79329334363479,-16.218580070633564,30e67309-433b-4839-88ad-2bef7b33d39e,1,166,ZFM-04122
pupil,stim,1.0499999999999996,71.71147935963278,-18.300394054635575,30e67309-433b-4839-88ad-2bef7b33d39e,1,166,ZFM-04122
pupil,stim,1.1499999999999997,69.33619611678103,-20.675677297487326,30e67309-433b-4839-88ad-2bef7b33d39e,1,166,ZFM-04122
pupil,stim,1.2499999999999998,67.41303556542091,-22.598837848847438,30e67309-433b-4839-88ad-2bef7b33d39e,1,166,ZFM-04122
pupil,stim,1.3499999999999996,65.37475930028982,-24.637114113978527,30e67309-433b-4839-88ad-2bef7b33d39e,1,166,ZFM-04122
pupil,stim,1.4499999999999995,64.43173818470711,-25.580135229561236,30e67309-433b-4839-88ad-2bef7b33d39e,1,166,ZFM-04122
pupil,stim,1.5499999999999996,64.00451656418275,-26.0073568500856,30e67309-433b-4839-88ad-2bef7b33d39e,1,166,ZFM-04122
pupil,stim,1.6499999999999997,63.81393106944478,-26.197942344823574,30e67309-433b-4839-88ad-2bef7b33d39e,1,166,ZFM-04122
pupil,stim,1.7499999999999996,63.916571429649935,-26.095301984618416,30e67309-433b-4839-88ad-2bef7b33d39e,1,166,ZFM-04122
pupil,stim,1.8499999999999994,64.37244373704517,-25.639429677223177,30e67309-433b-4839-88ad-2bef7b33d39e,1,166,ZFM-04122
pupil,stim,1.9499999999999995,65.5513431952287,-24.460530219039654,30e67309-433b-4839-88ad-2bef7b33d39e,1,166,ZFM-04122
pupil,stim,2.0499999999999994,67.65179527411777,-22.360078140150577,30e67309-433b-4839-88ad-2bef7b33d39e,1,166,ZFM-04122
pupil,stim,2.1499999999999995,69.35657856762624,-20.655294846642107,30e67309-433b-4839-88ad-2bef7b33d39e,1,166,ZFM-04122
pupil,stim,2.249999999999999,70.48139667451503,-19.530476739753325,30e67309-433b-4839-88ad-2bef7b33d39e,1,166,ZFM-04122
pupil,stim,2.349999999999999,71.83974090020652,-18.17213251406183,30e67309-433b-4839-88ad-2bef7b33d39e,1,166,ZFM-04122
pupil,stim,2.4499999999999993,73.83481983038088,-16.17705358388747,30e67309-433b-4839-88ad-2bef7b33d39e,1,166,ZFM-04122
pupil,stim,2.549999999999999,77.17898625169653,-12.832887162571822,30e67309-433b-4839-88ad-2bef7b33d39e,1,166,ZFM-04122
pupil,stim,2.649999999999999,80.15659979699319,-9.85527361727516,30e67309-433b-4839-88ad-2bef7b33d39e,1,166,ZFM-04122
pupil,stim,2.749999999999999,81.70683989096165,-8.305033523306705,30e67309-433b-4839-88ad-2bef7b33d39e,1,166,ZFM-04122
pupil,stim,2.849999999999999,82.99355369093455,-7.0183197233338035,30e67309-433b-4839-88ad-2bef7b33d39e,1,166,ZFM-04122
pupil,stim,2.9499999999999993,83.95079677112133,-6.061076643147018,30e67309-433b-4839-88ad-2bef7b33d39e,1,166,ZFM-04122
pupil,stim,3.049999999999999,84.30466824823198,-5.707205166036374,30e67309-433b-4839-88ad-2bef7b33d39e,1,166,ZFM-04122
pupil,stim,3.149999999999999,83.96656381658428,-6.045309597684067,30e67309-433b-4839-88ad-2bef7b33d39e,1,166,ZFM-04122
pupil,stim,3.249999999999999,83.724293803039,-6.287579611229347,30e67309-433b-4839-88ad-2bef7b33d39e,1,166,ZFM-04122
pupil,stim,3.3499999999999988,83.93338369165306,-6.078489722615288,30e67309-433b-4839-88ad-2bef7b33d39e,1,166,ZFM-04122
pupil,stim,3.449999999999999,84.1454331585861,-5.8664402556822495,30e67309-433b-4839-88ad-2bef7b33d39e,1,166,ZFM-04122
pupil,stim,3.549999999999999,83.84941368897232,-6.162459725296031,30e67309-433b-4839-88ad-2bef7b33d39e,1,166,ZFM-04122
pupil,stim,3.649999999999999,84.18934778706223,-5.822525627206119,30e67309-433b-4839-88ad-2bef7b33d39e,1,166,ZFM-04122
pupil,stim,3.749999999999999,85.36291420066429,-4.6489592136040585,30e67309-433b-4839-88ad-2bef7b33d39e,1,166,ZFM-04122
pupil,stim,3.8499999999999988,84.99491405830528,-5.016959355963067,30e67309-433b-4839-88ad-2bef7b33d39e,1,166,ZFM-04122
pupil,stim,3.949999999999999,83.6085867798581,-6.40328663441025,30e67309-433b-4839-88ad-2bef7b33d39e,1,166,ZFM-04122
pupil,no_stim,-0.45,79.71688238177897,-2.585212321577316,30e67309-433b-4839-88ad-2bef7b33d39e,1,152,ZFM-04122
pupil,no_stim,-0.35000000000000003,81.92455840788338,-0.37753629547290757,30e67309-433b-4839-88ad-2bef7b33d39e,1,152,ZFM-04122
pupil,no_stim,-0.25000000000000006,84.42028780687866,2.1181931035223727,30e67309-433b-4839-88ad-2bef7b33d39e,1,152,ZFM-04122
pupil,no_stim,-0.15000000000000008,84.8252641207554,2.5231694173991173,30e67309-433b-4839-88ad-2bef7b33d39e,1,152,ZFM-04122
pupil,no_stim,-0.050000000000000086,80.62348079948504,-1.678613903871252,30e67309-433b-4839-88ad-2bef7b33d39e,1,152,ZFM-04122
pupil,no_stim,0.04999999999999989,74.89562405242998,-7.406470650926309,30e67309-433b-4839-88ad-2bef7b33d39e,1,152,ZFM-04122
pupil,no_stim,0.14999999999999986,70.39937833080508,-11.902716372551211,30e67309-433b-4839-88ad-2bef7b33d39e,1,152,ZFM-04122
pupil,no_stim,0.24999999999999983,70.11125863156575,-12.190836071790542,30e67309-433b-4839-88ad-2bef7b33d39e,1,152,ZFM-04122
pupil,no_stim,0.3499999999999998,73.24295083319294,-9.059143870163354,30e67309-433b-4839-88ad-2bef7b33d39e,1,152,ZFM-04122
pupil,no_stim,0.4499999999999998,75.3089981113565,-6.993096591999787,30e67309-433b-4839-88ad-2bef7b33d39e,1,152,ZFM-04122
pupil,no_stim,0.5499999999999998,77.25895998012338,-5.04313472323291,30e67309-433b-4839-88ad-2bef7b33d39e,1,152,ZFM-04122
pupil,no_stim,0.6499999999999998,77.82145224935539,-4.4806424540009,30e67309-433b-4839-88ad-2bef7b33d39e,1,152,ZFM-04122
pupil,no_stim,0.7499999999999998,75.65908034653543,-6.643014356820856,30e67309-433b-4839-88ad-2bef7b33d39e,1,152,ZFM-04122
pupil,no_stim,0.8499999999999998,73.50162261001778,-8.800472093338513,30e67309-433b-4839-88ad-2bef7b33d39e,1,152,ZFM-04122
pupil,no_stim,0.9499999999999997,71.04923547692822,-11.252859226428072,30e67309-433b-4839-88ad-2bef7b33d39e,1,152,ZFM-04122
pupil,no_stim,1.0499999999999996,68.59694784757505,-13.705146855781237,30e67309-433b-4839-88ad-2bef7b33d39e,1,152,ZFM-04122
pupil,no_stim,1.1499999999999997,66.40073508255375,-15.901359620802538,30e67309-433b-4839-88ad-2bef7b33d39e,1,152,ZFM-04122
pupil,no_stim,1.2499999999999998,65.12550330290776,-17.17659140044853,30e67309-433b-4839-88ad-2bef7b33d39e,1,152,ZFM-04122
pupil,no_stim,1.3499999999999996,64.99370384177257,-17.308390861583717,30e67309-433b-4839-88ad-2bef7b33d39e,1,152,ZFM-04122
pupil,no_stim,1.4499999999999995,65.26459318947776,-17.037501513878524,30e67309-433b-4839-88ad-2bef7b33d39e,1,152,ZFM-04122
pupil,no_stim,1.5499999999999996,66.35118077027168,-15.950913933084607,30e67309-433b-4839-88ad-2bef7b33d39e,1,152,ZFM-04122
pupil,no_stim,1.6499999999999997,66.6432760299203,-15.658818673435988,30e67309-433b-4839-88ad-2bef7b33d39e,1,152,ZFM-04122
pupil,no_stim,1.7499999999999996,66.61774785397306,-15.684346849383232,30e67309-433b-4839-88ad-2bef7b33d39e,1,152,ZFM-04122
pupil,no_stim,1.8499999999999994,68.12105342714557,-14.18104127621072,30e67309-433b-4839-88ad-2bef7b33d39e,1,152,ZFM-04122
pupil,no_stim,1.9499999999999995,69.54470909337431,-12.75738560998198,30e67309-433b-4839-88ad-2bef7b33d39e,1,152,ZFM-04122
pupil,no_stim,2.0499999999999994,71.37696942690505,-10.92512527645124,30e67309-433b-4839-88ad-2bef7b33d39e,1,152,ZFM-04122
pupil,no_stim,2.1499999999999995,73.02351080918882,-9.278583894167468,30e67309-433b-4839-88ad-2bef7b33d39e,1,152,ZFM-04122
pupil,no_stim,2.249999999999999,73.6211720217595,-8.680922681596783,30e67309-433b-4839-88ad-2bef7b33d39e,1,152,ZFM-04122
pupil,no_stim,2.349999999999999,73.94019113048573,-8.36190357287056,30e67309-433b-4839-88ad-2bef7b33d39e,1,152,ZFM-04122
pupil,no_stim,2.4499999999999993,74.97435380406885,-7.327740899287434,30e67309-433b-4839-88ad-2bef7b33d39e,1,152,ZFM-04122
pupil,no_stim,2.549999999999999,76.13006355692485,-6.172031146431436,30e67309-433b-4839-88ad-2bef7b33d39e,1,152,ZFM-04122
pupil,no_stim,2.649999999999999,78.35605472617522,-3.946039977181073,30e67309-433b-4839-88ad-2bef7b33d39e,1,152,ZFM-04122
pupil,no_stim,2.749999999999999,78.7557238499636,-3.5463708533926876,30e67309-433b-4839-88ad-2bef7b33d39e,1,152,ZFM-04122
pupil,no_stim,2.849999999999999,78.96550531154637,-3.336589391809923,30e67309-433b-4839-88ad-2bef7b33d39e,1,152,ZFM-04122
pupil,no_stim,2.9499999999999993,78.99323744889078,-3.308857254465508,30e67309-433b-4839-88ad-2bef7b33d39e,1,152,ZFM-04122
pupil,no_stim,3.049999999999999,79.73815559057456,-2.563939112781725,30e67309-433b-4839-88ad-2bef7b33d39e,1,152,ZFM-04122
pupil,no_stim,3.149999999999999,80.3802774537952,-1.9218172495610872,30e67309-433b-4839-88ad-2bef7b33d39e,1,152,ZFM-04122
pupil,no_stim,3.249999999999999,79.51574400309227,-2.7863507002640233,30e67309-433b-4839-88ad-2bef7b33d39e,1,152,ZFM-04122
pupil,no_stim,3.3499999999999988,78.2714830622594,-4.030611641096883,30e67309-433b-4839-88ad-2bef7b33d39e,1,152,ZFM-04122
pupil,no_stim,3.449999999999999,76.86491358879502,-5.43718111456127,30e67309-433b-4839-88ad-2bef7b33d39e,1,152,ZFM-04122
pupil,no_stim,3.549999999999999,77.5676788248591,-4.734415878497188,30e67309-433b-4839-88ad-2bef7b33d39e,1,152,ZFM-04122
pupil,no_stim,3.649999999999999,79.8327421770391,-2.469352526317195,30e67309-433b-4839-88ad-2bef7b33d39e,1,152,ZFM-04122
pupil,no_stim,3.749999999999999,82.14847622636212,-0.15361847699416842,30e67309-433b-4839-88ad-2bef7b33d39e,1,152,ZFM-04122
pupil,no_stim,3.8499999999999988,82.51752470203758,0.21542999868128732,30e67309-433b-4839-88ad-2bef7b33d39e,1,152,ZFM-04122
pupil,no_stim,3.949999999999999,81.30214777490569,-0.9999469284505977,30e67309-433b-4839-88ad-2bef7b33d39e,1,152,ZFM-04122
pupil,stim,-0.45,-206.63982692408769,1.3717008633551302,91cb57bf-bf33-4fa4-9880-7c03da910ac2,0,37,ZFM-03324
pupil,stim,-0.35000000000000003,-213.00923772881737,-4.997709941374552,91cb57bf-bf33-4fa4-9880-7c03da910ac2,0,37,ZFM-03324
pupil,stim,-0.25000000000000006,-215.77965519818196,-7.76812741073914,91cb57bf-bf33-4fa4-9880-7c03da910ac2,0,37,ZFM-03324
pupil,stim,-0.15000000000000008,-203.57369256554918,4.437835221893636,91cb57bf-bf33-4fa4-9880-7c03da910ac2,0,37,ZFM-03324
pupil,stim,-0.050000000000000086,-201.05522652057778,6.95630126686504,91cb57bf-bf33-4fa4-9880-7c03da910ac2,0,37,ZFM-03324
pupil,stim,0.04999999999999989,-213.79826162753568,-5.7867338400928645,91cb57bf-bf33-4fa4-9880-7c03da910ac2,0,37,ZFM-03324
pupil,stim,0.14999999999999986,-223.88640609238743,-15.874878304944616,91cb57bf-bf33-4fa4-9880-7c03da910ac2,0,37,ZFM-03324
pupil,stim,0.24999999999999983,-230.94739312278014,-22.935865335337326,91cb57bf-bf33-4fa4-9880-7c03da910ac2,0,37,ZFM-03324
pupil,stim,0.3499999999999998,-236.3010752773719,-28.289547489929078,91cb57bf-bf33-4fa4-9880-7c03da910ac2,0,37,ZFM-03324
pupil,stim,0.4499999999999998,-242.0155355855035,-34.004007798060684,91cb57bf-bf33-4fa4-9880-7c03da910ac2,0,37,ZFM-03324
pupil,stim,0.5499999999999998,-245.16345765597205,-37.15192986852924,91cb57bf-bf33-4fa4-9880-7c03da910ac2,0,37,ZFM-03324
pupil,stim,0.6499999999999998,-247.9194112051869,-39.907883417744074,91cb57bf-bf33-4fa4-9880-7c03da910ac2,0,37,ZFM-03324
pupil,stim,0.7499999999999998,-250.474198371922,-42.462670584479184,91cb57bf-bf33-4fa4-9880-7c03da910ac2,0,37,ZFM-03324
pupil,stim,0.8499999999999998,-251.5073996992481,-43.495871911805295,91cb57bf-bf33-4fa4-9880-7c03da910ac2,0,37,ZFM-03324
pupil,stim,0.9499999999999997,-251.29562376047406,-43.28409597303124,91cb57bf-bf33-4fa4-9880-7c03da910ac2,0,37,ZFM-03324
pupil,stim,1.0499999999999996,-249.61384424299123,-41.60231645554842,91cb57bf-bf33-4fa4-9880-7c03da910ac2,0,37,ZFM-03324
pupil,stim,1.1499999999999997,-252.0203549457662,-44.008827158323385,91cb57bf-bf33-4fa4-9880-7c03da910ac2,0,37,ZFM-03324
pupil,stim,1.2499999999999998,-254.7809063058769,-46.76937851843408,91cb57bf-bf33-4fa4-9880-7c03da910ac2,0,37,ZFM-03324
pupil,stim,1.3499999999999996,-252.72199058887028,-44.71046280142747,91cb57bf-bf33-4fa4-9880-7c03da910ac2,0,37,ZFM-03324
pupil,stim,1.4499999999999995,-251.7193087686664,-43.70778098122358,91cb57bf-bf33-4fa4-9880-7c03da910ac2,0,37,ZFM-03324
pupil,stim,1.5499999999999996,-252.77384199930512,-44.762314211862304,91cb57bf-bf33-4fa4-9880-7c03da910ac2,0,37,ZFM-03324
pupil,stim,1.6499999999999997,-254.047563827233,-46.03603603979019,91cb57bf-bf33-4fa4-9880-7c03da910ac2,0,37,ZFM-03324
pupil,stim,1.7499999999999996,-254.4027720925691,-46.39124430512629,91cb57bf-bf33-4fa4-9880-7c03da910ac2,0,37,ZFM-03324
pupil,stim,1.8499999999999994,-255.01273788063781,-47.001210093195,91cb57bf-bf33-4fa4-9880-7c03da910ac2,0,37,ZFM-03324
pupil,stim,1.9499999999999995,-254.2089730094448,-46.19744522200199,91cb57bf-bf33-4fa4-9880-7c03da910ac2,0,37,ZFM-03324
pupil,stim,2.0499999999999994,-251.18972981017774,-43.17820202273492,91cb57bf-bf33-4fa4-9880-7c03da910ac2,0,37,ZFM-03324
pupil,stim,2.1499999999999995,-247.39018319705926,-39.37865540961644,91cb57bf-bf33-4fa4-9880-7c03da910ac2,0,37,ZFM-03324
pupil,stim,2.249999999999999,-245.47840443550146,-37.466876648058644,91cb57bf-bf33-4fa4-9880-7c03da910ac2,0,37,ZFM-03324
pupil,stim,2.349999999999999,-245.5448032118486,-37.53327542440579,91cb57bf-bf33-4fa4-9880-7c03da910ac2,0,37,ZFM-03324
pupil,stim,2.4499999999999993,-248.5588707101001,-40.54734292265729,91cb57bf-bf33-4fa4-9880-7c03da910ac2,0,37,ZFM-03324
pupil,stim,2.549999999999999,-251.45559686259952,-43.444069075156705,91cb57bf-bf33-4fa4-9880-7c03da910ac2,0,37,ZFM-03324
pupil,stim,2.649999999999999,-253.44739433494829,-45.43586654750547,91cb57bf-bf33-4fa4-9880-7c03da910ac2,0,37,ZFM-03324
pupil,stim,2.749999999999999,-254.84805137366178,-46.83652358621896,91cb57bf-bf33-4fa4-9880-7c03da910ac2,0,37,ZFM-03324
pupil,stim,2.849999999999999,-253.42147730295594,-45.40994951551312,91cb57bf-bf33-4fa4-9880-7c03da910ac2,0,37,ZFM-03324
pupil,stim,2.9499999999999993,-251.05147096934795,-43.03994318190513,91cb57bf-bf33-4fa4-9880-7c03da910ac2,0,37,ZFM-03324
pupil,stim,3.049999999999999,-248.14701939678864,-40.13549160934582,91cb57bf-bf33-4fa4-9880-7c03da910ac2,0,37,ZFM-03324
pupil,stim,3.149999999999999,-242.00914252241063,-33.99761473496781,91cb57bf-bf33-4fa4-9880-7c03da910ac2,0,37,ZFM-03324
pupil,stim,3.249999999999999,-235.4474378052634,-27.43591001782059,91cb57bf-bf33-4fa4-9880-7c03da910ac2,0,37,ZFM-03324
pupil,stim,3.3499999999999988,-228.45004681970588,-20.43851903226306,91cb57bf-bf33-4fa4-9880-7c03da910ac2,0,37,ZFM-03324
pupil,stim,3.449999999999999,-223.48367335765525,-15.472145570212433,91cb57bf-bf33-4fa4-9880-7c03da910ac2,0,37,ZFM-03324
pupil,stim,3.549999999999999,-221.73007881115194,-13.718551023709125,91cb57bf-bf33-4fa4-9880-7c03da910ac2,0,37,ZFM-03324
pupil,stim,3.649999999999999,-222.40924065150594,-14.397712864063124,91cb57bf-bf33-4fa4-9880-7c03da910ac2,0,37,ZFM-03324
pupil,stim,3.749999999999999,-226.87529868406085,-18.863770896618036,91cb57bf-bf33-4fa4-9880-7c03da910ac2,0,37,ZFM-03324
pupil,stim,3.8499999999999988,-233.29691998992047,-25.285392202477652,91cb57bf-bf33-4fa4-9880-7c03da910ac2,0,37,ZFM-03324
pupil,stim,3.949999999999999,-240.76760771608906,-32.756079928646244,91cb57bf-bf33-4fa4-9880-7c03da910ac2,0,37,ZFM-03324
pupil,no_stim,-0.45,-243.1731267677211,0.6022089350064448,91cb57bf-bf33-4fa4-9880-7c03da910ac2,0,35,ZFM-03324
pupil,no_stim,-0.35000000000000003,-242.25712214241847,1.5182135603090785,91cb57bf-bf33-4fa4-9880-7c03da910ac2,0,35,ZFM-03324
pupil,no_stim,-0.25000000000000006,-241.94855489450015,1.8267808082273973,91cb57bf-bf33-4fa4-9880-7c03da910ac2,0,35,ZFM-03324
pupil,no_stim,-0.15000000000000008,-243.9375703899037,-0.1622346871761522,91cb57bf-bf33-4fa4-9880-7c03da910ac2,0,35,ZFM-03324
pupil,no_stim,-0.050000000000000086,-247.56030431909437,-3.7849686163668252,91cb57bf-bf33-4fa4-9880-7c03da910ac2,0,35,ZFM-03324
pupil,no_stim,0.04999999999999989,-246.79823288644133,-3.0228971837137806,91cb57bf-bf33-4fa4-9880-7c03da910ac2,0,35,ZFM-03324
pupil,no_stim,0.14999999999999986,-246.66556217144887,-2.8902264687213233,91cb57bf-bf33-4fa4-9880-7c03da910ac2,0,35,ZFM-03324
pupil,no_stim,0.24999999999999983,-247.90643374469292,-4.131098041965373,91cb57bf-bf33-4fa4-9880-7c03da910ac2,0,35,ZFM-03324
pupil,no_stim,0.3499999999999998,-251.25236948445013,-7.477033781722582,91cb57bf-bf33-4fa4-9880-7c03da910ac2,0,35,ZFM-03324
pupil,no_stim,0.4499999999999998,-255.07158101809702,-11.296245315369475,91cb57bf-bf33-4fa4-9880-7c03da910ac2,0,35,ZFM-03324
pupil,no_stim,0.5499999999999998,-254.45916530002438,-10.683829597296835,91cb57bf-bf33-4fa4-9880-7c03da910ac2,0,35,ZFM-03324
pupil,no_stim,0.6499999999999998,-252.557552023573,-8.782216320845464,91cb57bf-bf33-4fa4-9880-7c03da910ac2,0,35,ZFM-03324
pupil,no_stim,0.7499999999999998,-249.44898041427405,-5.673644711546501,91cb57bf-bf33-4fa4-9880-7c03da910ac2,0,35,ZFM-03324
pupil,no_stim,0.8499999999999998,-247.6169171644526,-3.841581461725042,91cb57bf-bf33-4fa4-9880-7c03da910ac2,0,35,ZFM-03324
pupil,no_stim,0.9499999999999997,-247.7115328280503,-3.9361971253227637,91cb57bf-bf33-4fa4-9880-7c03da910ac2,0,35,ZFM-03324
pupil,no_stim,1.0499999999999996,-245.5201567158866,-1.7448210131590542,91cb57bf-bf33-4fa4-9880-7c03da910ac2,0,35,ZFM-03324
pupil,no_stim,1.1499999999999997,-244.22380982884596,-0.44847412611841264,91cb57bf-bf33-4fa4-9880-7c03da910ac2,0,35,ZFM-03324
pupil,no_stim,1.2499999999999998,-241.0148936388486,2.7604420638789406,91cb57bf-bf33-4fa4-9880-7c03da910ac2,0,35,ZFM-03324
pupil,no_stim,1.3499999999999996,-235.9916501309705,7.783685571757047,91cb57bf-bf33-4fa4-9880-7c03da910ac2,0,35,ZFM-03324
pupil,no_stim,1.4499999999999995,-231.32922280347404,12.446112899253507,91cb57bf-bf33-4fa4-9880-7c03da910ac2,0,35,ZFM-03324
pupil,no_stim,1.5499999999999996,-227.23493830598616,16.540397396741383,91cb57bf-bf33-4fa4-9880-7c03da910ac2,0,35,ZFM-03324
pupil,no_stim,1.6499999999999997,-222.61940289678714,21.15593280594041,91cb57bf-bf33-4fa4-9880-7c03da910ac2,0,35,ZFM-03324
pupil,no_stim,1.7499999999999996,-217.77026200237609,26.00507370035146,91cb57bf-bf33-4fa4-9880-7c03da910ac2,0,35,ZFM-03324
pupil,no_stim,1.8499999999999994,-213.52755939573282,30.247776306994723,91cb57bf-bf33-4fa4-9880-7c03da910ac2,0,35,ZFM-03324
pupil,no_stim,1.9499999999999995,-207.6038439760834,36.17149172664415,91cb57bf-bf33-4fa4-9880-7c03da910ac2,0,35,ZFM-03324
pupil,no_stim,2.0499999999999994,-203.72436080939613,40.050974893331414,91cb57bf-bf33-4fa4-9880-7c03da910ac2,0,35,ZFM-03324
pupil,no_stim,2.1499999999999995,-199.6223271657582,44.15300853696934,91cb57bf-bf33-4fa4-9880-7c03da910ac2,0,35,ZFM-03324
pupil,no_stim,2.249999999999999,-196.35594677075096,47.419388931976584,91cb57bf-bf33-4fa4-9880-7c03da910ac2,0,35,ZFM-03324
pupil,no_stim,2.349999999999999,-191.83194612509945,51.943389577628096,91cb57bf-bf33-4fa4-9880-7c03da910ac2,0,35,ZFM-03324
pupil,no_stim,2.4499999999999993,-188.3590763318223,55.41625937090524,91cb57bf-bf33-4fa4-9880-7c03da910ac2,0,35,ZFM-03324
pupil,no_stim,2.549999999999999,-186.2574573321243,57.517878370603256,91cb57bf-bf33-4fa4-9880-7c03da910ac2,0,35,ZFM-03324
pupil,no_stim,2.649999999999999,-181.85822666996407,61.91710903276348,91cb57bf-bf33-4fa4-9880-7c03da910ac2,0,35,ZFM-03324
pupil,no_stim,2.749999999999999,-179.2609368727023,64.51439883002524,91cb57bf-bf33-4fa4-9880-7c03da910ac2,0,35,ZFM-03324
pupil,no_stim,2.849999999999999,-177.24577332936317,66.52956237336437,91cb57bf-bf33-4fa4-9880-7c03da910ac2,0,35,ZFM-03324
pupil,no_stim,2.9499999999999993,-179.83944391126545,63.9358917914621,91cb57bf-bf33-4fa4-9880-7c03da910ac2,0,35,ZFM-03324
pupil,no_stim,3.049999999999999,-185.24472034812368,58.53061535460387,91cb57bf-bf33-4fa4-9880-7c03da910ac2,0,35,ZFM-03324
pupil,no_stim,3.149999999999999,-188.73452485490503,55.04081084782251,91cb57bf-bf33-4fa4-9880-7c03da910ac2,0,35,ZFM-03324
pupil,no_stim,3.249999999999999,-191.06278437296925,52.7125513297583,91cb57bf-bf33-4fa4-9880-7c03da910ac2,0,35,ZFM-03324
pupil,no_stim,3.3499999999999988,-194.36801685893167,49.40731884379588,91cb57bf-bf33-4fa4-9880-7c03da910ac2,0,35,ZFM-03324
pupil,no_stim,3.449999999999999,-198.1103012495969,45.66503445313066,91cb57bf-bf33-4fa4-9880-7c03da910ac2,0,35,ZFM-03324
pupil,no_stim,3.549999999999999,-200.98789622252662,42.78743948020093,91cb57bf-bf33-4fa4-9880-7c03da910ac2,0,35,ZFM-03324
pupil,no_stim,3.649999999999999,-206.3030031528415,37.47233254988603,91cb57bf-bf33-4fa4-9880-7c03da910ac2,0,35,ZFM-03324
pupil,no_stim,3.749999999999999,-215.2016414195867,28.57369428314084,91cb57bf-bf33-4fa4-9880-7c03da910ac2,0,35,ZFM-03324
pupil,no_stim,3.8499999999999988,-225.0489133790228,18.726422323704753,91cb57bf-bf33-4fa4-9880-7c03da910ac2,0,35,ZFM-03324
pupil,no_stim,3.949999999999999,-241.32559089553595,2.4497448071915926,91cb57bf-bf33-4fa4-9880-7c03da910ac2,0,35,ZFM-03324
pupil,stim,-0.45,-100.41819001498872,0.00019321508260361497,c5eff7e4-71ad-4983-96ac-a7e5affaadbb,0,39,ZFM-03324
pupil,stim,-0.35000000000000003,-100.41828831190733,9.491816399531672e-05,c5eff7e4-71ad-4983-96ac-a7e5affaadbb,0,39,ZFM-03324
pupil,stim,-0.25000000000000006,-100.4183835930179,-3.629465652466024e-07,c5eff7e4-71ad-4983-96ac-a7e5affaadbb,0,39,ZFM-03324
pupil,stim,-0.15000000000000008,-100.41847824106912,-9.501099779640754e-05,c5eff7e4-71ad-4983-96ac-a7e5affaadbb,0,39,ZFM-03324
pupil,stim,-0.050000000000000086,-100.41857598937361,-0.00019275930227991012,c5eff7e4-71ad-4983-96ac-a7e5affaadbb,0,39,ZFM-03324
pupil,stim,0.04999999999999989,-100.4186737796389,-0.00029054956756624506,c5eff7e4-71ad-4983-96ac-a7e5affaadbb,0,39,ZFM-03324
pupil,stim,0.14999999999999986,-100.41877161160063,-0.00038838152930509295,c5eff7e4-71ad-4983-96ac-a7e5affaadbb,0,39,ZFM-03324
pupil,stim,0.24999999999999983,-100.4188694849944,-0.0004862549230750801,c5eff7e4-71ad-4983-96ac-a7e5affaadbb,0,39,ZFM-03324
pupil,stim,0.3499999999999998,-100.41896169116934,-0.0005784610980157368,c5eff7e4-71ad-4983-96ac-a7e5affaadbb,0,39,ZFM-03324
pupil,stim,0.4499999999999998,-100.41905393645875,-0.0006707063874245023,c5eff7e4-71ad-4983-96ac-a7e5affaadbb,0,39,ZFM-03324
pupil,stim,0.5499999999999998,-100.41915108552233,-0.0007678554510022195,c5eff7e4-71ad-4983-96ac-a7e5affaadbb,0,39,ZFM-03324
pupil,stim,0.6499999999999998,-100.41924827537397,-0.0008650453026461946,c5eff7e4-71ad-4983-96ac-a7e5affaadbb,0,39,ZFM-03324
pupil,stim,0.7499999999999998,-100.41934635036965,-0.0009631202983229059,c5eff7e4-71ad-4983-96ac-a7e5affaadbb,0,39,ZFM-03324
pupil,stim,0.8499999999999998,-100.4194444652137,-0.001061235142373107,c5eff7e4-71ad-4983-96ac-a7e5affaadbb,0,39,ZFM-03324
pupil,stim,0.9499999999999997,-100.4195429081198,-0.001159678048466617,c5eff7e4-71ad-4983-96ac-a7e5affaadbb,0,39,ZFM-03324
pupil,stim,1.0499999999999996,-100.41964138727333,-0.0012581572020025078,c5eff7e4-71ad-4983-96ac-a7e5affaadbb,0,39,ZFM-03324
pupil,stim,1.1499999999999997,-100.4197396059417,-0.001356375870372517,c5eff7e4-71ad-4983-96ac-a7e5affaadbb,0,39,ZFM-03324
pupil,stim,1.2499999999999998,-100.41983785115303,-0.001454621081705909,c5eff7e4-71ad-4983-96ac-a7e5affaadbb,0,39,ZFM-03324
pupil,stim,1.3499999999999996,-100.4199350548342,-0.001551824762870524,c5eff7e4-71ad-4983-96ac-a7e5affaadbb,0,39,ZFM-03324
pupil,stim,1.4499999999999995,-100.42003172244178,-0.0016484923704496168,c5eff7e4-71ad-4983-96ac-a7e5affaadbb,0,39,ZFM-03324
pupil,stim,1.5499999999999996,-100.42012954723234,-0.0017463171610074824,c5eff7e4-71ad-4983-96ac-a7e5affaadbb,0,39,ZFM-03324
pupil,stim,1.6499999999999997,-100.42022795377736,-0.001844723706028617,c5eff7e4-71ad-4983-96ac-a7e5affaadbb,0,39,ZFM-03324
pupil,stim,1.7499999999999996,-100.42032632143246,-0.0019430913611273581,c5eff7e4-71ad-4983-96ac-a7e5affaadbb,0,39,ZFM-03324
pupil,stim,1.8499999999999994,-100.42042471411744,-0.002041484046117148,c5eff7e4-71ad-4983-96ac-a7e5affaadbb,0,39,ZFM-03324
pupil,stim,1.9499999999999995,-100.42052313157981,-0.002139901508485309,c5eff7e4-71ad-4983-96ac-a7e5affaadbb,0,39,ZFM-03324
pupil,stim,2.0499999999999994,-100.4206215735669,-0.0022383434955770554,c5eff7e4-71ad-4983-96ac-a7e5affaadbb,0,39,ZFM-03324
pupil,stim,2.1499999999999995,-100.42072003982618,-0.002336809754851288,c5eff7e4-71ad-4983-96ac-a7e5affaadbb,0,39,ZFM-03324
pupil,stim,2.249999999999999,-100.42081853010508,-0.0024353000337526964,c5eff7e4-71ad-4983-96ac-a7e5affaadbb,0,39,ZFM-03324
pupil,stim,2.349999999999999,-100.42091718824987,-0.0025339581785459586,c5eff7e4-71ad-4983-96ac-a7e5affaadbb,0,39,ZFM-03324
pupil,stim,2.4499999999999993,-100.42101587010896,-0.0026326400376319725,c5eff7e4-71ad-4983-96ac-a7e5affaadbb,0,39,ZFM-03324
pupil,stim,2.549999999999999,-100.42111472748421,-0.0027314974128813674,c5eff7e4-71ad-4983-96ac-a7e5affaadbb,0,39,ZFM-03324
pupil,stim,2.649999999999999,-100.4212136080104,-0.0028303779390768113,c5eff7e4-71ad-4983-96ac-a7e5affaadbb,0,39,ZFM-03324
pupil,stim,2.749999999999999,-100.42131221499508,-0.0029289849237557064,c5eff7e4-71ad-4983-96ac-a7e5affaadbb,0,39,ZFM-03324
pupil,stim,2.849999999999999,-100.42141084448384,-0.0030276144125167548,c5eff7e4-71ad-4983-96ac-a7e5affaadbb,0,39,ZFM-03324
pupil,stim,2.9499999999999993,-100.42150949622405,-0.0031262661527193814,c5eff7e4-71ad-4983-96ac-a7e5affaadbb,0,39,ZFM-03324
pupil,stim,3.049999999999999,-100.42160816996316,-0.003224939891836698,c5eff7e4-71ad-4983-96ac-a7e5affaadbb,0,39,ZFM-03324
pupil,stim,3.149999999999999,-100.42170686544854,-0.0033236353772139182,c5eff7e4-71ad-4983-96ac-a7e5affaadbb,0,39,ZFM-03324
pupil,stim,3.249999999999999,-100.42180558242774,-0.0034223523564094194,c5eff7e4-71ad-4983-96ac-a7e5affaadbb,0,39,ZFM-03324
pupil,stim,3.3499999999999988,-100.42190432064805,-0.0035210905767257827,c5eff7e4-71ad-4983-96ac-a7e5affaadbb,0,39,ZFM-03324
pupil,stim,3.449999999999999,-100.42200307985696,-0.00361984978563612,c5eff7e4-71ad-4983-96ac-a7e5affaadbb,0,39,ZFM-03324
pupil,stim,3.549999999999999,-100.42210185980186,-0.003718629730528278,c5eff7e4-71ad-4983-96ac-a7e5affaadbb,0,39,ZFM-03324
pupil,stim,3.649999999999999,-100.42220096921486,-0.0038177391435283425,c5eff7e4-71ad-4983-96ac-a7e5affaadbb,0,39,ZFM-03324
pupil,stim,3.749999999999999,-100.42230009899438,-0.003916868923056427,c5eff7e4-71ad-4983-96ac-a7e5affaadbb,0,39,ZFM-03324
pupil,stim,3.8499999999999988,-100.42239348789882,-0.004010257827488317,c5eff7e4-71ad-4983-96ac-a7e5affaadbb,0,39,ZFM-03324
pupil,stim,3.949999999999999,-100.42248620497963,-0.004102974908306578,c5eff7e4-71ad-4983-96ac-a7e5affaadbb,0,39,ZFM-03324
pupil,no_stim,-0.45,-96.04537657823755,0.0012550926762600056,c5eff7e4-71ad-4983-96ac-a7e5affaadbb,0,20,ZFM-03324
pupil,no_stim,-0.35000000000000003,-96.04606811696269,0.0005635539511246179,c5eff7e4-71ad-4983-96ac-a7e5affaadbb,0,20,ZFM-03324
pupil,no_stim,-0.25000000000000006,-96.04683720289175,-0.00020553197794015432,c5eff7e4-71ad-4983-96ac-a7e5affaadbb,0,20,ZFM-03324
pupil,no_stim,-0.15000000000000008,-96.04744342446648,-0.0008117535526679376,c5eff7e4-71ad-4983-96ac-a7e5affaadbb,0,20,ZFM-03324
pupil,no_stim,-0.050000000000000086,-96.0474330320106,-0.0008013610967907425,c5eff7e4-71ad-4983-96ac-a7e5affaadbb,0,20,ZFM-03324
pupil,no_stim,0.04999999999999989,-96.04746781283357,-0.0008361419197626674,c5eff7e4-71ad-4983-96ac-a7e5affaadbb,0,20,ZFM-03324
pupil,no_stim,0.14999999999999986,-96.04783892587423,-0.0012072549604198457,c5eff7e4-71ad-4983-96ac-a7e5affaadbb,0,20,ZFM-03324
pupil,no_stim,0.24999999999999983,-96.04886992881104,-0.002238257897232643,c5eff7e4-71ad-4983-96ac-a7e5affaadbb,0,20,ZFM-03324
pupil,no_stim,0.3499999999999998,-96.05033452593003,-0.003702855016214812,c5eff7e4-71ad-4983-96ac-a7e5affaadbb,0,20,ZFM-03324
pupil,no_stim,0.4499999999999998,-96.05189041641037,-0.005258745496561801,c5eff7e4-71ad-4983-96ac-a7e5affaadbb,0,20,ZFM-03324
pupil,no_stim,0.5499999999999998,-96.05326742085562,-0.0066357499418074894,c5eff7e4-71ad-4983-96ac-a7e5affaadbb,0,20,ZFM-03324
pupil,no_stim,0.6499999999999998,-96.05452591310451,-0.007894242190701561,c5eff7e4-71ad-4983-96ac-a7e5affaadbb,0,20,ZFM-03324
pupil,no_stim,0.7499999999999998,-96.05571441258842,-0.009082741674603767,c5eff7e4-71ad-4983-96ac-a7e5affaadbb,0,20,ZFM-03324
pupil,no_stim,0.8499999999999998,-96.05688155189407,-0.010249880980254034,c5eff7e4-71ad-4983-96ac-a7e5affaadbb,0,20,ZFM-03324
pupil,no_stim,0.9499999999999997,-96.05800906399388,-0.011377393080067577,c5eff7e4-71ad-4983-96ac-a7e5affaadbb,0,20,ZFM-03324
pupil,no_stim,1.0499999999999996,-96.05917743035089,-0.012545759437074366,c5eff7e4-71ad-4983-96ac-a7e5affaadbb,0,20,ZFM-03324
pupil,no_stim,1.1499999999999997,-96.06084848465576,-0.01421681374195316,c5eff7e4-71ad-4983-96ac-a7e5affaadbb,0,20,ZFM-03324
pupil,no_stim,1.2499999999999998,-96.06252557061349,-0.015893899699676695,c5eff7e4-71ad-4983-96ac-a7e5affaadbb,0,20,ZFM-03324
pupil,no_stim,1.3499999999999996,-96.06456122363728,-0.017929552723472852,c5eff7e4-71ad-4983-96ac-a7e5affaadbb,0,20,ZFM-03324
pupil,no_stim,1.4499999999999995,-96.06702975331241,-0.02039808239860008,c5eff7e4-71ad-4983-96ac-a7e5affaadbb,0,20,ZFM-03324
pupil,no_stim,1.5499999999999996,-96.06881991688036,-0.02218824596654656,c5eff7e4-71ad-4983-96ac-a7e5affaadbb,0,20,ZFM-03324
pupil,no_stim,1.6499999999999997,-96.0714273406956,-0.024795669781795482,c5eff7e4-71ad-4983-96ac-a7e5affaadbb,0,20,ZFM-03324
pupil,no_stim,1.7499999999999996,-96.0738827706942,-0.027251099780386312,c5eff7e4-71ad-4983-96ac-a7e5affaadbb,0,20,ZFM-03324
pupil,no_stim,1.8499999999999994,-96.07621461838684,-0.02958294747303114,c5eff7e4-71ad-4983-96ac-a7e5affaadbb,0,20,ZFM-03324
pupil,no_stim,1.9499999999999995,-96.07834922099973,-0.031717550085915036,c5eff7e4-71ad-4983-96ac-a7e5affaadbb,0,20,ZFM-03324
pupil,no_stim,2.0499999999999994,-96.07989451715609,-0.033262846242280375,c5eff7e4-71ad-4983-96ac-a7e5affaadbb,0,20,ZFM-03324
pupil,no_stim,2.1499999999999995,-96.07991486650783,-0.033283195594023596,c5eff7e4-71ad-4983-96ac-a7e5affaadbb,0,20,ZFM-03324
pupil,no_stim,2.249999999999999,-96.07901275750407,-0.03238108659026295,c5eff7e4-71ad-4983-96ac-a7e5affaadbb,0,20,ZFM-03324
pupil,no_stim,2.349999999999999,-96.0782795030143,-0.03164783210048938,c5eff7e4-71ad-4983-96ac-a7e5affaadbb,0,20,ZFM-03324
pupil,no_stim,2.4499999999999993,-96.07858840610562,-0.03195673519181241,c5eff7e4-71ad-4983-96ac-a7e5affaadbb,0,20,ZFM-03324
pupil,no_stim,2.549999999999999,-96.07881034923348,-0.03217867831966714,c5eff7e4-71ad-4983-96ac-a7e5affaadbb,0,20,ZFM-03324
pupil,no_stim,2.649999999999999,-96.07920934674397,-0.03257767583015436,c5eff7e4-71ad-4983-96ac-a7e5affaadbb,0,20,ZFM-03324
pupil,no_stim,2.749999999999999,-96.0798016913202,-0.033170020406387835,c5eff7e4-71ad-4983-96ac-a7e5affaadbb,0,20,ZFM-03324
pupil,no_stim,2.849999999999999,-96.08077715440393,-0.034145483490121364,c5eff7e4-71ad-4983-96ac-a7e5affaadbb,0,20,ZFM-03324
pupil,no_stim,2.9499999999999993,-96.08204351003006,-0.03541183911625012,c5eff7e4-71ad-4983-96ac-a7e5affaadbb,0,20,ZFM-03324
pupil,no_stim,3.049999999999999,-96.08349403123917,-0.03686236032535817,c5eff7e4-71ad-4983-96ac-a7e5affaadbb,0,20,ZFM-03324
pupil,no_stim,3.149999999999999,-96.08502693069566,-0.038395259781850655,c5eff7e4-71ad-4983-96ac-a7e5affaadbb,0,20,ZFM-03324
pupil,no_stim,3.249999999999999,-96.08667270875435,-0.04004103784053825,c5eff7e4-71ad-4983-96ac-a7e5affaadbb,0,20,ZFM-03324
pupil,no_stim,3.3499999999999988,-96.08838561604617,-0.04175394513235631,c5eff7e4-71ad-4983-96ac-a7e5affaadbb,0,20,ZFM-03324
pupil,no_stim,3.449999999999999,-96.09007665513688,-0.04344498422307197,c5eff7e4-71ad-4983-96ac-a7e5affaadbb,0,20,ZFM-03324
pupil,no_stim,3.549999999999999,-96.09197317290925,-0.04534150199543774,c5eff7e4-71ad-4983-96ac-a7e5affaadbb,0,20,ZFM-03324
pupil,no_stim,3.649999999999999,-96.09349231311315,-0.04686064219933428,c5eff7e4-71ad-4983-96ac-a7e5affaadbb,0,20,ZFM-03324
pupil,no_stim,3.749999999999999,-96.0940582224367,-0.047426551522889326,c5eff7e4-71ad-4983-96ac-a7e5affaadbb,0,20,ZFM-03324
pupil,no_stim,3.8499999999999988,-96.09467047480557,-0.04803880389175674,c5eff7e4-71ad-4983-96ac-a7e5affaadbb,0,20,ZFM-03324
pupil,no_stim,3.949999999999999,-96.09533690002534,-0.0487052291115333,c5eff7e4-71ad-4983-96ac-a7e5affaadbb,0,20,ZFM-03324
pupil,stim,-0.45,55.28988019380549,-0.13784335348793064,c5f0df31-60ca-42da-900d-7881fbc40c23,0,36,ZFM-03324
pupil,stim,-0.35000000000000003,57.53431978680226,2.106596239508839,c5f0df31-60ca-42da-900d-7881fbc40c23,0,36,ZFM-03324
pupil,stim,-0.25000000000000006,56.11838992721027,0.6906663799168555,c5f0df31-60ca-42da-900d-7881fbc40c23,0,36,ZFM-03324
pupil,stim,-0.15000000000000008,55.141261269075756,-0.28646227821766246,c5f0df31-60ca-42da-900d-7881fbc40c23,0,36,ZFM-03324
pupil,stim,-0.050000000000000086,53.05476655957332,-2.3729569877200944,c5f0df31-60ca-42da-900d-7881fbc40c23,0,36,ZFM-03324
pupil,stim,0.04999999999999989,49.24505634398896,-6.1826672033044545,c5f0df31-60ca-42da-900d-7881fbc40c23,0,36,ZFM-03324
pupil,stim,0.14999999999999986,50.645887225333134,-4.781836321960284,c5f0df31-60ca-42da-900d-7881fbc40c23,0,36,ZFM-03324
pupil,stim,0.24999999999999983,49.819383796976204,-5.608339750317214,c5f0df31-60ca-42da-900d-7881fbc40c23,0,36,ZFM-03324
pupil,stim,0.3499999999999998,48.288079510881715,-7.139644036411703,c5f0df31-60ca-42da-900d-7881fbc40c23,0,36,ZFM-03324
pupil,stim,0.4499999999999998,49.37378113367618,-6.053942413617236,c5f0df31-60ca-42da-900d-7881fbc40c23,0,36,ZFM-03324
pupil,stim,0.5499999999999998,50.30857373195326,-5.119149815340158,c5f0df31-60ca-42da-900d-7881fbc40c23,0,36,ZFM-03324
pupil,stim,0.6499999999999998,48.46076378236189,-6.966959764931531,c5f0df31-60ca-42da-900d-7881fbc40c23,0,36,ZFM-03324
pupil,stim,0.7499999999999998,49.45055809895763,-5.977165448335789,c5f0df31-60ca-42da-900d-7881fbc40c23,0,36,ZFM-03324
pupil,stim,0.8499999999999998,49.16647842819725,-6.261245119096166,c5f0df31-60ca-42da-900d-7881fbc40c23,0,36,ZFM-03324
pupil,stim,0.9499999999999997,50.86683316828496,-4.560890379008455,c5f0df31-60ca-42da-900d-7881fbc40c23,0,36,ZFM-03324
pupil,stim,1.0499999999999996,50.85644014771461,-4.57128339957881,c5f0df31-60ca-42da-900d-7881fbc40c23,0,36,ZFM-03324
pupil,stim,1.1499999999999997,51.135649937008715,-4.292073610284703,c5f0df31-60ca-42da-900d-7881fbc40c23,0,36,ZFM-03324
pupil,stim,1.2499999999999998,50.12863603696198,-5.299087510331439,c5f0df31-60ca-42da-900d-7881fbc40c23,0,36,ZFM-03324
pupil,stim,1.3499999999999996,49.34744690643811,-6.08027664085531,c5f0df31-60ca-42da-900d-7881fbc40c23,0,36,ZFM-03324
pupil,stim,1.4499999999999995,50.029915217240315,-5.397808330053103,c5f0df31-60ca-42da-900d-7881fbc40c23,0,36,ZFM-03324
pupil,stim,1.5499999999999996,51.35216772406664,-4.075555823226779,c5f0df31-60ca-42da-900d-7881fbc40c23,0,36,ZFM-03324
pupil,stim,1.6499999999999997,52.08908634604509,-3.338637201248325,c5f0df31-60ca-42da-900d-7881fbc40c23,0,36,ZFM-03324
pupil,stim,1.7499999999999996,52.33474377183139,-3.0929797754620267,c5f0df31-60ca-42da-900d-7881fbc40c23,0,36,ZFM-03324
pupil,stim,1.8499999999999994,52.13174710973024,-3.2959764375631764,c5f0df31-60ca-42da-900d-7881fbc40c23,0,36,ZFM-03324
pupil,stim,1.9499999999999995,52.98240065486506,-2.445322892428358,c5f0df31-60ca-42da-900d-7881fbc40c23,0,36,ZFM-03324
pupil,stim,2.0499999999999994,54.61883475905632,-0.8088887882370983,c5f0df31-60ca-42da-900d-7881fbc40c23,0,36,ZFM-03324
pupil,stim,2.1499999999999995,58.260293185406994,2.8325696381135756,c5f0df31-60ca-42da-900d-7881fbc40c23,0,36,ZFM-03324
pupil,stim,2.249999999999999,62.308753569142795,6.8810300218493765,c5f0df31-60ca-42da-900d-7881fbc40c23,0,36,ZFM-03324
pupil,stim,2.349999999999999,65.11683063169451,9.689107084401094,c5f0df31-60ca-42da-900d-7881fbc40c23,0,36,ZFM-03324
pupil,stim,2.4499999999999993,65.80213055297486,10.37440700568144,c5f0df31-60ca-42da-900d-7881fbc40c23,0,36,ZFM-03324
pupil,stim,2.549999999999999,67.28994524777066,11.862221700477242,c5f0df31-60ca-42da-900d-7881fbc40c23,0,36,ZFM-03324
pupil,stim,2.649999999999999,71.50391917515229,16.076195627858873,c5f0df31-60ca-42da-900d-7881fbc40c23,0,36,ZFM-03324
pupil,stim,2.749999999999999,76.25558090733416,20.827857360040746,c5f0df31-60ca-42da-900d-7881fbc40c23,0,36,ZFM-03324
pupil,stim,2.849999999999999,81.91971519855838,26.49199165126496,c5f0df31-60ca-42da-900d-7881fbc40c23,0,36,ZFM-03324
pupil,stim,2.9499999999999993,85.21717516275214,29.789451615458724,c5f0df31-60ca-42da-900d-7881fbc40c23,0,36,ZFM-03324
pupil,stim,3.049999999999999,86.021002113967,30.593278566673582,c5f0df31-60ca-42da-900d-7881fbc40c23,0,36,ZFM-03324
pupil,stim,3.149999999999999,83.25595504103244,27.82823149373902,c5f0df31-60ca-42da-900d-7881fbc40c23,0,36,ZFM-03324
pupil,stim,3.249999999999999,79.51190582824182,24.084182280948404,c5f0df31-60ca-42da-900d-7881fbc40c23,0,36,ZFM-03324
pupil,stim,3.3499999999999988,80.59890423565486,25.17118068836144,c5f0df31-60ca-42da-900d-7881fbc40c23,0,36,ZFM-03324
pupil,stim,3.449999999999999,82.20036643902039,26.772642891726967,c5f0df31-60ca-42da-900d-7881fbc40c23,0,36,ZFM-03324
pupil,stim,3.549999999999999,82.82627512098526,27.39855157369184,c5f0df31-60ca-42da-900d-7881fbc40c23,0,36,ZFM-03324
pupil,stim,3.649999999999999,83.59208366036252,28.1643601130691,c5f0df31-60ca-42da-900d-7881fbc40c23,0,36,ZFM-03324
pupil,stim,3.749999999999999,86.43255890008871,31.00483535279529,c5f0df31-60ca-42da-900d-7881fbc40c23,0,36,ZFM-03324
pupil,stim,3.8499999999999988,84.029780606138,28.602057058844586,c5f0df31-60ca-42da-900d-7881fbc40c23,0,36,ZFM-03324
pupil,stim,3.949999999999999,78.34153018559373,22.913806638300308,c5f0df31-60ca-42da-900d-7881fbc40c23,0,36,ZFM-03324
pupil,stim,-0.45,117.32333424612058,0.8459937138937335,c1fbabc4-21b1-47f9-92b0-57ed9da5ec4b,1,113,ZFM-03321
pupil,stim,-0.35000000000000003,116.99358944739424,0.5162489151673952,c1fbabc4-21b1-47f9-92b0-57ed9da5ec4b,1,113,ZFM-03321
pupil,stim,-0.25000000000000006,116.69449780016352,0.21715726793667045,c1fbabc4-21b1-47f9-92b0-57ed9da5ec4b,1,113,ZFM-03321
pupil,stim,-0.15000000000000008,116.01569030394627,-0.46165022828057545,c1fbabc4-21b1-47f9-92b0-57ed9da5ec4b,1,113,ZFM-03321
pupil,stim,-0.050000000000000086,115.3595908635096,-1.1177496687172521,c1fbabc4-21b1-47f9-92b0-57ed9da5ec4b,1,113,ZFM-03321
pupil,stim,0.04999999999999989,113.97973066469771,-2.4976098675291354,c1fbabc4-21b1-47f9-92b0-57ed9da5ec4b,1,113,ZFM-03321
pupil,stim,0.14999999999999986,111.92153043449201,-4.555810097734835,c1fbabc4-21b1-47f9-92b0-57ed9da5ec4b,1,113,ZFM-03321
pupil,stim,0.24999999999999983,109.17802591740123,-7.299314614825619,c1fbabc4-21b1-47f9-92b0-57ed9da5ec4b,1,113,ZFM-03321
pupil,stim,0.3499999999999998,107.72798175182645,-8.7493587804004,c1fbabc4-21b1-47f9-92b0-57ed9da5ec4b,1,113,ZFM-03321
pupil,stim,0.4499999999999998,108.02380087038296,-8.453539661843891,c1fbabc4-21b1-47f9-92b0-57ed9da5ec4b,1,113,ZFM-03321
pupil,stim,0.5499999999999998,108.87911491247932,-7.598225619747524,c1fbabc4-21b1-47f9-92b0-57ed9da5ec4b,1,113,ZFM-03321
pupil,stim,0.6499999999999998,110.02573737135936,-6.451603160867492,c1fbabc4-21b1-47f9-92b0-57ed9da5ec4b,1,113,ZFM-03321
pupil,stim,0.7499999999999998,111.82680433214675,-4.650536200080097,c1fbabc4-21b1-47f9-92b0-57ed9da5ec4b,1,113,ZFM-03321
pupil,stim,0.8499999999999998,113.34151107511943,-3.1358294571074197,c1fbabc4-21b1-47f9-92b0-57ed9da5ec4b,1,113,ZFM-03321
pupil,stim,0.9499999999999997,115.02996841490256,-1.4473721173242922,c1fbabc4-21b1-47f9-92b0-57ed9da5ec4b,1,113,ZFM-03321
pupil,stim,1.0499999999999996,115.76631018196467,-0.7110303502621775,c1fbabc4-21b1-47f9-92b0-57ed9da5ec4b,1,113,ZFM-03321
pupil,stim,1.1499999999999997,115.84340760488719,-0.6339329273396572,c1fbabc4-21b1-47f9-92b0-57ed9da5ec4b,1,113,ZFM-03321
pupil,stim,1.2499999999999998,116.51232800322711,0.03498747100026378,c1fbabc4-21b1-47f9-92b0-57ed9da5ec4b,1,113,ZFM-03321
pupil,stim,1.3499999999999996,118.35959845913071,1.8822579269038613,c1fbabc4-21b1-47f9-92b0-57ed9da5ec4b,1,113,ZFM-03321
pupil,stim,1.4499999999999995,121.5626322621423,5.085291729915454,c1fbabc4-21b1-47f9-92b0-57ed9da5ec4b,1,113,ZFM-03321
pupil,stim,1.5499999999999996,123.9240256673519,7.446685135125051,c1fbabc4-21b1-47f9-92b0-57ed9da5ec4b,1,113,ZFM-03321
pupil,stim,1.6499999999999997,125.48210401385545,9.0047634816286,c1fbabc4-21b1-47f9-92b0-57ed9da5ec4b,1,113,ZFM-03321
pupil,stim,1.7499999999999996,126.04932942286179,9.571988890634941,c1fbabc4-21b1-47f9-92b0-57ed9da5ec4b,1,113,ZFM-03321
pupil,stim,1.8499999999999994,126.33598641855201,9.858645886325164,c1fbabc4-21b1-47f9-92b0-57ed9da5ec4b,1,113,ZFM-03321
pupil,stim,1.9499999999999995,127.09384939513171,10.616508862904865,c1fbabc4-21b1-47f9-92b0-57ed9da5ec4b,1,113,ZFM-03321
pupil,stim,2.0499999999999994,127.70383628642874,11.226495754201892,c1fbabc4-21b1-47f9-92b0-57ed9da5ec4b,1,113,ZFM-03321
pupil,stim,2.1499999999999995,128.7515105438428,12.274170011615965,c1fbabc4-21b1-47f9-92b0-57ed9da5ec4b,1,113,ZFM-03321
pupil,stim,2.249999999999999,129.3758105808899,12.898470048663043,c1fbabc4-21b1-47f9-92b0-57ed9da5ec4b,1,113,ZFM-03321
pupil,stim,2.349999999999999,128.58924348561314,12.111902953386291,c1fbabc4-21b1-47f9-92b0-57ed9da5ec4b,1,113,ZFM-03321
pupil,stim,2.4499999999999993,126.65819058525386,10.180850053027015,c1fbabc4-21b1-47f9-92b0-57ed9da5ec4b,1,113,ZFM-03321
pupil,stim,2.549999999999999,124.27323201726836,7.795891485041508,c1fbabc4-21b1-47f9-92b0-57ed9da5ec4b,1,113,ZFM-03321
pupil,stim,2.649999999999999,123.17172129426977,6.694380762042925,c1fbabc4-21b1-47f9-92b0-57ed9da5ec4b,1,113,ZFM-03321
pupil,stim,2.749999999999999,122.88392516473775,6.406584632510899,c1fbabc4-21b1-47f9-92b0-57ed9da5ec4b,1,113,ZFM-03321
pupil,stim,2.849999999999999,122.01547221700149,5.5381316847746405,c1fbabc4-21b1-47f9-92b0-57ed9da5ec4b,1,113,ZFM-03321
pupil,stim,2.9499999999999993,120.08911534550148,3.6117748132746357,c1fbabc4-21b1-47f9-92b0-57ed9da5ec4b,1,113,ZFM-03321
pupil,stim,3.049999999999999,117.83364930927452,1.3563087770476727,c1fbabc4-21b1-47f9-92b0-57ed9da5ec4b,1,113,ZFM-03321
pupil,stim,3.149999999999999,115.91155495578597,-0.5657855764408737,c1fbabc4-21b1-47f9-92b0-57ed9da5ec4b,1,113,ZFM-03321
pupil,stim,3.249999999999999,116.18843988607065,-0.2889006461561934,c1fbabc4-21b1-47f9-92b0-57ed9da5ec4b,1,113,ZFM-03321
pupil,stim,3.3499999999999988,117.27610567296394,0.798765140737089,c1fbabc4-21b1-47f9-92b0-57ed9da5ec4b,1,113,ZFM-03321
pupil,stim,3.449999999999999,118.24369229743866,1.7663517652118088,c1fbabc4-21b1-47f9-92b0-57ed9da5ec4b,1,113,ZFM-03321
pupil,stim,3.549999999999999,117.29009500919214,0.8127544769652957,c1fbabc4-21b1-47f9-92b0-57ed9da5ec4b,1,113,ZFM-03321
pupil,stim,3.649999999999999,114.93005031871255,-1.5472902135143016,c1fbabc4-21b1-47f9-92b0-57ed9da5ec4b,1,113,ZFM-03321
pupil,stim,3.749999999999999,113.10535166039813,-3.3719888718287194,c1fbabc4-21b1-47f9-92b0-57ed9da5ec4b,1,113,ZFM-03321
pupil,stim,3.8499999999999988,112.5772887206491,-3.900051811577754,c1fbabc4-21b1-47f9-92b0-57ed9da5ec4b,1,113,ZFM-03321
pupil,stim,3.949999999999999,113.2793242718126,-3.1980162604142492,c1fbabc4-21b1-47f9-92b0-57ed9da5ec4b,1,113,ZFM-03321
pupil,no_stim,-0.45,119.93285371898939,5.220570071888886,c1fbabc4-21b1-47f9-92b0-57ed9da5ec4b,1,91,ZFM-03321
pupil,no_stim,-0.35000000000000003,117.44442699371254,2.732143346612034,c1fbabc4-21b1-47f9-92b0-57ed9da5ec4b,1,91,ZFM-03321
pupil,no_stim,-0.25000000000000006,114.63845209578137,-0.073831551319131,c1fbabc4-21b1-47f9-92b0-57ed9da5ec4b,1,91,ZFM-03321
pupil,no_stim,-0.15000000000000008,112.12272359819178,-2.589560048908723,c1fbabc4-21b1-47f9-92b0-57ed9da5ec4b,1,91,ZFM-03321
pupil,no_stim,-0.050000000000000086,109.42296182882741,-5.289321818273095,c1fbabc4-21b1-47f9-92b0-57ed9da5ec4b,1,91,ZFM-03321
pupil,no_stim,0.04999999999999989,108.0403053598218,-6.671978287278705,c1fbabc4-21b1-47f9-92b0-57ed9da5ec4b,1,91,ZFM-03321
pupil,no_stim,0.14999999999999986,106.85740950124726,-7.854874145853245,c1fbabc4-21b1-47f9-92b0-57ed9da5ec4b,1,91,ZFM-03321
pupil,no_stim,0.24999999999999983,105.14147738665443,-9.570806260446076,c1fbabc4-21b1-47f9-92b0-57ed9da5ec4b,1,91,ZFM-03321
pupil,no_stim,0.3499999999999998,102.91414929370045,-11.798134353400059,c1fbabc4-21b1-47f9-92b0-57ed9da5ec4b,1,91,ZFM-03321
pupil,no_stim,0.4499999999999998,101.2535700442515,-13.458713602849002,c1fbabc4-21b1-47f9-92b0-57ed9da5ec4b,1,91,ZFM-03321
pupil,no_stim,0.5499999999999998,101.37148068633257,-13.340802960767931,c1fbabc4-21b1-47f9-92b0-57ed9da5ec4b,1,91,ZFM-03321
pupil,no_stim,0.6499999999999998,103.70932886337268,-11.00295478372783,c1fbabc4-21b1-47f9-92b0-57ed9da5ec4b,1,91,ZFM-03321
pupil,no_stim,0.7499999999999998,106.0216445459754,-8.6906391011251,c1fbabc4-21b1-47f9-92b0-57ed9da5ec4b,1,91,ZFM-03321
pupil,no_stim,0.8499999999999998,107.74197960165783,-6.970304045442674,c1fbabc4-21b1-47f9-92b0-57ed9da5ec4b,1,91,ZFM-03321
pupil,no_stim,0.9499999999999997,109.24218938907698,-5.470094258023522,c1fbabc4-21b1-47f9-92b0-57ed9da5ec4b,1,91,ZFM-03321
pupil,no_stim,1.0499999999999996,110.94349501737895,-3.7687886297215556,c1fbabc4-21b1-47f9-92b0-57ed9da5ec4b,1,91,ZFM-03321
pupil,no_stim,1.1499999999999997,113.91825135488324,-0.7940322922172669,c1fbabc4-21b1-47f9-92b0-57ed9da5ec4b,1,91,ZFM-03321
pupil,no_stim,1.2499999999999998,116.5432864530241,1.831002805923589,c1fbabc4-21b1-47f9-92b0-57ed9da5ec4b,1,91,ZFM-03321
pupil,no_stim,1.3499999999999996,118.27316234657712,3.5608786994766177,c1fbabc4-21b1-47f9-92b0-57ed9da5ec4b,1,91,ZFM-03321
pupil,no_stim,1.4499999999999995,119.4379235580428,4.7256399109422915,c1fbabc4-21b1-47f9-92b0-57ed9da5ec4b,1,91,ZFM-03321
pupil,no_stim,1.5499999999999996,121.41597808594945,6.703694438848942,c1fbabc4-21b1-47f9-92b0-57ed9da5ec4b,1,91,ZFM-03321
pupil,no_stim,1.6499999999999997,124.87230009151466,10.160016444414154,c1fbabc4-21b1-47f9-92b0-57ed9da5ec4b,1,91,ZFM-03321
pupil,no_stim,1.7499999999999996,127.7835596089305,13.071275961829997,c1fbabc4-21b1-47f9-92b0-57ed9da5ec4b,1,91,ZFM-03321
pupil,no_stim,1.8499999999999994,128.9424763463746,14.230192699274099,c1fbabc4-21b1-47f9-92b0-57ed9da5ec4b,1,91,ZFM-03321
pupil,no_stim,1.9499999999999995,128.409639968131,13.697356321030483,c1fbabc4-21b1-47f9-92b0-57ed9da5ec4b,1,91,ZFM-03321
pupil,no_stim,2.0499999999999994,127.71295061615608,13.000666969055573,c1fbabc4-21b1-47f9-92b0-57ed9da5ec4b,1,91,ZFM-03321
pupil,no_stim,2.1499999999999995,127.34185290534387,12.629569258243365,c1fbabc4-21b1-47f9-92b0-57ed9da5ec4b,1,91,ZFM-03321
pupil,no_stim,2.249999999999999,127.10826818553632,12.395984538435812,c1fbabc4-21b1-47f9-92b0-57ed9da5ec4b,1,91,ZFM-03321
pupil,no_stim,2.349999999999999,126.00178040698897,11.289496759888465,c1fbabc4-21b1-47f9-92b0-57ed9da5ec4b,1,91,ZFM-03321
pupil,no_stim,2.4499999999999993,124.82506881436741,10.112785167266907,c1fbabc4-21b1-47f9-92b0-57ed9da5ec4b,1,91,ZFM-03321
pupil,no_stim,2.549999999999999,123.73060143917552,9.01831779207501,c1fbabc4-21b1-47f9-92b0-57ed9da5ec4b,1,91,ZFM-03321
pupil,no_stim,2.649999999999999,122.4166275898748,7.704343942774301,c1fbabc4-21b1-47f9-92b0-57ed9da5ec4b,1,91,ZFM-03321
pupil,no_stim,2.749999999999999,120.74295808669773,6.03067443959722,c1fbabc4-21b1-47f9-92b0-57ed9da5ec4b,1,91,ZFM-03321
pupil,no_stim,2.849999999999999,119.80982489704664,5.097541249946133,c1fbabc4-21b1-47f9-92b0-57ed9da5ec4b,1,91,ZFM-03321
pupil,no_stim,2.9499999999999993,119.17363295184245,4.461349304741944,c1fbabc4-21b1-47f9-92b0-57ed9da5ec4b,1,91,ZFM-03321
pupil,no_stim,3.049999999999999,118.02386105272778,3.3115774056272755,c1fbabc4-21b1-47f9-92b0-57ed9da5ec4b,1,91,ZFM-03321
pupil,no_stim,3.149999999999999,117.21493038808312,2.5026467409826125,c1fbabc4-21b1-47f9-92b0-57ed9da5ec4b,1,91,ZFM-03321
pupil,no_stim,3.249999999999999,116.66558860194303,1.9533049548425225,c1fbabc4-21b1-47f9-92b0-57ed9da5ec4b,1,91,ZFM-03321
pupil,no_stim,3.3499999999999988,117.39708026601407,2.684796618913566,c1fbabc4-21b1-47f9-92b0-57ed9da5ec4b,1,91,ZFM-03321
pupil,no_stim,3.449999999999999,117.94007464268381,3.2277909955833053,c1fbabc4-21b1-47f9-92b0-57ed9da5ec4b,1,91,ZFM-03321
pupil,no_stim,3.549999999999999,117.73093330728616,3.018649660185659,c1fbabc4-21b1-47f9-92b0-57ed9da5ec4b,1,91,ZFM-03321
pupil,no_stim,3.649999999999999,116.49801303696621,1.7857293898657076,c1fbabc4-21b1-47f9-92b0-57ed9da5ec4b,1,91,ZFM-03321
pupil,no_stim,3.749999999999999,114.66792219155782,-0.04436145554268478,c1fbabc4-21b1-47f9-92b0-57ed9da5ec4b,1,91,ZFM-03321
pupil,no_stim,3.8499999999999988,114.037704998583,-0.6745786485175103,c1fbabc4-21b1-47f9-92b0-57ed9da5ec4b,1,91,ZFM-03321
pupil,no_stim,3.949999999999999,113.93767151752698,-0.7746121295735264,c1fbabc4-21b1-47f9-92b0-57ed9da5ec4b,1,91,ZFM-03321
pupil,stim,-0.45,140.06479739885083,1.806523563035796,aff57b75-b439-4537-be22-743acedc8e5d,1,91,ZFM-03321
pupil,stim,-0.35000000000000003,138.67555187902977,0.41727804321473627,aff57b75-b439-4537-be22-743acedc8e5d,1,91,ZFM-03321
pupil,stim,-0.25000000000000006,138.48258688480647,0.22431304899143356,aff57b75-b439-4537-be22-743acedc8e5d,1,91,ZFM-03321
pupil,stim,-0.15000000000000008,138.06278231228868,-0.19549152352635701,aff57b75-b439-4537-be22-743acedc8e5d,1,91,ZFM-03321
pupil,stim,-0.050000000000000086,136.00565070409954,-2.252623131715495,aff57b75-b439-4537-be22-743acedc8e5d,1,91,ZFM-03321
pupil,stim,0.04999999999999989,133.79448788632976,-4.4637859494852705,aff57b75-b439-4537-be22-743acedc8e5d,1,91,ZFM-03321
pupil,stim,0.14999999999999986,132.38443606022608,-5.873837775588953,aff57b75-b439-4537-be22-743acedc8e5d,1,91,ZFM-03321
pupil,stim,0.24999999999999983,131.27024278487653,-6.988031050938503,aff57b75-b439-4537-be22-743acedc8e5d,1,91,ZFM-03321
pupil,stim,0.3499999999999998,130.88879541442094,-7.369478421394092,aff57b75-b439-4537-be22-743acedc8e5d,1,91,ZFM-03321
pupil,stim,0.4499999999999998,130.67301935260483,-7.585254483210207,aff57b75-b439-4537-be22-743acedc8e5d,1,91,ZFM-03321
pupil,stim,0.5499999999999998,130.6794699641923,-7.578803871622739,aff57b75-b439-4537-be22-743acedc8e5d,1,91,ZFM-03321
pupil,stim,0.6499999999999998,130.51092399913415,-7.747349836680883,aff57b75-b439-4537-be22-743acedc8e5d,1,91,ZFM-03321
pupil,stim,0.7499999999999998,130.52925604103282,-7.729017794782209,aff57b75-b439-4537-be22-743acedc8e5d,1,91,ZFM-03321
pupil,stim,0.8499999999999998,131.91753766607994,-6.340736169735095,aff57b75-b439-4537-be22-743acedc8e5d,1,91,ZFM-03321
pupil,stim,0.9499999999999997,133.3853211692112,-4.8729526666038225,aff57b75-b439-4537-be22-743acedc8e5d,1,91,ZFM-03321
pupil,stim,1.0499999999999996,134.0981246515965,-4.16014918421854,aff57b75-b439-4537-be22-743acedc8e5d,1,91,ZFM-03321
pupil,stim,1.1499999999999997,134.59254437845652,-3.665729457358509,aff57b75-b439-4537-be22-743acedc8e5d,1,91,ZFM-03321
pupil,stim,1.2499999999999998,134.7235787792331,-3.5346950565819384,aff57b75-b439-4537-be22-743acedc8e5d,1,91,ZFM-03321
pupil,stim,1.3499999999999996,135.32059899203088,-2.9376748437841513,aff57b75-b439-4537-be22-743acedc8e5d,1,91,ZFM-03321
pupil,stim,1.4499999999999995,135.94955985644285,-2.308713979372186,aff57b75-b439-4537-be22-743acedc8e5d,1,91,ZFM-03321
pupil,stim,1.5499999999999996,136.1569626233538,-2.1013112124612405,aff57b75-b439-4537-be22-743acedc8e5d,1,91,ZFM-03321
pupil,stim,1.6499999999999997,135.9252442281105,-2.333029607704532,aff57b75-b439-4537-be22-743acedc8e5d,1,91,ZFM-03321
pupil,stim,1.7499999999999996,135.67911278105268,-2.579161054762352,aff57b75-b439-4537-be22-743acedc8e5d,1,91,ZFM-03321
pupil,stim,1.8499999999999994,136.18252652739682,-2.075747308418215,aff57b75-b439-4537-be22-743acedc8e5d,1,91,ZFM-03321
pupil,stim,1.9499999999999995,137.19619633333784,-1.0620775024771945,aff57b75-b439-4537-be22-743acedc8e5d,1,91,ZFM-03321
pupil,stim,2.0499999999999994,138.80336812097298,0.5450942851579441,aff57b75-b439-4537-be22-743acedc8e5d,1,91,ZFM-03321
pupil,stim,2.1499999999999995,139.46738943481938,1.209115599004349,aff57b75-b439-4537-be22-743acedc8e5d,1,91,ZFM-03321
pupil,stim,2.249999999999999,139.54492067499413,1.2866468391790988,aff57b75-b439-4537-be22-743acedc8e5d,1,91,ZFM-03321
pupil,stim,2.349999999999999,138.99451173773852,0.7362379019234879,aff57b75-b439-4537-be22-743acedc8e5d,1,91,ZFM-03321
pupil,stim,2.4499999999999993,138.6074756054147,0.34920176959965943,aff57b75-b439-4537-be22-743acedc8e5d,1,91,ZFM-03321
pupil,stim,2.549999999999999,138.45917621282493,0.20090237700989633,aff57b75-b439-4537-be22-743acedc8e5d,1,91,ZFM-03321
pupil,stim,2.649999999999999,138.40455003837738,0.14627620256234763,aff57b75-b439-4537-be22-743acedc8e5d,1,91,ZFM-03321
pupil,stim,2.749999999999999,138.8451136351397,0.5868397993246788,aff57b75-b439-4537-be22-743acedc8e5d,1,91,ZFM-03321
pupil,stim,2.849999999999999,139.39337496198183,1.135101126166802,aff57b75-b439-4537-be22-743acedc8e5d,1,91,ZFM-03321
pupil,stim,2.9499999999999993,139.44130511131812,1.1830312755030832,aff57b75-b439-4537-be22-743acedc8e5d,1,91,ZFM-03321
pupil,stim,3.049999999999999,138.70194974846845,0.44367591265341844,aff57b75-b439-4537-be22-743acedc8e5d,1,91,ZFM-03321
pupil,stim,3.149999999999999,137.74396086388546,-0.51431297192957,aff57b75-b439-4537-be22-743acedc8e5d,1,91,ZFM-03321
pupil,stim,3.249999999999999,136.9251564460229,-1.333117389792136,aff57b75-b439-4537-be22-743acedc8e5d,1,91,ZFM-03321
pupil,stim,3.3499999999999988,136.03534503947432,-2.2229287963407103,aff57b75-b439-4537-be22-743acedc8e5d,1,91,ZFM-03321
pupil,stim,3.449999999999999,135.65984883578835,-2.5984250000266798,aff57b75-b439-4537-be22-743acedc8e5d,1,91,ZFM-03321
pupil,stim,3.549999999999999,135.99534832911112,-2.2629255067039082,aff57b75-b439-4537-be22-743acedc8e5d,1,91,ZFM-03321
pupil,stim,3.649999999999999,136.6833745986766,-1.5748992371384247,aff57b75-b439-4537-be22-743acedc8e5d,1,91,ZFM-03321
pupil,stim,3.749999999999999,136.85873984984278,-1.3995339859722549,aff57b75-b439-4537-be22-743acedc8e5d,1,91,ZFM-03321
pupil,stim,3.8499999999999988,136.60332611116056,-1.6549477246544768,aff57b75-b439-4537-be22-743acedc8e5d,1,91,ZFM-03321
pupil,stim,3.949999999999999,136.46319115050878,-1.7950826853062551,aff57b75-b439-4537-be22-743acedc8e5d,1,91,ZFM-03321
pupil,no_stim,-0.45,113.6508714106798,3.75745834238424,aff57b75-b439-4537-be22-743acedc8e5d,1,63,ZFM-03321
pupil,no_stim,-0.35000000000000003,111.79506424890309,1.90165118060753,aff57b75-b439-4537-be22-743acedc8e5d,1,63,ZFM-03321
pupil,no_stim,-0.25000000000000006,109.61012972220104,-0.283283346094521,aff57b75-b439-4537-be22-743acedc8e5d,1,63,ZFM-03321
pupil,no_stim,-0.15000000000000008,107.77274598123354,-2.1206670870620172,aff57b75-b439-4537-be22-743acedc8e5d,1,63,ZFM-03321
pupil,no_stim,-0.050000000000000086,106.6382539784603,-3.25515908983526,aff57b75-b439-4537-be22-743acedc8e5d,1,63,ZFM-03321
pupil,no_stim,0.04999999999999989,107.13253887556351,-2.7608741927320466,aff57b75-b439-4537-be22-743acedc8e5d,1,63,ZFM-03321
pupil,no_stim,0.14999999999999986,106.9408180310267,-2.952595037268864,aff57b75-b439-4537-be22-743acedc8e5d,1,63,ZFM-03321
pupil,no_stim,0.24999999999999983,106.61770310954043,-3.2757099587551295,aff57b75-b439-4537-be22-743acedc8e5d,1,63,ZFM-03321
pupil,no_stim,0.3499999999999998,106.84185592901716,-3.051557139278401,aff57b75-b439-4537-be22-743acedc8e5d,1,63,ZFM-03321
pupil,no_stim,0.4499999999999998,107.0777920024614,-2.815621065834165,aff57b75-b439-4537-be22-743acedc8e5d,1,63,ZFM-03321
pupil,no_stim,0.5499999999999998,108.23664941287767,-1.6567636554178904,aff57b75-b439-4537-be22-743acedc8e5d,1,63,ZFM-03321
pupil,no_stim,0.6499999999999998,109.36096277315796,-0.5324502951375933,aff57b75-b439-4537-be22-743acedc8e5d,1,63,ZFM-03321
pupil,no_stim,0.7499999999999998,110.26517997523774,0.3717669069421845,aff57b75-b439-4537-be22-743acedc8e5d,1,63,ZFM-03321
pupil,no_stim,0.8499999999999998,111.49785236032537,1.6044392920298094,aff57b75-b439-4537-be22-743acedc8e5d,1,63,ZFM-03321
pupil,no_stim,0.9499999999999997,114.08462022820254,4.1912071599069805,aff57b75-b439-4537-be22-743acedc8e5d,1,63,ZFM-03321
pupil,no_stim,1.0499999999999996,117.20489063374933,7.311477565453771,aff57b75-b439-4537-be22-743acedc8e5d,1,63,ZFM-03321
pupil,no_stim,1.1499999999999997,119.15928751984303,9.265874451547475,aff57b75-b439-4537-be22-743acedc8e5d,1,63,ZFM-03321
pupil,no_stim,1.2499999999999998,120.38075716540784,10.487344097112285,aff57b75-b439-4537-be22-743acedc8e5d,1,63,ZFM-03321
pupil,no_stim,1.3499999999999996,121.42001943154438,11.526606363248817,aff57b75-b439-4537-be22-743acedc8e5d,1,63,ZFM-03321
pupil,no_stim,1.4499999999999995,122.26170754910484,12.368294480809283,aff57b75-b439-4537-be22-743acedc8e5d,1,63,ZFM-03321
pupil,no_stim,1.5499999999999996,122.55839026617984,12.664977197884284,aff57b75-b439-4537-be22-743acedc8e5d,1,63,ZFM-03321
pupil,no_stim,1.6499999999999997,122.88195287988125,12.988539811585696,aff57b75-b439-4537-be22-743acedc8e5d,1,63,ZFM-03321
pupil,no_stim,1.7499999999999996,123.74903629152519,13.855623223229628,aff57b75-b439-4537-be22-743acedc8e5d,1,63,ZFM-03321
pupil,no_stim,1.8499999999999994,125.05179438249837,15.158381314202813,aff57b75-b439-4537-be22-743acedc8e5d,1,63,ZFM-03321
pupil,no_stim,1.9499999999999995,125.8888014024861,15.995388334190537,aff57b75-b439-4537-be22-743acedc8e5d,1,63,ZFM-03321
pupil,no_stim,2.0499999999999994,126.18014772599388,16.286734657698318,aff57b75-b439-4537-be22-743acedc8e5d,1,63,ZFM-03321
pupil,no_stim,2.1499999999999995,125.80632503348457,15.91291196518901,aff57b75-b439-4537-be22-743acedc8e5d,1,63,ZFM-03321
pupil,no_stim,2.249999999999999,125.32544088115097,15.43202781285541,aff57b75-b439-4537-be22-743acedc8e5d,1,63,ZFM-03321
pupil,no_stim,2.349999999999999,124.73404066704809,14.840627598752533,aff57b75-b439-4537-be22-743acedc8e5d,1,63,ZFM-03321
pupil,no_stim,2.4499999999999993,124.29501134624404,14.40159827794848,aff57b75-b439-4537-be22-743acedc8e5d,1,63,ZFM-03321
pupil,no_stim,2.549999999999999,124.02081141992221,14.127398351626653,aff57b75-b439-4537-be22-743acedc8e5d,1,63,ZFM-03321
pupil,no_stim,2.649999999999999,123.09176646831902,13.198353400023464,aff57b75-b439-4537-be22-743acedc8e5d,1,63,ZFM-03321
pupil,no_stim,2.749999999999999,121.0256411363163,11.132228068020737,aff57b75-b439-4537-be22-743acedc8e5d,1,63,ZFM-03321
pupil,no_stim,2.849999999999999,119.50107086083312,9.607657792537566,aff57b75-b439-4537-be22-743acedc8e5d,1,63,ZFM-03321
pupil,no_stim,2.9499999999999993,119.83986187404395,9.946448805748389,aff57b75-b439-4537-be22-743acedc8e5d,1,63,ZFM-03321
pupil,no_stim,3.049999999999999,120.47291015188226,10.579497083586702,aff57b75-b439-4537-be22-743acedc8e5d,1,63,ZFM-03321
pupil,no_stim,3.149999999999999,120.1286289138453,10.235215845549746,aff57b75-b439-4537-be22-743acedc8e5d,1,63,ZFM-03321
pupil,no_stim,3.249999999999999,118.79692042367513,8.903507355379574,aff57b75-b439-4537-be22-743acedc8e5d,1,63,ZFM-03321
pupil,no_stim,3.3499999999999988,117.30502595550506,7.4116128872095,aff57b75-b439-4537-be22-743acedc8e5d,1,63,ZFM-03321
pupil,no_stim,3.449999999999999,116.70975042767606,6.816337359380498,aff57b75-b439-4537-be22-743acedc8e5d,1,63,ZFM-03321
pupil,no_stim,3.549999999999999,116.51835642143197,6.624943353136416,aff57b75-b439-4537-be22-743acedc8e5d,1,63,ZFM-03321
pupil,no_stim,3.649999999999999,116.65834050412302,6.76492743582746,aff57b75-b439-4537-be22-743acedc8e5d,1,63,ZFM-03321
pupil,no_stim,3.749999999999999,117.01855491369216,7.125141845396598,aff57b75-b439-4537-be22-743acedc8e5d,1,63,ZFM-03321
pupil,no_stim,3.8499999999999988,116.297857434209,6.404444365913449,aff57b75-b439-4537-be22-743acedc8e5d,1,63,ZFM-03321
pupil,no_stim,3.949999999999999,116.2499250534063,6.356511985110743,aff57b75-b439-4537-be22-743acedc8e5d,1,63,ZFM-03321
pupil,stim,-0.45,113.91108463510064,5.178414951545463,d0387aa6-b648-466a-b5a6-bb647c8acc41,0,80,ZFM-03331
pupil,stim,-0.35000000000000003,110.24751395293666,1.5148442693814843,d0387aa6-b648-466a-b5a6-bb647c8acc41,0,80,ZFM-03331
pupil,stim,-0.25000000000000006,108.30450369697375,-0.42816598658141913,d0387aa6-b648-466a-b5a6-bb647c8acc41,0,80,ZFM-03331
pupil,stim,-0.15000000000000008,103.28874961458537,-5.443920068969803,d0387aa6-b648-466a-b5a6-bb647c8acc41,0,80,ZFM-03331
pupil,stim,-0.050000000000000086,107.91149651817943,-0.8211731653757397,d0387aa6-b648-466a-b5a6-bb647c8acc41,0,80,ZFM-03331
pupil,stim,0.04999999999999989,115.35253537592209,6.619865692366915,d0387aa6-b648-466a-b5a6-bb647c8acc41,0,80,ZFM-03331
pupil,stim,0.14999999999999986,122.22292565413704,13.49025597058187,d0387aa6-b648-466a-b5a6-bb647c8acc41,0,80,ZFM-03331
pupil,stim,0.24999999999999983,120.65815581263969,11.925486129084518,d0387aa6-b648-466a-b5a6-bb647c8acc41,0,80,ZFM-03331
pupil,stim,0.3499999999999998,122.06303374004563,13.330364056490453,d0387aa6-b648-466a-b5a6-bb647c8acc41,0,80,ZFM-03331
pupil,stim,0.4499999999999998,123.87776251951193,15.14509283595676,d0387aa6-b648-466a-b5a6-bb647c8acc41,0,80,ZFM-03331
pupil,stim,0.5499999999999998,127.9162894157017,19.183619732146525,d0387aa6-b648-466a-b5a6-bb647c8acc41,0,80,ZFM-03331
pupil,stim,0.6499999999999998,128.3420193181118,19.609349634556622,d0387aa6-b648-466a-b5a6-bb647c8acc41,0,80,ZFM-03331
pupil,stim,0.7499999999999998,122.50608205113038,13.773412367575204,d0387aa6-b648-466a-b5a6-bb647c8acc41,0,80,ZFM-03331
pupil,stim,0.8499999999999998,115.36286266842144,6.6301929848662695,d0387aa6-b648-466a-b5a6-bb647c8acc41,0,80,ZFM-03331
pupil,stim,0.9499999999999997,116.41776658591803,7.685096902362858,d0387aa6-b648-466a-b5a6-bb647c8acc41,0,80,ZFM-03331
pupil,stim,1.0499999999999996,117.01319580038796,8.280526116832789,d0387aa6-b648-466a-b5a6-bb647c8acc41,0,80,ZFM-03331
pupil,stim,1.1499999999999997,117.16874494895387,8.4360752653987,d0387aa6-b648-466a-b5a6-bb647c8acc41,0,80,ZFM-03331
pupil,stim,1.2499999999999998,114.1710657389209,5.438396055365729,d0387aa6-b648-466a-b5a6-bb647c8acc41,0,80,ZFM-03331
pupil,stim,1.3499999999999996,115.33225552223625,6.5995858386810795,d0387aa6-b648-466a-b5a6-bb647c8acc41,0,80,ZFM-03331
pupil,stim,1.4499999999999995,128.70531641595255,19.97264673239738,d0387aa6-b648-466a-b5a6-bb647c8acc41,0,80,ZFM-03331
pupil,stim,1.5499999999999996,138.30929467028255,29.57662498672738,d0387aa6-b648-466a-b5a6-bb647c8acc41,0,80,ZFM-03331
pupil,stim,1.6499999999999997,141.19967109913853,32.467001415583354,d0387aa6-b648-466a-b5a6-bb647c8acc41,0,80,ZFM-03331
pupil,stim,1.7499999999999996,136.14533100416304,27.412661320607867,d0387aa6-b648-466a-b5a6-bb647c8acc41,0,80,ZFM-03331
pupil,stim,1.8499999999999994,126.44353169944065,17.710862015885482,d0387aa6-b648-466a-b5a6-bb647c8acc41,0,80,ZFM-03331
pupil,stim,1.9499999999999995,119.17997002665277,10.447300343097595,d0387aa6-b648-466a-b5a6-bb647c8acc41,0,80,ZFM-03331
pupil,stim,2.0499999999999994,119.99586511780062,11.263195434245446,d0387aa6-b648-466a-b5a6-bb647c8acc41,0,80,ZFM-03331
pupil,stim,2.1499999999999995,123.26883971182357,14.536170028268401,d0387aa6-b648-466a-b5a6-bb647c8acc41,0,80,ZFM-03331
pupil,stim,2.249999999999999,127.7196896188716,18.987019935316425,d0387aa6-b648-466a-b5a6-bb647c8acc41,0,80,ZFM-03331
pupil,stim,2.349999999999999,126.11523889156896,17.38256920801379,d0387aa6-b648-466a-b5a6-bb647c8acc41,0,80,ZFM-03331
pupil,stim,2.4499999999999993,127.25206479458177,18.519395111026597,d0387aa6-b648-466a-b5a6-bb647c8acc41,0,80,ZFM-03331
pupil,stim,2.549999999999999,120.27662888822894,11.543959204673769,d0387aa6-b648-466a-b5a6-bb647c8acc41,0,80,ZFM-03331
pupil,stim,2.649999999999999,113.16269260137922,4.430022917824047,d0387aa6-b648-466a-b5a6-bb647c8acc41,0,80,ZFM-03331
pupil,stim,2.749999999999999,121.35717204202368,12.624502358468504,d0387aa6-b648-466a-b5a6-bb647c8acc41,0,80,ZFM-03331
pupil,stim,2.849999999999999,127.80317161645311,19.07050193289794,d0387aa6-b648-466a-b5a6-bb647c8acc41,0,80,ZFM-03331
pupil,stim,2.9499999999999993,126.33828200924532,17.605612325690146,d0387aa6-b648-466a-b5a6-bb647c8acc41,0,80,ZFM-03331
pupil,stim,3.049999999999999,118.7860795128604,10.053409829305224,d0387aa6-b648-466a-b5a6-bb647c8acc41,0,80,ZFM-03331
pupil,stim,3.149999999999999,114.64949520291296,5.916825519357786,d0387aa6-b648-466a-b5a6-bb647c8acc41,0,80,ZFM-03331
pupil,stim,3.249999999999999,122.74715019966224,14.01448051610707,d0387aa6-b648-466a-b5a6-bb647c8acc41,0,80,ZFM-03331
pupil,stim,3.3499999999999988,133.60053567050434,24.86786598694917,d0387aa6-b648-466a-b5a6-bb647c8acc41,0,80,ZFM-03331
pupil,stim,3.449999999999999,140.6309866498709,31.89831696631572,d0387aa6-b648-466a-b5a6-bb647c8acc41,0,80,ZFM-03331
pupil,stim,3.549999999999999,138.16735763869798,29.434687955142806,d0387aa6-b648-466a-b5a6-bb647c8acc41,0,80,ZFM-03331
pupil,stim,3.649999999999999,128.59435342197014,19.861683738414968,d0387aa6-b648-466a-b5a6-bb647c8acc41,0,80,ZFM-03331
pupil,stim,3.749999999999999,120.80371699884195,12.071047315286776,d0387aa6-b648-466a-b5a6-bb647c8acc41,0,80,ZFM-03331
pupil,stim,3.8499999999999988,114.99410106548994,6.26143138193477,d0387aa6-b648-466a-b5a6-bb647c8acc41,0,80,ZFM-03331
pupil,stim,3.949999999999999,114.014066497176,5.28139681362083,d0387aa6-b648-466a-b5a6-bb647c8acc41,0,80,ZFM-03331
pupil,no_stim,-0.45,123.7359353116384,-4.738198069136729,d0387aa6-b648-466a-b5a6-bb647c8acc41,0,57,ZFM-03331
pupil,no_stim,-0.35000000000000003,132.14063821942327,3.6665048386481374,d0387aa6-b648-466a-b5a6-bb647c8acc41,0,57,ZFM-03331
pupil,no_stim,-0.25000000000000006,131.0928707029232,2.618737322148064,d0387aa6-b648-466a-b5a6-bb647c8acc41,0,57,ZFM-03331
pupil,no_stim,-0.15000000000000008,128.956242150386,0.4821087696108748,d0387aa6-b648-466a-b5a6-bb647c8acc41,0,57,ZFM-03331
pupil,no_stim,-0.050000000000000086,126.44498051950477,-2.0291528612703615,d0387aa6-b648-466a-b5a6-bb647c8acc41,0,57,ZFM-03331
pupil,no_stim,0.04999999999999989,125.96452888650181,-2.5096044942733187,d0387aa6-b648-466a-b5a6-bb647c8acc41,0,57,ZFM-03331
pupil,no_stim,0.14999999999999986,124.09961692980194,-4.374516450973189,d0387aa6-b648-466a-b5a6-bb647c8acc41,0,57,ZFM-03331
pupil,no_stim,0.24999999999999983,119.96446636169345,-8.509667019081675,d0387aa6-b648-466a-b5a6-bb647c8acc41,0,57,ZFM-03331
pupil,no_stim,0.3499999999999998,117.69769225955102,-10.77644112122411,d0387aa6-b648-466a-b5a6-bb647c8acc41,0,57,ZFM-03331
pupil,no_stim,0.4499999999999998,119.15222338071032,-9.321910000064804,d0387aa6-b648-466a-b5a6-bb647c8acc41,0,57,ZFM-03331
pupil,no_stim,0.5499999999999998,117.69759181762214,-10.776541563152989,d0387aa6-b648-466a-b5a6-bb647c8acc41,0,57,ZFM-03331
pupil,no_stim,0.6499999999999998,113.16420260439564,-15.309930776379488,d0387aa6-b648-466a-b5a6-bb647c8acc41,0,57,ZFM-03331
pupil,no_stim,0.7499999999999998,108.38313458999922,-20.090998790775913,d0387aa6-b648-466a-b5a6-bb647c8acc41,0,57,ZFM-03331
pupil,no_stim,0.8499999999999998,103.9644774956133,-24.509655885161834,d0387aa6-b648-466a-b5a6-bb647c8acc41,0,57,ZFM-03331
pupil,no_stim,0.9499999999999997,106.49536068045326,-21.97877270032187,d0387aa6-b648-466a-b5a6-bb647c8acc41,0,57,ZFM-03331
pupil,no_stim,1.0499999999999996,111.61995775105653,-16.854175629718597,d0387aa6-b648-466a-b5a6-bb647c8acc41,0,57,ZFM-03331
pupil,no_stim,1.1499999999999997,112.24176606038169,-16.232367320393436,d0387aa6-b648-466a-b5a6-bb647c8acc41,0,57,ZFM-03331
pupil,no_stim,1.2499999999999998,111.1369053843189,-17.337227996456235,d0387aa6-b648-466a-b5a6-bb647c8acc41,0,57,ZFM-03331
pupil,no_stim,1.3499999999999996,114.11610343781415,-14.358029942960982,d0387aa6-b648-466a-b5a6-bb647c8acc41,0,57,ZFM-03331
pupil,no_stim,1.4499999999999995,118.79707970008918,-9.677053680685944,d0387aa6-b648-466a-b5a6-bb647c8acc41,0,57,ZFM-03331
pupil,no_stim,1.5499999999999996,126.69726231477892,-1.776871065996204,d0387aa6-b648-466a-b5a6-bb647c8acc41,0,57,ZFM-03331
pupil,no_stim,1.6499999999999997,125.07694841772098,-3.397184963054144,d0387aa6-b648-466a-b5a6-bb647c8acc41,0,57,ZFM-03331
pupil,no_stim,1.7499999999999996,122.24267224217954,-6.231461138595591,d0387aa6-b648-466a-b5a6-bb647c8acc41,0,57,ZFM-03331
pupil,no_stim,1.8499999999999994,115.14198859866696,-13.332144782108173,d0387aa6-b648-466a-b5a6-bb647c8acc41,0,57,ZFM-03331
pupil,no_stim,1.9499999999999995,111.6390310103559,-16.835102370419236,d0387aa6-b648-466a-b5a6-bb647c8acc41,0,57,ZFM-03331
pupil,no_stim,2.0499999999999994,108.91745985832938,-19.55667352244575,d0387aa6-b648-466a-b5a6-bb647c8acc41,0,57,ZFM-03331
pupil,no_stim,2.1499999999999995,114.62762733965387,-13.846506041121259,d0387aa6-b648-466a-b5a6-bb647c8acc41,0,57,ZFM-03331
pupil,no_stim,2.249999999999999,115.2599334043354,-13.21419997643973,d0387aa6-b648-466a-b5a6-bb647c8acc41,0,57,ZFM-03331
pupil,no_stim,2.349999999999999,110.27010172216168,-18.204031658613445,d0387aa6-b648-466a-b5a6-bb647c8acc41,0,57,ZFM-03331
pupil,no_stim,2.4499999999999993,104.36504119538954,-24.10909218538559,d0387aa6-b648-466a-b5a6-bb647c8acc41,0,57,ZFM-03331
pupil,no_stim,2.549999999999999,100.51759716726717,-27.95653621350796,d0387aa6-b648-466a-b5a6-bb647c8acc41,0,57,ZFM-03331
pupil,no_stim,2.649999999999999,109.10348722002115,-19.370646160753978,d0387aa6-b648-466a-b5a6-bb647c8acc41,0,57,ZFM-03331
pupil,no_stim,2.749999999999999,119.51818937093381,-8.955944009841318,d0387aa6-b648-466a-b5a6-bb647c8acc41,0,57,ZFM-03331
pupil,no_stim,2.849999999999999,127.97253561681492,-0.5015977639602056,d0387aa6-b648-466a-b5a6-bb647c8acc41,0,57,ZFM-03331
pupil,no_stim,2.9499999999999993,132.1844531338256,3.71031975305047,d0387aa6-b648-466a-b5a6-bb647c8acc41,0,57,ZFM-03331
pupil,no_stim,3.049999999999999,129.66704554884444,1.1929121680693129,d0387aa6-b648-466a-b5a6-bb647c8acc41,0,57,ZFM-03331
pupil,no_stim,3.149999999999999,125.35417622744738,-3.1199571533277464,d0387aa6-b648-466a-b5a6-bb647c8acc41,0,57,ZFM-03331
pupil,no_stim,3.249999999999999,122.20422753895643,-6.269905841818698,d0387aa6-b648-466a-b5a6-bb647c8acc41,0,57,ZFM-03331
pupil,no_stim,3.3499999999999988,112.71041996674191,-15.76371341403322,d0387aa6-b648-466a-b5a6-bb647c8acc41,0,57,ZFM-03331
pupil,no_stim,3.449999999999999,101.88067853013034,-26.59345485064479,d0387aa6-b648-466a-b5a6-bb647c8acc41,0,57,ZFM-03331
pupil,no_stim,3.549999999999999,106.17934487461984,-22.294788506155285,d0387aa6-b648-466a-b5a6-bb647c8acc41,0,57,ZFM-03331
pupil,no_stim,3.649999999999999,111.53719564233768,-16.93693773843745,d0387aa6-b648-466a-b5a6-bb647c8acc41,0,57,ZFM-03331
pupil,no_stim,3.749999999999999,117.13917698127175,-11.334956399503383,d0387aa6-b648-466a-b5a6-bb647c8acc41,0,57,ZFM-03331
pupil,no_stim,3.8499999999999988,114.3277578916545,-14.14637548912063,d0387aa6-b648-466a-b5a6-bb647c8acc41,0,57,ZFM-03331
pupil,no_stim,3.949999999999999,113.04166193636051,-15.432471444414617,d0387aa6-b648-466a-b5a6-bb647c8acc41,0,57,ZFM-03331
pupil,stim,-0.45,146.27892657698177,4.699174604350446,d0d46f77-1066-4568-a984-b2469f948aa2,0,153,ZFM-03331
pupil,stim,-0.35000000000000003,143.37980095024014,1.8000489776088102,d0d46f77-1066-4568-a984-b2469f948aa2,0,153,ZFM-03331
pupil,stim,-0.25000000000000006,139.95218716976765,-1.6275648028636738,d0d46f77-1066-4568-a984-b2469f948aa2,0,153,ZFM-03331
pupil,stim,-0.15000000000000008,138.44539548186927,-3.134356490762059,d0d46f77-1066-4568-a984-b2469f948aa2,0,153,ZFM-03331
pupil,stim,-0.050000000000000086,139.8424496842979,-1.7373022883334386,d0d46f77-1066-4568-a984-b2469f948aa2,0,153,ZFM-03331
pupil,stim,0.04999999999999989,142.89135684979388,1.3116048771625515,d0d46f77-1066-4568-a984-b2469f948aa2,0,153,ZFM-03331
pupil,stim,0.14999999999999986,143.55722987924412,1.9774779066127905,d0d46f77-1066-4568-a984-b2469f948aa2,0,153,ZFM-03331
pupil,stim,0.24999999999999983,140.60887839879345,-0.9708735738378778,d0d46f77-1066-4568-a984-b2469f948aa2,0,153,ZFM-03331
pupil,stim,0.3499999999999998,137.74629075418267,-3.8334612184486616,d0d46f77-1066-4568-a984-b2469f948aa2,0,153,ZFM-03331
pupil,stim,0.4499999999999998,130.38093053842738,-11.19882143420395,d0d46f77-1066-4568-a984-b2469f948aa2,0,153,ZFM-03331
pupil,stim,0.5499999999999998,123.86120729453755,-17.718544678093778,d0d46f77-1066-4568-a984-b2469f948aa2,0,153,ZFM-03331
pupil,stim,0.6499999999999998,124.14776011615223,-17.4319918564791,d0d46f77-1066-4568-a984-b2469f948aa2,0,153,ZFM-03331
pupil,stim,0.7499999999999998,127.4688834854545,-14.11086848717683,d0d46f77-1066-4568-a984-b2469f948aa2,0,153,ZFM-03331
pupil,stim,0.8499999999999998,133.69616296076035,-7.883589011870981,d0d46f77-1066-4568-a984-b2469f948aa2,0,153,ZFM-03331
pupil,stim,0.9499999999999997,133.58868576474018,-7.991066207891151,d0d46f77-1066-4568-a984-b2469f948aa2,0,153,ZFM-03331
pupil,stim,1.0499999999999996,131.24866400219037,-10.331087970440961,d0d46f77-1066-4568-a984-b2469f948aa2,0,153,ZFM-03331
pupil,stim,1.1499999999999997,122.37465759314385,-19.205094379487477,d0d46f77-1066-4568-a984-b2469f948aa2,0,153,ZFM-03331
pupil,stim,1.2499999999999998,117.28057462047104,-24.299177352160285,d0d46f77-1066-4568-a984-b2469f948aa2,0,153,ZFM-03331
pupil,stim,1.3499999999999996,118.55829415145196,-23.021457821179368,d0d46f77-1066-4568-a984-b2469f948aa2,0,153,ZFM-03331
pupil,stim,1.4499999999999995,121.34694838949932,-20.23280358313201,d0d46f77-1066-4568-a984-b2469f948aa2,0,153,ZFM-03331
pupil,stim,1.5499999999999996,124.09638651525239,-17.483365457378937,d0d46f77-1066-4568-a984-b2469f948aa2,0,153,ZFM-03331
pupil,stim,1.6499999999999997,120.34056947291523,-21.239182499716094,d0d46f77-1066-4568-a984-b2469f948aa2,0,153,ZFM-03331
pupil,stim,1.7499999999999996,122.5490425190693,-19.030709453562025,d0d46f77-1066-4568-a984-b2469f948aa2,0,153,ZFM-03331
pupil,stim,1.8499999999999994,118.41622550623828,-23.16352646639305,d0d46f77-1066-4568-a984-b2469f948aa2,0,153,ZFM-03331
pupil,stim,1.9499999999999995,117.22347612579505,-24.356275846836283,d0d46f77-1066-4568-a984-b2469f948aa2,0,153,ZFM-03331
pupil,stim,2.0499999999999994,111.06088122686536,-30.518870745765966,d0d46f77-1066-4568-a984-b2469f948aa2,0,153,ZFM-03331
pupil,stim,2.1499999999999995,109.78762354880432,-31.79212842382701,d0d46f77-1066-4568-a984-b2469f948aa2,0,153,ZFM-03331
pupil,stim,2.249999999999999,117.53051457130368,-24.049237401327645,d0d46f77-1066-4568-a984-b2469f948aa2,0,153,ZFM-03331
pupil,stim,2.349999999999999,126.04653950947893,-15.533212463152395,d0d46f77-1066-4568-a984-b2469f948aa2,0,153,ZFM-03331
pupil,stim,2.4499999999999993,130.10293211771867,-11.476819854912662,d0d46f77-1066-4568-a984-b2469f948aa2,0,153,ZFM-03331
pupil,stim,2.549999999999999,124.48810321970835,-17.09164875292298,d0d46f77-1066-4568-a984-b2469f948aa2,0,153,ZFM-03331
pupil,stim,2.649999999999999,118.20677884972656,-23.372973122904767,d0d46f77-1066-4568-a984-b2469f948aa2,0,153,ZFM-03331
pupil,stim,2.749999999999999,117.83240767436797,-23.747344298263357,d0d46f77-1066-4568-a984-b2469f948aa2,0,153,ZFM-03331
pupil,stim,2.849999999999999,123.20140978463907,-18.37834218799226,d0d46f77-1066-4568-a984-b2469f948aa2,0,153,ZFM-03331
pupil,stim,2.9499999999999993,129.2818996166695,-12.297852355961822,d0d46f77-1066-4568-a984-b2469f948aa2,0,153,ZFM-03331
pupil,stim,3.049999999999999,131.2847081011446,-10.29504387148674,d0d46f77-1066-4568-a984-b2469f948aa2,0,153,ZFM-03331
pupil,stim,3.149999999999999,134.5032914063735,-7.076460566257822,d0d46f77-1066-4568-a984-b2469f948aa2,0,153,ZFM-03331
pupil,stim,3.249999999999999,134.8315593383513,-6.748192634280031,d0d46f77-1066-4568-a984-b2469f948aa2,0,153,ZFM-03331
pupil,stim,3.3499999999999988,135.62186717033072,-5.957884802300612,d0d46f77-1066-4568-a984-b2469f948aa2,0,153,ZFM-03331
pupil,stim,3.449999999999999,132.94010274275237,-8.639649229878955,d0d46f77-1066-4568-a984-b2469f948aa2,0,153,ZFM-03331
pupil,stim,3.549999999999999,133.34098084585517,-8.238771126776157,d0d46f77-1066-4568-a984-b2469f948aa2,0,153,ZFM-03331
pupil,stim,3.649999999999999,129.8594021149401,-11.720349857691218,d0d46f77-1066-4568-a984-b2469f948aa2,0,153,ZFM-03331
pupil,stim,3.749999999999999,125.23326248072667,-16.346489491904663,d0d46f77-1066-4568-a984-b2469f948aa2,0,153,ZFM-03331
pupil,stim,3.8499999999999988,127.67864272919739,-13.901109243433936,d0d46f77-1066-4568-a984-b2469f948aa2,0,153,ZFM-03331
pupil,stim,3.949999999999999,130.95918884548934,-10.620563127141992,d0d46f77-1066-4568-a984-b2469f948aa2,0,153,ZFM-03331
pupil,no_stim,-0.45,142.79628617606068,-11.948942080223532,d0d46f77-1066-4568-a984-b2469f948aa2,0,142,ZFM-03331
pupil,no_stim,-0.35000000000000003,149.24644105310108,-5.498787203183127,d0d46f77-1066-4568-a984-b2469f948aa2,0,142,ZFM-03331
pupil,no_stim,-0.25000000000000006,156.80469544076055,2.059467184476347,d0d46f77-1066-4568-a984-b2469f948aa2,0,142,ZFM-03331
pupil,no_stim,-0.15000000000000008,162.89708916802584,8.151860911741636,d0d46f77-1066-4568-a984-b2469f948aa2,0,142,ZFM-03331
pupil,no_stim,-0.050000000000000086,161.98162944347294,7.236401187188733,d0d46f77-1066-4568-a984-b2469f948aa2,0,142,ZFM-03331
pupil,no_stim,0.04999999999999989,156.09689809271666,1.3516698364324498,d0d46f77-1066-4568-a984-b2469f948aa2,0,142,ZFM-03331
pupil,no_stim,0.14999999999999986,155.68400493162392,0.9387766753397102,d0d46f77-1066-4568-a984-b2469f948aa2,0,142,ZFM-03331
pupil,no_stim,0.24999999999999983,160.31401880520622,5.56879054892201,d0d46f77-1066-4568-a984-b2469f948aa2,0,142,ZFM-03331
pupil,no_stim,0.3499999999999998,161.28831740433878,6.543089148054577,d0d46f77-1066-4568-a984-b2469f948aa2,0,142,ZFM-03331
pupil,no_stim,0.4499999999999998,149.7525067937435,-4.992721462540715,d0d46f77-1066-4568-a984-b2469f948aa2,0,142,ZFM-03331
pupil,no_stim,0.5499999999999998,133.63836895454594,-21.106859301738268,d0d46f77-1066-4568-a984-b2469f948aa2,0,142,ZFM-03331
pupil,no_stim,0.6499999999999998,120.51342995602612,-34.23179830025809,d0d46f77-1066-4568-a984-b2469f948aa2,0,142,ZFM-03331
pupil,no_stim,0.7499999999999998,122.37032458730107,-32.37490366898314,d0d46f77-1066-4568-a984-b2469f948aa2,0,142,ZFM-03331
pupil,no_stim,0.8499999999999998,128.5141325071234,-26.2310957491608,d0d46f77-1066-4568-a984-b2469f948aa2,0,142,ZFM-03331
pupil,no_stim,0.9499999999999997,130.94530213794613,-23.799926118338078,d0d46f77-1066-4568-a984-b2469f948aa2,0,142,ZFM-03331
pupil,no_stim,1.0499999999999996,124.72757797269968,-30.01765028358453,d0d46f77-1066-4568-a984-b2469f948aa2,0,142,ZFM-03331
pupil,no_stim,1.1499999999999997,118.97257611350018,-35.772652142784025,d0d46f77-1066-4568-a984-b2469f948aa2,0,142,ZFM-03331
pupil,no_stim,1.2499999999999998,117.5092423962735,-37.2359858600107,d0d46f77-1066-4568-a984-b2469f948aa2,0,142,ZFM-03331
pupil,no_stim,1.3499999999999996,116.53339495961605,-38.21183329666816,d0d46f77-1066-4568-a984-b2469f948aa2,0,142,ZFM-03331
pupil,no_stim,1.4499999999999995,112.15718136981839,-42.58804688646582,d0d46f77-1066-4568-a984-b2469f948aa2,0,142,ZFM-03331
pupil,no_stim,1.5499999999999996,108.00020852097873,-46.745019735305476,d0d46f77-1066-4568-a984-b2469f948aa2,0,142,ZFM-03331
pupil,no_stim,1.6499999999999997,104.4032393241467,-50.34198893213751,d0d46f77-1066-4568-a984-b2469f948aa2,0,142,ZFM-03331
pupil,no_stim,1.7499999999999996,103.33374899951777,-51.41147925676644,d0d46f77-1066-4568-a984-b2469f948aa2,0,142,ZFM-03331
pupil,no_stim,1.8499999999999994,105.79426296422812,-48.95096529205608,d0d46f77-1066-4568-a984-b2469f948aa2,0,142,ZFM-03331
pupil,no_stim,1.9499999999999995,111.12638001068962,-43.61884824559459,d0d46f77-1066-4568-a984-b2469f948aa2,0,142,ZFM-03331
pupil,no_stim,2.0499999999999994,119.95135780053735,-34.793870455746855,d0d46f77-1066-4568-a984-b2469f948aa2,0,142,ZFM-03331
pupil,no_stim,2.1499999999999995,124.2690296561525,-30.47619860013171,d0d46f77-1066-4568-a984-b2469f948aa2,0,142,ZFM-03331
pupil,no_stim,2.249999999999999,123.80594208016117,-30.939286176123034,d0d46f77-1066-4568-a984-b2469f948aa2,0,142,ZFM-03331
pupil,no_stim,2.349999999999999,121.393450267791,-33.35177798849321,d0d46f77-1066-4568-a984-b2469f948aa2,0,142,ZFM-03331
pupil,no_stim,2.4499999999999993,122.94393870755167,-31.80128954873254,d0d46f77-1066-4568-a984-b2469f948aa2,0,142,ZFM-03331
pupil,no_stim,2.549999999999999,131.34944072044155,-23.395787535842658,d0d46f77-1066-4568-a984-b2469f948aa2,0,142,ZFM-03331
pupil,no_stim,2.649999999999999,139.55771392788853,-15.187514328395679,d0d46f77-1066-4568-a984-b2469f948aa2,0,142,ZFM-03331
pupil,no_stim,2.749999999999999,138.82055123063074,-15.924677025653466,d0d46f77-1066-4568-a984-b2469f948aa2,0,142,ZFM-03331
pupil,no_stim,2.849999999999999,137.44003225145664,-17.305196004827565,d0d46f77-1066-4568-a984-b2469f948aa2,0,142,ZFM-03331
pupil,no_stim,2.9499999999999993,132.33961760327213,-22.405610653012076,d0d46f77-1066-4568-a984-b2469f948aa2,0,142,ZFM-03331
pupil,no_stim,3.049999999999999,135.03946666816495,-19.70576158811926,d0d46f77-1066-4568-a984-b2469f948aa2,0,142,ZFM-03331
pupil,no_stim,3.149999999999999,138.04974578205363,-16.695482474230573,d0d46f77-1066-4568-a984-b2469f948aa2,0,142,ZFM-03331
pupil,no_stim,3.249999999999999,140.9393123011093,-13.805915955174896,d0d46f77-1066-4568-a984-b2469f948aa2,0,142,ZFM-03331
pupil,no_stim,3.3499999999999988,139.64699128380403,-15.09823697248018,d0d46f77-1066-4568-a984-b2469f948aa2,0,142,ZFM-03331
pupil,no_stim,3.449999999999999,140.87016058016803,-13.875067676116174,d0d46f77-1066-4568-a984-b2469f948aa2,0,142,ZFM-03331
pupil,no_stim,3.549999999999999,142.0708167465133,-12.67441150977092,d0d46f77-1066-4568-a984-b2469f948aa2,0,142,ZFM-03331
pupil,no_stim,3.649999999999999,139.79094665100183,-14.954281605282375,d0d46f77-1066-4568-a984-b2469f948aa2,0,142,ZFM-03331
pupil,no_stim,3.749999999999999,134.2533851112522,-20.49184314503202,d0d46f77-1066-4568-a984-b2469f948aa2,0,142,ZFM-03331
pupil,no_stim,3.8499999999999988,136.03219792909968,-18.713030327184526,d0d46f77-1066-4568-a984-b2469f948aa2,0,142,ZFM-03331
pupil,no_stim,3.949999999999999,140.3946234308438,-14.3506048254404,d0d46f77-1066-4568-a984-b2469f948aa2,0,142,ZFM-03331
pupil,stim,-0.45,70.14951943331221,4.107490664402135,31684e30-6708-4816-a8cb-c32c63ea7541,0,135,ZFM-03331
pupil,stim,-0.35000000000000003,67.94037627327994,1.898347504369866,31684e30-6708-4816-a8cb-c32c63ea7541,0,135,ZFM-03331
pupil,stim,-0.25000000000000006,66.08525169963261,0.04322293072253558,31684e30-6708-4816-a8cb-c32c63ea7541,0,135,ZFM-03331
pupil,stim,-0.15000000000000008,64.14996121293983,-1.8920675559702431,31684e30-6708-4816-a8cb-c32c63ea7541,0,135,ZFM-03331
pupil,stim,-0.050000000000000086,61.88503522538581,-4.156993543524258,31684e30-6708-4816-a8cb-c32c63ea7541,0,135,ZFM-03331
pupil,stim,0.04999999999999989,60.16379865950349,-5.87823010940658,31684e30-6708-4816-a8cb-c32c63ea7541,0,135,ZFM-03331
pupil,stim,0.14999999999999986,58.53832897352919,-7.503699795380882,31684e30-6708-4816-a8cb-c32c63ea7541,0,135,ZFM-03331
pupil,stim,0.24999999999999983,57.78808253982086,-8.253946229089209,31684e30-6708-4816-a8cb-c32c63ea7541,0,135,ZFM-03331
pupil,stim,0.3499999999999998,57.26293362548922,-8.779095143420854,31684e30-6708-4816-a8cb-c32c63ea7541,0,135,ZFM-03331
pupil,stim,0.4499999999999998,58.53202157630975,-7.51000719260032,31684e30-6708-4816-a8cb-c32c63ea7541,0,135,ZFM-03331
pupil,stim,0.5499999999999998,61.21804740150665,-4.8239813674034195,31684e30-6708-4816-a8cb-c32c63ea7541,0,135,ZFM-03331
pupil,stim,0.6499999999999998,63.88690272735606,-2.1551260415540128,31684e30-6708-4816-a8cb-c32c63ea7541,0,135,ZFM-03331
pupil,stim,0.7499999999999998,64.9727646590958,-1.0692641098142701,31684e30-6708-4816-a8cb-c32c63ea7541,0,135,ZFM-03331
pupil,stim,0.8499999999999998,65.76319252095095,-0.27883624795912,31684e30-6708-4816-a8cb-c32c63ea7541,0,135,ZFM-03331
pupil,stim,0.9499999999999997,66.79310203724647,0.7510732683363983,31684e30-6708-4816-a8cb-c32c63ea7541,0,135,ZFM-03331
pupil,stim,1.0499999999999996,68.03916693800149,1.9971381690914143,31684e30-6708-4816-a8cb-c32c63ea7541,0,135,ZFM-03331
pupil,stim,1.1499999999999997,68.5588469207231,2.516818151813027,31684e30-6708-4816-a8cb-c32c63ea7541,0,135,ZFM-03331
pupil,stim,1.2499999999999998,69.24546765814286,3.2034388892327854,31684e30-6708-4816-a8cb-c32c63ea7541,0,135,ZFM-03331
pupil,stim,1.3499999999999996,70.38072577096472,4.338697002054644,31684e30-6708-4816-a8cb-c32c63ea7541,0,135,ZFM-03331
pupil,stim,1.4499999999999995,70.45414900877752,4.412120239867448,31684e30-6708-4816-a8cb-c32c63ea7541,0,135,ZFM-03331
pupil,stim,1.5499999999999996,70.51455974072921,4.47253097181914,31684e30-6708-4816-a8cb-c32c63ea7541,0,135,ZFM-03331
pupil,stim,1.6499999999999997,69.80129923547544,3.7592704665653685,31684e30-6708-4816-a8cb-c32c63ea7541,0,135,ZFM-03331
pupil,stim,1.7499999999999996,70.49814636189264,4.456117592982565,31684e30-6708-4816-a8cb-c32c63ea7541,0,135,ZFM-03331
pupil,stim,1.8499999999999994,71.1840767458675,5.1420479769574285,31684e30-6708-4816-a8cb-c32c63ea7541,0,135,ZFM-03331
pupil,stim,1.9499999999999995,72.53180772819204,6.4897789592819635,31684e30-6708-4816-a8cb-c32c63ea7541,0,135,ZFM-03331
pupil,stim,2.0499999999999994,74.00374584996345,7.961717081053379,31684e30-6708-4816-a8cb-c32c63ea7541,0,135,ZFM-03331
pupil,stim,2.1499999999999995,74.72513212592018,8.683103357010111,31684e30-6708-4816-a8cb-c32c63ea7541,0,135,ZFM-03331
pupil,stim,2.249999999999999,73.83045219597973,7.7884234270696595,31684e30-6708-4816-a8cb-c32c63ea7541,0,135,ZFM-03331
pupil,stim,2.349999999999999,72.71349482668732,6.671466057777252,31684e30-6708-4816-a8cb-c32c63ea7541,0,135,ZFM-03331
pupil,stim,2.4499999999999993,72.06436698671142,6.022338217801348,31684e30-6708-4816-a8cb-c32c63ea7541,0,135,ZFM-03331
pupil,stim,2.549999999999999,72.8050721244532,6.763043355543132,31684e30-6708-4816-a8cb-c32c63ea7541,0,135,ZFM-03331
pupil,stim,2.649999999999999,72.49160458209464,6.449575813184566,31684e30-6708-4816-a8cb-c32c63ea7541,0,135,ZFM-03331
pupil,stim,2.749999999999999,70.47171012001725,4.4296813511071775,31684e30-6708-4816-a8cb-c32c63ea7541,0,135,ZFM-03331
pupil,stim,2.849999999999999,67.92205868010714,1.8800299111970702,31684e30-6708-4816-a8cb-c32c63ea7541,0,135,ZFM-03331
pupil,stim,2.9499999999999993,65.99988877756492,-0.04213999134515234,31684e30-6708-4816-a8cb-c32c63ea7541,0,135,ZFM-03331
pupil,stim,3.049999999999999,66.16570328513495,0.1236745162248809,31684e30-6708-4816-a8cb-c32c63ea7541,0,135,ZFM-03331
pupil,stim,3.149999999999999,67.96946487799329,1.9274361090832173,31684e30-6708-4816-a8cb-c32c63ea7541,0,135,ZFM-03331
pupil,stim,3.249999999999999,70.33062525741786,4.2885964885077925,31684e30-6708-4816-a8cb-c32c63ea7541,0,135,ZFM-03331
pupil,stim,3.3499999999999988,71.82730274416814,5.785273975258065,31684e30-6708-4816-a8cb-c32c63ea7541,0,135,ZFM-03331
pupil,stim,3.449999999999999,71.60956885462686,5.567540085716786,31684e30-6708-4816-a8cb-c32c63ea7541,0,135,ZFM-03331
pupil,stim,3.549999999999999,68.85109456253733,2.809065793627255,31684e30-6708-4816-a8cb-c32c63ea7541,0,135,ZFM-03331
pupil,stim,3.649999999999999,66.38474623877751,0.3427174698674378,31684e30-6708-4816-a8cb-c32c63ea7541,0,135,ZFM-03331
pupil,stim,3.749999999999999,64.41110338826905,-1.6309253806410169,31684e30-6708-4816-a8cb-c32c63ea7541,0,135,ZFM-03331
pupil,stim,3.8499999999999988,64.30653461858878,-1.735494150321287,31684e30-6708-4816-a8cb-c32c63ea7541,0,135,ZFM-03331
pupil,stim,3.949999999999999,65.72478547276494,-0.31724329614513636,31684e30-6708-4816-a8cb-c32c63ea7541,0,135,ZFM-03331
pupil,no_stim,-0.45,60.08350030182207,-0.10236283655022049,31684e30-6708-4816-a8cb-c32c63ea7541,0,82,ZFM-03331
pupil,no_stim,-0.35000000000000003,59.76557373697318,-0.42028940139910986,31684e30-6708-4816-a8cb-c32c63ea7541,0,82,ZFM-03331
pupil,no_stim,-0.25000000000000006,59.44356209598559,-0.7423010423866998,31684e30-6708-4816-a8cb-c32c63ea7541,0,82,ZFM-03331
pupil,no_stim,-0.15000000000000008,60.052907752885936,-0.13295538548635477,31684e30-6708-4816-a8cb-c32c63ea7541,0,82,ZFM-03331
pupil,no_stim,-0.050000000000000086,61.58377180419465,1.3979086658223565,31684e30-6708-4816-a8cb-c32c63ea7541,0,82,ZFM-03331
pupil,no_stim,0.04999999999999989,63.20875926834285,3.0228961299705617,31684e30-6708-4816-a8cb-c32c63ea7541,0,82,ZFM-03331
pupil,no_stim,0.14999999999999986,63.966972972858734,3.7811098344864433,31684e30-6708-4816-a8cb-c32c63ea7541,0,82,ZFM-03331
pupil,no_stim,0.24999999999999983,62.45319418733152,2.267331048959228,31684e30-6708-4816-a8cb-c32c63ea7541,0,82,ZFM-03331
pupil,no_stim,0.3499999999999998,59.367802179703844,-0.8180609586684469,31684e30-6708-4816-a8cb-c32c63ea7541,0,82,ZFM-03331
pupil,no_stim,0.4499999999999998,58.01608931147407,-2.169773826898222,31684e30-6708-4816-a8cb-c32c63ea7541,0,82,ZFM-03331
pupil,no_stim,0.5499999999999998,58.94359882425917,-1.2422643141131218,31684e30-6708-4816-a8cb-c32c63ea7541,0,82,ZFM-03331
pupil,no_stim,0.6499999999999998,61.62908035106869,1.4432172126963962,31684e30-6708-4816-a8cb-c32c63ea7541,0,82,ZFM-03331
pupil,no_stim,0.7499999999999998,64.62559540655003,4.4397322681777425,31684e30-6708-4816-a8cb-c32c63ea7541,0,82,ZFM-03331
pupil,no_stim,0.8499999999999998,67.9231153073607,7.737252168988412,31684e30-6708-4816-a8cb-c32c63ea7541,0,82,ZFM-03331
pupil,no_stim,0.9499999999999997,69.6185171532402,9.432654014867914,31684e30-6708-4816-a8cb-c32c63ea7541,0,82,ZFM-03331
pupil,no_stim,1.0499999999999996,71.36703702617739,11.181173887805095,31684e30-6708-4816-a8cb-c32c63ea7541,0,82,ZFM-03331
pupil,no_stim,1.1499999999999997,72.24802917365955,12.062166035287255,31684e30-6708-4816-a8cb-c32c63ea7541,0,82,ZFM-03331
pupil,no_stim,1.2499999999999998,71.60624754096021,11.42038440258792,31684e30-6708-4816-a8cb-c32c63ea7541,0,82,ZFM-03331
pupil,no_stim,1.3499999999999996,70.98765620011018,10.80179306173789,31684e30-6708-4816-a8cb-c32c63ea7541,0,82,ZFM-03331
pupil,no_stim,1.4499999999999995,69.58970582089286,9.403842682520569,31684e30-6708-4816-a8cb-c32c63ea7541,0,82,ZFM-03331
pupil,no_stim,1.5499999999999996,68.3220678495157,8.136204711143414,31684e30-6708-4816-a8cb-c32c63ea7541,0,82,ZFM-03331
pupil,no_stim,1.6499999999999997,67.77611023466898,7.590247096296686,31684e30-6708-4816-a8cb-c32c63ea7541,0,82,ZFM-03331
pupil,no_stim,1.7499999999999996,67.62757125913012,7.441708120757831,31684e30-6708-4816-a8cb-c32c63ea7541,0,82,ZFM-03331
pupil,no_stim,1.8499999999999994,66.82169633873316,6.635833200360871,31684e30-6708-4816-a8cb-c32c63ea7541,0,82,ZFM-03331
pupil,no_stim,1.9499999999999995,66.33879740981742,6.152934271445126,31684e30-6708-4816-a8cb-c32c63ea7541,0,82,ZFM-03331
pupil,no_stim,2.0499999999999994,66.66626806792972,6.48040492955743,31684e30-6708-4816-a8cb-c32c63ea7541,0,82,ZFM-03331
pupil,no_stim,2.1499999999999995,66.88580226009033,6.699939121718039,31684e30-6708-4816-a8cb-c32c63ea7541,0,82,ZFM-03331
pupil,no_stim,2.249999999999999,65.62105617358758,5.435193035215285,31684e30-6708-4816-a8cb-c32c63ea7541,0,82,ZFM-03331
pupil,no_stim,2.349999999999999,64.19911529700393,4.013252158631637,31684e30-6708-4816-a8cb-c32c63ea7541,0,82,ZFM-03331
pupil,no_stim,2.4499999999999993,63.082782923511274,2.8969197851389836,31684e30-6708-4816-a8cb-c32c63ea7541,0,82,ZFM-03331
pupil,no_stim,2.549999999999999,61.3179122598591,1.1320491214868085,31684e30-6708-4816-a8cb-c32c63ea7541,0,82,ZFM-03331
pupil,no_stim,2.649999999999999,60.3837131545681,0.1978500161958081,31684e30-6708-4816-a8cb-c32c63ea7541,0,82,ZFM-03331
pupil,no_stim,2.749999999999999,61.57895748987019,1.3930943514979006,31684e30-6708-4816-a8cb-c32c63ea7541,0,82,ZFM-03331
pupil,no_stim,2.849999999999999,63.82524479119541,3.6393816528231184,31684e30-6708-4816-a8cb-c32c63ea7541,0,82,ZFM-03331
pupil,no_stim,2.9499999999999993,67.88939552002272,7.703532381650426,31684e30-6708-4816-a8cb-c32c63ea7541,0,82,ZFM-03331
pupil,no_stim,3.049999999999999,70.95664146054335,10.770778322171061,31684e30-6708-4816-a8cb-c32c63ea7541,0,82,ZFM-03331
pupil,no_stim,3.149999999999999,71.10695629134294,10.921093152970649,31684e30-6708-4816-a8cb-c32c63ea7541,0,82,ZFM-03331
pupil,no_stim,3.249999999999999,70.36168749220273,10.175824353830443,31684e30-6708-4816-a8cb-c32c63ea7541,0,82,ZFM-03331
pupil,no_stim,3.3499999999999988,69.350757261429,9.164894123056705,31684e30-6708-4816-a8cb-c32c63ea7541,0,82,ZFM-03331
pupil,no_stim,3.449999999999999,68.75840228108777,8.572539142715478,31684e30-6708-4816-a8cb-c32c63ea7541,0,82,ZFM-03331
pupil,no_stim,3.549999999999999,68.05003286770378,7.864169729331486,31684e30-6708-4816-a8cb-c32c63ea7541,0,82,ZFM-03331
pupil,no_stim,3.649999999999999,67.13148504330368,6.945621904931393,31684e30-6708-4816-a8cb-c32c63ea7541,0,82,ZFM-03331
pupil,no_stim,3.749999999999999,66.33915403639678,6.153290898024487,31684e30-6708-4816-a8cb-c32c63ea7541,0,82,ZFM-03331
pupil,no_stim,3.8499999999999988,64.71873925192978,4.532876113557485,31684e30-6708-4816-a8cb-c32c63ea7541,0,82,ZFM-03331
pupil,no_stim,3.949999999999999,63.08157037128068,2.8957072329083857,31684e30-6708-4816-a8cb-c32c63ea7541,0,82,ZFM-03331
pupil,stim,-0.45,144.20058584438144,3.5999302520376375,37ba7dd8-714f-4c63-a7e3-548e35d8664a,1,61,ZFM-03329
pupil,stim,-0.35000000000000003,143.2082740793963,2.607618487052491,37ba7dd8-714f-4c63-a7e3-548e35d8664a,1,61,ZFM-03329
pupil,stim,-0.25000000000000006,142.11816908658267,1.5175134942388695,37ba7dd8-714f-4c63-a7e3-548e35d8664a,1,61,ZFM-03329
pupil,stim,-0.15000000000000008,139.62377019060978,-0.9768854017340232,37ba7dd8-714f-4c63-a7e3-548e35d8664a,1,61,ZFM-03329
pupil,stim,-0.050000000000000086,133.8524787607489,-6.74817683159489,37ba7dd8-714f-4c63-a7e3-548e35d8664a,1,61,ZFM-03329
pupil,stim,0.04999999999999989,129.49303401193475,-11.107621580409045,37ba7dd8-714f-4c63-a7e3-548e35d8664a,1,61,ZFM-03329
pupil,stim,0.14999999999999986,125.8920256903802,-14.708629901963604,37ba7dd8-714f-4c63-a7e3-548e35d8664a,1,61,ZFM-03329
pupil,stim,0.24999999999999983,124.18857633953374,-16.41207925281006,37ba7dd8-714f-4c63-a7e3-548e35d8664a,1,61,ZFM-03329
pupil,stim,0.3499999999999998,125.63421649757667,-14.966439094767125,37ba7dd8-714f-4c63-a7e3-548e35d8664a,1,61,ZFM-03329
pupil,stim,0.4499999999999998,126.47687214291032,-14.123783449433475,37ba7dd8-714f-4c63-a7e3-548e35d8664a,1,61,ZFM-03329
pupil,stim,0.5499999999999998,127.70392939040667,-12.896726201937128,37ba7dd8-714f-4c63-a7e3-548e35d8664a,1,61,ZFM-03329
pupil,stim,0.6499999999999998,129.0068733523123,-11.593782240031487,37ba7dd8-714f-4c63-a7e3-548e35d8664a,1,61,ZFM-03329
pupil,stim,0.7499999999999998,130.13103696201185,-10.46961863033195,37ba7dd8-714f-4c63-a7e3-548e35d8664a,1,61,ZFM-03329
pupil,stim,0.8499999999999998,129.71528617084763,-10.885369421496165,37ba7dd8-714f-4c63-a7e3-548e35d8664a,1,61,ZFM-03329
pupil,stim,0.9499999999999997,128.2107917783899,-12.389863813953895,37ba7dd8-714f-4c63-a7e3-548e35d8664a,1,61,ZFM-03329
pupil,stim,1.0499999999999996,127.69317814351693,-12.907477448826867,37ba7dd8-714f-4c63-a7e3-548e35d8664a,1,61,ZFM-03329
pupil,stim,1.1499999999999997,128.3131337482746,-12.287521844069204,37ba7dd8-714f-4c63-a7e3-548e35d8664a,1,61,ZFM-03329
pupil,stim,1.2499999999999998,129.38361566715997,-11.217039925183826,37ba7dd8-714f-4c63-a7e3-548e35d8664a,1,61,ZFM-03329
pupil,stim,1.3499999999999996,130.01396760066723,-10.58668799167657,37ba7dd8-714f-4c63-a7e3-548e35d8664a,1,61,ZFM-03329
pupil,stim,1.4499999999999995,130.30231869148997,-10.298336900853826,37ba7dd8-714f-4c63-a7e3-548e35d8664a,1,61,ZFM-03329
pupil,stim,1.5499999999999996,129.846443794221,-10.75421179812281,37ba7dd8-714f-4c63-a7e3-548e35d8664a,1,61,ZFM-03329
pupil,stim,1.6499999999999997,129.86582140975435,-10.734834182589452,37ba7dd8-714f-4c63-a7e3-548e35d8664a,1,61,ZFM-03329
pupil,stim,1.7499999999999996,130.93470086666937,-9.665954725674425,37ba7dd8-714f-4c63-a7e3-548e35d8664a,1,61,ZFM-03329
pupil,stim,1.8499999999999994,133.66244412243813,-6.938211469905667,37ba7dd8-714f-4c63-a7e3-548e35d8664a,1,61,ZFM-03329
pupil,stim,1.9499999999999995,136.14658138110806,-4.454074211235735,37ba7dd8-714f-4c63-a7e3-548e35d8664a,1,61,ZFM-03329
pupil,stim,2.0499999999999994,139.17004089975546,-1.4306146925883354,37ba7dd8-714f-4c63-a7e3-548e35d8664a,1,61,ZFM-03329
pupil,stim,2.1499999999999995,142.66788816144984,2.0672325691060394,37ba7dd8-714f-4c63-a7e3-548e35d8664a,1,61,ZFM-03329
pupil,stim,2.249999999999999,144.5223492549419,3.921693662598102,37ba7dd8-714f-4c63-a7e3-548e35d8664a,1,61,ZFM-03329
pupil,stim,2.349999999999999,147.63029094729163,7.029635354947828,37ba7dd8-714f-4c63-a7e3-548e35d8664a,1,61,ZFM-03329
pupil,stim,2.4499999999999993,149.38542615720948,8.784770564865681,37ba7dd8-714f-4c63-a7e3-548e35d8664a,1,61,ZFM-03329
pupil,stim,2.549999999999999,150.00065287074432,9.39999727840052,37ba7dd8-714f-4c63-a7e3-548e35d8664a,1,61,ZFM-03329
pupil,stim,2.649999999999999,150.47260396432748,9.871948371983677,37ba7dd8-714f-4c63-a7e3-548e35d8664a,1,61,ZFM-03329
pupil,stim,2.749999999999999,150.63396399492572,10.033308402581923,37ba7dd8-714f-4c63-a7e3-548e35d8664a,1,61,ZFM-03329
pupil,stim,2.849999999999999,150.00755988384364,9.406904291499842,37ba7dd8-714f-4c63-a7e3-548e35d8664a,1,61,ZFM-03329
pupil,stim,2.9499999999999993,149.910170583299,9.309514990955194,37ba7dd8-714f-4c63-a7e3-548e35d8664a,1,61,ZFM-03329
pupil,stim,3.049999999999999,149.27503780020922,8.67438220786542,37ba7dd8-714f-4c63-a7e3-548e35d8664a,1,61,ZFM-03329
pupil,stim,3.149999999999999,148.08118688951373,7.480531297169932,37ba7dd8-714f-4c63-a7e3-548e35d8664a,1,61,ZFM-03329
pupil,stim,3.249999999999999,146.84904780528217,6.24839221293837,37ba7dd8-714f-4c63-a7e3-548e35d8664a,1,61,ZFM-03329
pupil,stim,3.3499999999999988,144.85826777426172,4.257612181917921,37ba7dd8-714f-4c63-a7e3-548e35d8664a,1,61,ZFM-03329
pupil,stim,3.449999999999999,142.71268064332264,2.1120250509788434,37ba7dd8-714f-4c63-a7e3-548e35d8664a,1,61,ZFM-03329
pupil,stim,3.549999999999999,139.47546626513858,-1.12518932720522,37ba7dd8-714f-4c63-a7e3-548e35d8664a,1,61,ZFM-03329
pupil,stim,3.649999999999999,137.16759379087125,-3.4330618014725474,37ba7dd8-714f-4c63-a7e3-548e35d8664a,1,61,ZFM-03329
pupil,stim,3.749999999999999,136.2859524765304,-4.314703115813387,37ba7dd8-714f-4c63-a7e3-548e35d8664a,1,61,ZFM-03329
pupil,stim,3.8499999999999988,137.35672506565368,-3.2439305266901215,37ba7dd8-714f-4c63-a7e3-548e35d8664a,1,61,ZFM-03329
pupil,stim,3.949999999999999,138.56787835010596,-2.0327772422378416,37ba7dd8-714f-4c63-a7e3-548e35d8664a,1,61,ZFM-03329
pupil,no_stim,-0.45,113.06931486535736,-0.1828047973377238,37ba7dd8-714f-4c63-a7e3-548e35d8664a,1,45,ZFM-03329
pupil,no_stim,-0.35000000000000003,112.6256934601146,-0.6264262025804754,37ba7dd8-714f-4c63-a7e3-548e35d8664a,1,45,ZFM-03329
pupil,no_stim,-0.25000000000000006,113.51018199964697,0.2580623369518946,37ba7dd8-714f-4c63-a7e3-548e35d8664a,1,45,ZFM-03329
pupil,no_stim,-0.15000000000000008,113.74783516501464,0.4957155023195554,37ba7dd8-714f-4c63-a7e3-548e35d8664a,1,45,ZFM-03329
pupil,no_stim,-0.050000000000000086,113.30757282334177,0.05545316064669237,37ba7dd8-714f-4c63-a7e3-548e35d8664a,1,45,ZFM-03329
pupil,no_stim,0.04999999999999989,109.883396448765,-3.368723213930082,37ba7dd8-714f-4c63-a7e3-548e35d8664a,1,45,ZFM-03329
pupil,no_stim,0.14999999999999986,103.87464305442934,-9.377476608265738,37ba7dd8-714f-4c63-a7e3-548e35d8664a,1,45,ZFM-03329
pupil,no_stim,0.24999999999999983,98.27682877745374,-14.975290885241336,37ba7dd8-714f-4c63-a7e3-548e35d8664a,1,45,ZFM-03329
pupil,no_stim,0.3499999999999998,94.46762409270339,-18.78449556999169,37ba7dd8-714f-4c63-a7e3-548e35d8664a,1,45,ZFM-03329
pupil,no_stim,0.4499999999999998,93.41696203697013,-19.835157625724946,37ba7dd8-714f-4c63-a7e3-548e35d8664a,1,45,ZFM-03329
pupil,no_stim,0.5499999999999998,94.27715797341386,-18.974961689281216,37ba7dd8-714f-4c63-a7e3-548e35d8664a,1,45,ZFM-03329
pupil,no_stim,0.6499999999999998,95.50772851484473,-17.74439114785035,37ba7dd8-714f-4c63-a7e3-548e35d8664a,1,45,ZFM-03329
pupil,no_stim,0.7499999999999998,97.34357739119255,-15.908542271502526,37ba7dd8-714f-4c63-a7e3-548e35d8664a,1,45,ZFM-03329
pupil,no_stim,0.8499999999999998,98.91324448344437,-14.338875179250707,37ba7dd8-714f-4c63-a7e3-548e35d8664a,1,45,ZFM-03329
pupil,no_stim,0.9499999999999997,99.7249143424276,-13.527205320267484,37ba7dd8-714f-4c63-a7e3-548e35d8664a,1,45,ZFM-03329
pupil,no_stim,1.0499999999999996,100.16369988879869,-13.08841977389639,37ba7dd8-714f-4c63-a7e3-548e35d8664a,1,45,ZFM-03329
pupil,no_stim,1.1499999999999997,99.55526253182417,-13.69685713087091,37ba7dd8-714f-4c63-a7e3-548e35d8664a,1,45,ZFM-03329
pupil,no_stim,1.2499999999999998,99.28049475497866,-13.971624907716418,37ba7dd8-714f-4c63-a7e3-548e35d8664a,1,45,ZFM-03329
pupil,no_stim,1.3499999999999996,99.05762942796143,-14.19449023473365,37ba7dd8-714f-4c63-a7e3-548e35d8664a,1,45,ZFM-03329
pupil,no_stim,1.4499999999999995,98.93574894514875,-14.316370717546334,37ba7dd8-714f-4c63-a7e3-548e35d8664a,1,45,ZFM-03329
pupil,no_stim,1.5499999999999996,97.99417601906609,-15.257943643628991,37ba7dd8-714f-4c63-a7e3-548e35d8664a,1,45,ZFM-03329
pupil,no_stim,1.6499999999999997,96.79498325678492,-16.457136405910163,37ba7dd8-714f-4c63-a7e3-548e35d8664a,1,45,ZFM-03329
pupil,no_stim,1.7499999999999996,96.96952147284357,-16.282598189851512,37ba7dd8-714f-4c63-a7e3-548e35d8664a,1,45,ZFM-03329
pupil,no_stim,1.8499999999999994,98.86956276402002,-14.382556898675062,37ba7dd8-714f-4c63-a7e3-548e35d8664a,1,45,ZFM-03329
pupil,no_stim,1.9499999999999995,100.96411042037548,-12.288009242319603,37ba7dd8-714f-4c63-a7e3-548e35d8664a,1,45,ZFM-03329
pupil,no_stim,2.0499999999999994,102.87306994407459,-10.379049718620493,37ba7dd8-714f-4c63-a7e3-548e35d8664a,1,45,ZFM-03329
pupil,no_stim,2.1499999999999995,103.70501888482092,-9.547100777874164,37ba7dd8-714f-4c63-a7e3-548e35d8664a,1,45,ZFM-03329
pupil,no_stim,2.249999999999999,103.41496635736192,-9.83715330533316,37ba7dd8-714f-4c63-a7e3-548e35d8664a,1,45,ZFM-03329
pupil,no_stim,2.349999999999999,102.44640027862783,-10.805719384067245,37ba7dd8-714f-4c63-a7e3-548e35d8664a,1,45,ZFM-03329
pupil,no_stim,2.4499999999999993,102.12157255892102,-11.130547103774063,37ba7dd8-714f-4c63-a7e3-548e35d8664a,1,45,ZFM-03329
pupil,no_stim,2.549999999999999,102.01991373144647,-11.232205931248615,37ba7dd8-714f-4c63-a7e3-548e35d8664a,1,45,ZFM-03329
pupil,no_stim,2.649999999999999,101.7706592987918,-11.481460363903281,37ba7dd8-714f-4c63-a7e3-548e35d8664a,1,45,ZFM-03329
pupil,no_stim,2.749999999999999,100.55624604775603,-12.695873614939046,37ba7dd8-714f-4c63-a7e3-548e35d8664a,1,45,ZFM-03329
pupil,no_stim,2.849999999999999,100.40010652384076,-12.852013138854318,37ba7dd8-714f-4c63-a7e3-548e35d8664a,1,45,ZFM-03329
pupil,no_stim,2.9499999999999993,103.67856903839952,-9.573550624295564,37ba7dd8-714f-4c63-a7e3-548e35d8664a,1,45,ZFM-03329
pupil,no_stim,3.049999999999999,108.05149565929537,-5.20062400339971,37ba7dd8-714f-4c63-a7e3-548e35d8664a,1,45,ZFM-03329
pupil,no_stim,3.149999999999999,110.2067870201023,-3.0453326425927827,37ba7dd8-714f-4c63-a7e3-548e35d8664a,1,45,ZFM-03329
pupil,no_stim,3.249999999999999,109.46162416605937,-3.790495496635714,37ba7dd8-714f-4c63-a7e3-548e35d8664a,1,45,ZFM-03329
pupil,no_stim,3.3499999999999988,106.26226228036468,-6.989857382330399,37ba7dd8-714f-4c63-a7e3-548e35d8664a,1,45,ZFM-03329
pupil,no_stim,3.449999999999999,102.0136919672518,-11.238427695443278,37ba7dd8-714f-4c63-a7e3-548e35d8664a,1,45,ZFM-03329
pupil,no_stim,3.549999999999999,98.4761056040092,-14.776014058685874,37ba7dd8-714f-4c63-a7e3-548e35d8664a,1,45,ZFM-03329
pupil,no_stim,3.649999999999999,99.40609013648712,-13.846029526207957,37ba7dd8-714f-4c63-a7e3-548e35d8664a,1,45,ZFM-03329
pupil,no_stim,3.749999999999999,101.10448506173677,-12.147634600958312,37ba7dd8-714f-4c63-a7e3-548e35d8664a,1,45,ZFM-03329
pupil,no_stim,3.8499999999999988,100.60354416809358,-12.648575494601502,37ba7dd8-714f-4c63-a7e3-548e35d8664a,1,45,ZFM-03329
pupil,no_stim,3.949999999999999,98.41149063078572,-14.840629031909359,37ba7dd8-714f-4c63-a7e3-548e35d8664a,1,45,ZFM-03329
pupil,stim,-0.45,63.84720079430031,1.1277059844497401,e0b73b6d-3409-441b-95ce-f22f5d22d380,1,61,ZFM-03329
pupil,stim,-0.35000000000000003,63.97134317550598,1.2518483656554054,e0b73b6d-3409-441b-95ce-f22f5d22d380,1,61,ZFM-03329
pupil,stim,-0.25000000000000006,63.308299052110904,0.5888042422603306,e0b73b6d-3409-441b-95ce-f22f5d22d380,1,61,ZFM-03329
pupil,stim,-0.15000000000000008,62.03973224500018,-0.6797625648503924,e0b73b6d-3409-441b-95ce-f22f5d22d380,1,61,ZFM-03329
pupil,stim,-0.050000000000000086,60.4308987823355,-2.2885960275150765,e0b73b6d-3409-441b-95ce-f22f5d22d380,1,61,ZFM-03329
pupil,stim,0.04999999999999989,58.677581134273744,-4.041913675576829,e0b73b6d-3409-441b-95ce-f22f5d22d380,1,61,ZFM-03329
pupil,stim,0.14999999999999986,57.49460800563636,-5.224886804214215,e0b73b6d-3409-441b-95ce-f22f5d22d380,1,61,ZFM-03329
pupil,stim,0.24999999999999983,57.44957904427705,-5.269915765573522,e0b73b6d-3409-441b-95ce-f22f5d22d380,1,61,ZFM-03329
pupil,stim,0.3499999999999998,59.24686789388495,-3.472626915965627,e0b73b6d-3409-441b-95ce-f22f5d22d380,1,61,ZFM-03329
pupil,stim,0.4499999999999998,62.02103111137442,-0.6984636984761536,e0b73b6d-3409-441b-95ce-f22f5d22d380,1,61,ZFM-03329
pupil,stim,0.5499999999999998,64.74992091983543,2.030426109984859,e0b73b6d-3409-441b-95ce-f22f5d22d380,1,61,ZFM-03329
pupil,stim,0.6499999999999998,65.9691434866486,3.2496486767980315,e0b73b6d-3409-441b-95ce-f22f5d22d380,1,61,ZFM-03329
pupil,stim,0.7499999999999998,65.47226184160697,2.7527670317563917,e0b73b6d-3409-441b-95ce-f22f5d22d380,1,61,ZFM-03329
pupil,stim,0.8499999999999998,64.22761976057494,1.5081249507243655,e0b73b6d-3409-441b-95ce-f22f5d22d380,1,61,ZFM-03329
pupil,stim,0.9499999999999997,63.22589724193755,0.5064024320869791,e0b73b6d-3409-441b-95ce-f22f5d22d380,1,61,ZFM-03329
pupil,stim,1.0499999999999996,63.583720367030644,0.8642255571800703,e0b73b6d-3409-441b-95ce-f22f5d22d380,1,61,ZFM-03329
pupil,stim,1.1499999999999997,64.27102019641374,1.5515253865631706,e0b73b6d-3409-441b-95ce-f22f5d22d380,1,61,ZFM-03329
pupil,stim,1.2499999999999998,64.46443170906619,1.7449368992156167,e0b73b6d-3409-441b-95ce-f22f5d22d380,1,61,ZFM-03329
pupil,stim,1.3499999999999996,64.03582928479082,1.3163344749402484,e0b73b6d-3409-441b-95ce-f22f5d22d380,1,61,ZFM-03329
pupil,stim,1.4499999999999995,64.09366117169847,1.374166361847898,e0b73b6d-3409-441b-95ce-f22f5d22d380,1,61,ZFM-03329
pupil,stim,1.5499999999999996,65.20107945331544,2.4815846434648705,e0b73b6d-3409-441b-95ce-f22f5d22d380,1,61,ZFM-03329
pupil,stim,1.6499999999999997,66.6655953900655,3.9461005802149316,e0b73b6d-3409-441b-95ce-f22f5d22d380,1,61,ZFM-03329
pupil,stim,1.7499999999999996,67.88911339580399,5.169618585953415,e0b73b6d-3409-441b-95ce-f22f5d22d380,1,61,ZFM-03329
pupil,stim,1.8499999999999994,69.27274418423603,6.553249374385459,e0b73b6d-3409-441b-95ce-f22f5d22d380,1,61,ZFM-03329
pupil,stim,1.9499999999999995,70.47296429714548,7.7534694872949075,e0b73b6d-3409-441b-95ce-f22f5d22d380,1,61,ZFM-03329
pupil,stim,2.0499999999999994,71.71618774296348,8.99669293311291,e0b73b6d-3409-441b-95ce-f22f5d22d380,1,61,ZFM-03329
pupil,stim,2.1499999999999995,72.7897984300782,10.070303620227634,e0b73b6d-3409-441b-95ce-f22f5d22d380,1,61,ZFM-03329
pupil,stim,2.249999999999999,73.86126511306523,11.141770303214656,e0b73b6d-3409-441b-95ce-f22f5d22d380,1,61,ZFM-03329
pupil,stim,2.349999999999999,74.15431161386299,11.434816804012414,e0b73b6d-3409-441b-95ce-f22f5d22d380,1,61,ZFM-03329
pupil,stim,2.4499999999999993,73.81238522711442,11.092890417263845,e0b73b6d-3409-441b-95ce-f22f5d22d380,1,61,ZFM-03329
pupil,stim,2.549999999999999,73.01127260252274,10.291777792672164,e0b73b6d-3409-441b-95ce-f22f5d22d380,1,61,ZFM-03329
pupil,stim,2.649999999999999,72.32600847763291,9.606513667782338,e0b73b6d-3409-441b-95ce-f22f5d22d380,1,61,ZFM-03329
pupil,stim,2.749999999999999,71.51944424428723,8.799949434436655,e0b73b6d-3409-441b-95ce-f22f5d22d380,1,61,ZFM-03329
pupil,stim,2.849999999999999,69.91830309042689,7.198808280576316,e0b73b6d-3409-441b-95ce-f22f5d22d380,1,61,ZFM-03329
pupil,stim,2.9499999999999993,68.20292269076579,5.483427880915215,e0b73b6d-3409-441b-95ce-f22f5d22d380,1,61,ZFM-03329
pupil,stim,3.049999999999999,67.34551147639615,4.626016666545581,e0b73b6d-3409-441b-95ce-f22f5d22d380,1,61,ZFM-03329
pupil,stim,3.149999999999999,67.55758561200243,4.838090802151854,e0b73b6d-3409-441b-95ce-f22f5d22d380,1,61,ZFM-03329
pupil,stim,3.249999999999999,67.21026439163677,4.490769581786196,e0b73b6d-3409-441b-95ce-f22f5d22d380,1,61,ZFM-03329
pupil,stim,3.3499999999999988,65.68482519953993,2.965330389689356,e0b73b6d-3409-441b-95ce-f22f5d22d380,1,61,ZFM-03329
pupil,stim,3.449999999999999,63.78745323632564,1.067958426475066,e0b73b6d-3409-441b-95ce-f22f5d22d380,1,61,ZFM-03329
pupil,stim,3.549999999999999,62.77503348571202,0.055538675861448894,e0b73b6d-3409-441b-95ce-f22f5d22d380,1,61,ZFM-03329
pupil,stim,3.649999999999999,62.960943828585066,0.24144901873449243,e0b73b6d-3409-441b-95ce-f22f5d22d380,1,61,ZFM-03329
pupil,stim,3.749999999999999,63.1282506028642,0.40875579301362563,e0b73b6d-3409-441b-95ce-f22f5d22d380,1,61,ZFM-03329
pupil,stim,3.8499999999999988,62.86186578568639,0.14237097583581715,e0b73b6d-3409-441b-95ce-f22f5d22d380,1,61,ZFM-03329
pupil,stim,3.949999999999999,62.10042132518162,-0.6190734846689523,e0b73b6d-3409-441b-95ce-f22f5d22d380,1,61,ZFM-03329
pupil,no_stim,-0.45,71.88605657634533,5.460029096444686,e0b73b6d-3409-441b-95ce-f22f5d22d380,1,45,ZFM-03329
pupil,no_stim,-0.35000000000000003,68.60243564587533,2.176408165974692,e0b73b6d-3409-441b-95ce-f22f5d22d380,1,45,ZFM-03329
pupil,no_stim,-0.25000000000000006,65.84677960214474,-0.579247877755904,e0b73b6d-3409-441b-95ce-f22f5d22d380,1,45,ZFM-03329
pupil,no_stim,-0.15000000000000008,63.940081892822924,-2.4859455870777154,e0b73b6d-3409-441b-95ce-f22f5d22d380,1,45,ZFM-03329
pupil,no_stim,-0.050000000000000086,61.854783682314846,-4.571243797585794,e0b73b6d-3409-441b-95ce-f22f5d22d380,1,45,ZFM-03329
pupil,no_stim,0.04999999999999989,59.045572238055186,-7.380455241845453,e0b73b6d-3409-441b-95ce-f22f5d22d380,1,45,ZFM-03329
pupil,no_stim,0.14999999999999986,57.410741311946126,-9.015286167954514,e0b73b6d-3409-441b-95ce-f22f5d22d380,1,45,ZFM-03329
pupil,no_stim,0.24999999999999983,57.910091745426094,-8.515935734474546,e0b73b6d-3409-441b-95ce-f22f5d22d380,1,45,ZFM-03329
pupil,no_stim,0.3499999999999998,60.067426226483285,-6.358601253417355,e0b73b6d-3409-441b-95ce-f22f5d22d380,1,45,ZFM-03329
pupil,no_stim,0.4499999999999998,62.75505683745166,-3.670970642448978,e0b73b6d-3409-441b-95ce-f22f5d22d380,1,45,ZFM-03329
pupil,no_stim,0.5499999999999998,62.997972529903564,-3.428054949997076,e0b73b6d-3409-441b-95ce-f22f5d22d380,1,45,ZFM-03329
pupil,no_stim,0.6499999999999998,61.615057475802004,-4.810970004098635,e0b73b6d-3409-441b-95ce-f22f5d22d380,1,45,ZFM-03329
pupil,no_stim,0.7499999999999998,59.07199034948319,-7.354037130417453,e0b73b6d-3409-441b-95ce-f22f5d22d380,1,45,ZFM-03329
pupil,no_stim,0.8499999999999998,57.01390184204964,-9.412125637850998,e0b73b6d-3409-441b-95ce-f22f5d22d380,1,45,ZFM-03329
pupil,no_stim,0.9499999999999997,56.395809788906185,-10.030217690994455,e0b73b6d-3409-441b-95ce-f22f5d22d380,1,45,ZFM-03329
pupil,no_stim,1.0499999999999996,56.32354495203181,-10.10248252786883,e0b73b6d-3409-441b-95ce-f22f5d22d380,1,45,ZFM-03329
pupil,no_stim,1.1499999999999997,56.77721583941924,-9.648811640481398,e0b73b6d-3409-441b-95ce-f22f5d22d380,1,45,ZFM-03329
pupil,no_stim,1.2499999999999998,56.95368695860933,-9.472340521291308,e0b73b6d-3409-441b-95ce-f22f5d22d380,1,45,ZFM-03329
pupil,no_stim,1.3499999999999996,56.75528592042048,-9.670741559480163,e0b73b6d-3409-441b-95ce-f22f5d22d380,1,45,ZFM-03329
pupil,no_stim,1.4499999999999995,56.51230971073061,-9.913717769170027,e0b73b6d-3409-441b-95ce-f22f5d22d380,1,45,ZFM-03329
pupil,no_stim,1.5499999999999996,56.334896092615004,-10.091131387285635,e0b73b6d-3409-441b-95ce-f22f5d22d380,1,45,ZFM-03329
pupil,no_stim,1.6499999999999997,55.531082439705514,-10.894945040195125,e0b73b6d-3409-441b-95ce-f22f5d22d380,1,45,ZFM-03329
pupil,no_stim,1.7499999999999996,54.91723303032562,-11.50879444957502,e0b73b6d-3409-441b-95ce-f22f5d22d380,1,45,ZFM-03329
pupil,no_stim,1.8499999999999994,55.16669722462197,-11.25933025527867,e0b73b6d-3409-441b-95ce-f22f5d22d380,1,45,ZFM-03329
pupil,no_stim,1.9499999999999995,55.34727007147455,-11.078757408426092,e0b73b6d-3409-441b-95ce-f22f5d22d380,1,45,ZFM-03329
pupil,no_stim,2.0499999999999994,55.32245821360338,-11.103569266297256,e0b73b6d-3409-441b-95ce-f22f5d22d380,1,45,ZFM-03329
pupil,no_stim,2.1499999999999995,54.6932476789778,-11.732779800922842,e0b73b6d-3409-441b-95ce-f22f5d22d380,1,45,ZFM-03329
pupil,no_stim,2.249999999999999,54.71851239415452,-11.707515085746117,e0b73b6d-3409-441b-95ce-f22f5d22d380,1,45,ZFM-03329
pupil,no_stim,2.349999999999999,55.11352503404032,-11.312502445860318,e0b73b6d-3409-441b-95ce-f22f5d22d380,1,45,ZFM-03329
pupil,no_stim,2.4499999999999993,55.253149857325326,-11.172877622575314,e0b73b6d-3409-441b-95ce-f22f5d22d380,1,45,ZFM-03329
pupil,no_stim,2.549999999999999,55.29442758590164,-11.131599893999002,e0b73b6d-3409-441b-95ce-f22f5d22d380,1,45,ZFM-03329
pupil,no_stim,2.649999999999999,55.35363864820522,-11.07238883169542,e0b73b6d-3409-441b-95ce-f22f5d22d380,1,45,ZFM-03329
pupil,no_stim,2.749999999999999,56.04687766775526,-10.379149812145378,e0b73b6d-3409-441b-95ce-f22f5d22d380,1,45,ZFM-03329
pupil,no_stim,2.849999999999999,57.03159070285212,-9.394436777048519,e0b73b6d-3409-441b-95ce-f22f5d22d380,1,45,ZFM-03329
pupil,no_stim,2.9499999999999993,57.35058691435011,-9.07544056555053,e0b73b6d-3409-441b-95ce-f22f5d22d380,1,45,ZFM-03329
pupil,no_stim,3.049999999999999,57.54383870820326,-8.882188771697379,e0b73b6d-3409-441b-95ce-f22f5d22d380,1,45,ZFM-03329
pupil,no_stim,3.149999999999999,57.95576786858752,-8.470259611313118,e0b73b6d-3409-441b-95ce-f22f5d22d380,1,45,ZFM-03329
pupil,no_stim,3.249999999999999,58.39843934217742,-8.027588137723221,e0b73b6d-3409-441b-95ce-f22f5d22d380,1,45,ZFM-03329
pupil,no_stim,3.3499999999999988,58.666492488562994,-7.759534991337645,e0b73b6d-3409-441b-95ce-f22f5d22d380,1,45,ZFM-03329
pupil,no_stim,3.449999999999999,59.12396748175379,-7.302059998146852,e0b73b6d-3409-441b-95ce-f22f5d22d380,1,45,ZFM-03329
pupil,no_stim,3.549999999999999,59.545417952480854,-6.880609527419786,e0b73b6d-3409-441b-95ce-f22f5d22d380,1,45,ZFM-03329
pupil,no_stim,3.649999999999999,60.2808672076922,-6.145160272208443,e0b73b6d-3409-441b-95ce-f22f5d22d380,1,45,ZFM-03329
pupil,no_stim,3.749999999999999,59.894330218717904,-6.531697261182735,e0b73b6d-3409-441b-95ce-f22f5d22d380,1,45,ZFM-03329
pupil,no_stim,3.8499999999999988,59.38682611404173,-7.039201365858908,e0b73b6d-3409-441b-95ce-f22f5d22d380,1,45,ZFM-03329
pupil,no_stim,3.949999999999999,59.605606991560215,-6.8204204883404245,e0b73b6d-3409-441b-95ce-f22f5d22d380,1,45,ZFM-03329
pupil,stim,-0.45,133.35180840733543,4.851047376421548,87287aa4-727e-48c0-8b7d-92c9f35cc257,1,97,ZFM-03329
pupil,stim,-0.35000000000000003,131.01041495906912,2.5096539281552452,87287aa4-727e-48c0-8b7d-92c9f35cc257,1,97,ZFM-03329
pupil,stim,-0.25000000000000006,128.6472635024676,0.14650247155373108,87287aa4-727e-48c0-8b7d-92c9f35cc257,1,97,ZFM-03329
pupil,stim,-0.15000000000000008,126.4450292037617,-2.0557318271521723,87287aa4-727e-48c0-8b7d-92c9f35cc257,1,97,ZFM-03329
pupil,stim,-0.050000000000000086,123.04928908193554,-5.451471948978337,87287aa4-727e-48c0-8b7d-92c9f35cc257,1,97,ZFM-03329
pupil,stim,0.04999999999999989,118.69173025056102,-9.809030780352856,87287aa4-727e-48c0-8b7d-92c9f35cc257,1,97,ZFM-03329
pupil,stim,0.14999999999999986,115.00716294193002,-13.493598088983859,87287aa4-727e-48c0-8b7d-92c9f35cc257,1,97,ZFM-03329
pupil,stim,0.24999999999999983,113.59861619433795,-14.902144836575928,87287aa4-727e-48c0-8b7d-92c9f35cc257,1,97,ZFM-03329
pupil,stim,0.3499999999999998,115.07820046941917,-13.422560561494706,87287aa4-727e-48c0-8b7d-92c9f35cc257,1,97,ZFM-03329
pupil,stim,0.4499999999999998,118.20476767837793,-10.295993352535945,87287aa4-727e-48c0-8b7d-92c9f35cc257,1,97,ZFM-03329
pupil,stim,0.5499999999999998,121.30055581436253,-7.200205216551353,87287aa4-727e-48c0-8b7d-92c9f35cc257,1,97,ZFM-03329
pupil,stim,0.6499999999999998,122.62637631790007,-5.874384713013811,87287aa4-727e-48c0-8b7d-92c9f35cc257,1,97,ZFM-03329
pupil,stim,0.7499999999999998,121.85794601020756,-6.642815020706323,87287aa4-727e-48c0-8b7d-92c9f35cc257,1,97,ZFM-03329
pupil,stim,0.8499999999999998,120.38925288608955,-8.111508144824327,87287aa4-727e-48c0-8b7d-92c9f35cc257,1,97,ZFM-03329
pupil,stim,0.9499999999999997,119.49745869843863,-9.003302332475243,87287aa4-727e-48c0-8b7d-92c9f35cc257,1,97,ZFM-03329
pupil,stim,1.0499999999999996,119.52909403918386,-8.971666991730018,87287aa4-727e-48c0-8b7d-92c9f35cc257,1,97,ZFM-03329
pupil,stim,1.1499999999999997,119.6300924210542,-8.870668609859678,87287aa4-727e-48c0-8b7d-92c9f35cc257,1,97,ZFM-03329
pupil,stim,1.2499999999999998,120.55250080549078,-7.948260225423098,87287aa4-727e-48c0-8b7d-92c9f35cc257,1,97,ZFM-03329
pupil,stim,1.3499999999999996,121.73093285201601,-6.769828178897868,87287aa4-727e-48c0-8b7d-92c9f35cc257,1,97,ZFM-03329
pupil,stim,1.4499999999999995,122.89662100902234,-5.6041400218915385,87287aa4-727e-48c0-8b7d-92c9f35cc257,1,97,ZFM-03329
pupil,stim,1.5499999999999996,123.25749713279525,-5.243263898118627,87287aa4-727e-48c0-8b7d-92c9f35cc257,1,97,ZFM-03329
pupil,stim,1.6499999999999997,122.88706579703612,-5.613695233877763,87287aa4-727e-48c0-8b7d-92c9f35cc257,1,97,ZFM-03329
pupil,stim,1.7499999999999996,122.71114436382044,-5.789616667093441,87287aa4-727e-48c0-8b7d-92c9f35cc257,1,97,ZFM-03329
pupil,stim,1.8499999999999994,122.54074475447851,-5.960016276435368,87287aa4-727e-48c0-8b7d-92c9f35cc257,1,97,ZFM-03329
pupil,stim,1.9499999999999995,122.6182421010515,-5.8825189298623854,87287aa4-727e-48c0-8b7d-92c9f35cc257,1,97,ZFM-03329
pupil,stim,2.0499999999999994,122.80820509389495,-5.692555937018923,87287aa4-727e-48c0-8b7d-92c9f35cc257,1,97,ZFM-03329
pupil,stim,2.1499999999999995,123.87636775628889,-4.6243932746249925,87287aa4-727e-48c0-8b7d-92c9f35cc257,1,97,ZFM-03329
pupil,stim,2.249999999999999,125.30584989557724,-3.194911135336639,87287aa4-727e-48c0-8b7d-92c9f35cc257,1,97,ZFM-03329
pupil,stim,2.349999999999999,126.20397524544494,-2.2967857854689413,87287aa4-727e-48c0-8b7d-92c9f35cc257,1,97,ZFM-03329
pupil,stim,2.4499999999999993,126.15065379651433,-2.3501072343995446,87287aa4-727e-48c0-8b7d-92c9f35cc257,1,97,ZFM-03329
pupil,stim,2.549999999999999,126.42141232346,-2.0793487074538746,87287aa4-727e-48c0-8b7d-92c9f35cc257,1,97,ZFM-03329
pupil,stim,2.649999999999999,126.69250117775128,-1.8082598531625962,87287aa4-727e-48c0-8b7d-92c9f35cc257,1,97,ZFM-03329
pupil,stim,2.749999999999999,126.79284171057623,-1.707919320337652,87287aa4-727e-48c0-8b7d-92c9f35cc257,1,97,ZFM-03329
pupil,stim,2.849999999999999,126.66446167155124,-1.8362993593626413,87287aa4-727e-48c0-8b7d-92c9f35cc257,1,97,ZFM-03329
pupil,stim,2.9499999999999993,126.51052812803833,-1.9902329028755474,87287aa4-727e-48c0-8b7d-92c9f35cc257,1,97,ZFM-03329
pupil,stim,3.049999999999999,126.65101921389561,-1.8497418170182698,87287aa4-727e-48c0-8b7d-92c9f35cc257,1,97,ZFM-03329
pupil,stim,3.149999999999999,126.98807597900537,-1.5126850519085053,87287aa4-727e-48c0-8b7d-92c9f35cc257,1,97,ZFM-03329
pupil,stim,3.249999999999999,127.19197839233317,-1.308782638580709,87287aa4-727e-48c0-8b7d-92c9f35cc257,1,97,ZFM-03329
pupil,stim,3.3499999999999988,126.90450372604579,-1.5962573048680895,87287aa4-727e-48c0-8b7d-92c9f35cc257,1,97,ZFM-03329
pupil,stim,3.449999999999999,126.03928847693895,-2.4614725539749287,87287aa4-727e-48c0-8b7d-92c9f35cc257,1,97,ZFM-03329
pupil,stim,3.549999999999999,125.08385601843086,-3.4169050124830136,87287aa4-727e-48c0-8b7d-92c9f35cc257,1,97,ZFM-03329
pupil,stim,3.649999999999999,123.94484368384525,-4.555917347068629,87287aa4-727e-48c0-8b7d-92c9f35cc257,1,97,ZFM-03329
pupil,stim,3.749999999999999,122.51542996657491,-5.985331064338965,87287aa4-727e-48c0-8b7d-92c9f35cc257,1,97,ZFM-03329
pupil,stim,3.8499999999999988,120.8610264273409,-7.639734603572975,87287aa4-727e-48c0-8b7d-92c9f35cc257,1,97,ZFM-03329
pupil,stim,3.949999999999999,119.68615584094067,-8.814605189973207,87287aa4-727e-48c0-8b7d-92c9f35cc257,1,97,ZFM-03329
pupil,no_stim,-0.45,122.36193957748004,4.581207286675848,87287aa4-727e-48c0-8b7d-92c9f35cc257,1,56,ZFM-03329
pupil,no_stim,-0.35000000000000003,119.94671052316609,2.165978232361894,87287aa4-727e-48c0-8b7d-92c9f35cc257,1,56,ZFM-03329
pupil,no_stim,-0.25000000000000006,117.78597421538937,0.005241924585178026,87287aa4-727e-48c0-8b7d-92c9f35cc257,1,56,ZFM-03329
pupil,no_stim,-0.15000000000000008,115.8535997067545,-1.9271325840497013,87287aa4-727e-48c0-8b7d-92c9f35cc257,1,56,ZFM-03329
pupil,no_stim,-0.050000000000000086,112.95543743123096,-4.8252948595732335,87287aa4-727e-48c0-8b7d-92c9f35cc257,1,56,ZFM-03329
pupil,no_stim,0.04999999999999989,108.94780755793836,-8.832924732865834,87287aa4-727e-48c0-8b7d-92c9f35cc257,1,56,ZFM-03329
pupil,no_stim,0.14999999999999986,104.42827310631209,-13.352459184492105,87287aa4-727e-48c0-8b7d-92c9f35cc257,1,56,ZFM-03329
pupil,no_stim,0.24999999999999983,101.91836993734144,-15.862362353462757,87287aa4-727e-48c0-8b7d-92c9f35cc257,1,56,ZFM-03329
pupil,no_stim,0.3499999999999998,103.70375959627404,-14.076972694530156,87287aa4-727e-48c0-8b7d-92c9f35cc257,1,56,ZFM-03329
pupil,no_stim,0.4499999999999998,108.32460665454917,-9.456125636255024,87287aa4-727e-48c0-8b7d-92c9f35cc257,1,56,ZFM-03329
pupil,no_stim,0.5499999999999998,113.55879381583809,-4.221938474966109,87287aa4-727e-48c0-8b7d-92c9f35cc257,1,56,ZFM-03329
pupil,no_stim,0.6499999999999998,117.27765142152529,-0.5030808692789037,87287aa4-727e-48c0-8b7d-92c9f35cc257,1,56,ZFM-03329
pupil,no_stim,0.7499999999999998,119.43061516042019,1.6498828696159933,87287aa4-727e-48c0-8b7d-92c9f35cc257,1,56,ZFM-03329
pupil,no_stim,0.8499999999999998,120.62247348421867,2.841741193414478,87287aa4-727e-48c0-8b7d-92c9f35cc257,1,56,ZFM-03329
pupil,no_stim,0.9499999999999997,120.68467479432275,2.90394250351855,87287aa4-727e-48c0-8b7d-92c9f35cc257,1,56,ZFM-03329
pupil,no_stim,1.0499999999999996,121.09184188994284,3.3111095991386463,87287aa4-727e-48c0-8b7d-92c9f35cc257,1,56,ZFM-03329
pupil,no_stim,1.1499999999999997,122.33078287300225,4.550050582198054,87287aa4-727e-48c0-8b7d-92c9f35cc257,1,56,ZFM-03329
pupil,no_stim,1.2499999999999998,123.56279531201815,5.782063021213958,87287aa4-727e-48c0-8b7d-92c9f35cc257,1,56,ZFM-03329
pupil,no_stim,1.3499999999999996,124.42633396819694,6.645601677392747,87287aa4-727e-48c0-8b7d-92c9f35cc257,1,56,ZFM-03329
pupil,no_stim,1.4499999999999995,124.74074706118664,6.960014770382443,87287aa4-727e-48c0-8b7d-92c9f35cc257,1,56,ZFM-03329
pupil,no_stim,1.5499999999999996,125.47461403955539,7.6938817487511955,87287aa4-727e-48c0-8b7d-92c9f35cc257,1,56,ZFM-03329
pupil,no_stim,1.6499999999999997,126.44316722969177,8.662434938887571,87287aa4-727e-48c0-8b7d-92c9f35cc257,1,56,ZFM-03329
pupil,no_stim,1.7499999999999996,127.14992484286934,9.369192552065144,87287aa4-727e-48c0-8b7d-92c9f35cc257,1,56,ZFM-03329
pupil,no_stim,1.8499999999999994,127.32504862841655,9.544316337612358,87287aa4-727e-48c0-8b7d-92c9f35cc257,1,56,ZFM-03329
pupil,no_stim,1.9499999999999995,128.06574646728737,10.285014176483173,87287aa4-727e-48c0-8b7d-92c9f35cc257,1,56,ZFM-03329
pupil,no_stim,2.0499999999999994,128.51499808027344,10.734265789469248,87287aa4-727e-48c0-8b7d-92c9f35cc257,1,56,ZFM-03329
pupil,no_stim,2.1499999999999995,128.8656075962855,11.084875305481319,87287aa4-727e-48c0-8b7d-92c9f35cc257,1,56,ZFM-03329
pupil,no_stim,2.249999999999999,128.4172397832847,10.636507492480519,87287aa4-727e-48c0-8b7d-92c9f35cc257,1,56,ZFM-03329
pupil,no_stim,2.349999999999999,127.18985908927513,9.409126798470936,87287aa4-727e-48c0-8b7d-92c9f35cc257,1,56,ZFM-03329
pupil,no_stim,2.4499999999999993,125.69777332289816,7.917041032093962,87287aa4-727e-48c0-8b7d-92c9f35cc257,1,56,ZFM-03329
pupil,no_stim,2.549999999999999,124.09336803579986,6.31263574499566,87287aa4-727e-48c0-8b7d-92c9f35cc257,1,56,ZFM-03329
pupil,no_stim,2.649999999999999,122.91473422273644,5.1340019319322465,87287aa4-727e-48c0-8b7d-92c9f35cc257,1,56,ZFM-03329
pupil,no_stim,2.749999999999999,122.14624950375028,4.365517212946088,87287aa4-727e-48c0-8b7d-92c9f35cc257,1,56,ZFM-03329
pupil,no_stim,2.849999999999999,120.9036704774887,3.1229381866845074,87287aa4-727e-48c0-8b7d-92c9f35cc257,1,56,ZFM-03329
pupil,no_stim,2.9499999999999993,119.46504031004679,1.684308019242593,87287aa4-727e-48c0-8b7d-92c9f35cc257,1,56,ZFM-03329
pupil,no_stim,3.049999999999999,118.08832736554845,0.3075950747442562,87287aa4-727e-48c0-8b7d-92c9f35cc257,1,56,ZFM-03329
pupil,no_stim,3.149999999999999,116.84222525626546,-0.9385070345387305,87287aa4-727e-48c0-8b7d-92c9f35cc257,1,56,ZFM-03329
pupil,no_stim,3.249999999999999,116.56117924388106,-1.2195530469231386,87287aa4-727e-48c0-8b7d-92c9f35cc257,1,56,ZFM-03329
pupil,no_stim,3.3499999999999988,117.60285229948691,-0.17787999131728327,87287aa4-727e-48c0-8b7d-92c9f35cc257,1,56,ZFM-03329
pupil,no_stim,3.449999999999999,118.9798921671157,1.199159876311498,87287aa4-727e-48c0-8b7d-92c9f35cc257,1,56,ZFM-03329
pupil,no_stim,3.549999999999999,119.58018425615545,1.7994519653512526,87287aa4-727e-48c0-8b7d-92c9f35cc257,1,56,ZFM-03329
pupil,no_stim,3.649999999999999,120.20908158948451,2.428349298680317,87287aa4-727e-48c0-8b7d-92c9f35cc257,1,56,ZFM-03329
pupil,no_stim,3.749999999999999,120.99892799722402,3.21819570641982,87287aa4-727e-48c0-8b7d-92c9f35cc257,1,56,ZFM-03329
pupil,no_stim,3.8499999999999988,121.5090793638723,3.7283470730681074,87287aa4-727e-48c0-8b7d-92c9f35cc257,1,56,ZFM-03329
pupil,no_stim,3.949999999999999,121.10435988515539,3.323627594351194,87287aa4-727e-48c0-8b7d-92c9f35cc257,1,56,ZFM-03329
pupil,stim,-0.45,64.22306888557922,2.746770353063937,595c8ddd-a8e3-438d-9c31-62b2a07cc6cf,1,74,ZFM-03330
pupil,stim,-0.35000000000000003,63.09435807466215,1.6180595421468666,595c8ddd-a8e3-438d-9c31-62b2a07cc6cf,1,74,ZFM-03330
pupil,stim,-0.25000000000000006,61.70233378425266,0.22603525173737182,595c8ddd-a8e3-438d-9c31-62b2a07cc6cf,1,74,ZFM-03330
pupil,stim,-0.15000000000000008,59.973384636010834,-1.5029138965044524,595c8ddd-a8e3-438d-9c31-62b2a07cc6cf,1,74,ZFM-03330
pupil,stim,-0.050000000000000086,58.388347282071564,-3.087951250443723,595c8ddd-a8e3-438d-9c31-62b2a07cc6cf,1,74,ZFM-03330
pupil,stim,0.04999999999999989,56.97561833607831,-4.500680196436974,595c8ddd-a8e3-438d-9c31-62b2a07cc6cf,1,74,ZFM-03330
pupil,stim,0.14999999999999986,55.62621824563387,-5.850080286881415,595c8ddd-a8e3-438d-9c31-62b2a07cc6cf,1,74,ZFM-03330
pupil,stim,0.24999999999999983,53.897143635091346,-7.57915489742394,595c8ddd-a8e3-438d-9c31-62b2a07cc6cf,1,74,ZFM-03330
pupil,stim,0.3499999999999998,52.84701396336631,-8.629284569148979,595c8ddd-a8e3-438d-9c31-62b2a07cc6cf,1,74,ZFM-03330
pupil,stim,0.4499999999999998,52.226682641716344,-9.249615890798943,595c8ddd-a8e3-438d-9c31-62b2a07cc6cf,1,74,ZFM-03330
pupil,stim,0.5499999999999998,52.39037544877886,-9.085923083736425,595c8ddd-a8e3-438d-9c31-62b2a07cc6cf,1,74,ZFM-03330
pupil,stim,0.6499999999999998,53.29818032200819,-8.178118210507094,595c8ddd-a8e3-438d-9c31-62b2a07cc6cf,1,74,ZFM-03330
pupil,stim,0.7499999999999998,54.72340406973368,-6.7528944627816045,595c8ddd-a8e3-438d-9c31-62b2a07cc6cf,1,74,ZFM-03330
pupil,stim,0.8499999999999998,56.19226508014191,-5.284033452373379,595c8ddd-a8e3-438d-9c31-62b2a07cc6cf,1,74,ZFM-03330
pupil,stim,0.9499999999999997,57.18259217965237,-4.29370635286292,595c8ddd-a8e3-438d-9c31-62b2a07cc6cf,1,74,ZFM-03330
pupil,stim,1.0499999999999996,57.71650764007998,-3.759790892435305,595c8ddd-a8e3-438d-9c31-62b2a07cc6cf,1,74,ZFM-03330
pupil,stim,1.1499999999999997,60.01366510029944,-1.4626334322158456,595c8ddd-a8e3-438d-9c31-62b2a07cc6cf,1,74,ZFM-03330
pupil,stim,1.2499999999999998,62.09656836668815,0.6202698341728663,595c8ddd-a8e3-438d-9c31-62b2a07cc6cf,1,74,ZFM-03330
pupil,stim,1.3499999999999996,63.16922459184363,1.692926059328343,595c8ddd-a8e3-438d-9c31-62b2a07cc6cf,1,74,ZFM-03330
pupil,stim,1.4499999999999995,63.70599509477398,2.2296965622586953,595c8ddd-a8e3-438d-9c31-62b2a07cc6cf,1,74,ZFM-03330
pupil,stim,1.5499999999999996,64.69230190779732,3.2160033752820283,595c8ddd-a8e3-438d-9c31-62b2a07cc6cf,1,74,ZFM-03330
pupil,stim,1.6499999999999997,66.12386733771439,4.6475688051991,595c8ddd-a8e3-438d-9c31-62b2a07cc6cf,1,74,ZFM-03330
pupil,stim,1.7499999999999996,67.02490565625685,5.5486071237415615,595c8ddd-a8e3-438d-9c31-62b2a07cc6cf,1,74,ZFM-03330
pupil,stim,1.8499999999999994,68.04665737542813,6.570358842912839,595c8ddd-a8e3-438d-9c31-62b2a07cc6cf,1,74,ZFM-03330
pupil,stim,1.9499999999999995,68.93477041419278,7.458471881677497,595c8ddd-a8e3-438d-9c31-62b2a07cc6cf,1,74,ZFM-03330
pupil,stim,2.0499999999999994,69.4848246886201,8.008526156104807,595c8ddd-a8e3-438d-9c31-62b2a07cc6cf,1,74,ZFM-03330
pupil,stim,2.1499999999999995,70.08037941866225,8.60408088614696,595c8ddd-a8e3-438d-9c31-62b2a07cc6cf,1,74,ZFM-03330
pupil,stim,2.249999999999999,70.6635067938558,9.187208261340515,595c8ddd-a8e3-438d-9c31-62b2a07cc6cf,1,74,ZFM-03330
pupil,stim,2.349999999999999,71.17906507715898,9.702766544643694,595c8ddd-a8e3-438d-9c31-62b2a07cc6cf,1,74,ZFM-03330
pupil,stim,2.4499999999999993,71.27606832047712,9.799769787961836,595c8ddd-a8e3-438d-9c31-62b2a07cc6cf,1,74,ZFM-03330
pupil,stim,2.549999999999999,71.57030319028495,10.09400465776966,595c8ddd-a8e3-438d-9c31-62b2a07cc6cf,1,74,ZFM-03330
pupil,stim,2.649999999999999,71.54474089723423,10.068442364718948,595c8ddd-a8e3-438d-9c31-62b2a07cc6cf,1,74,ZFM-03330
pupil,stim,2.749999999999999,71.59457392528951,10.118275392774223,595c8ddd-a8e3-438d-9c31-62b2a07cc6cf,1,74,ZFM-03330
pupil,stim,2.849999999999999,71.45878268372742,9.982484151212134,595c8ddd-a8e3-438d-9c31-62b2a07cc6cf,1,74,ZFM-03330
pupil,stim,2.9499999999999993,70.94606336011881,9.469764827603527,595c8ddd-a8e3-438d-9c31-62b2a07cc6cf,1,74,ZFM-03330
pupil,stim,3.049999999999999,70.68320692248793,9.20690838997264,595c8ddd-a8e3-438d-9c31-62b2a07cc6cf,1,74,ZFM-03330
pupil,stim,3.149999999999999,70.20596096437568,8.72966243186039,595c8ddd-a8e3-438d-9c31-62b2a07cc6cf,1,74,ZFM-03330
pupil,stim,3.249999999999999,69.26873201149132,7.7924334789760366,595c8ddd-a8e3-438d-9c31-62b2a07cc6cf,1,74,ZFM-03330
pupil,stim,3.3499999999999988,67.64233058512454,6.166032052609253,595c8ddd-a8e3-438d-9c31-62b2a07cc6cf,1,74,ZFM-03330
pupil,stim,3.449999999999999,66.12236952762423,4.646070995108943,595c8ddd-a8e3-438d-9c31-62b2a07cc6cf,1,74,ZFM-03330
pupil,stim,3.549999999999999,65.14109785957756,3.664799327062269,595c8ddd-a8e3-438d-9c31-62b2a07cc6cf,1,74,ZFM-03330
pupil,stim,3.649999999999999,64.76545860283802,3.289160070322737,595c8ddd-a8e3-438d-9c31-62b2a07cc6cf,1,74,ZFM-03330
pupil,stim,3.749999999999999,63.711144779477614,2.234846246962327,595c8ddd-a8e3-438d-9c31-62b2a07cc6cf,1,74,ZFM-03330
pupil,stim,3.8499999999999988,62.194526104887835,0.7182275723725482,595c8ddd-a8e3-438d-9c31-62b2a07cc6cf,1,74,ZFM-03330
pupil,stim,3.949999999999999,61.43121762047553,-0.04508091203975795,595c8ddd-a8e3-438d-9c31-62b2a07cc6cf,1,74,ZFM-03330
pupil,no_stim,-0.45,73.32135896713723,4.448409887953332,595c8ddd-a8e3-438d-9c31-62b2a07cc6cf,1,43,ZFM-03330
pupil,no_stim,-0.35000000000000003,70.00037555242592,1.127426473242025,595c8ddd-a8e3-438d-9c31-62b2a07cc6cf,1,43,ZFM-03330
pupil,no_stim,-0.25000000000000006,67.85881496685228,-1.014134112331618,595c8ddd-a8e3-438d-9c31-62b2a07cc6cf,1,43,ZFM-03330
pupil,no_stim,-0.15000000000000008,66.82950054373224,-2.0434485354516596,595c8ddd-a8e3-438d-9c31-62b2a07cc6cf,1,43,ZFM-03330
pupil,no_stim,-0.050000000000000086,66.3546953657718,-2.5182537134120935,595c8ddd-a8e3-438d-9c31-62b2a07cc6cf,1,43,ZFM-03330
pupil,no_stim,0.04999999999999989,64.19374847385241,-4.679200605331488,595c8ddd-a8e3-438d-9c31-62b2a07cc6cf,1,43,ZFM-03330
pupil,no_stim,0.14999999999999986,61.526229635684324,-7.346719443499573,595c8ddd-a8e3-438d-9c31-62b2a07cc6cf,1,43,ZFM-03330
pupil,no_stim,0.24999999999999983,59.40892482119705,-9.46402425798685,595c8ddd-a8e3-438d-9c31-62b2a07cc6cf,1,43,ZFM-03330
pupil,no_stim,0.3499999999999998,58.49280873287838,-10.380140346305517,595c8ddd-a8e3-438d-9c31-62b2a07cc6cf,1,43,ZFM-03330
pupil,no_stim,0.4499999999999998,57.067107638628215,-11.805841440555682,595c8ddd-a8e3-438d-9c31-62b2a07cc6cf,1,43,ZFM-03330
pupil,no_stim,0.5499999999999998,55.7500469214546,-13.1229021577293,595c8ddd-a8e3-438d-9c31-62b2a07cc6cf,1,43,ZFM-03330
pupil,no_stim,0.6499999999999998,56.23888553265945,-12.634063546524445,595c8ddd-a8e3-438d-9c31-62b2a07cc6cf,1,43,ZFM-03330
pupil,no_stim,0.7499999999999998,54.99578517189739,-13.877163907286509,595c8ddd-a8e3-438d-9c31-62b2a07cc6cf,1,43,ZFM-03330
pupil,no_stim,0.8499999999999998,55.54483845296273,-13.328110626221168,595c8ddd-a8e3-438d-9c31-62b2a07cc6cf,1,43,ZFM-03330
pupil,no_stim,0.9499999999999997,56.7486349114729,-12.124314167710999,595c8ddd-a8e3-438d-9c31-62b2a07cc6cf,1,43,ZFM-03330
pupil,no_stim,1.0499999999999996,57.81029794006798,-11.062651139115914,595c8ddd-a8e3-438d-9c31-62b2a07cc6cf,1,43,ZFM-03330
pupil,no_stim,1.1499999999999997,58.55593161057626,-10.317017468607638,595c8ddd-a8e3-438d-9c31-62b2a07cc6cf,1,43,ZFM-03330
pupil,no_stim,1.2499999999999998,57.75097089779384,-11.121978181390055,595c8ddd-a8e3-438d-9c31-62b2a07cc6cf,1,43,ZFM-03330
pupil,no_stim,1.3499999999999996,56.83935483661068,-12.033594242573216,595c8ddd-a8e3-438d-9c31-62b2a07cc6cf,1,43,ZFM-03330
pupil,no_stim,1.4499999999999995,55.36810915956901,-13.504839919614888,595c8ddd-a8e3-438d-9c31-62b2a07cc6cf,1,43,ZFM-03330
pupil,no_stim,1.5499999999999996,54.31884864024083,-14.554100438943067,595c8ddd-a8e3-438d-9c31-62b2a07cc6cf,1,43,ZFM-03330
pupil,no_stim,1.6499999999999997,53.50431625079502,-15.368632828388876,595c8ddd-a8e3-438d-9c31-62b2a07cc6cf,1,43,ZFM-03330
pupil,no_stim,1.7499999999999996,53.08109920526542,-15.79184987391848,595c8ddd-a8e3-438d-9c31-62b2a07cc6cf,1,43,ZFM-03330
pupil,no_stim,1.8499999999999994,53.87472740027267,-14.998221678911229,595c8ddd-a8e3-438d-9c31-62b2a07cc6cf,1,43,ZFM-03330
pupil,no_stim,1.9499999999999995,54.34134039770054,-14.531608681483355,595c8ddd-a8e3-438d-9c31-62b2a07cc6cf,1,43,ZFM-03330
pupil,no_stim,2.0499999999999994,54.17416236912065,-14.698786710063246,595c8ddd-a8e3-438d-9c31-62b2a07cc6cf,1,43,ZFM-03330
pupil,no_stim,2.1499999999999995,52.90182788997306,-15.971121189210834,595c8ddd-a8e3-438d-9c31-62b2a07cc6cf,1,43,ZFM-03330
pupil,no_stim,2.249999999999999,52.01279734648435,-16.86015173269955,595c8ddd-a8e3-438d-9c31-62b2a07cc6cf,1,43,ZFM-03330
pupil,no_stim,2.349999999999999,51.979426140739726,-16.89352293844417,595c8ddd-a8e3-438d-9c31-62b2a07cc6cf,1,43,ZFM-03330
pupil,no_stim,2.4499999999999993,52.29802520842946,-16.57492387075444,595c8ddd-a8e3-438d-9c31-62b2a07cc6cf,1,43,ZFM-03330
pupil,no_stim,2.549999999999999,52.83371634473967,-16.039232734444226,595c8ddd-a8e3-438d-9c31-62b2a07cc6cf,1,43,ZFM-03330
pupil,no_stim,2.649999999999999,53.91127379247936,-14.961675286704534,595c8ddd-a8e3-438d-9c31-62b2a07cc6cf,1,43,ZFM-03330
pupil,no_stim,2.749999999999999,54.375895950698755,-14.497053128485142,595c8ddd-a8e3-438d-9c31-62b2a07cc6cf,1,43,ZFM-03330
pupil,no_stim,2.849999999999999,54.05686109559792,-14.81608798358598,595c8ddd-a8e3-438d-9c31-62b2a07cc6cf,1,43,ZFM-03330
pupil,no_stim,2.9499999999999993,50.87079924922011,-18.002149829963784,595c8ddd-a8e3-438d-9c31-62b2a07cc6cf,1,43,ZFM-03330
pupil,no_stim,3.049999999999999,46.92869436849247,-21.944254710691425,595c8ddd-a8e3-438d-9c31-62b2a07cc6cf,1,43,ZFM-03330
pupil,no_stim,3.149999999999999,42.905942912277595,-25.9670061669063,595c8ddd-a8e3-438d-9c31-62b2a07cc6cf,1,43,ZFM-03330
pupil,no_stim,3.249999999999999,38.8964280270604,-29.976521052123495,595c8ddd-a8e3-438d-9c31-62b2a07cc6cf,1,43,ZFM-03330
pupil,no_stim,3.3499999999999988,36.1305497011643,-32.7423993780196,595c8ddd-a8e3-438d-9c31-62b2a07cc6cf,1,43,ZFM-03330
pupil,no_stim,3.449999999999999,36.404840100737154,-32.46810897844674,595c8ddd-a8e3-438d-9c31-62b2a07cc6cf,1,43,ZFM-03330
pupil,no_stim,3.549999999999999,39.96515332630219,-28.907795752881704,595c8ddd-a8e3-438d-9c31-62b2a07cc6cf,1,43,ZFM-03330
pupil,no_stim,3.649999999999999,46.60151908517535,-22.27142999400855,595c8ddd-a8e3-438d-9c31-62b2a07cc6cf,1,43,ZFM-03330
pupil,no_stim,3.749999999999999,49.79038633125272,-19.082562747931178,595c8ddd-a8e3-438d-9c31-62b2a07cc6cf,1,43,ZFM-03330
pupil,no_stim,3.8499999999999988,49.92760550276571,-18.94534357641819,595c8ddd-a8e3-438d-9c31-62b2a07cc6cf,1,43,ZFM-03330
pupil,no_stim,3.949999999999999,50.22337398521515,-18.64957509396875,595c8ddd-a8e3-438d-9c31-62b2a07cc6cf,1,43,ZFM-03330
pupil,stim,-0.45,88.22404327891562,2.861753445980071,8e1bcbcb-43a3-4e08-8bdd-295255de6bb8,0,28,ZFM-03332
pupil,stim,-0.35000000000000003,87.53241828354757,2.170128450612026,8e1bcbcb-43a3-4e08-8bdd-295255de6bb8,0,28,ZFM-03332
pupil,stim,-0.25000000000000006,85.67778042647478,0.3154905935392378,8e1bcbcb-43a3-4e08-8bdd-295255de6bb8,0,28,ZFM-03332
pupil,stim,-0.15000000000000008,83.46572534508361,-1.8965644878519328,8e1bcbcb-43a3-4e08-8bdd-295255de6bb8,0,28,ZFM-03332
pupil,stim,-0.050000000000000086,81.91148183065613,-3.450808002279416,8e1bcbcb-43a3-4e08-8bdd-295255de6bb8,0,28,ZFM-03332
pupil,stim,0.04999999999999989,80.41591426849651,-4.9463755644390375,8e1bcbcb-43a3-4e08-8bdd-295255de6bb8,0,28,ZFM-03332
pupil,stim,0.14999999999999986,78.15397324296188,-7.208316589973663,8e1bcbcb-43a3-4e08-8bdd-295255de6bb8,0,28,ZFM-03332
pupil,stim,0.24999999999999983,75.89055585080133,-9.47173398213421,8e1bcbcb-43a3-4e08-8bdd-295255de6bb8,0,28,ZFM-03332
pupil,stim,0.3499999999999998,73.92256022435342,-11.439729608582127,8e1bcbcb-43a3-4e08-8bdd-295255de6bb8,0,28,ZFM-03332
pupil,stim,0.4499999999999998,72.63815466082569,-12.724135172109854,8e1bcbcb-43a3-4e08-8bdd-295255de6bb8,0,28,ZFM-03332
pupil,stim,0.5499999999999998,71.524465210961,-13.837824621974548,8e1bcbcb-43a3-4e08-8bdd-295255de6bb8,0,28,ZFM-03332
pupil,stim,0.6499999999999998,70.41342807406274,-14.948861758872809,8e1bcbcb-43a3-4e08-8bdd-295255de6bb8,0,28,ZFM-03332
pupil,stim,0.7499999999999998,69.98985473758094,-15.372435095354604,8e1bcbcb-43a3-4e08-8bdd-295255de6bb8,0,28,ZFM-03332
pupil,stim,0.8499999999999998,69.03446300266046,-16.327826830275086,8e1bcbcb-43a3-4e08-8bdd-295255de6bb8,0,28,ZFM-03332
pupil,stim,0.9499999999999997,68.64547030993096,-16.716819523004588,8e1bcbcb-43a3-4e08-8bdd-295255de6bb8,0,28,ZFM-03332
pupil,stim,1.0499999999999996,69.0367667576292,-16.32552307530635,8e1bcbcb-43a3-4e08-8bdd-295255de6bb8,0,28,ZFM-03332
pupil,stim,1.1499999999999997,69.40374292219504,-15.958546910740509,8e1bcbcb-43a3-4e08-8bdd-295255de6bb8,0,28,ZFM-03332
pupil,stim,1.2499999999999998,69.46290232335767,-15.899387509577878,8e1bcbcb-43a3-4e08-8bdd-295255de6bb8,0,28,ZFM-03332
pupil,stim,1.3499999999999996,68.6446852501248,-16.71760458281075,8e1bcbcb-43a3-4e08-8bdd-295255de6bb8,0,28,ZFM-03332
pupil,stim,1.4499999999999995,67.85859506994218,-17.503694762993362,8e1bcbcb-43a3-4e08-8bdd-295255de6bb8,0,28,ZFM-03332
pupil,stim,1.5499999999999996,68.07422523860366,-17.288064594331885,8e1bcbcb-43a3-4e08-8bdd-295255de6bb8,0,28,ZFM-03332
pupil,stim,1.6499999999999997,68.75353346757625,-16.608756365359298,8e1bcbcb-43a3-4e08-8bdd-295255de6bb8,0,28,ZFM-03332
pupil,stim,1.7499999999999996,70.22971024070175,-15.132579592233796,8e1bcbcb-43a3-4e08-8bdd-295255de6bb8,0,28,ZFM-03332
pupil,stim,1.8499999999999994,70.63409853896061,-14.72819129397493,8e1bcbcb-43a3-4e08-8bdd-295255de6bb8,0,28,ZFM-03332
pupil,stim,1.9499999999999995,70.7619293940042,-14.600360438931347,8e1bcbcb-43a3-4e08-8bdd-295255de6bb8,0,28,ZFM-03332
pupil,stim,2.0499999999999994,70.12633463201419,-15.235955200921353,8e1bcbcb-43a3-4e08-8bdd-295255de6bb8,0,28,ZFM-03332
pupil,stim,2.1499999999999995,69.70996664831173,-15.65232318462381,8e1bcbcb-43a3-4e08-8bdd-295255de6bb8,0,28,ZFM-03332
pupil,stim,2.249999999999999,69.9936571817884,-15.368632651147152,8e1bcbcb-43a3-4e08-8bdd-295255de6bb8,0,28,ZFM-03332
pupil,stim,2.349999999999999,70.41439600651051,-14.94789382642503,8e1bcbcb-43a3-4e08-8bdd-295255de6bb8,0,28,ZFM-03332
pupil,stim,2.4499999999999993,70.75309042503318,-14.609199407902366,8e1bcbcb-43a3-4e08-8bdd-295255de6bb8,0,28,ZFM-03332
pupil,stim,2.549999999999999,70.4772677197605,-14.88502211317504,8e1bcbcb-43a3-4e08-8bdd-295255de6bb8,0,28,ZFM-03332
pupil,stim,2.649999999999999,69.7580677985265,-15.604222034409048,8e1bcbcb-43a3-4e08-8bdd-295255de6bb8,0,28,ZFM-03332
pupil,stim,2.749999999999999,69.49376835720385,-15.868521475731697,8e1bcbcb-43a3-4e08-8bdd-295255de6bb8,0,28,ZFM-03332
pupil,stim,2.849999999999999,69.52339855914813,-15.83889127378741,8e1bcbcb-43a3-4e08-8bdd-295255de6bb8,0,28,ZFM-03332
pupil,stim,2.9499999999999993,69.48643364063075,-15.875856192304795,8e1bcbcb-43a3-4e08-8bdd-295255de6bb8,0,28,ZFM-03332
pupil,stim,3.049999999999999,70.36827998800966,-14.994009844925884,8e1bcbcb-43a3-4e08-8bdd-295255de6bb8,0,28,ZFM-03332
pupil,stim,3.149999999999999,70.25571811616156,-15.106571716773985,8e1bcbcb-43a3-4e08-8bdd-295255de6bb8,0,28,ZFM-03332
pupil,stim,3.249999999999999,69.34509741255533,-16.017192420380212,8e1bcbcb-43a3-4e08-8bdd-295255de6bb8,0,28,ZFM-03332
pupil,stim,3.3499999999999988,68.39796838850012,-16.964321444435427,8e1bcbcb-43a3-4e08-8bdd-295255de6bb8,0,28,ZFM-03332
pupil,stim,3.449999999999999,68.02398277353191,-17.338307059403633,8e1bcbcb-43a3-4e08-8bdd-295255de6bb8,0,28,ZFM-03332
pupil,stim,3.549999999999999,68.33844931403915,-17.023840518896392,8e1bcbcb-43a3-4e08-8bdd-295255de6bb8,0,28,ZFM-03332
pupil,stim,3.649999999999999,67.6440102488181,-17.71827958411744,8e1bcbcb-43a3-4e08-8bdd-295255de6bb8,0,28,ZFM-03332
pupil,stim,3.749999999999999,67.73713875051683,-17.62515108241871,8e1bcbcb-43a3-4e08-8bdd-295255de6bb8,0,28,ZFM-03332
pupil,stim,3.8499999999999988,67.80031525109048,-17.561974581845064,8e1bcbcb-43a3-4e08-8bdd-295255de6bb8,0,28,ZFM-03332
pupil,stim,3.949999999999999,67.94804578053439,-17.41424405240116,8e1bcbcb-43a3-4e08-8bdd-295255de6bb8,0,28,ZFM-03332
pupil,no_stim,-0.45,95.21919168387922,1.1164103654933228,8e1bcbcb-43a3-4e08-8bdd-295255de6bb8,0,37,ZFM-03332
pupil,no_stim,-0.35000000000000003,95.52454189462912,1.42176057624323,8e1bcbcb-43a3-4e08-8bdd-295255de6bb8,0,37,ZFM-03332
pupil,no_stim,-0.25000000000000006,94.19777105134484,0.09498973295895041,8e1bcbcb-43a3-4e08-8bdd-295255de6bb8,0,37,ZFM-03332
pupil,no_stim,-0.15000000000000008,93.14786610248827,-0.9549152158976284,8e1bcbcb-43a3-4e08-8bdd-295255de6bb8,0,37,ZFM-03332
pupil,no_stim,-0.050000000000000086,92.42453585958806,-1.6782454587978322,8e1bcbcb-43a3-4e08-8bdd-295255de6bb8,0,37,ZFM-03332
pupil,no_stim,0.04999999999999989,91.07502593257819,-3.0277553858077084,8e1bcbcb-43a3-4e08-8bdd-295255de6bb8,0,37,ZFM-03332
pupil,no_stim,0.14999999999999986,88.89256915893195,-5.2102121594539454,8e1bcbcb-43a3-4e08-8bdd-295255de6bb8,0,37,ZFM-03332
pupil,no_stim,0.24999999999999983,87.32638823563502,-6.776393082750872,8e1bcbcb-43a3-4e08-8bdd-295255de6bb8,0,37,ZFM-03332
pupil,no_stim,0.3499999999999998,87.23450945996022,-6.868271858425672,8e1bcbcb-43a3-4e08-8bdd-295255de6bb8,0,37,ZFM-03332
pupil,no_stim,0.4499999999999998,86.61234839348525,-7.490432924900645,8e1bcbcb-43a3-4e08-8bdd-295255de6bb8,0,37,ZFM-03332
pupil,no_stim,0.5499999999999998,86.28747640435837,-7.8153049140275215,8e1bcbcb-43a3-4e08-8bdd-295255de6bb8,0,37,ZFM-03332
pupil,no_stim,0.6499999999999998,85.84978606167375,-8.25299525671214,8e1bcbcb-43a3-4e08-8bdd-295255de6bb8,0,37,ZFM-03332
pupil,no_stim,0.7499999999999998,85.4812446987208,-8.621536619665093,8e1bcbcb-43a3-4e08-8bdd-295255de6bb8,0,37,ZFM-03332
pupil,no_stim,0.8499999999999998,83.77459910730593,-10.328182211079962,8e1bcbcb-43a3-4e08-8bdd-295255de6bb8,0,37,ZFM-03332
pupil,no_stim,0.9499999999999997,82.04207296167336,-12.060708356712539,8e1bcbcb-43a3-4e08-8bdd-295255de6bb8,0,37,ZFM-03332
pupil,no_stim,1.0499999999999996,79.74205118731392,-14.360730131071975,8e1bcbcb-43a3-4e08-8bdd-295255de6bb8,0,37,ZFM-03332
pupil,no_stim,1.1499999999999997,78.48493624511535,-15.617845073270544,8e1bcbcb-43a3-4e08-8bdd-295255de6bb8,0,37,ZFM-03332
pupil,no_stim,1.2499999999999998,77.71431748326958,-16.388463835116312,8e1bcbcb-43a3-4e08-8bdd-295255de6bb8,0,37,ZFM-03332
pupil,no_stim,1.3499999999999996,77.82079066764628,-16.281990650739615,8e1bcbcb-43a3-4e08-8bdd-295255de6bb8,0,37,ZFM-03332
pupil,no_stim,1.4499999999999995,77.81843194380816,-16.28434937457773,8e1bcbcb-43a3-4e08-8bdd-295255de6bb8,0,37,ZFM-03332
pupil,no_stim,1.5499999999999996,77.25893925747002,-16.843842060915875,8e1bcbcb-43a3-4e08-8bdd-295255de6bb8,0,37,ZFM-03332
pupil,no_stim,1.6499999999999997,77.78433450578679,-16.318446812599106,8e1bcbcb-43a3-4e08-8bdd-295255de6bb8,0,37,ZFM-03332
pupil,no_stim,1.7499999999999996,78.41725125197196,-15.685530066413932,8e1bcbcb-43a3-4e08-8bdd-295255de6bb8,0,37,ZFM-03332
pupil,no_stim,1.8499999999999994,78.19357073241851,-15.909210585967386,8e1bcbcb-43a3-4e08-8bdd-295255de6bb8,0,37,ZFM-03332
pupil,no_stim,1.9499999999999995,77.65085205252272,-16.45192926586317,8e1bcbcb-43a3-4e08-8bdd-295255de6bb8,0,37,ZFM-03332
pupil,no_stim,2.0499999999999994,77.85507132522848,-16.247709993157414,8e1bcbcb-43a3-4e08-8bdd-295255de6bb8,0,37,ZFM-03332
pupil,no_stim,2.1499999999999995,79.19856163454551,-14.904219683840381,8e1bcbcb-43a3-4e08-8bdd-295255de6bb8,0,37,ZFM-03332
pupil,no_stim,2.249999999999999,79.22981196626174,-14.872969352124159,8e1bcbcb-43a3-4e08-8bdd-295255de6bb8,0,37,ZFM-03332
pupil,no_stim,2.349999999999999,78.4388903630695,-15.66389095531639,8e1bcbcb-43a3-4e08-8bdd-295255de6bb8,0,37,ZFM-03332
pupil,no_stim,2.4499999999999993,78.35039129260664,-15.752390025779249,8e1bcbcb-43a3-4e08-8bdd-295255de6bb8,0,37,ZFM-03332
pupil,no_stim,2.549999999999999,78.26886074135777,-15.833920577028124,8e1bcbcb-43a3-4e08-8bdd-295255de6bb8,0,37,ZFM-03332
pupil,no_stim,2.649999999999999,77.52190330522708,-16.58087801315881,8e1bcbcb-43a3-4e08-8bdd-295255de6bb8,0,37,ZFM-03332
pupil,no_stim,2.749999999999999,76.7413534188617,-17.361427899524188,8e1bcbcb-43a3-4e08-8bdd-295255de6bb8,0,37,ZFM-03332
pupil,no_stim,2.849999999999999,76.15315357127702,-17.949627747108877,8e1bcbcb-43a3-4e08-8bdd-295255de6bb8,0,37,ZFM-03332
pupil,no_stim,2.9499999999999993,75.3779180493558,-18.724863269030095,8e1bcbcb-43a3-4e08-8bdd-295255de6bb8,0,37,ZFM-03332
pupil,no_stim,3.049999999999999,74.79400328984033,-19.30877802854556,8e1bcbcb-43a3-4e08-8bdd-295255de6bb8,0,37,ZFM-03332
pupil,no_stim,3.149999999999999,74.51404602469384,-19.588735293692054,8e1bcbcb-43a3-4e08-8bdd-295255de6bb8,0,37,ZFM-03332
pupil,no_stim,3.249999999999999,74.90081224655549,-19.201969071830405,8e1bcbcb-43a3-4e08-8bdd-295255de6bb8,0,37,ZFM-03332
pupil,no_stim,3.3499999999999988,76.28063631377978,-17.822145004606114,8e1bcbcb-43a3-4e08-8bdd-295255de6bb8,0,37,ZFM-03332
pupil,no_stim,3.449999999999999,78.00862361883719,-16.094157699548703,8e1bcbcb-43a3-4e08-8bdd-295255de6bb8,0,37,ZFM-03332
pupil,no_stim,3.549999999999999,78.55645618231478,-15.546325136071118,8e1bcbcb-43a3-4e08-8bdd-295255de6bb8,0,37,ZFM-03332
pupil,no_stim,3.649999999999999,78.12292316481738,-15.979858153568514,8e1bcbcb-43a3-4e08-8bdd-295255de6bb8,0,37,ZFM-03332
pupil,no_stim,3.749999999999999,77.8442061364107,-16.25857518197519,8e1bcbcb-43a3-4e08-8bdd-295255de6bb8,0,37,ZFM-03332
pupil,no_stim,3.8499999999999988,77.80014227673905,-16.30263904164684,8e1bcbcb-43a3-4e08-8bdd-295255de6bb8,0,37,ZFM-03332
pupil,no_stim,3.949999999999999,77.622586148932,-16.480195169453893,8e1bcbcb-43a3-4e08-8bdd-295255de6bb8,0,37,ZFM-03332
pupil,stim,-0.45,159.6379640265066,0.06441360835560772,e3261da8-3d99-4cca-aabc-ef51ed2e5abc,1,38,ZFM-03330
pupil,stim,-0.35000000000000003,162.84386066392463,3.2703102457736293,e3261da8-3d99-4cca-aabc-ef51ed2e5abc,1,38,ZFM-03330
pupil,stim,-0.25000000000000006,162.623721190017,3.050170771865993,e3261da8-3d99-4cca-aabc-ef51ed2e5abc,1,38,ZFM-03330
pupil,stim,-0.15000000000000008,159.13391404028962,-0.4396363778613761,e3261da8-3d99-4cca-aabc-ef51ed2e5abc,1,38,ZFM-03330
pupil,stim,-0.050000000000000086,153.62829217001706,-5.945258248133939,e3261da8-3d99-4cca-aabc-ef51ed2e5abc,1,38,ZFM-03330
pupil,stim,0.04999999999999989,147.79204292013566,-11.781507498015344,e3261da8-3d99-4cca-aabc-ef51ed2e5abc,1,38,ZFM-03330
pupil,stim,0.14999999999999986,141.6260749953978,-17.9474754227532,e3261da8-3d99-4cca-aabc-ef51ed2e5abc,1,38,ZFM-03330
pupil,stim,0.24999999999999983,136.3839459803414,-23.189604437809606,e3261da8-3d99-4cca-aabc-ef51ed2e5abc,1,38,ZFM-03330
pupil,stim,0.3499999999999998,130.07831276830143,-29.49523764984957,e3261da8-3d99-4cca-aabc-ef51ed2e5abc,1,38,ZFM-03330
pupil,stim,0.4499999999999998,127.36334677776959,-32.21020364038141,e3261da8-3d99-4cca-aabc-ef51ed2e5abc,1,38,ZFM-03330
pupil,stim,0.5499999999999998,126.141255413128,-33.43229500502301,e3261da8-3d99-4cca-aabc-ef51ed2e5abc,1,38,ZFM-03330
pupil,stim,0.6499999999999998,123.63082845807769,-35.942721960073314,e3261da8-3d99-4cca-aabc-ef51ed2e5abc,1,38,ZFM-03330
pupil,stim,0.7499999999999998,120.55940300311285,-39.01414741503815,e3261da8-3d99-4cca-aabc-ef51ed2e5abc,1,38,ZFM-03330
pupil,stim,0.8499999999999998,123.48755358292098,-36.08599683523002,e3261da8-3d99-4cca-aabc-ef51ed2e5abc,1,38,ZFM-03330
pupil,stim,0.9499999999999997,125.42514393001032,-34.14840648814068,e3261da8-3d99-4cca-aabc-ef51ed2e5abc,1,38,ZFM-03330
pupil,stim,1.0499999999999996,129.76503312094275,-29.808517297208255,e3261da8-3d99-4cca-aabc-ef51ed2e5abc,1,38,ZFM-03330
pupil,stim,1.1499999999999997,132.27241691103026,-27.30113350712074,e3261da8-3d99-4cca-aabc-ef51ed2e5abc,1,38,ZFM-03330
pupil,stim,1.2499999999999998,133.95359027804943,-25.61996014010157,e3261da8-3d99-4cca-aabc-ef51ed2e5abc,1,38,ZFM-03330
pupil,stim,1.3499999999999996,133.89224154093296,-25.681308877218044,e3261da8-3d99-4cca-aabc-ef51ed2e5abc,1,38,ZFM-03330
pupil,stim,1.4499999999999995,138.23177087995455,-21.341779538196448,e3261da8-3d99-4cca-aabc-ef51ed2e5abc,1,38,ZFM-03330
pupil,stim,1.5499999999999996,145.27625156040952,-14.297298857741481,e3261da8-3d99-4cca-aabc-ef51ed2e5abc,1,38,ZFM-03330
pupil,stim,1.6499999999999997,145.74103765858973,-13.832512759561268,e3261da8-3d99-4cca-aabc-ef51ed2e5abc,1,38,ZFM-03330
pupil,stim,1.7499999999999996,141.4446952851971,-18.128855132953902,e3261da8-3d99-4cca-aabc-ef51ed2e5abc,1,38,ZFM-03330
pupil,stim,1.8499999999999994,136.35420030883282,-23.219350109318185,e3261da8-3d99-4cca-aabc-ef51ed2e5abc,1,38,ZFM-03330
pupil,stim,1.9499999999999995,138.83248176653993,-20.741068651611073,e3261da8-3d99-4cca-aabc-ef51ed2e5abc,1,38,ZFM-03330
pupil,stim,2.0499999999999994,140.68581765587794,-18.88773276227306,e3261da8-3d99-4cca-aabc-ef51ed2e5abc,1,38,ZFM-03330
pupil,stim,2.1499999999999995,142.78376272938155,-16.78978768876945,e3261da8-3d99-4cca-aabc-ef51ed2e5abc,1,38,ZFM-03330
pupil,stim,2.249999999999999,142.6571011708043,-16.91644924734669,e3261da8-3d99-4cca-aabc-ef51ed2e5abc,1,38,ZFM-03330
pupil,stim,2.349999999999999,142.1458274766719,-17.42772294147909,e3261da8-3d99-4cca-aabc-ef51ed2e5abc,1,38,ZFM-03330
pupil,stim,2.4499999999999993,140.92426842981632,-18.64928198833468,e3261da8-3d99-4cca-aabc-ef51ed2e5abc,1,38,ZFM-03330
pupil,stim,2.549999999999999,141.66184109998395,-17.911709318167055,e3261da8-3d99-4cca-aabc-ef51ed2e5abc,1,38,ZFM-03330
pupil,stim,2.649999999999999,144.76316478138082,-14.810385636770178,e3261da8-3d99-4cca-aabc-ef51ed2e5abc,1,38,ZFM-03330
pupil,stim,2.749999999999999,146.81030192303325,-12.76324849511775,e3261da8-3d99-4cca-aabc-ef51ed2e5abc,1,38,ZFM-03330
pupil,stim,2.849999999999999,147.7857870539246,-11.787763364226407,e3261da8-3d99-4cca-aabc-ef51ed2e5abc,1,38,ZFM-03330
pupil,stim,2.9499999999999993,147.99465368446843,-11.57889673368257,e3261da8-3d99-4cca-aabc-ef51ed2e5abc,1,38,ZFM-03330
pupil,stim,3.049999999999999,147.79561870277408,-11.777931715376923,e3261da8-3d99-4cca-aabc-ef51ed2e5abc,1,38,ZFM-03330
pupil,stim,3.149999999999999,145.21980077143678,-14.35374964671422,e3261da8-3d99-4cca-aabc-ef51ed2e5abc,1,38,ZFM-03330
pupil,stim,3.249999999999999,141.57935932362972,-17.994191094521284,e3261da8-3d99-4cca-aabc-ef51ed2e5abc,1,38,ZFM-03330
pupil,stim,3.3499999999999988,138.51327594078876,-21.060274477362242,e3261da8-3d99-4cca-aabc-ef51ed2e5abc,1,38,ZFM-03330
pupil,stim,3.449999999999999,137.18708782479985,-22.386462593351155,e3261da8-3d99-4cca-aabc-ef51ed2e5abc,1,38,ZFM-03330
pupil,stim,3.549999999999999,136.1383487114702,-23.4352017066808,e3261da8-3d99-4cca-aabc-ef51ed2e5abc,1,38,ZFM-03330
pupil,stim,3.649999999999999,132.33765972022695,-27.23589069792405,e3261da8-3d99-4cca-aabc-ef51ed2e5abc,1,38,ZFM-03330
pupil,stim,3.749999999999999,131.10839379363185,-28.465156624519153,e3261da8-3d99-4cca-aabc-ef51ed2e5abc,1,38,ZFM-03330
pupil,stim,3.8499999999999988,134.4549912518512,-25.118559166299804,e3261da8-3d99-4cca-aabc-ef51ed2e5abc,1,38,ZFM-03330
pupil,stim,3.949999999999999,140.2560294046972,-19.317521013453813,e3261da8-3d99-4cca-aabc-ef51ed2e5abc,1,38,ZFM-03330
pupil,no_stim,-0.45,141.59218798841485,3.868355176825702,e3261da8-3d99-4cca-aabc-ef51ed2e5abc,1,30,ZFM-03330
pupil,no_stim,-0.35000000000000003,139.07106454432224,1.3472317327330927,e3261da8-3d99-4cca-aabc-ef51ed2e5abc,1,30,ZFM-03330
pupil,no_stim,-0.25000000000000006,137.79703654928153,0.07320373769238131,e3261da8-3d99-4cca-aabc-ef51ed2e5abc,1,30,ZFM-03330
pupil,no_stim,-0.15000000000000008,136.00292625732425,-1.7209065542649,e3261da8-3d99-4cca-aabc-ef51ed2e5abc,1,30,ZFM-03330
pupil,no_stim,-0.050000000000000086,134.15594871860276,-3.5678840929863895,e3261da8-3d99-4cca-aabc-ef51ed2e5abc,1,30,ZFM-03330
pupil,no_stim,0.04999999999999989,130.33981761732664,-7.384015194262503,e3261da8-3d99-4cca-aabc-ef51ed2e5abc,1,30,ZFM-03330
pupil,no_stim,0.14999999999999986,126.421758773516,-11.302074038073144,e3261da8-3d99-4cca-aabc-ef51ed2e5abc,1,30,ZFM-03330
pupil,no_stim,0.24999999999999983,123.81671741852273,-13.90711539306642,e3261da8-3d99-4cca-aabc-ef51ed2e5abc,1,30,ZFM-03330
pupil,no_stim,0.3499999999999998,123.05958733140305,-14.664245480186096,e3261da8-3d99-4cca-aabc-ef51ed2e5abc,1,30,ZFM-03330
pupil,no_stim,0.4499999999999998,124.43480964121902,-13.289023170370129,e3261da8-3d99-4cca-aabc-ef51ed2e5abc,1,30,ZFM-03330
pupil,no_stim,0.5499999999999998,125.73647884117591,-11.987353970413238,e3261da8-3d99-4cca-aabc-ef51ed2e5abc,1,30,ZFM-03330
pupil,no_stim,0.6499999999999998,126.74633282718119,-10.977499984407956,e3261da8-3d99-4cca-aabc-ef51ed2e5abc,1,30,ZFM-03330
pupil,no_stim,0.7499999999999998,125.60799792838328,-12.115834883205864,e3261da8-3d99-4cca-aabc-ef51ed2e5abc,1,30,ZFM-03330
pupil,no_stim,0.8499999999999998,125.14464510431753,-12.579187707271615,e3261da8-3d99-4cca-aabc-ef51ed2e5abc,1,30,ZFM-03330
pupil,no_stim,0.9499999999999997,125.60400569500693,-12.119827116582215,e3261da8-3d99-4cca-aabc-ef51ed2e5abc,1,30,ZFM-03330
pupil,no_stim,1.0499999999999996,124.42490363459777,-13.298929176991379,e3261da8-3d99-4cca-aabc-ef51ed2e5abc,1,30,ZFM-03330
pupil,no_stim,1.1499999999999997,120.72213772105502,-17.001695090534128,e3261da8-3d99-4cca-aabc-ef51ed2e5abc,1,30,ZFM-03330
pupil,no_stim,1.2499999999999998,120.50213914121014,-17.22169367037901,e3261da8-3d99-4cca-aabc-ef51ed2e5abc,1,30,ZFM-03330
pupil,no_stim,1.3499999999999996,122.58212161703838,-15.141711194550766,e3261da8-3d99-4cca-aabc-ef51ed2e5abc,1,30,ZFM-03330
pupil,no_stim,1.4499999999999995,125.26413373171792,-12.459699079871228,e3261da8-3d99-4cca-aabc-ef51ed2e5abc,1,30,ZFM-03330
pupil,no_stim,1.5499999999999996,125.57272556085441,-12.15110725073474,e3261da8-3d99-4cca-aabc-ef51ed2e5abc,1,30,ZFM-03330
pupil,no_stim,1.6499999999999997,125.1022481656235,-12.621584645965655,e3261da8-3d99-4cca-aabc-ef51ed2e5abc,1,30,ZFM-03330
pupil,no_stim,1.7499999999999996,114.44528371914082,-23.27854909244833,e3261da8-3d99-4cca-aabc-ef51ed2e5abc,1,30,ZFM-03330
pupil,no_stim,1.8499999999999994,115.42809197224042,-22.295740839348724,e3261da8-3d99-4cca-aabc-ef51ed2e5abc,1,30,ZFM-03330
pupil,no_stim,1.9499999999999995,123.31832665571162,-14.405506155877532,e3261da8-3d99-4cca-aabc-ef51ed2e5abc,1,30,ZFM-03330
pupil,no_stim,2.0499999999999994,127.746749221001,-9.977083590588151,e3261da8-3d99-4cca-aabc-ef51ed2e5abc,1,30,ZFM-03330
pupil,no_stim,2.1499999999999995,130.99446836657347,-6.729364445015676,e3261da8-3d99-4cca-aabc-ef51ed2e5abc,1,30,ZFM-03330
pupil,no_stim,2.249999999999999,135.0845928164084,-2.639239995180759,e3261da8-3d99-4cca-aabc-ef51ed2e5abc,1,30,ZFM-03330
pupil,no_stim,2.349999999999999,136.428800253418,-1.2950325581711581,e3261da8-3d99-4cca-aabc-ef51ed2e5abc,1,30,ZFM-03330
pupil,no_stim,2.4499999999999993,136.38792769470214,-1.3359051168870053,e3261da8-3d99-4cca-aabc-ef51ed2e5abc,1,30,ZFM-03330
pupil,no_stim,2.549999999999999,135.741389457339,-1.9824433542501367,e3261da8-3d99-4cca-aabc-ef51ed2e5abc,1,30,ZFM-03330
pupil,no_stim,2.649999999999999,136.546284586758,-1.1775482248311562,e3261da8-3d99-4cca-aabc-ef51ed2e5abc,1,30,ZFM-03330
pupil,no_stim,2.749999999999999,138.70966386499316,0.9858310534040129,e3261da8-3d99-4cca-aabc-ef51ed2e5abc,1,30,ZFM-03330
pupil,no_stim,2.849999999999999,135.90724635258238,-1.8165864590067713,e3261da8-3d99-4cca-aabc-ef51ed2e5abc,1,30,ZFM-03330
pupil,no_stim,2.9499999999999993,134.28391659779555,-3.4399162137935946,e3261da8-3d99-4cca-aabc-ef51ed2e5abc,1,30,ZFM-03330
pupil,no_stim,3.049999999999999,130.51422690570777,-7.209605905881375,e3261da8-3d99-4cca-aabc-ef51ed2e5abc,1,30,ZFM-03330
pupil,no_stim,3.149999999999999,123.87174251376281,-13.852090297826336,e3261da8-3d99-4cca-aabc-ef51ed2e5abc,1,30,ZFM-03330
pupil,no_stim,3.249999999999999,120.9092729245838,-16.814559887005345,e3261da8-3d99-4cca-aabc-ef51ed2e5abc,1,30,ZFM-03330
pupil,no_stim,3.3499999999999988,128.05923921557888,-9.664593596010263,e3261da8-3d99-4cca-aabc-ef51ed2e5abc,1,30,ZFM-03330
pupil,no_stim,3.449999999999999,138.99513500767844,1.2713021960892945,e3261da8-3d99-4cca-aabc-ef51ed2e5abc,1,30,ZFM-03330
pupil,no_stim,3.549999999999999,150.2680709681423,12.544238156553149,e3261da8-3d99-4cca-aabc-ef51ed2e5abc,1,30,ZFM-03330
pupil,no_stim,3.649999999999999,158.60278070342414,20.878947891834997,e3261da8-3d99-4cca-aabc-ef51ed2e5abc,1,30,ZFM-03330
pupil,no_stim,3.749999999999999,154.23549886730032,16.511666055711174,e3261da8-3d99-4cca-aabc-ef51ed2e5abc,1,30,ZFM-03330
pupil,no_stim,3.8499999999999988,143.278933795945,5.555100984355846,e3261da8-3d99-4cca-aabc-ef51ed2e5abc,1,30,ZFM-03330
pupil,no_stim,3.949999999999999,133.63309437725783,-4.090738434331314,e3261da8-3d99-4cca-aabc-ef51ed2e5abc,1,30,ZFM-03330
pupil,stim,-0.45,78.26943989163031,-0.09634165644638415,91987e95-33ef-4af8-a2a9-377d26a97a52,0,31,ZFM-03332
pupil,stim,-0.35000000000000003,77.01801398640815,-1.3477675616685474,91987e95-33ef-4af8-a2a9-377d26a97a52,0,31,ZFM-03332
pupil,stim,-0.25000000000000006,78.2752214748253,-0.09056007325139603,91987e95-33ef-4af8-a2a9-377d26a97a52,0,31,ZFM-03332
pupil,stim,-0.15000000000000008,79.26875404314119,0.9029724950644891,91987e95-33ef-4af8-a2a9-377d26a97a52,0,31,ZFM-03332
pupil,stim,-0.050000000000000086,78.99747834437851,0.6316967963018101,91987e95-33ef-4af8-a2a9-377d26a97a52,0,31,ZFM-03332
pupil,stim,0.04999999999999989,78.38167950369112,0.01589795561442031,91987e95-33ef-4af8-a2a9-377d26a97a52,0,31,ZFM-03332
pupil,stim,0.14999999999999986,78.45352979900315,0.08774825092645244,91987e95-33ef-4af8-a2a9-377d26a97a52,0,31,ZFM-03332
pupil,stim,0.24999999999999983,77.16580652336543,-1.1999750247112644,91987e95-33ef-4af8-a2a9-377d26a97a52,0,31,ZFM-03332
pupil,stim,0.3499999999999998,75.93147383949896,-2.434307708577734,91987e95-33ef-4af8-a2a9-377d26a97a52,0,31,ZFM-03332
pupil,stim,0.4499999999999998,75.48157816245408,-2.8842033856226124,91987e95-33ef-4af8-a2a9-377d26a97a52,0,31,ZFM-03332
pupil,stim,0.5499999999999998,75.00266864966297,-3.363112898413732,91987e95-33ef-4af8-a2a9-377d26a97a52,0,31,ZFM-03332
pupil,stim,0.6499999999999998,74.61357229887615,-3.752209249200547,91987e95-33ef-4af8-a2a9-377d26a97a52,0,31,ZFM-03332
pupil,stim,0.7499999999999998,75.6515718728743,-2.7142096752023974,91987e95-33ef-4af8-a2a9-377d26a97a52,0,31,ZFM-03332
pupil,stim,0.8499999999999998,76.56085024592832,-1.8049313021483755,91987e95-33ef-4af8-a2a9-377d26a97a52,0,31,ZFM-03332
pupil,stim,0.9499999999999997,76.28536273992889,-2.0804188081478117,91987e95-33ef-4af8-a2a9-377d26a97a52,0,31,ZFM-03332
pupil,stim,1.0499999999999996,76.13129882749556,-2.2344827205811413,91987e95-33ef-4af8-a2a9-377d26a97a52,0,31,ZFM-03332
pupil,stim,1.1499999999999997,77.75663066149181,-0.6091508865848851,91987e95-33ef-4af8-a2a9-377d26a97a52,0,31,ZFM-03332
pupil,stim,1.2499999999999998,78.94275758921188,0.5769760411351825,91987e95-33ef-4af8-a2a9-377d26a97a52,0,31,ZFM-03332
pupil,stim,1.3499999999999996,77.83259489840272,-0.5331866496739792,91987e95-33ef-4af8-a2a9-377d26a97a52,0,31,ZFM-03332
pupil,stim,1.4499999999999995,75.35095628215694,-3.014825265919754,91987e95-33ef-4af8-a2a9-377d26a97a52,0,31,ZFM-03332
pupil,stim,1.5499999999999996,73.39741002119435,-4.9683715268823505,91987e95-33ef-4af8-a2a9-377d26a97a52,0,31,ZFM-03332
pupil,stim,1.6499999999999997,74.21164970891343,-4.15413183916327,91987e95-33ef-4af8-a2a9-377d26a97a52,0,31,ZFM-03332
pupil,stim,1.7499999999999996,77.25908122115891,-1.1067003269177889,91987e95-33ef-4af8-a2a9-377d26a97a52,0,31,ZFM-03332
pupil,stim,1.8499999999999994,79.77176805707452,1.4059865089978274,91987e95-33ef-4af8-a2a9-377d26a97a52,0,31,ZFM-03332
pupil,stim,1.9499999999999995,79.97382488497784,1.6080433369011473,91987e95-33ef-4af8-a2a9-377d26a97a52,0,31,ZFM-03332
pupil,stim,2.0499999999999994,77.31805930471249,-1.0477222433642055,91987e95-33ef-4af8-a2a9-377d26a97a52,0,31,ZFM-03332
pupil,stim,2.1499999999999995,73.16388874787484,-5.201892800201861,91987e95-33ef-4af8-a2a9-377d26a97a52,0,31,ZFM-03332
pupil,stim,2.249999999999999,69.67553352491946,-8.690248023157238,91987e95-33ef-4af8-a2a9-377d26a97a52,0,31,ZFM-03332
pupil,stim,2.349999999999999,68.07376478343791,-10.292016764638788,91987e95-33ef-4af8-a2a9-377d26a97a52,0,31,ZFM-03332
pupil,stim,2.4499999999999993,67.21319803740322,-11.15258351067348,91987e95-33ef-4af8-a2a9-377d26a97a52,0,31,ZFM-03332
pupil,stim,2.549999999999999,65.92625332470105,-12.439528223375646,91987e95-33ef-4af8-a2a9-377d26a97a52,0,31,ZFM-03332
pupil,stim,2.649999999999999,64.93701860098246,-13.428762947094242,91987e95-33ef-4af8-a2a9-377d26a97a52,0,31,ZFM-03332
pupil,stim,2.749999999999999,64.22861807198787,-14.13716347608883,91987e95-33ef-4af8-a2a9-377d26a97a52,0,31,ZFM-03332
pupil,stim,2.849999999999999,63.75499076777335,-14.610790780303347,91987e95-33ef-4af8-a2a9-377d26a97a52,0,31,ZFM-03332
pupil,stim,2.9499999999999993,64.74123792100309,-13.624543627073606,91987e95-33ef-4af8-a2a9-377d26a97a52,0,31,ZFM-03332
pupil,stim,3.049999999999999,67.79721083951506,-10.568570708561637,91987e95-33ef-4af8-a2a9-377d26a97a52,0,31,ZFM-03332
pupil,stim,3.149999999999999,70.46383688147628,-7.901944666600414,91987e95-33ef-4af8-a2a9-377d26a97a52,0,31,ZFM-03332
pupil,stim,3.249999999999999,70.60543113213765,-7.760350415939044,91987e95-33ef-4af8-a2a9-377d26a97a52,0,31,ZFM-03332
pupil,stim,3.3499999999999988,71.45304984903346,-6.912731699043235,91987e95-33ef-4af8-a2a9-377d26a97a52,0,31,ZFM-03332
pupil,stim,3.449999999999999,72.67704333677564,-5.688738211301057,91987e95-33ef-4af8-a2a9-377d26a97a52,0,31,ZFM-03332
pupil,stim,3.549999999999999,72.52389880157614,-5.841882746500559,91987e95-33ef-4af8-a2a9-377d26a97a52,0,31,ZFM-03332
pupil,stim,3.649999999999999,71.23937003100838,-7.12641151706832,91987e95-33ef-4af8-a2a9-377d26a97a52,0,31,ZFM-03332
pupil,stim,3.749999999999999,68.01288561306139,-10.352895935015312,91987e95-33ef-4af8-a2a9-377d26a97a52,0,31,ZFM-03332
pupil,stim,3.8499999999999988,67.17577358013298,-11.190007967943714,91987e95-33ef-4af8-a2a9-377d26a97a52,0,31,ZFM-03332
pupil,stim,3.949999999999999,69.45258837222157,-8.913193175855127,91987e95-33ef-4af8-a2a9-377d26a97a52,0,31,ZFM-03332
pupil,no_stim,-0.45,72.08105367975703,-0.5919807876418588,91987e95-33ef-4af8-a2a9-377d26a97a52,0,34,ZFM-03332
pupil,no_stim,-0.35000000000000003,71.8155627219742,-0.8574717454246894,91987e95-33ef-4af8-a2a9-377d26a97a52,0,34,ZFM-03332
pupil,no_stim,-0.25000000000000006,72.3310038897667,-0.3420305776321868,91987e95-33ef-4af8-a2a9-377d26a97a52,0,34,ZFM-03332
pupil,no_stim,-0.15000000000000008,73.14795141582043,0.4749169484215372,91987e95-33ef-4af8-a2a9-377d26a97a52,0,34,ZFM-03332
pupil,no_stim,-0.050000000000000086,73.98960062967609,1.3165661622771978,91987e95-33ef-4af8-a2a9-377d26a97a52,0,34,ZFM-03332
pupil,no_stim,0.04999999999999989,73.55635784714234,0.8833233797434445,91987e95-33ef-4af8-a2a9-377d26a97a52,0,34,ZFM-03332
pupil,no_stim,0.14999999999999986,70.82531829798079,-1.8477161694181063,91987e95-33ef-4af8-a2a9-377d26a97a52,0,34,ZFM-03332
pupil,no_stim,0.24999999999999983,67.69148069088239,-4.981553776516506,91987e95-33ef-4af8-a2a9-377d26a97a52,0,34,ZFM-03332
pupil,no_stim,0.3499999999999998,66.46693858141523,-6.2060958859836575,91987e95-33ef-4af8-a2a9-377d26a97a52,0,34,ZFM-03332
pupil,no_stim,0.4499999999999998,67.79786004668611,-4.875174420712781,91987e95-33ef-4af8-a2a9-377d26a97a52,0,34,ZFM-03332
pupil,no_stim,0.5499999999999998,68.55875123138313,-4.1142832360157655,91987e95-33ef-4af8-a2a9-377d26a97a52,0,34,ZFM-03332
pupil,no_stim,0.6499999999999998,69.08327003508339,-3.589764432315505,91987e95-33ef-4af8-a2a9-377d26a97a52,0,34,ZFM-03332
pupil,no_stim,0.7499999999999998,69.72268315616145,-2.9503513112374407,91987e95-33ef-4af8-a2a9-377d26a97a52,0,34,ZFM-03332
pupil,no_stim,0.8499999999999998,70.47515703008241,-2.197877437316478,91987e95-33ef-4af8-a2a9-377d26a97a52,0,34,ZFM-03332
pupil,no_stim,0.9499999999999997,71.45816833326965,-1.2148661341292382,91987e95-33ef-4af8-a2a9-377d26a97a52,0,34,ZFM-03332
pupil,no_stim,1.0499999999999996,71.26507825115065,-1.4079562162482375,91987e95-33ef-4af8-a2a9-377d26a97a52,0,34,ZFM-03332
pupil,no_stim,1.1499999999999997,70.55681424829292,-2.116220219105969,91987e95-33ef-4af8-a2a9-377d26a97a52,0,34,ZFM-03332
pupil,no_stim,1.2499999999999998,70.76825355938998,-1.9047809080089166,91987e95-33ef-4af8-a2a9-377d26a97a52,0,34,ZFM-03332
pupil,no_stim,1.3499999999999996,73.63977015086581,0.9667356834669221,91987e95-33ef-4af8-a2a9-377d26a97a52,0,34,ZFM-03332
pupil,no_stim,1.4499999999999995,77.8497630838958,5.176728616496902,91987e95-33ef-4af8-a2a9-377d26a97a52,0,34,ZFM-03332
pupil,no_stim,1.5499999999999996,81.25980375045289,8.586769283053997,91987e95-33ef-4af8-a2a9-377d26a97a52,0,34,ZFM-03332
pupil,no_stim,1.6499999999999997,83.21599897094468,10.54296450354579,91987e95-33ef-4af8-a2a9-377d26a97a52,0,34,ZFM-03332
pupil,no_stim,1.7499999999999996,82.34409488742546,9.671060420026564,91987e95-33ef-4af8-a2a9-377d26a97a52,0,34,ZFM-03332
pupil,no_stim,1.8499999999999994,81.37399746547412,8.700962998075227,91987e95-33ef-4af8-a2a9-377d26a97a52,0,34,ZFM-03332
pupil,no_stim,1.9499999999999995,80.06803290017152,7.394998432772624,91987e95-33ef-4af8-a2a9-377d26a97a52,0,34,ZFM-03332
pupil,no_stim,2.0499999999999994,80.84000573209798,8.166971264699086,91987e95-33ef-4af8-a2a9-377d26a97a52,0,34,ZFM-03332
pupil,no_stim,2.1499999999999995,80.94128721211672,8.268252744717827,91987e95-33ef-4af8-a2a9-377d26a97a52,0,34,ZFM-03332
pupil,no_stim,2.249999999999999,80.02166440370854,7.348629936309649,91987e95-33ef-4af8-a2a9-377d26a97a52,0,34,ZFM-03332
pupil,no_stim,2.349999999999999,76.36875745959458,3.695722992195684,91987e95-33ef-4af8-a2a9-377d26a97a52,0,34,ZFM-03332
pupil,no_stim,2.4499999999999993,73.35504825430147,0.6820137869025729,91987e95-33ef-4af8-a2a9-377d26a97a52,0,34,ZFM-03332
pupil,no_stim,2.549999999999999,71.64860485857392,-1.024429608824974,91987e95-33ef-4af8-a2a9-377d26a97a52,0,34,ZFM-03332
pupil,no_stim,2.649999999999999,73.54490386643248,0.8718693990335851,91987e95-33ef-4af8-a2a9-377d26a97a52,0,34,ZFM-03332
pupil,no_stim,2.749999999999999,77.38204509030511,4.70901062290622,91987e95-33ef-4af8-a2a9-377d26a97a52,0,34,ZFM-03332
pupil,no_stim,2.849999999999999,80.92954694476009,8.256512477361198,91987e95-33ef-4af8-a2a9-377d26a97a52,0,34,ZFM-03332
pupil,no_stim,2.9499999999999993,83.79659071453953,11.123556247140641,91987e95-33ef-4af8-a2a9-377d26a97a52,0,34,ZFM-03332
pupil,no_stim,3.049999999999999,86.20084518174826,13.527810714349371,91987e95-33ef-4af8-a2a9-377d26a97a52,0,34,ZFM-03332
pupil,no_stim,3.149999999999999,88.45825214261012,15.785217675211229,91987e95-33ef-4af8-a2a9-377d26a97a52,0,34,ZFM-03332
pupil,no_stim,3.249999999999999,89.51680108758602,16.843766620187125,91987e95-33ef-4af8-a2a9-377d26a97a52,0,34,ZFM-03332
pupil,no_stim,3.3499999999999988,88.86288267359255,16.18984820619366,91987e95-33ef-4af8-a2a9-377d26a97a52,0,34,ZFM-03332
pupil,no_stim,3.449999999999999,88.1320592042945,15.459024736895614,91987e95-33ef-4af8-a2a9-377d26a97a52,0,34,ZFM-03332
pupil,no_stim,3.549999999999999,87.33482501032144,14.661790542922546,91987e95-33ef-4af8-a2a9-377d26a97a52,0,34,ZFM-03332
pupil,no_stim,3.649999999999999,87.10813590178086,14.435101434381963,91987e95-33ef-4af8-a2a9-377d26a97a52,0,34,ZFM-03332
pupil,no_stim,3.749999999999999,87.16228251725146,14.489248049852563,91987e95-33ef-4af8-a2a9-377d26a97a52,0,34,ZFM-03332
pupil,no_stim,3.8499999999999988,87.9917867756725,15.318752308273602,91987e95-33ef-4af8-a2a9-377d26a97a52,0,34,ZFM-03332
pupil,no_stim,3.949999999999999,89.93049410131786,17.25745963391897,91987e95-33ef-4af8-a2a9-377d26a97a52,0,34,ZFM-03332
pupil,stim,-0.45,164.9093811669049,9.158649761439506,5244890d-9353-4cfe-a18e-23481883e3a4,1,101,ZFM-03330
pupil,stim,-0.35000000000000003,160.39027451644824,4.639543110982856,5244890d-9353-4cfe-a18e-23481883e3a4,1,101,ZFM-03330
pupil,stim,-0.25000000000000006,156.1420675536017,0.391336148136304,5244890d-9353-4cfe-a18e-23481883e3a4,1,101,ZFM-03330
pupil,stim,-0.15000000000000008,151.44032263689417,-4.310408768571222,5244890d-9353-4cfe-a18e-23481883e3a4,1,101,ZFM-03330
pupil,stim,-0.050000000000000086,145.87161115347791,-9.879120251987473,5244890d-9353-4cfe-a18e-23481883e3a4,1,101,ZFM-03330
pupil,stim,0.04999999999999989,141.37184018727845,-14.378891218186936,5244890d-9353-4cfe-a18e-23481883e3a4,1,101,ZFM-03330
pupil,stim,0.14999999999999986,136.4786848472605,-19.27204655820489,5244890d-9353-4cfe-a18e-23481883e3a4,1,101,ZFM-03330
pupil,stim,0.24999999999999983,131.043880553161,-24.7068508523044,5244890d-9353-4cfe-a18e-23481883e3a4,1,101,ZFM-03330
pupil,stim,0.3499999999999998,125.76522875304762,-29.985502652417765,5244890d-9353-4cfe-a18e-23481883e3a4,1,101,ZFM-03330
pupil,stim,0.4499999999999998,120.90635894849989,-34.8443724569655,5244890d-9353-4cfe-a18e-23481883e3a4,1,101,ZFM-03330
pupil,stim,0.5499999999999998,119.16724396145874,-36.58348744400665,5244890d-9353-4cfe-a18e-23481883e3a4,1,101,ZFM-03330
pupil,stim,0.6499999999999998,120.7459226382386,-35.00480876722679,5244890d-9353-4cfe-a18e-23481883e3a4,1,101,ZFM-03330
pupil,stim,0.7499999999999998,123.48140339790034,-32.26932800756505,5244890d-9353-4cfe-a18e-23481883e3a4,1,101,ZFM-03330
pupil,stim,0.8499999999999998,126.86182176298976,-28.888909642475625,5244890d-9353-4cfe-a18e-23481883e3a4,1,101,ZFM-03330
pupil,stim,0.9499999999999997,130.14430941876114,-25.606421986704248,5244890d-9353-4cfe-a18e-23481883e3a4,1,101,ZFM-03330
pupil,stim,1.0499999999999996,133.77391891225668,-21.976812493208712,5244890d-9353-4cfe-a18e-23481883e3a4,1,101,ZFM-03330
pupil,stim,1.1499999999999997,137.86542332899427,-17.88530807647112,5244890d-9353-4cfe-a18e-23481883e3a4,1,101,ZFM-03330
pupil,stim,1.2499999999999998,142.45521927110443,-13.295512134360962,5244890d-9353-4cfe-a18e-23481883e3a4,1,101,ZFM-03330
pupil,stim,1.3499999999999996,146.1258707424821,-9.62486066298328,5244890d-9353-4cfe-a18e-23481883e3a4,1,101,ZFM-03330
pupil,stim,1.4499999999999995,148.16634448323447,-7.5843869222309195,5244890d-9353-4cfe-a18e-23481883e3a4,1,101,ZFM-03330
pupil,stim,1.5499999999999996,151.08795740312897,-4.66277400233642,5244890d-9353-4cfe-a18e-23481883e3a4,1,101,ZFM-03330
pupil,stim,1.6499999999999997,153.9200163409687,-1.830715064496701,5244890d-9353-4cfe-a18e-23481883e3a4,1,101,ZFM-03330
pupil,stim,1.7499999999999996,155.81106854805358,0.060337142588196,5244890d-9353-4cfe-a18e-23481883e3a4,1,101,ZFM-03330
pupil,stim,1.8499999999999994,158.30306848365166,2.5523370781862695,5244890d-9353-4cfe-a18e-23481883e3a4,1,101,ZFM-03330
pupil,stim,1.9499999999999995,163.09009123670424,7.339359831238852,5244890d-9353-4cfe-a18e-23481883e3a4,1,101,ZFM-03330
pupil,stim,2.0499999999999994,167.964359526839,12.213628121373603,5244890d-9353-4cfe-a18e-23481883e3a4,1,101,ZFM-03330
pupil,stim,2.1499999999999995,172.34464206542614,16.593910659960756,5244890d-9353-4cfe-a18e-23481883e3a4,1,101,ZFM-03330
pupil,stim,2.249999999999999,175.40534331616635,19.654611910700964,5244890d-9353-4cfe-a18e-23481883e3a4,1,101,ZFM-03330
pupil,stim,2.349999999999999,176.25061346137844,20.499882055913048,5244890d-9353-4cfe-a18e-23481883e3a4,1,101,ZFM-03330
pupil,stim,2.4499999999999993,176.50552271502644,20.754791309561057,5244890d-9353-4cfe-a18e-23481883e3a4,1,101,ZFM-03330
pupil,stim,2.549999999999999,176.88336901595514,21.132637610489752,5244890d-9353-4cfe-a18e-23481883e3a4,1,101,ZFM-03330
pupil,stim,2.649999999999999,176.9407609294375,21.1900295239721,5244890d-9353-4cfe-a18e-23481883e3a4,1,101,ZFM-03330
pupil,stim,2.749999999999999,175.5958044660969,19.845073060631506,5244890d-9353-4cfe-a18e-23481883e3a4,1,101,ZFM-03330
pupil,stim,2.849999999999999,173.97106117328602,18.22032976782063,5244890d-9353-4cfe-a18e-23481883e3a4,1,101,ZFM-03330
pupil,stim,2.9499999999999993,173.73812520435797,17.987393798892583,5244890d-9353-4cfe-a18e-23481883e3a4,1,101,ZFM-03330
pupil,stim,3.049999999999999,173.38462528821285,17.633893882747458,5244890d-9353-4cfe-a18e-23481883e3a4,1,101,ZFM-03330
pupil,stim,3.149999999999999,172.28663752614037,16.53590612067498,5244890d-9353-4cfe-a18e-23481883e3a4,1,101,ZFM-03330
pupil,stim,3.249999999999999,170.95153022838213,15.200798822916738,5244890d-9353-4cfe-a18e-23481883e3a4,1,101,ZFM-03330
pupil,stim,3.3499999999999988,168.70615468596066,12.955423280495268,5244890d-9353-4cfe-a18e-23481883e3a4,1,101,ZFM-03330
pupil,stim,3.449999999999999,167.29309488595163,11.542363480486244,5244890d-9353-4cfe-a18e-23481883e3a4,1,101,ZFM-03330
pupil,stim,3.549999999999999,166.00632594845325,10.255594542987865,5244890d-9353-4cfe-a18e-23481883e3a4,1,101,ZFM-03330
pupil,stim,3.649999999999999,165.1372531873404,9.386521781875018,5244890d-9353-4cfe-a18e-23481883e3a4,1,101,ZFM-03330
pupil,stim,3.749999999999999,165.15437299334698,9.403641587881594,5244890d-9353-4cfe-a18e-23481883e3a4,1,101,ZFM-03330
pupil,stim,3.8499999999999988,163.4604800042981,7.709748598832704,5244890d-9353-4cfe-a18e-23481883e3a4,1,101,ZFM-03330
pupil,stim,3.949999999999999,164.5806579147844,8.829926509319023,5244890d-9353-4cfe-a18e-23481883e3a4,1,101,ZFM-03330
pupil,no_stim,-0.45,170.06660682464442,5.096593125502324,5244890d-9353-4cfe-a18e-23481883e3a4,1,123,ZFM-03330
pupil,no_stim,-0.35000000000000003,166.992061168266,2.0220474691238906,5244890d-9353-4cfe-a18e-23481883e3a4,1,123,ZFM-03330
pupil,no_stim,-0.25000000000000006,164.41040233540065,-0.5596113637414533,5244890d-9353-4cfe-a18e-23481883e3a4,1,123,ZFM-03330
pupil,no_stim,-0.15000000000000008,162.92855941504973,-2.0414542840923673,5244890d-9353-4cfe-a18e-23481883e3a4,1,123,ZFM-03330
pupil,no_stim,-0.050000000000000086,160.4524387523497,-4.517574946792394,5244890d-9353-4cfe-a18e-23481883e3a4,1,123,ZFM-03330
pupil,no_stim,0.04999999999999989,156.7333398880858,-8.236673811056306,5244890d-9353-4cfe-a18e-23481883e3a4,1,123,ZFM-03330
pupil,no_stim,0.14999999999999986,152.968084679812,-12.001929019330106,5244890d-9353-4cfe-a18e-23481883e3a4,1,123,ZFM-03330
pupil,no_stim,0.24999999999999983,149.46440740616657,-15.505606292975529,5244890d-9353-4cfe-a18e-23481883e3a4,1,123,ZFM-03330
pupil,no_stim,0.3499999999999998,145.72439169153236,-19.24562200760974,5244890d-9353-4cfe-a18e-23481883e3a4,1,123,ZFM-03330
pupil,no_stim,0.4499999999999998,143.92983226059607,-21.04018143854603,5244890d-9353-4cfe-a18e-23481883e3a4,1,123,ZFM-03330
pupil,no_stim,0.5499999999999998,141.95166840092725,-23.018345298214854,5244890d-9353-4cfe-a18e-23481883e3a4,1,123,ZFM-03330
pupil,no_stim,0.6499999999999998,141.50056000333058,-23.469453695811524,5244890d-9353-4cfe-a18e-23481883e3a4,1,123,ZFM-03330
pupil,no_stim,0.7499999999999998,142.71129939541157,-22.258714303730528,5244890d-9353-4cfe-a18e-23481883e3a4,1,123,ZFM-03330
pupil,no_stim,0.8499999999999998,143.5073411024188,-21.46267259672331,5244890d-9353-4cfe-a18e-23481883e3a4,1,123,ZFM-03330
pupil,no_stim,0.9499999999999997,143.4281559506848,-21.54185774845729,5244890d-9353-4cfe-a18e-23481883e3a4,1,123,ZFM-03330
pupil,no_stim,1.0499999999999996,142.24438971614302,-22.725623982999082,5244890d-9353-4cfe-a18e-23481883e3a4,1,123,ZFM-03330
pupil,no_stim,1.1499999999999997,142.84199323112844,-22.12802046801366,5244890d-9353-4cfe-a18e-23481883e3a4,1,123,ZFM-03330
pupil,no_stim,1.2499999999999998,145.0249263760816,-19.945087323060505,5244890d-9353-4cfe-a18e-23481883e3a4,1,123,ZFM-03330
pupil,no_stim,1.3499999999999996,146.8316214713192,-18.13839222782289,5244890d-9353-4cfe-a18e-23481883e3a4,1,123,ZFM-03330
pupil,no_stim,1.4499999999999995,148.2413067478147,-16.72870695132741,5244890d-9353-4cfe-a18e-23481883e3a4,1,123,ZFM-03330
pupil,no_stim,1.5499999999999996,149.0581030534081,-15.911910645733997,5244890d-9353-4cfe-a18e-23481883e3a4,1,123,ZFM-03330
pupil,no_stim,1.6499999999999997,149.93714829819152,-15.032865400950584,5244890d-9353-4cfe-a18e-23481883e3a4,1,123,ZFM-03330
pupil,no_stim,1.7499999999999996,152.00413087401435,-12.96588282512775,5244890d-9353-4cfe-a18e-23481883e3a4,1,123,ZFM-03330
pupil,no_stim,1.8499999999999994,154.51015801514168,-10.459855684000416,5244890d-9353-4cfe-a18e-23481883e3a4,1,123,ZFM-03330
pupil,no_stim,1.9499999999999995,156.24326831092273,-8.72674538821937,5244890d-9353-4cfe-a18e-23481883e3a4,1,123,ZFM-03330
pupil,no_stim,2.0499999999999994,157.40418698208367,-7.565826717058428,5244890d-9353-4cfe-a18e-23481883e3a4,1,123,ZFM-03330
pupil,no_stim,2.1499999999999995,160.99936928182274,-3.970644417319363,5244890d-9353-4cfe-a18e-23481883e3a4,1,123,ZFM-03330
pupil,no_stim,2.249999999999999,162.07690246054096,-2.8931112386011364,5244890d-9353-4cfe-a18e-23481883e3a4,1,123,ZFM-03330
pupil,no_stim,2.349999999999999,162.3409096822068,-2.629104016935287,5244890d-9353-4cfe-a18e-23481883e3a4,1,123,ZFM-03330
pupil,no_stim,2.4499999999999993,161.42108537764642,-3.54892832149568,5244890d-9353-4cfe-a18e-23481883e3a4,1,123,ZFM-03330
pupil,no_stim,2.549999999999999,162.16749081461907,-2.802522884523029,5244890d-9353-4cfe-a18e-23481883e3a4,1,123,ZFM-03330
pupil,no_stim,2.649999999999999,161.57477557740185,-3.395238121740249,5244890d-9353-4cfe-a18e-23481883e3a4,1,123,ZFM-03330
pupil,no_stim,2.749999999999999,161.32922171751665,-3.640791981625455,5244890d-9353-4cfe-a18e-23481883e3a4,1,123,ZFM-03330
pupil,no_stim,2.849999999999999,161.97054853741713,-2.99946516172497,5244890d-9353-4cfe-a18e-23481883e3a4,1,123,ZFM-03330
pupil,no_stim,2.9499999999999993,162.38522015419682,-2.584793544945285,5244890d-9353-4cfe-a18e-23481883e3a4,1,123,ZFM-03330
pupil,no_stim,3.049999999999999,163.1682035032104,-1.8018101959316937,5244890d-9353-4cfe-a18e-23481883e3a4,1,123,ZFM-03330
pupil,no_stim,3.149999999999999,163.7743012970184,-1.1957124021236893,5244890d-9353-4cfe-a18e-23481883e3a4,1,123,ZFM-03330
pupil,no_stim,3.249999999999999,164.39909101948928,-0.5709226796528242,5244890d-9353-4cfe-a18e-23481883e3a4,1,123,ZFM-03330
pupil,no_stim,3.3499999999999988,164.95035364055036,-0.01966005859173947,5244890d-9353-4cfe-a18e-23481883e3a4,1,123,ZFM-03330
pupil,no_stim,3.449999999999999,164.29781690596718,-0.6721967931749191,5244890d-9353-4cfe-a18e-23481883e3a4,1,123,ZFM-03330
pupil,no_stim,3.549999999999999,162.6307846008894,-2.3392290982527015,5244890d-9353-4cfe-a18e-23481883e3a4,1,123,ZFM-03330
pupil,no_stim,3.649999999999999,161.61697102592532,-3.353042673216777,5244890d-9353-4cfe-a18e-23481883e3a4,1,123,ZFM-03330
pupil,no_stim,3.749999999999999,160.8269260691056,-4.14308763003649,5244890d-9353-4cfe-a18e-23481883e3a4,1,123,ZFM-03330
pupil,no_stim,3.8499999999999988,159.55718584888277,-5.412827850259333,5244890d-9353-4cfe-a18e-23481883e3a4,1,123,ZFM-03330
pupil,no_stim,3.949999999999999,157.08248228668182,-7.887531412460277,5244890d-9353-4cfe-a18e-23481883e3a4,1,123,ZFM-03330
pupil,stim,-0.45,232.81018719408652,9.948716784195994,7ab26936-81b3-482d-a60f-538e2e325f1e,1,45,ZFM-03330
pupil,stim,-0.35000000000000003,226.64560970693265,3.784139297042117,7ab26936-81b3-482d-a60f-538e2e325f1e,1,45,ZFM-03330
pupil,stim,-0.25000000000000006,221.93362262121175,-0.9278477886787755,7ab26936-81b3-482d-a60f-538e2e325f1e,1,45,ZFM-03330
pupil,stim,-0.15000000000000008,218.12871866080985,-4.732751749080677,7ab26936-81b3-482d-a60f-538e2e325f1e,1,45,ZFM-03330
pupil,stim,-0.050000000000000086,214.78921386641207,-8.07225654347846,7ab26936-81b3-482d-a60f-538e2e325f1e,1,45,ZFM-03330
pupil,stim,0.04999999999999989,210.62510328987827,-12.236367120012261,7ab26936-81b3-482d-a60f-538e2e325f1e,1,45,ZFM-03330
pupil,stim,0.14999999999999986,205.30523904028996,-17.556231369600567,7ab26936-81b3-482d-a60f-538e2e325f1e,1,45,ZFM-03330
pupil,stim,0.24999999999999983,199.06034880638387,-23.801121603506658,7ab26936-81b3-482d-a60f-538e2e325f1e,1,45,ZFM-03330
pupil,stim,0.3499999999999998,195.3413930706821,-27.520077339208427,7ab26936-81b3-482d-a60f-538e2e325f1e,1,45,ZFM-03330
pupil,stim,0.4499999999999998,194.3582725483536,-28.503197861536933,7ab26936-81b3-482d-a60f-538e2e325f1e,1,45,ZFM-03330
pupil,stim,0.5499999999999998,194.94730056317582,-27.914169846714714,7ab26936-81b3-482d-a60f-538e2e325f1e,1,45,ZFM-03330
pupil,stim,0.6499999999999998,195.68642508048802,-27.175045329402508,7ab26936-81b3-482d-a60f-538e2e325f1e,1,45,ZFM-03330
pupil,stim,0.7499999999999998,196.36195105728734,-26.499519352603187,7ab26936-81b3-482d-a60f-538e2e325f1e,1,45,ZFM-03330
pupil,stim,0.8499999999999998,197.4641641404472,-25.397306269443334,7ab26936-81b3-482d-a60f-538e2e325f1e,1,45,ZFM-03330
pupil,stim,0.9499999999999997,199.50470584834252,-23.356764561548005,7ab26936-81b3-482d-a60f-538e2e325f1e,1,45,ZFM-03330
pupil,stim,1.0499999999999996,202.0091593403498,-20.85231106954072,7ab26936-81b3-482d-a60f-538e2e325f1e,1,45,ZFM-03330
pupil,stim,1.1499999999999997,203.499262518221,-19.362207891669527,7ab26936-81b3-482d-a60f-538e2e325f1e,1,45,ZFM-03330
pupil,stim,1.2499999999999998,202.94464091495797,-19.916829494932557,7ab26936-81b3-482d-a60f-538e2e325f1e,1,45,ZFM-03330
pupil,stim,1.3499999999999996,203.95037374123237,-18.91109666865816,7ab26936-81b3-482d-a60f-538e2e325f1e,1,45,ZFM-03330
pupil,stim,1.4499999999999995,207.10738536497706,-15.754085044913467,7ab26936-81b3-482d-a60f-538e2e325f1e,1,45,ZFM-03330
pupil,stim,1.5499999999999996,210.14698466555458,-12.714485744335946,7ab26936-81b3-482d-a60f-538e2e325f1e,1,45,ZFM-03330
pupil,stim,1.6499999999999997,212.15546701708874,-10.70600339280179,7ab26936-81b3-482d-a60f-538e2e325f1e,1,45,ZFM-03330
pupil,stim,1.7499999999999996,216.95441570284456,-5.9070547070459725,7ab26936-81b3-482d-a60f-538e2e325f1e,1,45,ZFM-03330
pupil,stim,1.8499999999999994,222.74130794321547,-0.1201624666750547,7ab26936-81b3-482d-a60f-538e2e325f1e,1,45,ZFM-03330
pupil,stim,1.9499999999999995,228.2583614866947,5.396891076804167,7ab26936-81b3-482d-a60f-538e2e325f1e,1,45,ZFM-03330
pupil,stim,2.0499999999999994,231.04318193482735,8.181711524936816,7ab26936-81b3-482d-a60f-538e2e325f1e,1,45,ZFM-03330
pupil,stim,2.1499999999999995,233.17075158819642,10.309281178305895,7ab26936-81b3-482d-a60f-538e2e325f1e,1,45,ZFM-03330
pupil,stim,2.249999999999999,234.7406204293397,11.879150019449185,7ab26936-81b3-482d-a60f-538e2e325f1e,1,45,ZFM-03330
pupil,stim,2.349999999999999,234.88281811857252,12.021347708681986,7ab26936-81b3-482d-a60f-538e2e325f1e,1,45,ZFM-03330
pupil,stim,2.4499999999999993,235.79260784945149,12.931137439560956,7ab26936-81b3-482d-a60f-538e2e325f1e,1,45,ZFM-03330
pupil,stim,2.549999999999999,237.13490617761843,14.273435767727904,7ab26936-81b3-482d-a60f-538e2e325f1e,1,45,ZFM-03330
pupil,stim,2.649999999999999,238.71570353346445,15.85423312357392,7ab26936-81b3-482d-a60f-538e2e325f1e,1,45,ZFM-03330
pupil,stim,2.749999999999999,239.6581998019619,16.79672939207137,7ab26936-81b3-482d-a60f-538e2e325f1e,1,45,ZFM-03330
pupil,stim,2.849999999999999,239.4787184356164,16.61724802572587,7ab26936-81b3-482d-a60f-538e2e325f1e,1,45,ZFM-03330
pupil,stim,2.9499999999999993,237.75297665409795,14.89150624420742,7ab26936-81b3-482d-a60f-538e2e325f1e,1,45,ZFM-03330
pupil,stim,3.049999999999999,236.35524189333253,13.493771483442004,7ab26936-81b3-482d-a60f-538e2e325f1e,1,45,ZFM-03330
pupil,stim,3.149999999999999,234.90708285385395,12.045612443963421,7ab26936-81b3-482d-a60f-538e2e325f1e,1,45,ZFM-03330
pupil,stim,3.249999999999999,234.35479678596485,11.493326376074322,7ab26936-81b3-482d-a60f-538e2e325f1e,1,45,ZFM-03330
pupil,stim,3.3499999999999988,233.43868766327833,10.5772172533878,7ab26936-81b3-482d-a60f-538e2e325f1e,1,45,ZFM-03330
pupil,stim,3.449999999999999,231.87007229502055,9.00860188513002,7ab26936-81b3-482d-a60f-538e2e325f1e,1,45,ZFM-03330
pupil,stim,3.549999999999999,229.38047749132906,6.519007081438531,7ab26936-81b3-482d-a60f-538e2e325f1e,1,45,ZFM-03330
pupil,stim,3.649999999999999,226.5508357005547,3.6893652906641705,7ab26936-81b3-482d-a60f-538e2e325f1e,1,45,ZFM-03330
pupil,stim,3.749999999999999,223.02958252385199,0.1681121139614561,7ab26936-81b3-482d-a60f-538e2e325f1e,1,45,ZFM-03330
pupil,stim,3.8499999999999988,220.4368821668751,-2.424588243015421,7ab26936-81b3-482d-a60f-538e2e325f1e,1,45,ZFM-03330
pupil,stim,3.949999999999999,219.33999066897107,-3.5214797409194603,7ab26936-81b3-482d-a60f-538e2e325f1e,1,45,ZFM-03330
pupil,no_stim,-0.45,240.31459652766787,13.947900774623747,7ab26936-81b3-482d-a60f-538e2e325f1e,1,33,ZFM-03330
pupil,no_stim,-0.35000000000000003,234.50331756045472,8.136621807410592,7ab26936-81b3-482d-a60f-538e2e325f1e,1,33,ZFM-03330
pupil,no_stim,-0.25000000000000006,227.2146874471632,0.8479916941190595,7ab26936-81b3-482d-a60f-538e2e325f1e,1,33,ZFM-03330
pupil,no_stim,-0.15000000000000008,219.42492946880958,-6.9417662842345464,7ab26936-81b3-482d-a60f-538e2e325f1e,1,33,ZFM-03330
pupil,no_stim,-0.050000000000000086,210.37594776112522,-15.990747991918909,7ab26936-81b3-482d-a60f-538e2e325f1e,1,33,ZFM-03330
pupil,no_stim,0.04999999999999989,201.73866589354915,-24.628029859494973,7ab26936-81b3-482d-a60f-538e2e325f1e,1,33,ZFM-03330
pupil,no_stim,0.14999999999999986,194.8220170284884,-31.544678724555723,7ab26936-81b3-482d-a60f-538e2e325f1e,1,33,ZFM-03330
pupil,no_stim,0.24999999999999983,189.8344179569131,-36.53227779613104,7ab26936-81b3-482d-a60f-538e2e325f1e,1,33,ZFM-03330
pupil,no_stim,0.3499999999999998,187.37918887725,-38.98750687579414,7ab26936-81b3-482d-a60f-538e2e325f1e,1,33,ZFM-03330
pupil,no_stim,0.4499999999999998,184.45537215968292,-41.9113235933612,7ab26936-81b3-482d-a60f-538e2e325f1e,1,33,ZFM-03330
pupil,no_stim,0.5499999999999998,181.95262723536658,-44.41406851767755,7ab26936-81b3-482d-a60f-538e2e325f1e,1,33,ZFM-03330
pupil,no_stim,0.6499999999999998,179.61244784068364,-46.75424791236048,7ab26936-81b3-482d-a60f-538e2e325f1e,1,33,ZFM-03330
pupil,no_stim,0.7499999999999998,178.84890462868543,-47.517791124358695,7ab26936-81b3-482d-a60f-538e2e325f1e,1,33,ZFM-03330
pupil,no_stim,0.8499999999999998,180.21980435792128,-46.14689139512285,7ab26936-81b3-482d-a60f-538e2e325f1e,1,33,ZFM-03330
pupil,no_stim,0.9499999999999997,180.87117971321638,-45.49551603982775,7ab26936-81b3-482d-a60f-538e2e325f1e,1,33,ZFM-03330
pupil,no_stim,1.0499999999999996,179.17767879968562,-47.189016953358504,7ab26936-81b3-482d-a60f-538e2e325f1e,1,33,ZFM-03330
pupil,no_stim,1.1499999999999997,175.22474498205847,-51.14195077098566,7ab26936-81b3-482d-a60f-538e2e325f1e,1,33,ZFM-03330
pupil,no_stim,1.2499999999999998,172.7064268079769,-53.66026894506723,7ab26936-81b3-482d-a60f-538e2e325f1e,1,33,ZFM-03330
pupil,no_stim,1.3499999999999996,171.1280544887872,-55.23864126425693,7ab26936-81b3-482d-a60f-538e2e325f1e,1,33,ZFM-03330
pupil,no_stim,1.4499999999999995,169.44065784891956,-56.92603790412457,7ab26936-81b3-482d-a60f-538e2e325f1e,1,33,ZFM-03330
pupil,no_stim,1.5499999999999996,167.2783260718529,-59.08836968119124,7ab26936-81b3-482d-a60f-538e2e325f1e,1,33,ZFM-03330
pupil,no_stim,1.6499999999999997,164.2141329311412,-62.15256282190293,7ab26936-81b3-482d-a60f-538e2e325f1e,1,33,ZFM-03330
pupil,no_stim,1.7499999999999996,162.08645477168238,-64.28024098136174,7ab26936-81b3-482d-a60f-538e2e325f1e,1,33,ZFM-03330
pupil,no_stim,1.8499999999999994,163.44376444514714,-62.92293130789699,7ab26936-81b3-482d-a60f-538e2e325f1e,1,33,ZFM-03330
pupil,no_stim,1.9499999999999995,164.84071220489201,-61.52598354815211,7ab26936-81b3-482d-a60f-538e2e325f1e,1,33,ZFM-03330
pupil,no_stim,2.0499999999999994,165.48936237774456,-60.87733337529957,7ab26936-81b3-482d-a60f-538e2e325f1e,1,33,ZFM-03330
pupil,no_stim,2.1499999999999995,163.2558496849966,-63.11084606804752,7ab26936-81b3-482d-a60f-538e2e325f1e,1,33,ZFM-03330
pupil,no_stim,2.249999999999999,161.3273449295832,-65.03935082346092,7ab26936-81b3-482d-a60f-538e2e325f1e,1,33,ZFM-03330
pupil,no_stim,2.349999999999999,160.67729550685505,-65.68940024618908,7ab26936-81b3-482d-a60f-538e2e325f1e,1,33,ZFM-03330
pupil,no_stim,2.4499999999999993,159.08031796867104,-67.28637778437309,7ab26936-81b3-482d-a60f-538e2e325f1e,1,33,ZFM-03330
pupil,no_stim,2.549999999999999,158.28518661082717,-68.08150914221696,7ab26936-81b3-482d-a60f-538e2e325f1e,1,33,ZFM-03330
pupil,no_stim,2.649999999999999,158.02425508837385,-68.34244066467028,7ab26936-81b3-482d-a60f-538e2e325f1e,1,33,ZFM-03330
pupil,no_stim,2.749999999999999,157.96763889401353,-68.3990568590306,7ab26936-81b3-482d-a60f-538e2e325f1e,1,33,ZFM-03330
pupil,no_stim,2.849999999999999,155.78863991654742,-70.5780558364967,7ab26936-81b3-482d-a60f-538e2e325f1e,1,33,ZFM-03330
pupil,no_stim,2.9499999999999993,153.57053135508403,-72.7961643979601,7ab26936-81b3-482d-a60f-538e2e325f1e,1,33,ZFM-03330
pupil,no_stim,3.049999999999999,151.47891637106162,-74.88777938198251,7ab26936-81b3-482d-a60f-538e2e325f1e,1,33,ZFM-03330
pupil,no_stim,3.149999999999999,148.94429593401685,-77.42239981902728,7ab26936-81b3-482d-a60f-538e2e325f1e,1,33,ZFM-03330
pupil,no_stim,3.249999999999999,145.87111408656565,-80.49558166647847,7ab26936-81b3-482d-a60f-538e2e325f1e,1,33,ZFM-03330
pupil,no_stim,3.3499999999999988,143.82726813841015,-82.53942761463398,7ab26936-81b3-482d-a60f-538e2e325f1e,1,33,ZFM-03330
pupil,no_stim,3.449999999999999,144.67926365433325,-81.68743209871087,7ab26936-81b3-482d-a60f-538e2e325f1e,1,33,ZFM-03330
pupil,no_stim,3.549999999999999,145.83588167468739,-80.53081407835674,7ab26936-81b3-482d-a60f-538e2e325f1e,1,33,ZFM-03330
pupil,no_stim,3.649999999999999,145.96672632058934,-80.39996943245478,7ab26936-81b3-482d-a60f-538e2e325f1e,1,33,ZFM-03330
pupil,no_stim,3.749999999999999,145.14626100034553,-81.2204347526986,7ab26936-81b3-482d-a60f-538e2e325f1e,1,33,ZFM-03330
pupil,no_stim,3.8499999999999988,143.53628432025755,-82.83041143278658,7ab26936-81b3-482d-a60f-538e2e325f1e,1,33,ZFM-03330
pupil,no_stim,3.949999999999999,140.80586470841357,-85.56083104463056,7ab26936-81b3-482d-a60f-538e2e325f1e,1,33,ZFM-03330
pupil,stim,-0.45,43.37562189150213,1.5820593540854304,40d3fa8b-3c47-4146-ad7a-c38dc7323e4e,1,88,ZFM-02601
pupil,stim,-0.35000000000000003,43.019708742862456,1.2261462054457581,40d3fa8b-3c47-4146-ad7a-c38dc7323e4e,1,88,ZFM-02601
pupil,stim,-0.25000000000000006,42.241877050209204,0.448314512792507,40d3fa8b-3c47-4146-ad7a-c38dc7323e4e,1,88,ZFM-02601
pupil,stim,-0.15000000000000008,40.68956602556749,-1.1039965118492105,40d3fa8b-3c47-4146-ad7a-c38dc7323e4e,1,88,ZFM-02601
pupil,stim,-0.050000000000000086,39.64103897694225,-2.1525235604744495,40d3fa8b-3c47-4146-ad7a-c38dc7323e4e,1,88,ZFM-02601
pupil,stim,0.04999999999999989,38.99903855642205,-2.794523980994647,40d3fa8b-3c47-4146-ad7a-c38dc7323e4e,1,88,ZFM-02601
pupil,stim,0.14999999999999986,38.279978838605835,-3.513583698810862,40d3fa8b-3c47-4146-ad7a-c38dc7323e4e,1,88,ZFM-02601
pupil,stim,0.24999999999999983,37.71005840640223,-4.083504131014465,40d3fa8b-3c47-4146-ad7a-c38dc7323e4e,1,88,ZFM-02601
pupil,stim,0.3499999999999998,37.61938493152882,-4.174177605887877,40d3fa8b-3c47-4146-ad7a-c38dc7323e4e,1,88,ZFM-02601
pupil,stim,0.4499999999999998,38.60000448768183,-3.193558049734868,40d3fa8b-3c47-4146-ad7a-c38dc7323e4e,1,88,ZFM-02601
pupil,stim,0.5499999999999998,39.51632186058918,-2.2772406768275175,40d3fa8b-3c47-4146-ad7a-c38dc7323e4e,1,88,ZFM-02601
pupil,stim,0.6499999999999998,40.88960294308444,-0.9039595943322567,40d3fa8b-3c47-4146-ad7a-c38dc7323e4e,1,88,ZFM-02601
pupil,stim,0.7499999999999998,41.68709476038602,-0.10646777703068011,40d3fa8b-3c47-4146-ad7a-c38dc7323e4e,1,88,ZFM-02601
pupil,stim,0.8499999999999998,42.26512794890292,0.47156541148622466,40d3fa8b-3c47-4146-ad7a-c38dc7323e4e,1,88,ZFM-02601
pupil,stim,0.9499999999999997,42.32934986188875,0.5357873244720537,40d3fa8b-3c47-4146-ad7a-c38dc7323e4e,1,88,ZFM-02601
pupil,stim,1.0499999999999996,42.46884966867622,0.6752871312595232,40d3fa8b-3c47-4146-ad7a-c38dc7323e4e,1,88,ZFM-02601
pupil,stim,1.1499999999999997,43.753590219424815,1.9600276820081177,40d3fa8b-3c47-4146-ad7a-c38dc7323e4e,1,88,ZFM-02601
pupil,stim,1.2499999999999998,44.20670796351157,2.4131454260948715,40d3fa8b-3c47-4146-ad7a-c38dc7323e4e,1,88,ZFM-02601
pupil,stim,1.3499999999999996,44.96648116464508,3.172918627228384,40d3fa8b-3c47-4146-ad7a-c38dc7323e4e,1,88,ZFM-02601
pupil,stim,1.4499999999999995,44.74686664807455,2.9533041106578537,40d3fa8b-3c47-4146-ad7a-c38dc7323e4e,1,88,ZFM-02601
pupil,stim,1.5499999999999996,44.29621282377033,2.502650286353635,40d3fa8b-3c47-4146-ad7a-c38dc7323e4e,1,88,ZFM-02601
pupil,stim,1.6499999999999997,43.74124073289931,1.9476781954826095,40d3fa8b-3c47-4146-ad7a-c38dc7323e4e,1,88,ZFM-02601
pupil,stim,1.7499999999999996,42.53583132011175,0.7422687826950494,40d3fa8b-3c47-4146-ad7a-c38dc7323e4e,1,88,ZFM-02601
pupil,stim,1.8499999999999994,41.67151690314941,-0.12204563426728754,40d3fa8b-3c47-4146-ad7a-c38dc7323e4e,1,88,ZFM-02601
pupil,stim,1.9499999999999995,41.71280422814725,-0.0807583092694486,40d3fa8b-3c47-4146-ad7a-c38dc7323e4e,1,88,ZFM-02601
pupil,stim,2.0499999999999994,42.87129282708803,1.0777302896713294,40d3fa8b-3c47-4146-ad7a-c38dc7323e4e,1,88,ZFM-02601
pupil,stim,2.1499999999999995,43.52461265232481,1.7310501149081148,40d3fa8b-3c47-4146-ad7a-c38dc7323e4e,1,88,ZFM-02601
pupil,stim,2.249999999999999,43.352998146085746,1.5594356086690482,40d3fa8b-3c47-4146-ad7a-c38dc7323e4e,1,88,ZFM-02601
pupil,stim,2.349999999999999,43.59069320488272,1.7971306674660212,40d3fa8b-3c47-4146-ad7a-c38dc7323e4e,1,88,ZFM-02601
pupil,stim,2.4499999999999993,43.77524125165216,1.9816787142354642,40d3fa8b-3c47-4146-ad7a-c38dc7323e4e,1,88,ZFM-02601
pupil,stim,2.549999999999999,43.83582079963608,2.0422582622193843,40d3fa8b-3c47-4146-ad7a-c38dc7323e4e,1,88,ZFM-02601
pupil,stim,2.649999999999999,43.37429681121146,1.5807342737947607,40d3fa8b-3c47-4146-ad7a-c38dc7323e4e,1,88,ZFM-02601
pupil,stim,2.749999999999999,44.00082825654195,2.207265719125253,40d3fa8b-3c47-4146-ad7a-c38dc7323e4e,1,88,ZFM-02601
pupil,stim,2.849999999999999,45.03520241541122,3.2416398779945226,40d3fa8b-3c47-4146-ad7a-c38dc7323e4e,1,88,ZFM-02601
pupil,stim,2.9499999999999993,45.76018242091039,3.966619883493692,40d3fa8b-3c47-4146-ad7a-c38dc7323e4e,1,88,ZFM-02601
pupil,stim,3.049999999999999,45.70718981649232,3.9136272790756195,40d3fa8b-3c47-4146-ad7a-c38dc7323e4e,1,88,ZFM-02601
pupil,stim,3.149999999999999,44.512592358856615,2.719029821439918,40d3fa8b-3c47-4146-ad7a-c38dc7323e4e,1,88,ZFM-02601
pupil,stim,3.249999999999999,43.72702122682177,1.9334586894050716,40d3fa8b-3c47-4146-ad7a-c38dc7323e4e,1,88,ZFM-02601
pupil,stim,3.3499999999999988,42.46998842982691,0.6764258924102151,40d3fa8b-3c47-4146-ad7a-c38dc7323e4e,1,88,ZFM-02601
pupil,stim,3.449999999999999,41.90260896079972,0.1090464233830204,40d3fa8b-3c47-4146-ad7a-c38dc7323e4e,1,88,ZFM-02601
pupil,stim,3.549999999999999,40.81824357085786,-0.975318966558838,40d3fa8b-3c47-4146-ad7a-c38dc7323e4e,1,88,ZFM-02601
pupil,stim,3.649999999999999,39.842688338097794,-1.9508741993189034,40d3fa8b-3c47-4146-ad7a-c38dc7323e4e,1,88,ZFM-02601
pupil,stim,3.749999999999999,39.53739520723452,-2.25616733018218,40d3fa8b-3c47-4146-ad7a-c38dc7323e4e,1,88,ZFM-02601
pupil,stim,3.8499999999999988,39.22027534027863,-2.5732871971380646,40d3fa8b-3c47-4146-ad7a-c38dc7323e4e,1,88,ZFM-02601
pupil,stim,3.949999999999999,38.63243679942674,-3.1611257379899556,40d3fa8b-3c47-4146-ad7a-c38dc7323e4e,1,88,ZFM-02601
pupil,no_stim,-0.45,43.128439187165895,-1.1624191121135823,40d3fa8b-3c47-4146-ad7a-c38dc7323e4e,1,120,ZFM-02601
pupil,no_stim,-0.35000000000000003,43.71019927231098,-0.5806590269684975,40d3fa8b-3c47-4146-ad7a-c38dc7323e4e,1,120,ZFM-02601
pupil,no_stim,-0.25000000000000006,44.037359366294176,-0.2534989329853019,40d3fa8b-3c47-4146-ad7a-c38dc7323e4e,1,120,ZFM-02601
pupil,no_stim,-0.15000000000000008,44.9982131646146,0.7073548653351196,40d3fa8b-3c47-4146-ad7a-c38dc7323e4e,1,120,ZFM-02601
pupil,no_stim,-0.050000000000000086,45.58008050601178,1.2892222067323047,40d3fa8b-3c47-4146-ad7a-c38dc7323e4e,1,120,ZFM-02601
pupil,no_stim,0.04999999999999989,46.036163910072155,1.745305610792677,40d3fa8b-3c47-4146-ad7a-c38dc7323e4e,1,120,ZFM-02601
pupil,no_stim,0.14999999999999986,45.29826184907101,1.0074035497915332,40d3fa8b-3c47-4146-ad7a-c38dc7323e4e,1,120,ZFM-02601
pupil,no_stim,0.24999999999999983,42.68946729276232,-1.6013910065171544,40d3fa8b-3c47-4146-ad7a-c38dc7323e4e,1,120,ZFM-02601
pupil,no_stim,0.3499999999999998,39.86074239313543,-4.430115906144046,40d3fa8b-3c47-4146-ad7a-c38dc7323e4e,1,120,ZFM-02601
pupil,no_stim,0.4499999999999998,38.16667963074205,-6.124178668537425,40d3fa8b-3c47-4146-ad7a-c38dc7323e4e,1,120,ZFM-02601
pupil,no_stim,0.5499999999999998,39.66140255590949,-4.629455743369988,40d3fa8b-3c47-4146-ad7a-c38dc7323e4e,1,120,ZFM-02601
pupil,no_stim,0.6499999999999998,42.44670529837269,-1.8441530009067861,40d3fa8b-3c47-4146-ad7a-c38dc7323e4e,1,120,ZFM-02601
pupil,no_stim,0.7499999999999998,45.175920195078966,0.8850618957994882,40d3fa8b-3c47-4146-ad7a-c38dc7323e4e,1,120,ZFM-02601
pupil,no_stim,0.8499999999999998,46.657542640621834,2.3666843413423564,40d3fa8b-3c47-4146-ad7a-c38dc7323e4e,1,120,ZFM-02601
pupil,no_stim,0.9499999999999997,47.924833988957666,3.633975689678188,40d3fa8b-3c47-4146-ad7a-c38dc7323e4e,1,120,ZFM-02601
pupil,no_stim,1.0499999999999996,49.001656155565016,4.710797856285538,40d3fa8b-3c47-4146-ad7a-c38dc7323e4e,1,120,ZFM-02601
pupil,no_stim,1.1499999999999997,50.67191897869195,6.381060679412471,40d3fa8b-3c47-4146-ad7a-c38dc7323e4e,1,120,ZFM-02601
pupil,no_stim,1.2499999999999998,51.75913278339075,7.468274484111269,40d3fa8b-3c47-4146-ad7a-c38dc7323e4e,1,120,ZFM-02601
pupil,no_stim,1.3499999999999996,51.85834288504214,7.567484585762664,40d3fa8b-3c47-4146-ad7a-c38dc7323e4e,1,120,ZFM-02601
pupil,no_stim,1.4499999999999995,51.55452935368707,7.263671054407595,40d3fa8b-3c47-4146-ad7a-c38dc7323e4e,1,120,ZFM-02601
pupil,no_stim,1.5499999999999996,50.6727277752549,6.381869475975421,40d3fa8b-3c47-4146-ad7a-c38dc7323e4e,1,120,ZFM-02601
pupil,no_stim,1.6499999999999997,49.90643738483623,5.615579085556753,40d3fa8b-3c47-4146-ad7a-c38dc7323e4e,1,120,ZFM-02601
pupil,no_stim,1.7499999999999996,49.44797186171491,5.157113562435434,40d3fa8b-3c47-4146-ad7a-c38dc7323e4e,1,120,ZFM-02601
pupil,no_stim,1.8499999999999994,49.22829058547619,4.93743228619671,40d3fa8b-3c47-4146-ad7a-c38dc7323e4e,1,120,ZFM-02601
pupil,no_stim,1.9499999999999995,49.32502526408952,5.034166964810041,40d3fa8b-3c47-4146-ad7a-c38dc7323e4e,1,120,ZFM-02601
pupil,no_stim,2.0499999999999994,49.95008550972468,5.659227210445202,40d3fa8b-3c47-4146-ad7a-c38dc7323e4e,1,120,ZFM-02601
pupil,no_stim,2.1499999999999995,49.92439738082698,5.633539081547504,40d3fa8b-3c47-4146-ad7a-c38dc7323e4e,1,120,ZFM-02601
pupil,no_stim,2.249999999999999,48.87223111258172,4.581372813302245,40d3fa8b-3c47-4146-ad7a-c38dc7323e4e,1,120,ZFM-02601
pupil,no_stim,2.349999999999999,46.96298385285614,2.672125553576663,40d3fa8b-3c47-4146-ad7a-c38dc7323e4e,1,120,ZFM-02601
pupil,no_stim,2.4499999999999993,45.42561040557585,1.134752106296375,40d3fa8b-3c47-4146-ad7a-c38dc7323e4e,1,120,ZFM-02601
pupil,no_stim,2.549999999999999,45.497975230340884,1.2071169310614067,40d3fa8b-3c47-4146-ad7a-c38dc7323e4e,1,120,ZFM-02601
pupil,no_stim,2.649999999999999,45.52365002025931,1.232791720979833,40d3fa8b-3c47-4146-ad7a-c38dc7323e4e,1,120,ZFM-02601
pupil,no_stim,2.749999999999999,44.74962657940581,0.4587682801263355,40d3fa8b-3c47-4146-ad7a-c38dc7323e4e,1,120,ZFM-02601
pupil,no_stim,2.849999999999999,44.17112794740065,-0.11973035187882886,40d3fa8b-3c47-4146-ad7a-c38dc7323e4e,1,120,ZFM-02601
pupil,no_stim,2.9499999999999993,44.30043974629522,0.009581447015740707,40d3fa8b-3c47-4146-ad7a-c38dc7323e4e,1,120,ZFM-02601
pupil,no_stim,3.049999999999999,44.49619558374123,0.2053372844617556,40d3fa8b-3c47-4146-ad7a-c38dc7323e4e,1,120,ZFM-02601
pupil,no_stim,3.149999999999999,44.533235521584395,0.24237722230491698,40d3fa8b-3c47-4146-ad7a-c38dc7323e4e,1,120,ZFM-02601
pupil,no_stim,3.249999999999999,44.11685915335239,-0.1739991459270911,40d3fa8b-3c47-4146-ad7a-c38dc7323e4e,1,120,ZFM-02601
pupil,no_stim,3.3499999999999988,44.32047383688192,0.02961553760244584,40d3fa8b-3c47-4146-ad7a-c38dc7323e4e,1,120,ZFM-02601
pupil,no_stim,3.449999999999999,44.698589725623364,0.4077314263438865,40d3fa8b-3c47-4146-ad7a-c38dc7323e4e,1,120,ZFM-02601
pupil,no_stim,3.549999999999999,43.94549210682657,-0.34536619245290723,40d3fa8b-3c47-4146-ad7a-c38dc7323e4e,1,120,ZFM-02601
pupil,no_stim,3.649999999999999,42.1381053821544,-2.1527529171250777,40d3fa8b-3c47-4146-ad7a-c38dc7323e4e,1,120,ZFM-02601
pupil,no_stim,3.749999999999999,40.20795913491541,-4.082899164364065,40d3fa8b-3c47-4146-ad7a-c38dc7323e4e,1,120,ZFM-02601
pupil,no_stim,3.8499999999999988,40.38234577663363,-3.90851252264585,40d3fa8b-3c47-4146-ad7a-c38dc7323e4e,1,120,ZFM-02601
pupil,no_stim,3.949999999999999,41.73396683669905,-2.556891462580431,40d3fa8b-3c47-4146-ad7a-c38dc7323e4e,1,120,ZFM-02601
pupil,stim,-0.45,61.12586147133187,1.1981090298948303,53771a15-33be-4a62-a779-a8c609b742e2,1,74,ZFM-02601
pupil,stim,-0.35000000000000003,60.70904244801745,0.7812900065804058,53771a15-33be-4a62-a779-a8c609b742e2,1,74,ZFM-02601
pupil,stim,-0.25000000000000006,59.83483797540701,-0.09291446603003095,53771a15-33be-4a62-a779-a8c609b742e2,1,74,ZFM-02601
pupil,stim,-0.15000000000000008,59.346721208969285,-0.5810312324677582,53771a15-33be-4a62-a779-a8c609b742e2,1,74,ZFM-02601
pupil,stim,-0.050000000000000086,58.622299103459596,-1.305453337977447,53771a15-33be-4a62-a779-a8c609b742e2,1,74,ZFM-02601
pupil,stim,0.04999999999999989,57.66662100267573,-2.2611314387613106,53771a15-33be-4a62-a779-a8c609b742e2,1,74,ZFM-02601
pupil,stim,0.14999999999999986,57.35504669025087,-2.57270575118617,53771a15-33be-4a62-a779-a8c609b742e2,1,74,ZFM-02601
pupil,stim,0.24999999999999983,56.97440747556968,-2.953344965867366,53771a15-33be-4a62-a779-a8c609b742e2,1,74,ZFM-02601
pupil,stim,0.3499999999999998,56.74011454469015,-3.1876378967468924,53771a15-33be-4a62-a779-a8c609b742e2,1,74,ZFM-02601
pupil,stim,0.4499999999999998,56.859661132663604,-3.0680913087734396,53771a15-33be-4a62-a779-a8c609b742e2,1,74,ZFM-02601
pupil,stim,0.5499999999999998,57.82463183027479,-2.103120611162254,53771a15-33be-4a62-a779-a8c609b742e2,1,74,ZFM-02601
pupil,stim,0.6499999999999998,59.465751779277056,-0.46200066215998703,53771a15-33be-4a62-a779-a8c609b742e2,1,74,ZFM-02601
pupil,stim,0.7499999999999998,60.789996728523036,0.8622442870859928,53771a15-33be-4a62-a779-a8c609b742e2,1,74,ZFM-02601
pupil,stim,0.8499999999999998,61.91183768815981,1.9840852467227634,53771a15-33be-4a62-a779-a8c609b742e2,1,74,ZFM-02601
pupil,stim,0.9499999999999997,63.87568771254795,3.9479352711109073,53771a15-33be-4a62-a779-a8c609b742e2,1,74,ZFM-02601
pupil,stim,1.0499999999999996,64.98126957650334,5.0535171350662935,53771a15-33be-4a62-a779-a8c609b742e2,1,74,ZFM-02601
pupil,stim,1.1499999999999997,65.90746834772732,5.979715906290274,53771a15-33be-4a62-a779-a8c609b742e2,1,74,ZFM-02601
pupil,stim,1.2499999999999998,66.47460366838757,6.54685122695053,53771a15-33be-4a62-a779-a8c609b742e2,1,74,ZFM-02601
pupil,stim,1.3499999999999996,66.7136506990458,6.785898257608757,53771a15-33be-4a62-a779-a8c609b742e2,1,74,ZFM-02601
pupil,stim,1.4499999999999995,66.5334997773145,6.60574733587746,53771a15-33be-4a62-a779-a8c609b742e2,1,74,ZFM-02601
pupil,stim,1.5499999999999996,66.42548839102302,6.49773594958598,53771a15-33be-4a62-a779-a8c609b742e2,1,74,ZFM-02601
pupil,stim,1.6499999999999997,66.41647277814516,6.48872033670812,53771a15-33be-4a62-a779-a8c609b742e2,1,74,ZFM-02601
pupil,stim,1.7499999999999996,66.19428111548196,6.266528674044913,53771a15-33be-4a62-a779-a8c609b742e2,1,74,ZFM-02601
pupil,stim,1.8499999999999994,66.1492027525927,6.221450311155657,53771a15-33be-4a62-a779-a8c609b742e2,1,74,ZFM-02601
pupil,stim,1.9499999999999995,66.19272356974764,6.264971128310599,53771a15-33be-4a62-a779-a8c609b742e2,1,74,ZFM-02601
pupil,stim,2.0499999999999994,65.67163346986746,5.743881028430415,53771a15-33be-4a62-a779-a8c609b742e2,1,74,ZFM-02601
pupil,stim,2.1499999999999995,65.0008446077884,5.073092166351351,53771a15-33be-4a62-a779-a8c609b742e2,1,74,ZFM-02601
pupil,stim,2.249999999999999,64.54396146491177,4.616209023474731,53771a15-33be-4a62-a779-a8c609b742e2,1,74,ZFM-02601
pupil,stim,2.349999999999999,64.91098260888246,4.98323016744542,53771a15-33be-4a62-a779-a8c609b742e2,1,74,ZFM-02601
pupil,stim,2.4499999999999993,65.0362457112426,5.108493269805557,53771a15-33be-4a62-a779-a8c609b742e2,1,74,ZFM-02601
pupil,stim,2.549999999999999,64.38655608540246,4.4588036439654175,53771a15-33be-4a62-a779-a8c609b742e2,1,74,ZFM-02601
pupil,stim,2.649999999999999,63.54736949219164,3.6196170507545986,53771a15-33be-4a62-a779-a8c609b742e2,1,74,ZFM-02601
pupil,stim,2.749999999999999,62.74172742687201,2.8139749854349674,53771a15-33be-4a62-a779-a8c609b742e2,1,74,ZFM-02601
pupil,stim,2.849999999999999,62.391275399921426,2.4635229584843827,53771a15-33be-4a62-a779-a8c609b742e2,1,74,ZFM-02601
pupil,stim,2.9499999999999993,62.013928810348055,2.086176368911012,53771a15-33be-4a62-a779-a8c609b742e2,1,74,ZFM-02601
pupil,stim,3.049999999999999,61.31322341533609,1.3854709738990465,53771a15-33be-4a62-a779-a8c609b742e2,1,74,ZFM-02601
pupil,stim,3.149999999999999,60.90360465342568,0.9758522119886379,53771a15-33be-4a62-a779-a8c609b742e2,1,74,ZFM-02601
pupil,stim,3.249999999999999,60.42893674608771,0.5011843046506641,53771a15-33be-4a62-a779-a8c609b742e2,1,74,ZFM-02601
pupil,stim,3.3499999999999988,60.48392701326583,0.5561745718287838,53771a15-33be-4a62-a779-a8c609b742e2,1,74,ZFM-02601
pupil,stim,3.449999999999999,60.29157896356596,0.3638265221289174,53771a15-33be-4a62-a779-a8c609b742e2,1,74,ZFM-02601
pupil,stim,3.549999999999999,58.93935739359164,-0.9883950478454011,53771a15-33be-4a62-a779-a8c609b742e2,1,74,ZFM-02601
pupil,stim,3.649999999999999,57.28232677798008,-2.6454256634569617,53771a15-33be-4a62-a779-a8c609b742e2,1,74,ZFM-02601
pupil,stim,3.749999999999999,55.70428346236015,-4.223468979076891,53771a15-33be-4a62-a779-a8c609b742e2,1,74,ZFM-02601
pupil,stim,3.8499999999999988,54.88028552633406,-5.04746691510298,53771a15-33be-4a62-a779-a8c609b742e2,1,74,ZFM-02601
pupil,stim,3.949999999999999,54.26562295450554,-5.662129486931505,53771a15-33be-4a62-a779-a8c609b742e2,1,74,ZFM-02601
pupil,no_stim,-0.45,74.66098727577894,1.0280268293604848,53771a15-33be-4a62-a779-a8c609b742e2,1,63,ZFM-02601
pupil,no_stim,-0.35000000000000003,74.10078391024365,0.4678234638251979,53771a15-33be-4a62-a779-a8c609b742e2,1,63,ZFM-02601
pupil,no_stim,-0.25000000000000006,73.47321817707531,-0.15974226934314117,53771a15-33be-4a62-a779-a8c609b742e2,1,63,ZFM-02601
pupil,no_stim,-0.15000000000000008,73.07023390440527,-0.5627265420131806,53771a15-33be-4a62-a779-a8c609b742e2,1,63,ZFM-02601
pupil,no_stim,-0.050000000000000086,72.85957896458912,-0.7733814818293325,53771a15-33be-4a62-a779-a8c609b742e2,1,63,ZFM-02601
pupil,no_stim,0.04999999999999989,72.39494850606035,-1.2380119403581062,53771a15-33be-4a62-a779-a8c609b742e2,1,63,ZFM-02601
pupil,no_stim,0.14999999999999986,71.48698611921135,-2.1459743272070995,53771a15-33be-4a62-a779-a8c609b742e2,1,63,ZFM-02601
pupil,no_stim,0.24999999999999983,70.678940967548,-2.9540194788704497,53771a15-33be-4a62-a779-a8c609b742e2,1,63,ZFM-02601
pupil,no_stim,0.3499999999999998,70.55852040774258,-3.074440038675874,53771a15-33be-4a62-a779-a8c609b742e2,1,63,ZFM-02601
pupil,no_stim,0.4499999999999998,70.6517704814613,-2.981189964957153,53771a15-33be-4a62-a779-a8c609b742e2,1,63,ZFM-02601
pupil,no_stim,0.5499999999999998,70.98084196404609,-2.6521184823723587,53771a15-33be-4a62-a779-a8c609b742e2,1,63,ZFM-02601
pupil,no_stim,0.6499999999999998,71.67022271099167,-1.962737735426785,53771a15-33be-4a62-a779-a8c609b742e2,1,63,ZFM-02601
pupil,no_stim,0.7499999999999998,72.60303668287926,-1.0299237635391876,53771a15-33be-4a62-a779-a8c609b742e2,1,63,ZFM-02601
pupil,no_stim,0.8499999999999998,73.58962006430433,-0.043340382114124054,53771a15-33be-4a62-a779-a8c609b742e2,1,63,ZFM-02601
pupil,no_stim,0.9499999999999997,73.83498956178735,0.20202911536890156,53771a15-33be-4a62-a779-a8c609b742e2,1,63,ZFM-02601
pupil,no_stim,1.0499999999999996,73.62645260385342,-0.006507842565028454,53771a15-33be-4a62-a779-a8c609b742e2,1,63,ZFM-02601
pupil,no_stim,1.1499999999999997,73.2251630902529,-0.40779735616554547,53771a15-33be-4a62-a779-a8c609b742e2,1,63,ZFM-02601
pupil,no_stim,1.2499999999999998,72.99241185024522,-0.6405485961732325,53771a15-33be-4a62-a779-a8c609b742e2,1,63,ZFM-02601
pupil,no_stim,1.3499999999999996,73.14124242655899,-0.4917180198594622,53771a15-33be-4a62-a779-a8c609b742e2,1,63,ZFM-02601
pupil,no_stim,1.4499999999999995,72.37647935747452,-1.2564810889439286,53771a15-33be-4a62-a779-a8c609b742e2,1,63,ZFM-02601
pupil,no_stim,1.5499999999999996,70.96753559329663,-2.66542485312182,53771a15-33be-4a62-a779-a8c609b742e2,1,63,ZFM-02601
pupil,no_stim,1.6499999999999997,70.44688483952332,-3.1860756068951304,53771a15-33be-4a62-a779-a8c609b742e2,1,63,ZFM-02601
pupil,no_stim,1.7499999999999996,70.83170718968393,-2.801253256734526,53771a15-33be-4a62-a779-a8c609b742e2,1,63,ZFM-02601
pupil,no_stim,1.8499999999999994,71.57446520500264,-2.0584952414158124,53771a15-33be-4a62-a779-a8c609b742e2,1,63,ZFM-02601
pupil,no_stim,1.9499999999999995,70.7938520682988,-2.839108378119647,53771a15-33be-4a62-a779-a8c609b742e2,1,63,ZFM-02601
pupil,no_stim,2.0499999999999994,69.46413550636646,-4.168824940051991,53771a15-33be-4a62-a779-a8c609b742e2,1,63,ZFM-02601
pupil,no_stim,2.1499999999999995,68.53110715874026,-5.101853287678196,53771a15-33be-4a62-a779-a8c609b742e2,1,63,ZFM-02601
pupil,no_stim,2.249999999999999,68.06696548708724,-5.565994959331206,53771a15-33be-4a62-a779-a8c609b742e2,1,63,ZFM-02601
pupil,no_stim,2.349999999999999,68.50950776571857,-5.123452680699884,53771a15-33be-4a62-a779-a8c609b742e2,1,63,ZFM-02601
pupil,no_stim,2.4499999999999993,68.48897449159352,-5.143985954824927,53771a15-33be-4a62-a779-a8c609b742e2,1,63,ZFM-02601
pupil,no_stim,2.549999999999999,67.91603999922897,-5.71692044718948,53771a15-33be-4a62-a779-a8c609b742e2,1,63,ZFM-02601
pupil,no_stim,2.649999999999999,67.25912685718444,-6.37383358923401,53771a15-33be-4a62-a779-a8c609b742e2,1,63,ZFM-02601
pupil,no_stim,2.749999999999999,66.85087413410629,-6.78208631231216,53771a15-33be-4a62-a779-a8c609b742e2,1,63,ZFM-02601
pupil,no_stim,2.849999999999999,66.530152523423,-7.102807922995453,53771a15-33be-4a62-a779-a8c609b742e2,1,63,ZFM-02601
pupil,no_stim,2.9499999999999993,65.60239906990878,-8.030561376509667,53771a15-33be-4a62-a779-a8c609b742e2,1,63,ZFM-02601
pupil,no_stim,3.049999999999999,65.02096419498332,-8.61199625143513,53771a15-33be-4a62-a779-a8c609b742e2,1,63,ZFM-02601
pupil,no_stim,3.149999999999999,65.01604800021116,-8.616912446207294,53771a15-33be-4a62-a779-a8c609b742e2,1,63,ZFM-02601
pupil,no_stim,3.249999999999999,65.34147101559465,-8.291489430823802,53771a15-33be-4a62-a779-a8c609b742e2,1,63,ZFM-02601
pupil,no_stim,3.3499999999999988,65.71540689899099,-7.91755354742746,53771a15-33be-4a62-a779-a8c609b742e2,1,63,ZFM-02601
pupil,no_stim,3.449999999999999,66.14653115138903,-7.486429295029424,53771a15-33be-4a62-a779-a8c609b742e2,1,63,ZFM-02601
pupil,no_stim,3.549999999999999,66.64163286189846,-6.991327584519993,53771a15-33be-4a62-a779-a8c609b742e2,1,63,ZFM-02601
pupil,no_stim,3.649999999999999,66.80153555718759,-6.83142488923086,53771a15-33be-4a62-a779-a8c609b742e2,1,63,ZFM-02601
pupil,no_stim,3.749999999999999,66.56225026997576,-7.070710176442688,53771a15-33be-4a62-a779-a8c609b742e2,1,63,ZFM-02601
pupil,no_stim,3.8499999999999988,66.03448917174651,-7.598471274671937,53771a15-33be-4a62-a779-a8c609b742e2,1,63,ZFM-02601
pupil,no_stim,3.949999999999999,65.25075301002364,-8.382207436394808,53771a15-33be-4a62-a779-a8c609b742e2,1,63,ZFM-02601
pupil,stim,-0.45,58.68854971285776,3.2121200706749775,865496ae-3206-4974-af44-2cff2f7023f2,1,356,ZFM-02600
pupil,stim,-0.35000000000000003,57.06279131418686,1.586361672004081,865496ae-3206-4974-af44-2cff2f7023f2,1,356,ZFM-02600
pupil,stim,-0.25000000000000006,55.31800777740734,-0.15842186477544118,865496ae-3206-4974-af44-2cff2f7023f2,1,356,ZFM-02600
pupil,stim,-0.15000000000000008,53.72537445378366,-1.7510551883991212,865496ae-3206-4974-af44-2cff2f7023f2,1,356,ZFM-02600
pupil,stim,-0.050000000000000086,52.58742495267831,-2.8890046895044676,865496ae-3206-4974-af44-2cff2f7023f2,1,356,ZFM-02600
pupil,stim,0.04999999999999989,52.02740092272498,-3.4490287194578,865496ae-3206-4974-af44-2cff2f7023f2,1,356,ZFM-02600
pupil,stim,0.14999999999999986,51.81641630357932,-3.660013338603463,865496ae-3206-4974-af44-2cff2f7023f2,1,356,ZFM-02600
pupil,stim,0.24999999999999983,51.8976592917194,-3.5787703504633797,865496ae-3206-4974-af44-2cff2f7023f2,1,356,ZFM-02600
pupil,stim,0.3499999999999998,52.41476219952084,-3.0616674426619426,865496ae-3206-4974-af44-2cff2f7023f2,1,356,ZFM-02600
pupil,stim,0.4499999999999998,53.606044398826526,-1.8703852433562531,865496ae-3206-4974-af44-2cff2f7023f2,1,356,ZFM-02600
pupil,stim,0.5499999999999998,55.48107424530694,0.004644603124162927,865496ae-3206-4974-af44-2cff2f7023f2,1,356,ZFM-02600
pupil,stim,0.6499999999999998,57.58128995024788,2.104860308065099,865496ae-3206-4974-af44-2cff2f7023f2,1,356,ZFM-02600
pupil,stim,0.7499999999999998,59.871506774623924,4.395077132441145,865496ae-3206-4974-af44-2cff2f7023f2,1,356,ZFM-02600
pupil,stim,0.8499999999999998,62.45718129528818,6.980751653105401,865496ae-3206-4974-af44-2cff2f7023f2,1,356,ZFM-02600
pupil,stim,0.9499999999999997,65.22480872282196,9.748379080639182,865496ae-3206-4974-af44-2cff2f7023f2,1,356,ZFM-02600
pupil,stim,1.0499999999999996,68.22798558266445,12.751555940481666,865496ae-3206-4974-af44-2cff2f7023f2,1,356,ZFM-02600
pupil,stim,1.1499999999999997,71.52056088182198,16.0441312396392,865496ae-3206-4974-af44-2cff2f7023f2,1,356,ZFM-02600
pupil,stim,1.2499999999999998,73.94167438510235,18.465244742919566,865496ae-3206-4974-af44-2cff2f7023f2,1,356,ZFM-02600
pupil,stim,1.3499999999999996,75.90154225970143,20.42511261751865,865496ae-3206-4974-af44-2cff2f7023f2,1,356,ZFM-02600
pupil,stim,1.4499999999999995,77.60296929315898,22.1265396509762,865496ae-3206-4974-af44-2cff2f7023f2,1,356,ZFM-02600
pupil,stim,1.5499999999999996,78.68057837738544,23.204148735202665,865496ae-3206-4974-af44-2cff2f7023f2,1,356,ZFM-02600
pupil,stim,1.6499999999999997,79.253150705629,23.776721063446217,865496ae-3206-4974-af44-2cff2f7023f2,1,356,ZFM-02600
pupil,stim,1.7499999999999996,79.32419302679531,23.847763384612534,865496ae-3206-4974-af44-2cff2f7023f2,1,356,ZFM-02600
pupil,stim,1.8499999999999994,78.94111213089421,23.464682488711432,865496ae-3206-4974-af44-2cff2f7023f2,1,356,ZFM-02600
pupil,stim,1.9499999999999995,78.51505321526913,23.038623573086355,865496ae-3206-4974-af44-2cff2f7023f2,1,356,ZFM-02600
pupil,stim,2.0499999999999994,77.6712505536537,22.194820911470927,865496ae-3206-4974-af44-2cff2f7023f2,1,356,ZFM-02600
pupil,stim,2.1499999999999995,77.04021315913594,21.563783516953166,865496ae-3206-4974-af44-2cff2f7023f2,1,356,ZFM-02600
pupil,stim,2.249999999999999,75.83288169547794,20.356452053295158,865496ae-3206-4974-af44-2cff2f7023f2,1,356,ZFM-02600
pupil,stim,2.349999999999999,73.95766662001823,18.48123697783545,865496ae-3206-4974-af44-2cff2f7023f2,1,356,ZFM-02600
pupil,stim,2.4499999999999993,72.50755898336307,17.03112934118029,865496ae-3206-4974-af44-2cff2f7023f2,1,356,ZFM-02600
pupil,stim,2.549999999999999,71.61663189112082,16.14020224893804,865496ae-3206-4974-af44-2cff2f7023f2,1,356,ZFM-02600
pupil,stim,2.649999999999999,70.80212757052398,15.3256979283412,865496ae-3206-4974-af44-2cff2f7023f2,1,356,ZFM-02600
pupil,stim,2.749999999999999,69.54584983039761,14.069420188214835,865496ae-3206-4974-af44-2cff2f7023f2,1,356,ZFM-02600
pupil,stim,2.849999999999999,67.98192400872749,12.50549436654471,865496ae-3206-4974-af44-2cff2f7023f2,1,356,ZFM-02600
pupil,stim,2.9499999999999993,66.74945131389964,11.273021671716862,865496ae-3206-4974-af44-2cff2f7023f2,1,356,ZFM-02600
pupil,stim,3.049999999999999,65.14369199573594,9.667262353553156,865496ae-3206-4974-af44-2cff2f7023f2,1,356,ZFM-02600
pupil,stim,3.149999999999999,63.36147101255499,7.885041370372214,865496ae-3206-4974-af44-2cff2f7023f2,1,356,ZFM-02600
pupil,stim,3.249999999999999,61.170556161445305,5.694126519262525,865496ae-3206-4974-af44-2cff2f7023f2,1,356,ZFM-02600
pupil,stim,3.3499999999999988,59.54640135625465,4.069971714071869,865496ae-3206-4974-af44-2cff2f7023f2,1,356,ZFM-02600
pupil,stim,3.449999999999999,58.78166554852879,3.305235906346013,865496ae-3206-4974-af44-2cff2f7023f2,1,356,ZFM-02600
pupil,stim,3.549999999999999,58.06615013027914,2.5897204880963614,865496ae-3206-4974-af44-2cff2f7023f2,1,356,ZFM-02600
pupil,stim,3.649999999999999,57.24735333967305,1.770923697490268,865496ae-3206-4974-af44-2cff2f7023f2,1,356,ZFM-02600
pupil,stim,3.749999999999999,56.32262115759109,0.8461915154083073,865496ae-3206-4974-af44-2cff2f7023f2,1,356,ZFM-02600
pupil,stim,3.8499999999999988,55.90349930423688,0.4270696620541017,865496ae-3206-4974-af44-2cff2f7023f2,1,356,ZFM-02600
pupil,stim,3.949999999999999,56.12688043508585,0.6504507929030723,865496ae-3206-4974-af44-2cff2f7023f2,1,356,ZFM-02600
pupil,no_stim,-0.45,53.94071968045797,2.4247177925551853,865496ae-3206-4974-af44-2cff2f7023f2,1,330,ZFM-02600
pupil,no_stim,-0.35000000000000003,52.53399718543799,1.017995297535208,865496ae-3206-4974-af44-2cff2f7023f2,1,330,ZFM-02600
pupil,no_stim,-0.25000000000000006,51.339448799898776,-0.17655308800400604,865496ae-3206-4974-af44-2cff2f7023f2,1,330,ZFM-02600
pupil,no_stim,-0.15000000000000008,50.19979627824748,-1.3162056096552988,865496ae-3206-4974-af44-2cff2f7023f2,1,330,ZFM-02600
pupil,no_stim,-0.050000000000000086,49.56604749547169,-1.9499543924310885,865496ae-3206-4974-af44-2cff2f7023f2,1,330,ZFM-02600
pupil,no_stim,0.04999999999999989,48.976740408916626,-2.5392614789861554,865496ae-3206-4974-af44-2cff2f7023f2,1,330,ZFM-02600
pupil,no_stim,0.14999999999999986,48.42914774044777,-3.086854147455014,865496ae-3206-4974-af44-2cff2f7023f2,1,330,ZFM-02600
pupil,no_stim,0.24999999999999983,48.1676943654646,-3.3483075224381835,865496ae-3206-4974-af44-2cff2f7023f2,1,330,ZFM-02600
pupil,no_stim,0.3499999999999998,48.72871599915161,-2.787285888751171,865496ae-3206-4974-af44-2cff2f7023f2,1,330,ZFM-02600
pupil,no_stim,0.4499999999999998,50.26630601379598,-1.2496958741067985,865496ae-3206-4974-af44-2cff2f7023f2,1,330,ZFM-02600
pupil,no_stim,0.5499999999999998,52.42000925957469,0.9040073716719093,865496ae-3206-4974-af44-2cff2f7023f2,1,330,ZFM-02600
pupil,no_stim,0.6499999999999998,55.40251936748997,3.886517479587191,865496ae-3206-4974-af44-2cff2f7023f2,1,330,ZFM-02600
pupil,no_stim,0.7499999999999998,58.735215448203576,7.219213560300794,865496ae-3206-4974-af44-2cff2f7023f2,1,330,ZFM-02600
pupil,no_stim,0.8499999999999998,62.33056839475249,10.814566506849708,865496ae-3206-4974-af44-2cff2f7023f2,1,330,ZFM-02600
pupil,no_stim,0.9499999999999997,65.7346121209507,14.218610233047919,865496ae-3206-4974-af44-2cff2f7023f2,1,330,ZFM-02600
pupil,no_stim,1.0499999999999996,68.6025751886018,17.086573300699023,865496ae-3206-4974-af44-2cff2f7023f2,1,330,ZFM-02600
pupil,no_stim,1.1499999999999997,70.85801851530798,19.342016627405194,865496ae-3206-4974-af44-2cff2f7023f2,1,330,ZFM-02600
pupil,no_stim,1.2499999999999998,72.61271830502444,21.096716417121662,865496ae-3206-4974-af44-2cff2f7023f2,1,330,ZFM-02600
pupil,no_stim,1.3499999999999996,74.0560911921313,22.540089304228523,865496ae-3206-4974-af44-2cff2f7023f2,1,330,ZFM-02600
pupil,no_stim,1.4499999999999995,74.9696941940621,23.45369230615932,865496ae-3206-4974-af44-2cff2f7023f2,1,330,ZFM-02600
pupil,no_stim,1.5499999999999996,75.22204977450541,23.706047886602626,865496ae-3206-4974-af44-2cff2f7023f2,1,330,ZFM-02600
pupil,no_stim,1.6499999999999997,74.92626324075364,23.41026135285086,865496ae-3206-4974-af44-2cff2f7023f2,1,330,ZFM-02600
pupil,no_stim,1.7499999999999996,74.02236783811391,22.506365950211126,865496ae-3206-4974-af44-2cff2f7023f2,1,330,ZFM-02600
pupil,no_stim,1.8499999999999994,72.75554265191472,21.23954076401194,865496ae-3206-4974-af44-2cff2f7023f2,1,330,ZFM-02600
pupil,no_stim,1.9499999999999995,71.57443510116701,20.05843321326423,865496ae-3206-4974-af44-2cff2f7023f2,1,330,ZFM-02600
pupil,no_stim,2.0499999999999994,70.8625769263194,19.346575038416624,865496ae-3206-4974-af44-2cff2f7023f2,1,330,ZFM-02600
pupil,no_stim,2.1499999999999995,70.40885944052431,18.89285755262153,865496ae-3206-4974-af44-2cff2f7023f2,1,330,ZFM-02600
pupil,no_stim,2.249999999999999,69.69459198128497,18.17859009338219,865496ae-3206-4974-af44-2cff2f7023f2,1,330,ZFM-02600
pupil,no_stim,2.349999999999999,68.0548255512011,16.538823663298324,865496ae-3206-4974-af44-2cff2f7023f2,1,330,ZFM-02600
pupil,no_stim,2.4499999999999993,66.36156391849956,14.845562030596774,865496ae-3206-4974-af44-2cff2f7023f2,1,330,ZFM-02600
pupil,no_stim,2.549999999999999,64.58437723902784,13.068375351125063,865496ae-3206-4974-af44-2cff2f7023f2,1,330,ZFM-02600
pupil,no_stim,2.649999999999999,62.908379121156855,11.392377233254074,865496ae-3206-4974-af44-2cff2f7023f2,1,330,ZFM-02600
pupil,no_stim,2.749999999999999,61.107060977066816,9.591059089164034,865496ae-3206-4974-af44-2cff2f7023f2,1,330,ZFM-02600
pupil,no_stim,2.849999999999999,59.24006218208502,7.724060294182237,865496ae-3206-4974-af44-2cff2f7023f2,1,330,ZFM-02600
pupil,no_stim,2.9499999999999993,57.85565490019752,6.33965301229474,865496ae-3206-4974-af44-2cff2f7023f2,1,330,ZFM-02600
pupil,no_stim,3.049999999999999,56.9471459972989,5.431144109396115,865496ae-3206-4974-af44-2cff2f7023f2,1,330,ZFM-02600
pupil,no_stim,3.149999999999999,56.09777630559272,4.581774417689935,865496ae-3206-4974-af44-2cff2f7023f2,1,330,ZFM-02600
pupil,no_stim,3.249999999999999,55.47185388262893,3.955851994726146,865496ae-3206-4974-af44-2cff2f7023f2,1,330,ZFM-02600
pupil,no_stim,3.3499999999999988,55.725061577145176,4.209059689242395,865496ae-3206-4974-af44-2cff2f7023f2,1,330,ZFM-02600
pupil,no_stim,3.449999999999999,55.54898816589299,4.0329862779902115,865496ae-3206-4974-af44-2cff2f7023f2,1,330,ZFM-02600
pupil,no_stim,3.549999999999999,54.80454514041745,3.288543252514671,865496ae-3206-4974-af44-2cff2f7023f2,1,330,ZFM-02600
pupil,no_stim,3.649999999999999,54.36112449715294,2.8451226092501614,865496ae-3206-4974-af44-2cff2f7023f2,1,330,ZFM-02600
pupil,no_stim,3.749999999999999,54.18797397037739,2.6719720824746105,865496ae-3206-4974-af44-2cff2f7023f2,1,330,ZFM-02600
pupil,no_stim,3.8499999999999988,54.687206559991736,3.1712046720889546,865496ae-3206-4974-af44-2cff2f7023f2,1,330,ZFM-02600
pupil,no_stim,3.949999999999999,55.156001348337334,3.6399994604345522,865496ae-3206-4974-af44-2cff2f7023f2,1,330,ZFM-02600
pupil,stim,-0.45,45.574546155437545,2.526006211986328,0d24afce-9d3c-449e-ac9f-577eefefbd7e,1,470,ZFM-02600
pupil,stim,-0.35000000000000003,44.48007649610966,1.431536552658443,0d24afce-9d3c-449e-ac9f-577eefefbd7e,1,470,ZFM-02600
pupil,stim,-0.25000000000000006,43.03951969055649,-0.009020252894728742,0d24afce-9d3c-449e-ac9f-577eefefbd7e,1,470,ZFM-02600
pupil,stim,-0.15000000000000008,41.53146535175784,-1.5170745916933797,0d24afce-9d3c-449e-ac9f-577eefefbd7e,1,470,ZFM-02600
pupil,stim,-0.050000000000000086,40.617092023394534,-2.4314479200566836,0d24afce-9d3c-449e-ac9f-577eefefbd7e,1,470,ZFM-02600
pupil,stim,0.04999999999999989,40.19304131607071,-2.8554986273805056,0d24afce-9d3c-449e-ac9f-577eefefbd7e,1,470,ZFM-02600
pupil,stim,0.14999999999999986,40.08531505889437,-2.963224884556844,0d24afce-9d3c-449e-ac9f-577eefefbd7e,1,470,ZFM-02600
pupil,stim,0.24999999999999983,40.46217608107568,-2.586363862375535,0d24afce-9d3c-449e-ac9f-577eefefbd7e,1,470,ZFM-02600
pupil,stim,0.3499999999999998,41.31823162310708,-1.730308320344136,0d24afce-9d3c-449e-ac9f-577eefefbd7e,1,470,ZFM-02600
pupil,stim,0.4499999999999998,42.835252346688186,-0.21328759676303122,0d24afce-9d3c-449e-ac9f-577eefefbd7e,1,470,ZFM-02600
pupil,stim,0.5499999999999998,44.93832152685928,1.889781583408066,0d24afce-9d3c-449e-ac9f-577eefefbd7e,1,470,ZFM-02600
pupil,stim,0.6499999999999998,47.180588670706555,4.132048727255338,0d24afce-9d3c-449e-ac9f-577eefefbd7e,1,470,ZFM-02600
pupil,stim,0.7499999999999998,49.222385003176726,6.173845059725508,0d24afce-9d3c-449e-ac9f-577eefefbd7e,1,470,ZFM-02600
pupil,stim,0.8499999999999998,51.02589543302618,7.977355489574961,0d24afce-9d3c-449e-ac9f-577eefefbd7e,1,470,ZFM-02600
pupil,stim,0.9499999999999997,52.51680010141287,9.468260157961652,0d24afce-9d3c-449e-ac9f-577eefefbd7e,1,470,ZFM-02600
pupil,stim,1.0499999999999996,53.89379462749038,10.845254684039162,0d24afce-9d3c-449e-ac9f-577eefefbd7e,1,470,ZFM-02600
pupil,stim,1.1499999999999997,55.08838188650518,12.039841943053965,0d24afce-9d3c-449e-ac9f-577eefefbd7e,1,470,ZFM-02600
pupil,stim,1.2499999999999998,56.228845723814736,13.180305780363518,0d24afce-9d3c-449e-ac9f-577eefefbd7e,1,470,ZFM-02600
pupil,stim,1.3499999999999996,56.82262141628418,13.774081472832961,0d24afce-9d3c-449e-ac9f-577eefefbd7e,1,470,ZFM-02600
pupil,stim,1.4499999999999995,57.518898148093804,14.470358204642586,0d24afce-9d3c-449e-ac9f-577eefefbd7e,1,470,ZFM-02600
pupil,stim,1.5499999999999996,57.799118219242736,14.750578275791518,0d24afce-9d3c-449e-ac9f-577eefefbd7e,1,470,ZFM-02600
pupil,stim,1.6499999999999997,58.09762838601591,15.049088442564695,0d24afce-9d3c-449e-ac9f-577eefefbd7e,1,470,ZFM-02600
pupil,stim,1.7499999999999996,58.35372191259489,15.305181969143675,0d24afce-9d3c-449e-ac9f-577eefefbd7e,1,470,ZFM-02600
pupil,stim,1.8499999999999994,58.264548218948676,15.216008275497458,0d24afce-9d3c-449e-ac9f-577eefefbd7e,1,470,ZFM-02600
pupil,stim,1.9499999999999995,58.02912706634952,14.9805871228983,0d24afce-9d3c-449e-ac9f-577eefefbd7e,1,470,ZFM-02600
pupil,stim,2.0499999999999994,57.379531119922405,14.330991176471187,0d24afce-9d3c-449e-ac9f-577eefefbd7e,1,470,ZFM-02600
pupil,stim,2.1499999999999995,56.54690030340717,13.498360359955953,0d24afce-9d3c-449e-ac9f-577eefefbd7e,1,470,ZFM-02600
pupil,stim,2.249999999999999,55.928454393235626,12.879914449784408,0d24afce-9d3c-449e-ac9f-577eefefbd7e,1,470,ZFM-02600
pupil,stim,2.349999999999999,55.32514038353455,12.276600440083335,0d24afce-9d3c-449e-ac9f-577eefefbd7e,1,470,ZFM-02600
pupil,stim,2.4499999999999993,54.51134215257641,11.462802209125194,0d24afce-9d3c-449e-ac9f-577eefefbd7e,1,470,ZFM-02600
pupil,stim,2.549999999999999,53.58094768628215,10.532407742830934,0d24afce-9d3c-449e-ac9f-577eefefbd7e,1,470,ZFM-02600
pupil,stim,2.649999999999999,52.41553822956735,9.366998286116136,0d24afce-9d3c-449e-ac9f-577eefefbd7e,1,470,ZFM-02600
pupil,stim,2.749999999999999,51.381759466481945,8.333219523030728,0d24afce-9d3c-449e-ac9f-577eefefbd7e,1,470,ZFM-02600
pupil,stim,2.849999999999999,50.6780434334776,7.62950349002638,0d24afce-9d3c-449e-ac9f-577eefefbd7e,1,470,ZFM-02600
pupil,stim,2.9499999999999993,50.049698441324914,7.001158497873696,0d24afce-9d3c-449e-ac9f-577eefefbd7e,1,470,ZFM-02600
pupil,stim,3.049999999999999,49.2837653467434,6.235225403292183,0d24afce-9d3c-449e-ac9f-577eefefbd7e,1,470,ZFM-02600
pupil,stim,3.149999999999999,48.45268893385944,5.404148990408224,0d24afce-9d3c-449e-ac9f-577eefefbd7e,1,470,ZFM-02600
pupil,stim,3.249999999999999,47.669504695142145,4.620964751690927,0d24afce-9d3c-449e-ac9f-577eefefbd7e,1,470,ZFM-02600
pupil,stim,3.3499999999999988,47.23046290393795,4.18192296048673,0d24afce-9d3c-449e-ac9f-577eefefbd7e,1,470,ZFM-02600
pupil,stim,3.449999999999999,46.921091390976265,3.8725514475250478,0d24afce-9d3c-449e-ac9f-577eefefbd7e,1,470,ZFM-02600
pupil,stim,3.549999999999999,46.48694149362922,3.438401550178,0d24afce-9d3c-449e-ac9f-577eefefbd7e,1,470,ZFM-02600
pupil,stim,3.649999999999999,46.49072671243267,3.4421867689814505,0d24afce-9d3c-449e-ac9f-577eefefbd7e,1,470,ZFM-02600
pupil,stim,3.749999999999999,46.90158779358935,3.8530478501381324,0d24afce-9d3c-449e-ac9f-577eefefbd7e,1,470,ZFM-02600
pupil,stim,3.8499999999999988,47.63874896915931,4.590209025708091,0d24afce-9d3c-449e-ac9f-577eefefbd7e,1,470,ZFM-02600
pupil,stim,3.949999999999999,48.058312553331376,5.009772609880159,0d24afce-9d3c-449e-ac9f-577eefefbd7e,1,470,ZFM-02600
pupil,no_stim,-0.45,39.95861372999849,2.8654085382132592,0d24afce-9d3c-449e-ac9f-577eefefbd7e,1,396,ZFM-02600
pupil,no_stim,-0.35000000000000003,38.189915782325095,1.096710590539864,0d24afce-9d3c-449e-ac9f-577eefefbd7e,1,396,ZFM-02600
pupil,no_stim,-0.25000000000000006,36.53605490023756,-0.5571502915476714,0d24afce-9d3c-449e-ac9f-577eefefbd7e,1,396,ZFM-02600
pupil,no_stim,-0.15000000000000008,35.48352277292915,-1.6096824188560817,0d24afce-9d3c-449e-ac9f-577eefefbd7e,1,396,ZFM-02600
pupil,no_stim,-0.050000000000000086,35.29791877343583,-1.7952864183493986,0d24afce-9d3c-449e-ac9f-577eefefbd7e,1,396,ZFM-02600
pupil,no_stim,0.04999999999999989,35.59015573414872,-1.5030494576365072,0d24afce-9d3c-449e-ac9f-577eefefbd7e,1,396,ZFM-02600
pupil,no_stim,0.14999999999999986,36.43259757014504,-0.6606076216401888,0d24afce-9d3c-449e-ac9f-577eefefbd7e,1,396,ZFM-02600
pupil,no_stim,0.24999999999999983,37.34422413860638,0.2510189468211479,0d24afce-9d3c-449e-ac9f-577eefefbd7e,1,396,ZFM-02600
pupil,no_stim,0.3499999999999998,38.78751689493938,1.694311703154149,0d24afce-9d3c-449e-ac9f-577eefefbd7e,1,396,ZFM-02600
pupil,no_stim,0.4499999999999998,40.21641517307189,3.1232099812866565,0d24afce-9d3c-449e-ac9f-577eefefbd7e,1,396,ZFM-02600
pupil,no_stim,0.5499999999999998,41.89802421506725,4.804819023282022,0d24afce-9d3c-449e-ac9f-577eefefbd7e,1,396,ZFM-02600
pupil,no_stim,0.6499999999999998,44.3047334680002,7.21152827621497,0d24afce-9d3c-449e-ac9f-577eefefbd7e,1,396,ZFM-02600
pupil,no_stim,0.7499999999999998,47.350980150984604,10.257774959199374,0d24afce-9d3c-449e-ac9f-577eefefbd7e,1,396,ZFM-02600
pupil,no_stim,0.8499999999999998,50.63516393125859,13.541958739473358,0d24afce-9d3c-449e-ac9f-577eefefbd7e,1,396,ZFM-02600
pupil,no_stim,0.9499999999999997,53.35428377882895,16.26107858704372,0d24afce-9d3c-449e-ac9f-577eefefbd7e,1,396,ZFM-02600
pupil,no_stim,1.0499999999999996,55.36801960082646,18.274814409041227,0d24afce-9d3c-449e-ac9f-577eefefbd7e,1,396,ZFM-02600
pupil,no_stim,1.1499999999999997,56.57125104830182,19.478045856516587,0d24afce-9d3c-449e-ac9f-577eefefbd7e,1,396,ZFM-02600
pupil,no_stim,1.2499999999999998,57.25797705300408,20.164771861218853,0d24afce-9d3c-449e-ac9f-577eefefbd7e,1,396,ZFM-02600
pupil,no_stim,1.3499999999999996,57.60240075748654,20.50919556570131,0d24afce-9d3c-449e-ac9f-577eefefbd7e,1,396,ZFM-02600
pupil,no_stim,1.4499999999999995,57.4598357815163,20.366630589731066,0d24afce-9d3c-449e-ac9f-577eefefbd7e,1,396,ZFM-02600
pupil,no_stim,1.5499999999999996,56.65088355844533,19.5576783666601,0d24afce-9d3c-449e-ac9f-577eefefbd7e,1,396,ZFM-02600
pupil,no_stim,1.6499999999999997,55.67306853741186,18.579863345626627,0d24afce-9d3c-449e-ac9f-577eefefbd7e,1,396,ZFM-02600
pupil,no_stim,1.7499999999999996,54.81883739435223,17.725632202567,0d24afce-9d3c-449e-ac9f-577eefefbd7e,1,396,ZFM-02600
pupil,no_stim,1.8499999999999994,53.80715470163156,16.71394950984633,0d24afce-9d3c-449e-ac9f-577eefefbd7e,1,396,ZFM-02600
pupil,no_stim,1.9499999999999995,53.2477140725856,16.15450888080037,0d24afce-9d3c-449e-ac9f-577eefefbd7e,1,396,ZFM-02600
pupil,no_stim,2.0499999999999994,52.7745234628587,15.681318271073472,0d24afce-9d3c-449e-ac9f-577eefefbd7e,1,396,ZFM-02600
pupil,no_stim,2.1499999999999995,52.2644818843093,15.171276692524067,0d24afce-9d3c-449e-ac9f-577eefefbd7e,1,396,ZFM-02600
pupil,no_stim,2.249999999999999,51.85211621156735,14.758911019782119,0d24afce-9d3c-449e-ac9f-577eefefbd7e,1,396,ZFM-02600
pupil,no_stim,2.349999999999999,51.19184248332225,14.098637291537017,0d24afce-9d3c-449e-ac9f-577eefefbd7e,1,396,ZFM-02600
pupil,no_stim,2.4499999999999993,50.38737680046604,13.294171608680813,0d24afce-9d3c-449e-ac9f-577eefefbd7e,1,396,ZFM-02600
pupil,no_stim,2.549999999999999,49.38085488087721,12.287649689091978,0d24afce-9d3c-449e-ac9f-577eefefbd7e,1,396,ZFM-02600
pupil,no_stim,2.649999999999999,48.35653427295751,11.26332908117228,0d24afce-9d3c-449e-ac9f-577eefefbd7e,1,396,ZFM-02600
pupil,no_stim,2.749999999999999,47.43214565118414,10.338940459398913,0d24afce-9d3c-449e-ac9f-577eefefbd7e,1,396,ZFM-02600
pupil,no_stim,2.849999999999999,46.78528855964013,9.692083367854899,0d24afce-9d3c-449e-ac9f-577eefefbd7e,1,396,ZFM-02600
pupil,no_stim,2.9499999999999993,45.83246868897023,8.739263497185,0d24afce-9d3c-449e-ac9f-577eefefbd7e,1,396,ZFM-02600
pupil,no_stim,3.049999999999999,44.78030629129934,7.687101099514109,0d24afce-9d3c-449e-ac9f-577eefefbd7e,1,396,ZFM-02600
pupil,no_stim,3.149999999999999,43.965889151664264,6.8726839598790335,0d24afce-9d3c-449e-ac9f-577eefefbd7e,1,396,ZFM-02600
pupil,no_stim,3.249999999999999,43.5733607878836,6.4801555960983706,0d24afce-9d3c-449e-ac9f-577eefefbd7e,1,396,ZFM-02600
pupil,no_stim,3.3499999999999988,43.42366508103331,6.330459889248083,0d24afce-9d3c-449e-ac9f-577eefefbd7e,1,396,ZFM-02600
pupil,no_stim,3.449999999999999,43.42262205287933,6.329416861094103,0d24afce-9d3c-449e-ac9f-577eefefbd7e,1,396,ZFM-02600
pupil,no_stim,3.549999999999999,43.08375588353745,5.990550691752219,0d24afce-9d3c-449e-ac9f-577eefefbd7e,1,396,ZFM-02600
pupil,no_stim,3.649999999999999,42.428339110745426,5.335133918960196,0d24afce-9d3c-449e-ac9f-577eefefbd7e,1,396,ZFM-02600
pupil,no_stim,3.749999999999999,41.84026077942215,4.747055587636922,0d24afce-9d3c-449e-ac9f-577eefefbd7e,1,396,ZFM-02600
pupil,no_stim,3.8499999999999988,41.65849638387841,4.565291192093177,0d24afce-9d3c-449e-ac9f-577eefefbd7e,1,396,ZFM-02600
pupil,no_stim,3.949999999999999,41.83858149715532,4.745376305370087,0d24afce-9d3c-449e-ac9f-577eefefbd7e,1,396,ZFM-02600
pupil,stim,-0.45,35.20855804447869,2.3374401788875474,c8f68575-e5a8-4960-a690-0149c5c4683f,1,309,ZFM-02600
pupil,stim,-0.35000000000000003,33.77884272932454,0.9077248637333923,c8f68575-e5a8-4960-a690-0149c5c4683f,1,309,ZFM-02600
pupil,stim,-0.25000000000000006,32.7876974709979,-0.08342039459324724,c8f68575-e5a8-4960-a690-0149c5c4683f,1,309,ZFM-02600
pupil,stim,-0.15000000000000008,31.794211709938395,-1.0769061556527504,c8f68575-e5a8-4960-a690-0149c5c4683f,1,309,ZFM-02600
pupil,stim,-0.050000000000000086,30.7862793732162,-2.0848384923749457,c8f68575-e5a8-4960-a690-0149c5c4683f,1,309,ZFM-02600
pupil,stim,0.04999999999999989,30.17062879158343,-2.7004890740077165,c8f68575-e5a8-4960-a690-0149c5c4683f,1,309,ZFM-02600
pupil,stim,0.14999999999999986,30.33849919771916,-2.5326186678719864,c8f68575-e5a8-4960-a690-0149c5c4683f,1,309,ZFM-02600
pupil,stim,0.24999999999999983,30.53177081285149,-2.3393470527396545,c8f68575-e5a8-4960-a690-0149c5c4683f,1,309,ZFM-02600
pupil,stim,0.3499999999999998,30.545903189919088,-2.3252146756720578,c8f68575-e5a8-4960-a690-0149c5c4683f,1,309,ZFM-02600
pupil,stim,0.4499999999999998,31.14347303353468,-1.7276448320564661,c8f68575-e5a8-4960-a690-0149c5c4683f,1,309,ZFM-02600
pupil,stim,0.5499999999999998,33.07685953920526,0.20574167361411355,c8f68575-e5a8-4960-a690-0149c5c4683f,1,309,ZFM-02600
pupil,stim,0.6499999999999998,36.26488471223341,3.393766846642265,c8f68575-e5a8-4960-a690-0149c5c4683f,1,309,ZFM-02600
pupil,stim,0.7499999999999998,39.49775757370126,6.626639708110112,c8f68575-e5a8-4960-a690-0149c5c4683f,1,309,ZFM-02600
pupil,stim,0.8499999999999998,42.23580794944861,9.364690083857468,c8f68575-e5a8-4960-a690-0149c5c4683f,1,309,ZFM-02600
pupil,stim,0.9499999999999997,43.9496143784169,11.078496512825758,c8f68575-e5a8-4960-a690-0149c5c4683f,1,309,ZFM-02600
pupil,stim,1.0499999999999996,44.98634858222604,12.115230716634898,c8f68575-e5a8-4960-a690-0149c5c4683f,1,309,ZFM-02600
pupil,stim,1.1499999999999997,46.03873959534353,13.167621729752383,c8f68575-e5a8-4960-a690-0149c5c4683f,1,309,ZFM-02600
pupil,stim,1.2499999999999998,46.99996310102643,14.128845235435286,c8f68575-e5a8-4960-a690-0149c5c4683f,1,309,ZFM-02600
pupil,stim,1.3499999999999996,47.94599132884235,15.074873463251201,c8f68575-e5a8-4960-a690-0149c5c4683f,1,309,ZFM-02600
pupil,stim,1.4499999999999995,48.63427227606339,15.763154410472247,c8f68575-e5a8-4960-a690-0149c5c4683f,1,309,ZFM-02600
pupil,stim,1.5499999999999996,48.90994677502782,16.038828909436674,c8f68575-e5a8-4960-a690-0149c5c4683f,1,309,ZFM-02600
pupil,stim,1.6499999999999997,48.881082445659615,16.00996458006847,c8f68575-e5a8-4960-a690-0149c5c4683f,1,309,ZFM-02600
pupil,stim,1.7499999999999996,48.45257123533903,15.581453369747884,c8f68575-e5a8-4960-a690-0149c5c4683f,1,309,ZFM-02600
pupil,stim,1.8499999999999994,47.775422174887275,14.90430430929613,c8f68575-e5a8-4960-a690-0149c5c4683f,1,309,ZFM-02600
pupil,stim,1.9499999999999995,47.00188079470803,14.130762929116884,c8f68575-e5a8-4960-a690-0149c5c4683f,1,309,ZFM-02600
pupil,stim,2.0499999999999994,46.36111537175333,13.489997506162183,c8f68575-e5a8-4960-a690-0149c5c4683f,1,309,ZFM-02600
pupil,stim,2.1499999999999995,45.84173136443398,12.970613498842837,c8f68575-e5a8-4960-a690-0149c5c4683f,1,309,ZFM-02600
pupil,stim,2.249999999999999,44.616267281084774,11.745149415493628,c8f68575-e5a8-4960-a690-0149c5c4683f,1,309,ZFM-02600
pupil,stim,2.349999999999999,43.507732811394824,10.636614945803679,c8f68575-e5a8-4960-a690-0149c5c4683f,1,309,ZFM-02600
pupil,stim,2.4499999999999993,42.66423934285447,9.793121477263327,c8f68575-e5a8-4960-a690-0149c5c4683f,1,309,ZFM-02600
pupil,stim,2.549999999999999,42.140727956739646,9.2696100911485,c8f68575-e5a8-4960-a690-0149c5c4683f,1,309,ZFM-02600
pupil,stim,2.649999999999999,41.668594691402156,8.79747682581101,c8f68575-e5a8-4960-a690-0149c5c4683f,1,309,ZFM-02600
pupil,stim,2.749999999999999,40.60289166364839,7.731773798057247,c8f68575-e5a8-4960-a690-0149c5c4683f,1,309,ZFM-02600
pupil,stim,2.849999999999999,39.606494443548264,6.735376577957119,c8f68575-e5a8-4960-a690-0149c5c4683f,1,309,ZFM-02600
pupil,stim,2.9499999999999993,39.019473712951935,6.14835584736079,c8f68575-e5a8-4960-a690-0149c5c4683f,1,309,ZFM-02600
pupil,stim,3.049999999999999,38.46526346869216,5.594145603101012,c8f68575-e5a8-4960-a690-0149c5c4683f,1,309,ZFM-02600
pupil,stim,3.149999999999999,38.067444822944346,5.1963269573532,c8f68575-e5a8-4960-a690-0149c5c4683f,1,309,ZFM-02600
pupil,stim,3.249999999999999,38.013796460971236,5.14267859538009,c8f68575-e5a8-4960-a690-0149c5c4683f,1,309,ZFM-02600
pupil,stim,3.3499999999999988,38.10129392851247,5.230176062921323,c8f68575-e5a8-4960-a690-0149c5c4683f,1,309,ZFM-02600
pupil,stim,3.449999999999999,37.99921619533867,5.128098329747523,c8f68575-e5a8-4960-a690-0149c5c4683f,1,309,ZFM-02600
pupil,stim,3.549999999999999,37.86863130047063,4.997513434879487,c8f68575-e5a8-4960-a690-0149c5c4683f,1,309,ZFM-02600
pupil,stim,3.649999999999999,37.727347861481746,4.856229995890601,c8f68575-e5a8-4960-a690-0149c5c4683f,1,309,ZFM-02600
pupil,stim,3.749999999999999,37.68051982692307,4.809401961331922,c8f68575-e5a8-4960-a690-0149c5c4683f,1,309,ZFM-02600
pupil,stim,3.8499999999999988,37.65912513460519,4.788007269014045,c8f68575-e5a8-4960-a690-0149c5c4683f,1,309,ZFM-02600
pupil,stim,3.949999999999999,38.06331640328815,5.192198537697003,c8f68575-e5a8-4960-a690-0149c5c4683f,1,309,ZFM-02600
pupil,no_stim,-0.45,32.10788901708133,1.8911647000632144,c8f68575-e5a8-4960-a690-0149c5c4683f,1,345,ZFM-02600
pupil,no_stim,-0.35000000000000003,30.78879722995553,0.5720729129374185,c8f68575-e5a8-4960-a690-0149c5c4683f,1,345,ZFM-02600
pupil,no_stim,-0.25000000000000006,29.702957367980638,-0.5137669490374748,c8f68575-e5a8-4960-a690-0149c5c4683f,1,345,ZFM-02600
pupil,no_stim,-0.15000000000000008,29.248691333853014,-0.9680329831650987,c8f68575-e5a8-4960-a690-0149c5c4683f,1,345,ZFM-02600
pupil,no_stim,-0.050000000000000086,29.235286636220025,-0.9814376807980878,c8f68575-e5a8-4960-a690-0149c5c4683f,1,345,ZFM-02600
pupil,no_stim,0.04999999999999989,29.260803763589227,-0.9559205534288857,c8f68575-e5a8-4960-a690-0149c5c4683f,1,345,ZFM-02600
pupil,no_stim,0.14999999999999986,28.970017101378197,-1.2467072156399155,c8f68575-e5a8-4960-a690-0149c5c4683f,1,345,ZFM-02600
pupil,no_stim,0.24999999999999983,28.697627691281642,-1.51909662573647,c8f68575-e5a8-4960-a690-0149c5c4683f,1,345,ZFM-02600
pupil,no_stim,0.3499999999999998,29.042949424270716,-1.1737748927473959,c8f68575-e5a8-4960-a690-0149c5c4683f,1,345,ZFM-02600
pupil,no_stim,0.4499999999999998,30.449208488539394,0.23248417152128198,c8f68575-e5a8-4960-a690-0149c5c4683f,1,345,ZFM-02600
pupil,no_stim,0.5499999999999998,32.964432947540125,2.7477086305220126,c8f68575-e5a8-4960-a690-0149c5c4683f,1,345,ZFM-02600
pupil,no_stim,0.6499999999999998,35.39441408365151,5.177689766633399,c8f68575-e5a8-4960-a690-0149c5c4683f,1,345,ZFM-02600
pupil,no_stim,0.7499999999999998,37.772481139502695,7.555756822484582,c8f68575-e5a8-4960-a690-0149c5c4683f,1,345,ZFM-02600
pupil,no_stim,0.8499999999999998,39.79694571039504,9.580221393376931,c8f68575-e5a8-4960-a690-0149c5c4683f,1,345,ZFM-02600
pupil,no_stim,0.9499999999999997,42.004285671380615,11.787561354362502,c8f68575-e5a8-4960-a690-0149c5c4683f,1,345,ZFM-02600
pupil,no_stim,1.0499999999999996,43.77984864372857,13.563124326710458,c8f68575-e5a8-4960-a690-0149c5c4683f,1,345,ZFM-02600
pupil,no_stim,1.1499999999999997,44.72053896484783,14.50381464782972,c8f68575-e5a8-4960-a690-0149c5c4683f,1,345,ZFM-02600
pupil,no_stim,1.2499999999999998,45.42722120200933,15.210496884991215,c8f68575-e5a8-4960-a690-0149c5c4683f,1,345,ZFM-02600
pupil,no_stim,1.3499999999999996,45.817590076090134,15.600865759072022,c8f68575-e5a8-4960-a690-0149c5c4683f,1,345,ZFM-02600
pupil,no_stim,1.4499999999999995,46.079627521691606,15.862903204673493,c8f68575-e5a8-4960-a690-0149c5c4683f,1,345,ZFM-02600
pupil,no_stim,1.5499999999999996,45.97093110523817,15.75420678822006,c8f68575-e5a8-4960-a690-0149c5c4683f,1,345,ZFM-02600
pupil,no_stim,1.6499999999999997,45.50944076038263,15.292716443364519,c8f68575-e5a8-4960-a690-0149c5c4683f,1,345,ZFM-02600
pupil,no_stim,1.7499999999999996,44.52569717812369,14.30897286110558,c8f68575-e5a8-4960-a690-0149c5c4683f,1,345,ZFM-02600
pupil,no_stim,1.8499999999999994,43.40626904834083,13.18954473132272,c8f68575-e5a8-4960-a690-0149c5c4683f,1,345,ZFM-02600
pupil,no_stim,1.9499999999999995,42.27014646776819,12.05342215075008,c8f68575-e5a8-4960-a690-0149c5c4683f,1,345,ZFM-02600
pupil,no_stim,2.0499999999999994,41.108024703979,10.891300386960886,c8f68575-e5a8-4960-a690-0149c5c4683f,1,345,ZFM-02600
pupil,no_stim,2.1499999999999995,40.106109561849834,9.889385244831722,c8f68575-e5a8-4960-a690-0149c5c4683f,1,345,ZFM-02600
pupil,no_stim,2.249999999999999,39.09744344936421,8.880719132346094,c8f68575-e5a8-4960-a690-0149c5c4683f,1,345,ZFM-02600
pupil,no_stim,2.349999999999999,38.08739715441496,7.870672837396846,c8f68575-e5a8-4960-a690-0149c5c4683f,1,345,ZFM-02600
pupil,no_stim,2.4499999999999993,36.95570388588389,6.73897956886578,c8f68575-e5a8-4960-a690-0149c5c4683f,1,345,ZFM-02600
pupil,no_stim,2.549999999999999,35.826961763036714,5.610237446018601,c8f68575-e5a8-4960-a690-0149c5c4683f,1,345,ZFM-02600
pupil,no_stim,2.649999999999999,34.89336688835882,4.676642571340707,c8f68575-e5a8-4960-a690-0149c5c4683f,1,345,ZFM-02600
pupil,no_stim,2.749999999999999,34.26177609446704,4.045051777448926,c8f68575-e5a8-4960-a690-0149c5c4683f,1,345,ZFM-02600
pupil,no_stim,2.849999999999999,33.87570939486226,3.65898507784415,c8f68575-e5a8-4960-a690-0149c5c4683f,1,345,ZFM-02600
pupil,no_stim,2.9499999999999993,33.57795783838935,3.36123352137124,c8f68575-e5a8-4960-a690-0149c5c4683f,1,345,ZFM-02600
pupil,no_stim,3.049999999999999,33.40276618154165,3.1860418645235384,c8f68575-e5a8-4960-a690-0149c5c4683f,1,345,ZFM-02600
pupil,no_stim,3.149999999999999,33.3067355308919,3.0900112138737867,c8f68575-e5a8-4960-a690-0149c5c4683f,1,345,ZFM-02600
pupil,no_stim,3.249999999999999,33.09528936275999,2.8785650457418797,c8f68575-e5a8-4960-a690-0149c5c4683f,1,345,ZFM-02600
pupil,no_stim,3.3499999999999988,32.90496047319173,2.688236156173616,c8f68575-e5a8-4960-a690-0149c5c4683f,1,345,ZFM-02600
pupil,no_stim,3.449999999999999,32.77566794720876,2.5589436301906474,c8f68575-e5a8-4960-a690-0149c5c4683f,1,345,ZFM-02600
pupil,no_stim,3.549999999999999,32.82719708317846,2.610472766160349,c8f68575-e5a8-4960-a690-0149c5c4683f,1,345,ZFM-02600
pupil,no_stim,3.649999999999999,32.70930155024204,2.492577233223926,c8f68575-e5a8-4960-a690-0149c5c4683f,1,345,ZFM-02600
pupil,no_stim,3.749999999999999,32.55431964667344,2.337595329655329,c8f68575-e5a8-4960-a690-0149c5c4683f,1,345,ZFM-02600
pupil,no_stim,3.8499999999999988,32.44902294458112,2.2322986275630043,c8f68575-e5a8-4960-a690-0149c5c4683f,1,345,ZFM-02600
pupil,no_stim,3.949999999999999,32.708923283697175,2.4921989666790623,c8f68575-e5a8-4960-a690-0149c5c4683f,1,345,ZFM-02600
pupil,stim,-0.45,36.890016821244814,1.8032051579375192,5b7e1b65-b844-4fe8-b19e-1c3175290a63,1,354,ZFM-02600
pupil,stim,-0.35000000000000003,36.05814942713635,0.9713377638290552,5b7e1b65-b844-4fe8-b19e-1c3175290a63,1,354,ZFM-02600
pupil,stim,-0.25000000000000006,35.20658818368454,0.1197765203772434,5b7e1b65-b844-4fe8-b19e-1c3175290a63,1,354,ZFM-02600
pupil,stim,-0.15000000000000008,34.24059473257609,-0.8462169307312024,5b7e1b65-b844-4fe8-b19e-1c3175290a63,1,354,ZFM-02600
pupil,stim,-0.050000000000000086,33.03870915189466,-2.0481025114126368,5b7e1b65-b844-4fe8-b19e-1c3175290a63,1,354,ZFM-02600
pupil,stim,0.04999999999999989,31.955939017876076,-3.130872645431218,5b7e1b65-b844-4fe8-b19e-1c3175290a63,1,354,ZFM-02600
pupil,stim,0.14999999999999986,31.439643140705602,-3.6471685226016923,5b7e1b65-b844-4fe8-b19e-1c3175290a63,1,354,ZFM-02600
pupil,stim,0.24999999999999983,31.38499632871771,-3.701815334589586,5b7e1b65-b844-4fe8-b19e-1c3175290a63,1,354,ZFM-02600
pupil,stim,0.3499999999999998,31.841562859508404,-3.2452488037988907,5b7e1b65-b844-4fe8-b19e-1c3175290a63,1,354,ZFM-02600
pupil,stim,0.4499999999999998,33.564902178376045,-1.5219094849312498,5b7e1b65-b844-4fe8-b19e-1c3175290a63,1,354,ZFM-02600
pupil,stim,0.5499999999999998,36.468810353065216,1.3819986897579213,5b7e1b65-b844-4fe8-b19e-1c3175290a63,1,354,ZFM-02600
pupil,stim,0.6499999999999998,40.00069860249026,4.913886939182966,5b7e1b65-b844-4fe8-b19e-1c3175290a63,1,354,ZFM-02600
pupil,stim,0.7499999999999998,42.949980110366184,7.863168447058889,5b7e1b65-b844-4fe8-b19e-1c3175290a63,1,354,ZFM-02600
pupil,stim,0.8499999999999998,44.716407857088974,9.62959619378168,5b7e1b65-b844-4fe8-b19e-1c3175290a63,1,354,ZFM-02600
pupil,stim,0.9499999999999997,46.17920282329985,11.092391159992559,5b7e1b65-b844-4fe8-b19e-1c3175290a63,1,354,ZFM-02600
pupil,stim,1.0499999999999996,47.73240198669046,12.645590323383168,5b7e1b65-b844-4fe8-b19e-1c3175290a63,1,354,ZFM-02600
pupil,stim,1.1499999999999997,49.37042340199514,14.283611738687846,5b7e1b65-b844-4fe8-b19e-1c3175290a63,1,354,ZFM-02600
pupil,stim,1.2499999999999998,50.79901579533316,15.712204132025867,5b7e1b65-b844-4fe8-b19e-1c3175290a63,1,354,ZFM-02600
pupil,stim,1.3499999999999996,51.60976600393781,16.522954340630513,5b7e1b65-b844-4fe8-b19e-1c3175290a63,1,354,ZFM-02600
pupil,stim,1.4499999999999995,51.922567411364135,16.83575574805684,5b7e1b65-b844-4fe8-b19e-1c3175290a63,1,354,ZFM-02600
pupil,stim,1.5499999999999996,51.93100333945729,16.844191676149997,5b7e1b65-b844-4fe8-b19e-1c3175290a63,1,354,ZFM-02600
pupil,stim,1.6499999999999997,51.618915805203585,16.53210414189629,5b7e1b65-b844-4fe8-b19e-1c3175290a63,1,354,ZFM-02600
pupil,stim,1.7499999999999996,50.859811590494694,15.7729999271874,5b7e1b65-b844-4fe8-b19e-1c3175290a63,1,354,ZFM-02600
pupil,stim,1.8499999999999994,50.10894046379293,15.022128800485639,5b7e1b65-b844-4fe8-b19e-1c3175290a63,1,354,ZFM-02600
pupil,stim,1.9499999999999995,49.03490808932935,13.948096426022055,5b7e1b65-b844-4fe8-b19e-1c3175290a63,1,354,ZFM-02600
pupil,stim,2.0499999999999994,48.24050549673268,13.153693833425386,5b7e1b65-b844-4fe8-b19e-1c3175290a63,1,354,ZFM-02600
pupil,stim,2.1499999999999995,47.67626881904805,12.589457155740753,5b7e1b65-b844-4fe8-b19e-1c3175290a63,1,354,ZFM-02600
pupil,stim,2.249999999999999,46.97854440484206,11.891732741534767,5b7e1b65-b844-4fe8-b19e-1c3175290a63,1,354,ZFM-02600
pupil,stim,2.349999999999999,46.64353828697303,11.556726623665739,5b7e1b65-b844-4fe8-b19e-1c3175290a63,1,354,ZFM-02600
pupil,stim,2.4499999999999993,46.03183049072501,10.945018827417712,5b7e1b65-b844-4fe8-b19e-1c3175290a63,1,354,ZFM-02600
pupil,stim,2.549999999999999,45.2349154390333,10.148103775726007,5b7e1b65-b844-4fe8-b19e-1c3175290a63,1,354,ZFM-02600
pupil,stim,2.649999999999999,44.691969133927614,9.60515747062032,5b7e1b65-b844-4fe8-b19e-1c3175290a63,1,354,ZFM-02600
pupil,stim,2.749999999999999,44.073016042659006,8.986204379351712,5b7e1b65-b844-4fe8-b19e-1c3175290a63,1,354,ZFM-02600
pupil,stim,2.849999999999999,43.309912079474984,8.22310041616769,5b7e1b65-b844-4fe8-b19e-1c3175290a63,1,354,ZFM-02600
pupil,stim,2.9499999999999993,42.32713174670698,7.240320083399688,5b7e1b65-b844-4fe8-b19e-1c3175290a63,1,354,ZFM-02600
pupil,stim,3.049999999999999,41.48658988490096,6.399778221593664,5b7e1b65-b844-4fe8-b19e-1c3175290a63,1,354,ZFM-02600
pupil,stim,3.149999999999999,40.88648476925333,5.7996731059460345,5b7e1b65-b844-4fe8-b19e-1c3175290a63,1,354,ZFM-02600
pupil,stim,3.249999999999999,39.92721232601892,4.840400662711623,5b7e1b65-b844-4fe8-b19e-1c3175290a63,1,354,ZFM-02600
pupil,stim,3.3499999999999988,38.8588810595644,3.772069396257109,5b7e1b65-b844-4fe8-b19e-1c3175290a63,1,354,ZFM-02600
pupil,stim,3.449999999999999,37.77200898406107,2.6851973207537725,5b7e1b65-b844-4fe8-b19e-1c3175290a63,1,354,ZFM-02600
pupil,stim,3.549999999999999,36.92578919252315,1.8389775292158532,5b7e1b65-b844-4fe8-b19e-1c3175290a63,1,354,ZFM-02600
pupil,stim,3.649999999999999,36.20488419918596,1.1180725358786674,5b7e1b65-b844-4fe8-b19e-1c3175290a63,1,354,ZFM-02600
pupil,stim,3.749999999999999,35.659356179845595,0.5725445165383007,5b7e1b65-b844-4fe8-b19e-1c3175290a63,1,354,ZFM-02600
pupil,stim,3.8499999999999988,35.51579652226138,0.4289848589540881,5b7e1b65-b844-4fe8-b19e-1c3175290a63,1,354,ZFM-02600
pupil,stim,3.949999999999999,35.56150904181496,0.47469737850766336,5b7e1b65-b844-4fe8-b19e-1c3175290a63,1,354,ZFM-02600
pupil,no_stim,-0.45,35.7688370198495,1.763954089097119,5b7e1b65-b844-4fe8-b19e-1c3175290a63,1,342,ZFM-02600
pupil,no_stim,-0.35000000000000003,34.46953180554919,0.46464887479680783,5b7e1b65-b844-4fe8-b19e-1c3175290a63,1,342,ZFM-02600
pupil,no_stim,-0.25000000000000006,33.73142652143382,-0.2734564093185625,5b7e1b65-b844-4fe8-b19e-1c3175290a63,1,342,ZFM-02600
pupil,no_stim,-0.15000000000000008,33.39126136643411,-0.6136215643182723,5b7e1b65-b844-4fe8-b19e-1c3175290a63,1,342,ZFM-02600
pupil,no_stim,-0.050000000000000086,32.66335794049531,-1.3415249902570707,5b7e1b65-b844-4fe8-b19e-1c3175290a63,1,342,ZFM-02600
pupil,no_stim,0.04999999999999989,31.990053991328526,-2.014828939423854,5b7e1b65-b844-4fe8-b19e-1c3175290a63,1,342,ZFM-02600
pupil,no_stim,0.14999999999999986,31.498442767476725,-2.5064401632756557,5b7e1b65-b844-4fe8-b19e-1c3175290a63,1,342,ZFM-02600
pupil,no_stim,0.24999999999999983,31.248601535769204,-2.7562813949831764,5b7e1b65-b844-4fe8-b19e-1c3175290a63,1,342,ZFM-02600
pupil,no_stim,0.3499999999999998,31.822840196122346,-2.182042734630034,5b7e1b65-b844-4fe8-b19e-1c3175290a63,1,342,ZFM-02600
pupil,no_stim,0.4499999999999998,33.50010444434113,-0.5047784864112472,5b7e1b65-b844-4fe8-b19e-1c3175290a63,1,342,ZFM-02600
pupil,no_stim,0.5499999999999998,36.40683443902265,2.4019515082702725,5b7e1b65-b844-4fe8-b19e-1c3175290a63,1,342,ZFM-02600
pupil,no_stim,0.6499999999999998,39.681095782947466,5.676212852195086,5b7e1b65-b844-4fe8-b19e-1c3175290a63,1,342,ZFM-02600
pupil,no_stim,0.7499999999999998,42.60472831757495,8.599845386822572,5b7e1b65-b844-4fe8-b19e-1c3175290a63,1,342,ZFM-02600
pupil,no_stim,0.8499999999999998,45.3559099607141,11.35102702996172,5b7e1b65-b844-4fe8-b19e-1c3175290a63,1,342,ZFM-02600
pupil,no_stim,0.9499999999999997,47.93954985544258,13.934666924690198,5b7e1b65-b844-4fe8-b19e-1c3175290a63,1,342,ZFM-02600
pupil,no_stim,1.0499999999999996,50.37408863645643,16.369205705704047,5b7e1b65-b844-4fe8-b19e-1c3175290a63,1,342,ZFM-02600
pupil,no_stim,1.1499999999999997,51.56831814447833,17.563435213725953,5b7e1b65-b844-4fe8-b19e-1c3175290a63,1,342,ZFM-02600
pupil,no_stim,1.2499999999999998,51.9552781964747,17.95039526572232,5b7e1b65-b844-4fe8-b19e-1c3175290a63,1,342,ZFM-02600
pupil,no_stim,1.3499999999999996,51.72696028582113,17.72207735506875,5b7e1b65-b844-4fe8-b19e-1c3175290a63,1,342,ZFM-02600
pupil,no_stim,1.4499999999999995,51.17032962002933,17.165446689276948,5b7e1b65-b844-4fe8-b19e-1c3175290a63,1,342,ZFM-02600
pupil,no_stim,1.5499999999999996,50.755215009109854,16.750332078357474,5b7e1b65-b844-4fe8-b19e-1c3175290a63,1,342,ZFM-02600
pupil,no_stim,1.6499999999999997,50.76850358278231,16.76362065202993,5b7e1b65-b844-4fe8-b19e-1c3175290a63,1,342,ZFM-02600
pupil,no_stim,1.7499999999999996,50.454296271895345,16.449413341142964,5b7e1b65-b844-4fe8-b19e-1c3175290a63,1,342,ZFM-02600
pupil,no_stim,1.8499999999999994,49.75693287669165,15.75204994593927,5b7e1b65-b844-4fe8-b19e-1c3175290a63,1,342,ZFM-02600
pupil,no_stim,1.9499999999999995,48.62345417207192,14.618571241319543,5b7e1b65-b844-4fe8-b19e-1c3175290a63,1,342,ZFM-02600
pupil,no_stim,2.0499999999999994,47.88779479371032,13.88291186295794,5b7e1b65-b844-4fe8-b19e-1c3175290a63,1,342,ZFM-02600
pupil,no_stim,2.1499999999999995,47.383607425917425,13.378724495165045,5b7e1b65-b844-4fe8-b19e-1c3175290a63,1,342,ZFM-02600
pupil,no_stim,2.249999999999999,46.44894473886507,12.444061808112693,5b7e1b65-b844-4fe8-b19e-1c3175290a63,1,342,ZFM-02600
pupil,no_stim,2.349999999999999,45.411882204942195,11.406999274189815,5b7e1b65-b844-4fe8-b19e-1c3175290a63,1,342,ZFM-02600
pupil,no_stim,2.4499999999999993,44.50612615540973,10.501243224657351,5b7e1b65-b844-4fe8-b19e-1c3175290a63,1,342,ZFM-02600
pupil,no_stim,2.549999999999999,43.89496349198838,9.890080561235997,5b7e1b65-b844-4fe8-b19e-1c3175290a63,1,342,ZFM-02600
pupil,no_stim,2.649999999999999,43.263762761395355,9.258879830642975,5b7e1b65-b844-4fe8-b19e-1c3175290a63,1,342,ZFM-02600
pupil,no_stim,2.749999999999999,42.31296857651815,8.308085645765772,5b7e1b65-b844-4fe8-b19e-1c3175290a63,1,342,ZFM-02600
pupil,no_stim,2.849999999999999,41.39992981867709,7.395046887924707,5b7e1b65-b844-4fe8-b19e-1c3175290a63,1,342,ZFM-02600
pupil,no_stim,2.9499999999999993,40.64676021461279,6.64187728386041,5b7e1b65-b844-4fe8-b19e-1c3175290a63,1,342,ZFM-02600
pupil,no_stim,3.049999999999999,39.79703769712848,5.7921547663761,5b7e1b65-b844-4fe8-b19e-1c3175290a63,1,342,ZFM-02600
pupil,no_stim,3.149999999999999,38.62110182194169,4.6162188911893125,5b7e1b65-b844-4fe8-b19e-1c3175290a63,1,342,ZFM-02600
pupil,no_stim,3.249999999999999,37.67745765851211,3.6725747277597307,5b7e1b65-b844-4fe8-b19e-1c3175290a63,1,342,ZFM-02600
pupil,no_stim,3.3499999999999988,37.18128157091606,3.176398640163683,5b7e1b65-b844-4fe8-b19e-1c3175290a63,1,342,ZFM-02600
pupil,no_stim,3.449999999999999,37.15698992318436,3.152106992431982,5b7e1b65-b844-4fe8-b19e-1c3175290a63,1,342,ZFM-02600
pupil,no_stim,3.549999999999999,37.004704731412865,2.9998218006604844,5b7e1b65-b844-4fe8-b19e-1c3175290a63,1,342,ZFM-02600
pupil,no_stim,3.649999999999999,36.93599320681857,2.9311102760661925,5b7e1b65-b844-4fe8-b19e-1c3175290a63,1,342,ZFM-02600
pupil,no_stim,3.749999999999999,36.73184240023186,2.726959469479482,5b7e1b65-b844-4fe8-b19e-1c3175290a63,1,342,ZFM-02600
pupil,no_stim,3.8499999999999988,36.39067795111381,2.385795020361428,5b7e1b65-b844-4fe8-b19e-1c3175290a63,1,342,ZFM-02600
pupil,no_stim,3.949999999999999,35.97944067696605,1.9745577462136694,5b7e1b65-b844-4fe8-b19e-1c3175290a63,1,342,ZFM-02600
pupil,stim,-0.45,-267.7961462748347,-0.6747994371921209,91e629f5-f161-44e4-8dd0-15954c602f02,0,55,ZFM-02181
pupil,stim,-0.35000000000000003,-267.35553041711273,-0.234183579470141,91e629f5-f161-44e4-8dd0-15954c602f02,0,55,ZFM-02181
pupil,stim,-0.25000000000000006,-267.474171037616,-0.35282419997338366,91e629f5-f161-44e4-8dd0-15954c602f02,0,55,ZFM-02181
pupil,stim,-0.15000000000000008,-266.9792163151996,0.14213052244298297,91e629f5-f161-44e4-8dd0-15954c602f02,0,55,ZFM-02181
pupil,stim,-0.050000000000000086,-266.00167014344987,1.1196766941927194,91e629f5-f161-44e4-8dd0-15954c602f02,0,55,ZFM-02181
pupil,stim,0.04999999999999989,-264.25547526348345,2.8658715741591436,91e629f5-f161-44e4-8dd0-15954c602f02,0,55,ZFM-02181
pupil,stim,0.14999999999999986,-262.66379369775296,4.457553139889626,91e629f5-f161-44e4-8dd0-15954c602f02,0,55,ZFM-02181
pupil,stim,0.24999999999999983,-261.0987774432266,6.022569394415996,91e629f5-f161-44e4-8dd0-15954c602f02,0,55,ZFM-02181
pupil,stim,0.3499999999999998,-259.7623447798234,7.359002057819168,91e629f5-f161-44e4-8dd0-15954c602f02,0,55,ZFM-02181
pupil,stim,0.4499999999999998,-259.4379338418347,7.683412995807885,91e629f5-f161-44e4-8dd0-15954c602f02,0,55,ZFM-02181
pupil,stim,0.5499999999999998,-259.59743170579947,7.523915131843125,91e629f5-f161-44e4-8dd0-15954c602f02,0,55,ZFM-02181
pupil,stim,0.6499999999999998,-260.37491899196374,6.746427845678852,91e629f5-f161-44e4-8dd0-15954c602f02,0,55,ZFM-02181
pupil,stim,0.7499999999999998,-260.8989838054388,6.222363032203816,91e629f5-f161-44e4-8dd0-15954c602f02,0,55,ZFM-02181
pupil,stim,0.8499999999999998,-262.23473426808687,4.886612569555723,91e629f5-f161-44e4-8dd0-15954c602f02,0,55,ZFM-02181
pupil,stim,0.9499999999999997,-263.7120776588839,3.4092691787586773,91e629f5-f161-44e4-8dd0-15954c602f02,0,55,ZFM-02181
pupil,stim,1.0499999999999996,-264.73373477148346,2.387612066159136,91e629f5-f161-44e4-8dd0-15954c602f02,0,55,ZFM-02181
pupil,stim,1.1499999999999997,-265.41954781754305,1.7017990200995428,91e629f5-f161-44e4-8dd0-15954c602f02,0,55,ZFM-02181
pupil,stim,1.2499999999999998,-265.72327821056433,1.3980686270782599,91e629f5-f161-44e4-8dd0-15954c602f02,0,55,ZFM-02181
pupil,stim,1.3499999999999996,-266.2842286481745,0.8371181894680717,91e629f5-f161-44e4-8dd0-15954c602f02,0,55,ZFM-02181
pupil,stim,1.4499999999999995,-266.7169822174357,0.40436462020687713,91e629f5-f161-44e4-8dd0-15954c602f02,0,55,ZFM-02181
pupil,stim,1.5499999999999996,-267.51730544824636,-0.39595861060377047,91e629f5-f161-44e4-8dd0-15954c602f02,0,55,ZFM-02181
pupil,stim,1.6499999999999997,-268.8357450316242,-1.7143981939815944,91e629f5-f161-44e4-8dd0-15954c602f02,0,55,ZFM-02181
pupil,stim,1.7499999999999996,-269.9902451722554,-2.8688983346128225,91e629f5-f161-44e4-8dd0-15954c602f02,0,55,ZFM-02181
pupil,stim,1.8499999999999994,-270.7927656138564,-3.671418776213784,91e629f5-f161-44e4-8dd0-15954c602f02,0,55,ZFM-02181
pupil,stim,1.9499999999999995,-270.4371227708838,-3.3157759332411842,91e629f5-f161-44e4-8dd0-15954c602f02,0,55,ZFM-02181
pupil,stim,2.0499999999999994,-269.9518512150042,-2.830504377361592,91e629f5-f161-44e4-8dd0-15954c602f02,0,55,ZFM-02181
pupil,stim,2.1499999999999995,-270.0356012839372,-2.914254446294592,91e629f5-f161-44e4-8dd0-15954c602f02,0,55,ZFM-02181
pupil,stim,2.249999999999999,-270.07911325022457,-2.957766412581975,91e629f5-f161-44e4-8dd0-15954c602f02,0,55,ZFM-02181
pupil,stim,2.349999999999999,-269.87900436523273,-2.7576575275901405,91e629f5-f161-44e4-8dd0-15954c602f02,0,55,ZFM-02181
pupil,stim,2.4499999999999993,-269.2379295446371,-2.1165827069945067,91e629f5-f161-44e4-8dd0-15954c602f02,0,55,ZFM-02181
pupil,stim,2.549999999999999,-268.5101999460063,-1.388853108363719,91e629f5-f161-44e4-8dd0-15954c602f02,0,55,ZFM-02181
pupil,stim,2.649999999999999,-268.05229138727026,-0.930944549627668,91e629f5-f161-44e4-8dd0-15954c602f02,0,55,ZFM-02181
pupil,stim,2.749999999999999,-267.4327326167064,-0.31138577906381215,91e629f5-f161-44e4-8dd0-15954c602f02,0,55,ZFM-02181
pupil,stim,2.849999999999999,-266.3321765388971,0.7891702987454892,91e629f5-f161-44e4-8dd0-15954c602f02,0,55,ZFM-02181
pupil,stim,2.9499999999999993,-265.0660525809049,2.0552942567376817,91e629f5-f161-44e4-8dd0-15954c602f02,0,55,ZFM-02181
pupil,stim,3.049999999999999,-263.6741049873919,3.447241850250691,91e629f5-f161-44e4-8dd0-15954c602f02,0,55,ZFM-02181
pupil,stim,3.149999999999999,-262.5797530377891,4.541593799853501,91e629f5-f161-44e4-8dd0-15954c602f02,0,55,ZFM-02181
pupil,stim,3.249999999999999,-261.17469217703024,5.946654660612353,91e629f5-f161-44e4-8dd0-15954c602f02,0,55,ZFM-02181
pupil,stim,3.3499999999999988,-260.6657532045918,6.455593633050796,91e629f5-f161-44e4-8dd0-15954c602f02,0,55,ZFM-02181
pupil,stim,3.449999999999999,-260.1438541721378,6.977492665504769,91e629f5-f161-44e4-8dd0-15954c602f02,0,55,ZFM-02181
pupil,stim,3.549999999999999,-259.65078203114655,7.470564806496043,91e629f5-f161-44e4-8dd0-15954c602f02,0,55,ZFM-02181
pupil,stim,3.649999999999999,-258.65968719661527,8.461659641027325,91e629f5-f161-44e4-8dd0-15954c602f02,0,55,ZFM-02181
pupil,stim,3.749999999999999,-258.0631253151471,9.0582215224955,91e629f5-f161-44e4-8dd0-15954c602f02,0,55,ZFM-02181
pupil,stim,3.8499999999999988,-258.2299752734009,8.891371564241695,91e629f5-f161-44e4-8dd0-15954c602f02,0,55,ZFM-02181
pupil,stim,3.949999999999999,-258.8248085230152,8.296538314627412,91e629f5-f161-44e4-8dd0-15954c602f02,0,55,ZFM-02181
pupil,no_stim,-0.45,-255.844959595619,-1.7061237034372994,91e629f5-f161-44e4-8dd0-15954c602f02,0,72,ZFM-02181
pupil,no_stim,-0.35000000000000003,-254.59189166723138,-0.45305577504967687,91e629f5-f161-44e4-8dd0-15954c602f02,0,72,ZFM-02181
pupil,no_stim,-0.25000000000000006,-254.14630405708027,-0.00746816489856883,91e629f5-f161-44e4-8dd0-15954c602f02,0,72,ZFM-02181
pupil,no_stim,-0.15000000000000008,-253.7009997197126,0.43783617246910467,91e629f5-f161-44e4-8dd0-15954c602f02,0,72,ZFM-02181
pupil,no_stim,-0.050000000000000086,-252.4100244212652,1.7288114709164972,91e629f5-f161-44e4-8dd0-15954c602f02,0,72,ZFM-02181
pupil,no_stim,0.04999999999999989,-250.35434544661166,3.784490445570043,91e629f5-f161-44e4-8dd0-15954c602f02,0,72,ZFM-02181
pupil,no_stim,0.14999999999999986,-248.30903445664575,5.8298014355359555,91e629f5-f161-44e4-8dd0-15954c602f02,0,72,ZFM-02181
pupil,no_stim,0.24999999999999983,-246.53885978842442,7.599976103757285,91e629f5-f161-44e4-8dd0-15954c602f02,0,72,ZFM-02181
pupil,no_stim,0.3499999999999998,-245.20845699303032,8.930378899151378,91e629f5-f161-44e4-8dd0-15954c602f02,0,72,ZFM-02181
pupil,no_stim,0.4499999999999998,-244.38133687949235,9.757499012689351,91e629f5-f161-44e4-8dd0-15954c602f02,0,72,ZFM-02181
pupil,no_stim,0.5499999999999998,-244.52820481762424,9.61063107455746,91e629f5-f161-44e4-8dd0-15954c602f02,0,72,ZFM-02181
pupil,no_stim,0.6499999999999998,-245.33102780130523,8.807808090876478,91e629f5-f161-44e4-8dd0-15954c602f02,0,72,ZFM-02181
pupil,no_stim,0.7499999999999998,-246.98542953805338,7.153406354128322,91e629f5-f161-44e4-8dd0-15954c602f02,0,72,ZFM-02181
pupil,no_stim,0.8499999999999998,-248.92043238112896,5.218403511052742,91e629f5-f161-44e4-8dd0-15954c602f02,0,72,ZFM-02181
pupil,no_stim,0.9499999999999997,-251.20784260435732,2.9309932878243785,91e629f5-f161-44e4-8dd0-15954c602f02,0,72,ZFM-02181
pupil,no_stim,1.0499999999999996,-252.9600721875978,1.1787637045839006,91e629f5-f161-44e4-8dd0-15954c602f02,0,72,ZFM-02181
pupil,no_stim,1.1499999999999997,-254.06647401855395,0.07236187362775581,91e629f5-f161-44e4-8dd0-15954c602f02,0,72,ZFM-02181
pupil,no_stim,1.2499999999999998,-255.0399607505509,-0.9011248583692009,91e629f5-f161-44e4-8dd0-15954c602f02,0,72,ZFM-02181
pupil,no_stim,1.3499999999999996,-256.2960935616424,-2.157257669460705,91e629f5-f161-44e4-8dd0-15954c602f02,0,72,ZFM-02181
pupil,no_stim,1.4499999999999995,-257.24409735837315,-3.1052614661914504,91e629f5-f161-44e4-8dd0-15954c602f02,0,72,ZFM-02181
pupil,no_stim,1.5499999999999996,-258.1459962704557,-4.007160378274023,91e629f5-f161-44e4-8dd0-15954c602f02,0,72,ZFM-02181
pupil,no_stim,1.6499999999999997,-258.91269218173176,-4.773856289550054,91e629f5-f161-44e4-8dd0-15954c602f02,0,72,ZFM-02181
pupil,no_stim,1.7499999999999996,-259.6274980828233,-5.488662190641605,91e629f5-f161-44e4-8dd0-15954c602f02,0,72,ZFM-02181
pupil,no_stim,1.8499999999999994,-260.29548672037697,-6.156650828195268,91e629f5-f161-44e4-8dd0-15954c602f02,0,72,ZFM-02181
pupil,no_stim,1.9499999999999995,-260.81118424257335,-6.672348350391644,91e629f5-f161-44e4-8dd0-15954c602f02,0,72,ZFM-02181
pupil,no_stim,2.0499999999999994,-261.1673200105739,-7.028484118392214,91e629f5-f161-44e4-8dd0-15954c602f02,0,72,ZFM-02181
pupil,no_stim,2.1499999999999995,-261.0199379194591,-6.881102027277393,91e629f5-f161-44e4-8dd0-15954c602f02,0,72,ZFM-02181
pupil,no_stim,2.249999999999999,-260.86062473736024,-6.721788845178537,91e629f5-f161-44e4-8dd0-15954c602f02,0,72,ZFM-02181
pupil,no_stim,2.349999999999999,-260.7368769268788,-6.598041034697076,91e629f5-f161-44e4-8dd0-15954c602f02,0,72,ZFM-02181
pupil,no_stim,2.4499999999999993,-260.5754401032462,-6.436604211064491,91e629f5-f161-44e4-8dd0-15954c602f02,0,72,ZFM-02181
pupil,no_stim,2.549999999999999,-260.277929691948,-6.139093799766272,91e629f5-f161-44e4-8dd0-15954c602f02,0,72,ZFM-02181
pupil,no_stim,2.649999999999999,-260.1041142396009,-5.965278347419201,91e629f5-f161-44e4-8dd0-15954c602f02,0,72,ZFM-02181
pupil,no_stim,2.749999999999999,-260.0934061095691,-5.954570217387413,91e629f5-f161-44e4-8dd0-15954c602f02,0,72,ZFM-02181
pupil,no_stim,2.849999999999999,-260.2514699236252,-6.11263403144352,91e629f5-f161-44e4-8dd0-15954c602f02,0,72,ZFM-02181
pupil,no_stim,2.9499999999999993,-260.01853646808195,-5.8797005759002445,91e629f5-f161-44e4-8dd0-15954c602f02,0,72,ZFM-02181
pupil,no_stim,3.049999999999999,-259.52980948921345,-5.390973597031746,91e629f5-f161-44e4-8dd0-15954c602f02,0,72,ZFM-02181
pupil,no_stim,3.149999999999999,-258.5329937694066,-4.39415787722487,91e629f5-f161-44e4-8dd0-15954c602f02,0,72,ZFM-02181
pupil,no_stim,3.249999999999999,-257.89379624337744,-3.7549603511957343,91e629f5-f161-44e4-8dd0-15954c602f02,0,72,ZFM-02181
pupil,no_stim,3.3499999999999988,-257.6647498850909,-3.5259139929091816,91e629f5-f161-44e4-8dd0-15954c602f02,0,72,ZFM-02181
pupil,no_stim,3.449999999999999,-257.7326532289514,-3.593817336769689,91e629f5-f161-44e4-8dd0-15954c602f02,0,72,ZFM-02181
pupil,no_stim,3.549999999999999,-257.6837743254897,-3.5449384333080047,91e629f5-f161-44e4-8dd0-15954c602f02,0,72,ZFM-02181
pupil,no_stim,3.649999999999999,-257.6582973572836,-3.5194614651018696,91e629f5-f161-44e4-8dd0-15954c602f02,0,72,ZFM-02181
pupil,no_stim,3.749999999999999,-257.64986378964164,-3.5110278974599396,91e629f5-f161-44e4-8dd0-15954c602f02,0,72,ZFM-02181
pupil,no_stim,3.8499999999999988,-257.69983596790803,-3.5610000757263265,91e629f5-f161-44e4-8dd0-15954c602f02,0,72,ZFM-02181
pupil,no_stim,3.949999999999999,-258.21189753409504,-4.073061641913341,91e629f5-f161-44e4-8dd0-15954c602f02,0,72,ZFM-02181
pupil,stim,-0.45,131.5731379180555,4.0919259979163485,299bf322-e039-4444-8f04-67fde247ae5e,0,92,ZFM-02181
pupil,stim,-0.35000000000000003,129.08324898996952,1.6020370698303736,299bf322-e039-4444-8f04-67fde247ae5e,0,92,ZFM-02181
pupil,stim,-0.25000000000000006,127.7699293988309,0.28871747869175124,299bf322-e039-4444-8f04-67fde247ae5e,0,92,ZFM-02181
pupil,stim,-0.15000000000000008,125.78492917404351,-1.6962827460956333,299bf322-e039-4444-8f04-67fde247ae5e,0,92,ZFM-02181
pupil,stim,-0.050000000000000086,123.19481411979623,-4.286397800342911,299bf322-e039-4444-8f04-67fde247ae5e,0,92,ZFM-02181
pupil,stim,0.04999999999999989,121.20234978686574,-6.278862133273407,299bf322-e039-4444-8f04-67fde247ae5e,0,92,ZFM-02181
pupil,stim,0.14999999999999986,120.11390744901105,-7.367304471128094,299bf322-e039-4444-8f04-67fde247ae5e,0,92,ZFM-02181
pupil,stim,0.24999999999999983,119.67003681097148,-7.811175109167664,299bf322-e039-4444-8f04-67fde247ae5e,0,92,ZFM-02181
pupil,stim,0.3499999999999998,118.92174596403406,-8.559465956105086,299bf322-e039-4444-8f04-67fde247ae5e,0,92,ZFM-02181
pupil,stim,0.4499999999999998,117.60389277728082,-9.877319142858326,299bf322-e039-4444-8f04-67fde247ae5e,0,92,ZFM-02181
pupil,stim,0.5499999999999998,116.53816527527236,-10.943046644866783,299bf322-e039-4444-8f04-67fde247ae5e,0,92,ZFM-02181
pupil,stim,0.6499999999999998,116.72144963909244,-10.759762281046704,299bf322-e039-4444-8f04-67fde247ae5e,0,92,ZFM-02181
pupil,stim,0.7499999999999998,118.42390935305164,-9.057302567087504,299bf322-e039-4444-8f04-67fde247ae5e,0,92,ZFM-02181
pupil,stim,0.8499999999999998,120.72186794676519,-6.759343973373959,299bf322-e039-4444-8f04-67fde247ae5e,0,92,ZFM-02181
pupil,stim,0.9499999999999997,122.49100355098962,-4.990208369149528,299bf322-e039-4444-8f04-67fde247ae5e,0,92,ZFM-02181
pupil,stim,1.0499999999999996,123.38467580543136,-4.096536114707789,299bf322-e039-4444-8f04-67fde247ae5e,0,92,ZFM-02181
pupil,stim,1.1499999999999997,123.43272623576463,-4.048485684374512,299bf322-e039-4444-8f04-67fde247ae5e,0,92,ZFM-02181
pupil,stim,1.2499999999999998,122.96750141188295,-4.513710508256196,299bf322-e039-4444-8f04-67fde247ae5e,0,92,ZFM-02181
pupil,stim,1.3499999999999996,122.6858010578727,-4.795410862266451,299bf322-e039-4444-8f04-67fde247ae5e,0,92,ZFM-02181
pupil,stim,1.4499999999999995,122.45735938267651,-5.023852537462631,299bf322-e039-4444-8f04-67fde247ae5e,0,92,ZFM-02181
pupil,stim,1.5499999999999996,122.46597390447268,-5.015238015666469,299bf322-e039-4444-8f04-67fde247ae5e,0,92,ZFM-02181
pupil,stim,1.6499999999999997,122.79318801921764,-4.6880239009215074,299bf322-e039-4444-8f04-67fde247ae5e,0,92,ZFM-02181
pupil,stim,1.7499999999999996,122.43822651279591,-5.042985407343238,299bf322-e039-4444-8f04-67fde247ae5e,0,92,ZFM-02181
pupil,stim,1.8499999999999994,121.7344571535096,-5.74675476662955,299bf322-e039-4444-8f04-67fde247ae5e,0,92,ZFM-02181
pupil,stim,1.9499999999999995,121.36670380401155,-6.114508116127595,299bf322-e039-4444-8f04-67fde247ae5e,0,92,ZFM-02181
pupil,stim,2.0499999999999994,121.67795892125868,-5.803252998880467,299bf322-e039-4444-8f04-67fde247ae5e,0,92,ZFM-02181
pupil,stim,2.1499999999999995,122.51900766068886,-4.962204259450289,299bf322-e039-4444-8f04-67fde247ae5e,0,92,ZFM-02181
pupil,stim,2.249999999999999,123.44577309372447,-4.035438826414676,299bf322-e039-4444-8f04-67fde247ae5e,0,92,ZFM-02181
pupil,stim,2.349999999999999,124.3137557159391,-3.1674562042000503,299bf322-e039-4444-8f04-67fde247ae5e,0,92,ZFM-02181
pupil,stim,2.4499999999999993,124.63549852754979,-2.84571339258936,299bf322-e039-4444-8f04-67fde247ae5e,0,92,ZFM-02181
pupil,stim,2.549999999999999,124.96192049438777,-2.5192914257513763,299bf322-e039-4444-8f04-67fde247ae5e,0,92,ZFM-02181
pupil,stim,2.649999999999999,125.53540125345917,-1.945810666679975,299bf322-e039-4444-8f04-67fde247ae5e,0,92,ZFM-02181
pupil,stim,2.749999999999999,125.83477207905909,-1.6464398410800527,299bf322-e039-4444-8f04-67fde247ae5e,0,92,ZFM-02181
pupil,stim,2.849999999999999,125.64892025043649,-1.8322916697026557,299bf322-e039-4444-8f04-67fde247ae5e,0,92,ZFM-02181
pupil,stim,2.9499999999999993,125.39126259034155,-2.089949329797591,299bf322-e039-4444-8f04-67fde247ae5e,0,92,ZFM-02181
pupil,stim,3.049999999999999,125.5471434219394,-1.9340684981997498,299bf322-e039-4444-8f04-67fde247ae5e,0,92,ZFM-02181
pupil,stim,3.149999999999999,126.17104902519192,-1.3101628949472257,299bf322-e039-4444-8f04-67fde247ae5e,0,92,ZFM-02181
pupil,stim,3.249999999999999,126.77408527309207,-0.7071266470470761,299bf322-e039-4444-8f04-67fde247ae5e,0,92,ZFM-02181
pupil,stim,3.3499999999999988,127.75230839007033,0.2710964699311802,299bf322-e039-4444-8f04-67fde247ae5e,0,92,ZFM-02181
pupil,stim,3.449999999999999,128.48035893430185,0.9991470141627019,299bf322-e039-4444-8f04-67fde247ae5e,0,92,ZFM-02181
pupil,stim,3.549999999999999,129.31786536872545,1.8366534485863042,299bf322-e039-4444-8f04-67fde247ae5e,0,92,ZFM-02181
pupil,stim,3.649999999999999,129.57453234322932,2.0933204230901765,299bf322-e039-4444-8f04-67fde247ae5e,0,92,ZFM-02181
pupil,stim,3.749999999999999,129.8723184721416,2.391106552002441,299bf322-e039-4444-8f04-67fde247ae5e,0,92,ZFM-02181
pupil,stim,3.8499999999999988,129.77342937485741,2.292217454718269,299bf322-e039-4444-8f04-67fde247ae5e,0,92,ZFM-02181
pupil,stim,3.949999999999999,129.8334375584565,2.35222563831735,299bf322-e039-4444-8f04-67fde247ae5e,0,92,ZFM-02181
pupil,no_stim,-0.45,129.45492217824614,4.506582796173149,299bf322-e039-4444-8f04-67fde247ae5e,0,111,ZFM-02181
pupil,no_stim,-0.35000000000000003,127.26278163045511,2.3144422483821216,299bf322-e039-4444-8f04-67fde247ae5e,0,111,ZFM-02181
pupil,no_stim,-0.25000000000000006,125.18787231238895,0.2395329303159599,299bf322-e039-4444-8f04-67fde247ae5e,0,111,ZFM-02181
pupil,no_stim,-0.15000000000000008,122.81818728886432,-2.1301520932086646,299bf322-e039-4444-8f04-67fde247ae5e,0,111,ZFM-02181
pupil,no_stim,-0.050000000000000086,120.01793350041041,-4.93040588166258,299bf322-e039-4444-8f04-67fde247ae5e,0,111,ZFM-02181
pupil,no_stim,0.04999999999999989,118.5569765123103,-6.391362869762688,299bf322-e039-4444-8f04-67fde247ae5e,0,111,ZFM-02181
pupil,no_stim,0.14999999999999986,119.11339856956592,-5.834940812507071,299bf322-e039-4444-8f04-67fde247ae5e,0,111,ZFM-02181
pupil,no_stim,0.24999999999999983,119.23152868084566,-5.716810701227331,299bf322-e039-4444-8f04-67fde247ae5e,0,111,ZFM-02181
pupil,no_stim,0.3499999999999998,118.7123032539694,-6.236036128103592,299bf322-e039-4444-8f04-67fde247ae5e,0,111,ZFM-02181
pupil,no_stim,0.4499999999999998,118.11121947760135,-6.837119904471635,299bf322-e039-4444-8f04-67fde247ae5e,0,111,ZFM-02181
pupil,no_stim,0.5499999999999998,117.93522693883949,-7.013112443233496,299bf322-e039-4444-8f04-67fde247ae5e,0,111,ZFM-02181
pupil,no_stim,0.6499999999999998,118.78168318113596,-6.166656200937027,299bf322-e039-4444-8f04-67fde247ae5e,0,111,ZFM-02181
pupil,no_stim,0.7499999999999998,119.8302392712387,-5.118100110834291,299bf322-e039-4444-8f04-67fde247ae5e,0,111,ZFM-02181
pupil,no_stim,0.8499999999999998,121.11831887824522,-3.830020503827768,299bf322-e039-4444-8f04-67fde247ae5e,0,111,ZFM-02181
pupil,no_stim,0.9499999999999997,122.76978161254351,-2.178557769529476,299bf322-e039-4444-8f04-67fde247ae5e,0,111,ZFM-02181
pupil,no_stim,1.0499999999999996,124.12580290095906,-0.8225364811139286,299bf322-e039-4444-8f04-67fde247ae5e,0,111,ZFM-02181
pupil,no_stim,1.1499999999999997,125.26967111424787,0.3213317321748832,299bf322-e039-4444-8f04-67fde247ae5e,0,111,ZFM-02181
pupil,no_stim,1.2499999999999998,126.2994578610401,1.3511184789671091,299bf322-e039-4444-8f04-67fde247ae5e,0,111,ZFM-02181
pupil,no_stim,1.3499999999999996,126.71659417435359,1.768254792280601,299bf322-e039-4444-8f04-67fde247ae5e,0,111,ZFM-02181
pupil,no_stim,1.4499999999999995,126.84049645809371,1.8921570760207231,299bf322-e039-4444-8f04-67fde247ae5e,0,111,ZFM-02181
pupil,no_stim,1.5499999999999996,126.85142767818277,1.903088296109786,299bf322-e039-4444-8f04-67fde247ae5e,0,111,ZFM-02181
pupil,no_stim,1.6499999999999997,127.8143775842655,2.866038202192513,299bf322-e039-4444-8f04-67fde247ae5e,0,111,ZFM-02181
pupil,no_stim,1.7499999999999996,128.94662426801418,3.998284885941189,299bf322-e039-4444-8f04-67fde247ae5e,0,111,ZFM-02181
pupil,no_stim,1.8499999999999994,128.97848660580124,4.03014722372825,299bf322-e039-4444-8f04-67fde247ae5e,0,111,ZFM-02181
pupil,no_stim,1.9499999999999995,128.78561227727818,3.8372728952051887,299bf322-e039-4444-8f04-67fde247ae5e,0,111,ZFM-02181
pupil,no_stim,2.0499999999999994,128.89394687676153,3.945607494688545,299bf322-e039-4444-8f04-67fde247ae5e,0,111,ZFM-02181
pupil,no_stim,2.1499999999999995,129.27340771672888,4.325068334655896,299bf322-e039-4444-8f04-67fde247ae5e,0,111,ZFM-02181
pupil,no_stim,2.249999999999999,129.8481764201138,4.8998370380408005,299bf322-e039-4444-8f04-67fde247ae5e,0,111,ZFM-02181
pupil,no_stim,2.349999999999999,129.06419237471053,4.115852992637542,299bf322-e039-4444-8f04-67fde247ae5e,0,111,ZFM-02181
pupil,no_stim,2.4499999999999993,128.198251331824,3.2499119497510094,299bf322-e039-4444-8f04-67fde247ae5e,0,111,ZFM-02181
pupil,no_stim,2.549999999999999,127.65404259360754,2.705703211534555,299bf322-e039-4444-8f04-67fde247ae5e,0,111,ZFM-02181
pupil,no_stim,2.649999999999999,127.75428266026225,2.805943278189261,299bf322-e039-4444-8f04-67fde247ae5e,0,111,ZFM-02181
pupil,no_stim,2.749999999999999,128.1527237630867,3.2043843810137105,299bf322-e039-4444-8f04-67fde247ae5e,0,111,ZFM-02181
pupil,no_stim,2.849999999999999,128.75192632543525,3.803586943362262,299bf322-e039-4444-8f04-67fde247ae5e,0,111,ZFM-02181
pupil,no_stim,2.9499999999999993,129.1101438861971,4.16180450412412,299bf322-e039-4444-8f04-67fde247ae5e,0,111,ZFM-02181
pupil,no_stim,3.049999999999999,128.83674438956902,3.888405007496033,299bf322-e039-4444-8f04-67fde247ae5e,0,111,ZFM-02181
pupil,no_stim,3.149999999999999,127.67487712683857,2.7265377447655794,299bf322-e039-4444-8f04-67fde247ae5e,0,111,ZFM-02181
pupil,no_stim,3.249999999999999,125.68467928194381,0.7363398998708277,299bf322-e039-4444-8f04-67fde247ae5e,0,111,ZFM-02181
pupil,no_stim,3.3499999999999988,124.35410682012088,-0.5942325619521114,299bf322-e039-4444-8f04-67fde247ae5e,0,111,ZFM-02181
pupil,no_stim,3.449999999999999,124.1944269426539,-0.7539124394190821,299bf322-e039-4444-8f04-67fde247ae5e,0,111,ZFM-02181
pupil,no_stim,3.549999999999999,124.22529430263305,-0.7230450794399417,299bf322-e039-4444-8f04-67fde247ae5e,0,111,ZFM-02181
pupil,no_stim,3.649999999999999,123.71064346475607,-1.2376959173169126,299bf322-e039-4444-8f04-67fde247ae5e,0,111,ZFM-02181
pupil,no_stim,3.749999999999999,122.57914714667133,-2.3691922354016555,299bf322-e039-4444-8f04-67fde247ae5e,0,111,ZFM-02181
pupil,no_stim,3.8499999999999988,122.07693947225863,-2.8713999098143574,299bf322-e039-4444-8f04-67fde247ae5e,0,111,ZFM-02181
pupil,no_stim,3.949999999999999,122.0233323708838,-2.9250070111891944,299bf322-e039-4444-8f04-67fde247ae5e,0,111,ZFM-02181
