measure,condition,time,value,baseline_subtracted,eid,expression,n_events,subject
sniffing,stim,-0.45,317.42694918635084,-32.24387718128605,dfa58635-10b6-48d2-b77b-c4022ad0899a,1,344,ZFM-05170
sniffing,stim,-0.35000000000000003,304.11584678311283,-45.55497958452406,dfa58635-10b6-48d2-b77b-c4022ad0899a,1,344,ZFM-05170
sniffing,stim,-0.25000000000000006,329.5010122791183,-20.169814088518592,dfa58635-10b6-48d2-b77b-c4022ad0899a,1,344,ZFM-05170
sniffing,stim,-0.15000000000000008,364.4583554286803,14.787529061043415,dfa58635-10b6-48d2-b77b-c4022ad0899a,1,344,ZFM-05170
sniffing,stim,-0.050000000000000086,432.85196816092224,83.18114179328535,dfa58635-10b6-48d2-b77b-c4022ad0899a,1,344,ZFM-05170
sniffing,stim,0.04999999999999989,537.1409659142427,187.47013954660576,dfa58635-10b6-48d2-b77b-c4022ad0899a,1,344,ZFM-05170
sniffing,stim,0.14999999999999986,587.0587045923028,237.38787822466588,dfa58635-10b6-48d2-b77b-c4022ad0899a,1,344,ZFM-05170
sniffing,stim,0.24999999999999983,570.4244427363961,220.75361636875925,dfa58635-10b6-48d2-b77b-c4022ad0899a,1,344,ZFM-05170
sniffing,stim,0.3499999999999998,513.3983796310998,163.72755326346294,dfa58635-10b6-48d2-b77b-c4022ad0899a,1,344,ZFM-05170
sniffing,stim,0.4499999999999998,512.1474625032532,162.47663613561633,dfa58635-10b6-48d2-b77b-c4022ad0899a,1,344,ZFM-05170
sniffing,stim,0.5499999999999998,536.7328785969172,187.0620522292803,dfa58635-10b6-48d2-b77b-c4022ad0899a,1,344,ZFM-05170
sniffing,stim,0.6499999999999998,550.2292690418371,200.55844267420025,dfa58635-10b6-48d2-b77b-c4022ad0899a,1,344,ZFM-05170
sniffing,stim,0.7499999999999998,561.6356540704147,211.96482770277782,dfa58635-10b6-48d2-b77b-c4022ad0899a,1,344,ZFM-05170
sniffing,stim,0.8499999999999998,564.5951310496731,214.92430468203622,dfa58635-10b6-48d2-b77b-c4022ad0899a,1,344,ZFM-05170
sniffing,stim,0.9499999999999997,567.4773826981839,217.80655633054698,dfa58635-10b6-48d2-b77b-c4022ad0899a,1,344,ZFM-05170
sniffing,stim,1.0499999999999996,592.8837752280374,243.2129488604005,dfa58635-10b6-48d2-b77b-c4022ad0899a,1,344,ZFM-05170
sniffing,stim,1.1499999999999997,618.480914825874,268.81008845823715,dfa58635-10b6-48d2-b77b-c4022ad0899a,1,344,ZFM-05170
sniffing,stim,1.2499999999999998,635.8834309964403,286.21260462880343,dfa58635-10b6-48d2-b77b-c4022ad0899a,1,344,ZFM-05170
sniffing,stim,1.3499999999999996,655.8761705402145,306.2053441725776,dfa58635-10b6-48d2-b77b-c4022ad0899a,1,344,ZFM-05170
sniffing,stim,1.4499999999999995,670.1652528707691,320.4944265031322,dfa58635-10b6-48d2-b77b-c4022ad0899a,1,344,ZFM-05170
sniffing,stim,1.5499999999999996,710.8783890066665,361.20756263902956,dfa58635-10b6-48d2-b77b-c4022ad0899a,1,344,ZFM-05170
sniffing,stim,1.6499999999999997,746.9722101044051,397.30138373676823,dfa58635-10b6-48d2-b77b-c4022ad0899a,1,344,ZFM-05170
sniffing,stim,1.7499999999999996,761.3148258435211,411.64399947588424,dfa58635-10b6-48d2-b77b-c4022ad0899a,1,344,ZFM-05170
sniffing,stim,1.8499999999999994,748.8179763805215,399.1471500128846,dfa58635-10b6-48d2-b77b-c4022ad0899a,1,344,ZFM-05170
sniffing,stim,1.9499999999999995,710.8567662378372,361.1859398702003,dfa58635-10b6-48d2-b77b-c4022ad0899a,1,344,ZFM-05170
sniffing,stim,2.0499999999999994,691.9595242191671,342.2886978515302,dfa58635-10b6-48d2-b77b-c4022ad0899a,1,344,ZFM-05170
sniffing,stim,2.1499999999999995,688.9484214793783,339.27759511174145,dfa58635-10b6-48d2-b77b-c4022ad0899a,1,344,ZFM-05170
sniffing,stim,2.249999999999999,671.1323841742478,321.4615578066109,dfa58635-10b6-48d2-b77b-c4022ad0899a,1,344,ZFM-05170
sniffing,stim,2.349999999999999,639.849088044813,290.1782616771761,dfa58635-10b6-48d2-b77b-c4022ad0899a,1,344,ZFM-05170
sniffing,stim,2.4499999999999993,602.1660742514125,252.49524788377562,dfa58635-10b6-48d2-b77b-c4022ad0899a,1,344,ZFM-05170
sniffing,stim,2.549999999999999,573.3105142926344,223.63968792499747,dfa58635-10b6-48d2-b77b-c4022ad0899a,1,344,ZFM-05170
sniffing,stim,2.649999999999999,566.8781482150755,217.2073218474386,dfa58635-10b6-48d2-b77b-c4022ad0899a,1,344,ZFM-05170
sniffing,stim,2.749999999999999,555.9209356096344,206.2501092419975,dfa58635-10b6-48d2-b77b-c4022ad0899a,1,344,ZFM-05170
sniffing,stim,2.849999999999999,545.5356776439847,195.86485127634785,dfa58635-10b6-48d2-b77b-c4022ad0899a,1,344,ZFM-05170
sniffing,stim,2.9499999999999993,531.4379408758087,181.76711450817186,dfa58635-10b6-48d2-b77b-c4022ad0899a,1,344,ZFM-05170
sniffing,stim,3.049999999999999,514.1055130243548,164.43468665671787,dfa58635-10b6-48d2-b77b-c4022ad0899a,1,344,ZFM-05170
sniffing,stim,3.149999999999999,520.1753314580124,170.50450509037546,dfa58635-10b6-48d2-b77b-c4022ad0899a,1,344,ZFM-05170
sniffing,stim,3.249999999999999,541.0714791033198,191.4006527356829,dfa58635-10b6-48d2-b77b-c4022ad0899a,1,344,ZFM-05170
sniffing,stim,3.3499999999999988,561.4833978200814,211.81257145244456,dfa58635-10b6-48d2-b77b-c4022ad0899a,1,344,ZFM-05170
sniffing,stim,3.449999999999999,573.9199015234251,224.2490751557882,dfa58635-10b6-48d2-b77b-c4022ad0899a,1,344,ZFM-05170
sniffing,stim,3.549999999999999,578.9484565152229,229.27763014758602,dfa58635-10b6-48d2-b77b-c4022ad0899a,1,344,ZFM-05170
sniffing,stim,3.649999999999999,584.9005143803473,235.22968801271043,dfa58635-10b6-48d2-b77b-c4022ad0899a,1,344,ZFM-05170
sniffing,stim,3.749999999999999,569.2308662525058,219.56003988486896,dfa58635-10b6-48d2-b77b-c4022ad0899a,1,344,ZFM-05170
sniffing,stim,3.8499999999999988,560.2634751948808,210.59264882724392,dfa58635-10b6-48d2-b77b-c4022ad0899a,1,344,ZFM-05170
sniffing,stim,3.949999999999999,558.3219662272475,208.65113985961057,dfa58635-10b6-48d2-b77b-c4022ad0899a,1,344,ZFM-05170
sniffing,no_stim,-0.45,366.415604365231,-22.250002501853658,dfa58635-10b6-48d2-b77b-c4022ad0899a,1,352,ZFM-05170
sniffing,no_stim,-0.35000000000000003,343.8215177947823,-44.844089072302324,dfa58635-10b6-48d2-b77b-c4022ad0899a,1,352,ZFM-05170
sniffing,no_stim,-0.25000000000000006,367.77050277603786,-20.89510409104679,dfa58635-10b6-48d2-b77b-c4022ad0899a,1,352,ZFM-05170
sniffing,no_stim,-0.15000000000000008,394.04877721389784,5.383170346813188,dfa58635-10b6-48d2-b77b-c4022ad0899a,1,352,ZFM-05170
sniffing,no_stim,-0.050000000000000086,471.2716321854741,82.60602531838947,dfa58635-10b6-48d2-b77b-c4022ad0899a,1,352,ZFM-05170
sniffing,no_stim,0.04999999999999989,589.0839471214994,200.41834025441472,dfa58635-10b6-48d2-b77b-c4022ad0899a,1,352,ZFM-05170
sniffing,no_stim,0.14999999999999986,639.409493076514,250.74388620942932,dfa58635-10b6-48d2-b77b-c4022ad0899a,1,352,ZFM-05170
sniffing,no_stim,0.24999999999999983,599.5651118566556,210.89950498957091,dfa58635-10b6-48d2-b77b-c4022ad0899a,1,352,ZFM-05170
sniffing,no_stim,0.3499999999999998,520.6363115986743,131.97070473158965,dfa58635-10b6-48d2-b77b-c4022ad0899a,1,352,ZFM-05170
sniffing,no_stim,0.4499999999999998,515.5604097105058,126.89480284342119,dfa58635-10b6-48d2-b77b-c4022ad0899a,1,352,ZFM-05170
sniffing,no_stim,0.5499999999999998,519.545933065237,130.88032619815237,dfa58635-10b6-48d2-b77b-c4022ad0899a,1,352,ZFM-05170
sniffing,no_stim,0.6499999999999998,527.8425653580524,139.17695849096776,dfa58635-10b6-48d2-b77b-c4022ad0899a,1,352,ZFM-05170
sniffing,no_stim,0.7499999999999998,524.1447118643978,135.47910499731313,dfa58635-10b6-48d2-b77b-c4022ad0899a,1,352,ZFM-05170
sniffing,no_stim,0.8499999999999998,523.7208976884359,135.05529082135126,dfa58635-10b6-48d2-b77b-c4022ad0899a,1,352,ZFM-05170
sniffing,no_stim,0.9499999999999997,526.1417847950167,137.4761779279321,dfa58635-10b6-48d2-b77b-c4022ad0899a,1,352,ZFM-05170
sniffing,no_stim,1.0499999999999996,550.476761203457,161.8111543363724,dfa58635-10b6-48d2-b77b-c4022ad0899a,1,352,ZFM-05170
sniffing,no_stim,1.1499999999999997,572.6422293350603,183.97662246797563,dfa58635-10b6-48d2-b77b-c4022ad0899a,1,352,ZFM-05170
sniffing,no_stim,1.2499999999999998,599.7719060484184,211.10629918133372,dfa58635-10b6-48d2-b77b-c4022ad0899a,1,352,ZFM-05170
sniffing,no_stim,1.3499999999999996,636.6603153084569,247.99470844137227,dfa58635-10b6-48d2-b77b-c4022ad0899a,1,352,ZFM-05170
sniffing,no_stim,1.4499999999999995,681.9860557875046,293.32044892041995,dfa58635-10b6-48d2-b77b-c4022ad0899a,1,352,ZFM-05170
sniffing,no_stim,1.5499999999999996,706.7630323513042,318.09742548421957,dfa58635-10b6-48d2-b77b-c4022ad0899a,1,352,ZFM-05170
sniffing,no_stim,1.6499999999999997,729.9866349526721,341.3210280855875,dfa58635-10b6-48d2-b77b-c4022ad0899a,1,352,ZFM-05170
sniffing,no_stim,1.7499999999999996,734.6303659083359,345.9647590412512,dfa58635-10b6-48d2-b77b-c4022ad0899a,1,352,ZFM-05170
sniffing,no_stim,1.8499999999999994,715.6372146378299,326.9716077707452,dfa58635-10b6-48d2-b77b-c4022ad0899a,1,352,ZFM-05170
sniffing,no_stim,1.9499999999999995,674.4213179485092,285.7557110814246,dfa58635-10b6-48d2-b77b-c4022ad0899a,1,352,ZFM-05170
sniffing,no_stim,2.0499999999999994,652.7106714061264,264.04506453904173,dfa58635-10b6-48d2-b77b-c4022ad0899a,1,352,ZFM-05170
sniffing,no_stim,2.1499999999999995,653.642222746913,264.9766158798284,dfa58635-10b6-48d2-b77b-c4022ad0899a,1,352,ZFM-05170
sniffing,no_stim,2.249999999999999,645.9535340516732,257.2879271845885,dfa58635-10b6-48d2-b77b-c4022ad0899a,1,352,ZFM-05170
sniffing,no_stim,2.349999999999999,621.1057890901592,232.44018222307454,dfa58635-10b6-48d2-b77b-c4022ad0899a,1,352,ZFM-05170
sniffing,no_stim,2.4499999999999993,597.1892164797492,208.5236096126646,dfa58635-10b6-48d2-b77b-c4022ad0899a,1,352,ZFM-05170
sniffing,no_stim,2.549999999999999,579.0255289854463,190.35992211836162,dfa58635-10b6-48d2-b77b-c4022ad0899a,1,352,ZFM-05170
sniffing,no_stim,2.649999999999999,554.4514183081875,165.78581144110285,dfa58635-10b6-48d2-b77b-c4022ad0899a,1,352,ZFM-05170
sniffing,no_stim,2.749999999999999,550.4668076913636,161.8012008242789,dfa58635-10b6-48d2-b77b-c4022ad0899a,1,352,ZFM-05170
sniffing,no_stim,2.849999999999999,555.7576658779645,167.0920590108799,dfa58635-10b6-48d2-b77b-c4022ad0899a,1,352,ZFM-05170
sniffing,no_stim,2.9499999999999993,554.8924493852458,166.2268425181611,dfa58635-10b6-48d2-b77b-c4022ad0899a,1,352,ZFM-05170
sniffing,no_stim,3.049999999999999,548.2308125294504,159.56520566236577,dfa58635-10b6-48d2-b77b-c4022ad0899a,1,352,ZFM-05170
sniffing,no_stim,3.149999999999999,561.1643735500807,172.498766682996,dfa58635-10b6-48d2-b77b-c4022ad0899a,1,352,ZFM-05170
sniffing,no_stim,3.249999999999999,596.9666672457423,208.30106037865767,dfa58635-10b6-48d2-b77b-c4022ad0899a,1,352,ZFM-05170
sniffing,no_stim,3.3499999999999988,613.8774777051268,225.21187083804216,dfa58635-10b6-48d2-b77b-c4022ad0899a,1,352,ZFM-05170
sniffing,no_stim,3.449999999999999,616.5006361073558,227.83502924027118,dfa58635-10b6-48d2-b77b-c4022ad0899a,1,352,ZFM-05170
sniffing,no_stim,3.549999999999999,621.657682934757,232.99207606767231,dfa58635-10b6-48d2-b77b-c4022ad0899a,1,352,ZFM-05170
sniffing,no_stim,3.649999999999999,633.0842504876534,244.4186436205688,dfa58635-10b6-48d2-b77b-c4022ad0899a,1,352,ZFM-05170
sniffing,no_stim,3.749999999999999,641.3960017807098,252.7303949136251,dfa58635-10b6-48d2-b77b-c4022ad0899a,1,352,ZFM-05170
sniffing,no_stim,3.8499999999999988,647.5612456219795,258.8956387548949,dfa58635-10b6-48d2-b77b-c4022ad0899a,1,352,ZFM-05170
sniffing,no_stim,3.949999999999999,650.3984873961085,261.7328805290239,dfa58635-10b6-48d2-b77b-c4022ad0899a,1,352,ZFM-05170
sniffing,stim,-0.45,376.2577773014856,-23.363918393281722,2d93903c-d02b-4e0d-9218-681f2884598d,1,304,ZFM-05170
sniffing,stim,-0.35000000000000003,348.21938918406977,-51.40230651069754,2d93903c-d02b-4e0d-9218-681f2884598d,1,304,ZFM-05170
sniffing,stim,-0.25000000000000006,360.78836215560955,-38.83333353915776,2d93903c-d02b-4e0d-9218-681f2884598d,1,304,ZFM-05170
sniffing,stim,-0.15000000000000008,409.81863701514357,10.196941320376254,2d93903c-d02b-4e0d-9218-681f2884598d,1,304,ZFM-05170
sniffing,stim,-0.050000000000000086,503.02431281752797,103.40261712276066,2d93903c-d02b-4e0d-9218-681f2884598d,1,304,ZFM-05170
sniffing,stim,0.04999999999999989,557.5833778718517,157.96168217708436,2d93903c-d02b-4e0d-9218-681f2884598d,1,304,ZFM-05170
sniffing,stim,0.14999999999999986,535.6289707421678,136.00727504740047,2d93903c-d02b-4e0d-9218-681f2884598d,1,304,ZFM-05170
sniffing,stim,0.24999999999999983,465.3424512431352,65.72075554836789,2d93903c-d02b-4e0d-9218-681f2884598d,1,304,ZFM-05170
sniffing,stim,0.3499999999999998,410.9927529652636,11.371057270496294,2d93903c-d02b-4e0d-9218-681f2884598d,1,304,ZFM-05170
sniffing,stim,0.4499999999999998,408.70468349304116,9.082987798273848,2d93903c-d02b-4e0d-9218-681f2884598d,1,304,ZFM-05170
sniffing,stim,0.5499999999999998,410.1357766925032,10.514080997735903,2d93903c-d02b-4e0d-9218-681f2884598d,1,304,ZFM-05170
sniffing,stim,0.6499999999999998,418.7716494169859,19.149953722218584,2d93903c-d02b-4e0d-9218-681f2884598d,1,304,ZFM-05170
sniffing,stim,0.7499999999999998,427.4660850533825,27.844389358615217,2d93903c-d02b-4e0d-9218-681f2884598d,1,304,ZFM-05170
sniffing,stim,0.8499999999999998,439.4593581145596,39.83766241979231,2d93903c-d02b-4e0d-9218-681f2884598d,1,304,ZFM-05170
sniffing,stim,0.9499999999999997,441.78888524478424,42.16718955001693,2d93903c-d02b-4e0d-9218-681f2884598d,1,304,ZFM-05170
sniffing,stim,1.0499999999999996,457.461300830482,57.83960513571469,2d93903c-d02b-4e0d-9218-681f2884598d,1,304,ZFM-05170
sniffing,stim,1.1499999999999997,488.5953026183103,88.973606923543,2d93903c-d02b-4e0d-9218-681f2884598d,1,304,ZFM-05170
sniffing,stim,1.2499999999999998,531.3584573548741,131.73676166010677,2d93903c-d02b-4e0d-9218-681f2884598d,1,304,ZFM-05170
sniffing,stim,1.3499999999999996,549.9768293781289,150.35513368336154,2d93903c-d02b-4e0d-9218-681f2884598d,1,304,ZFM-05170
sniffing,stim,1.4499999999999995,579.3961745179362,179.77447882316886,2d93903c-d02b-4e0d-9218-681f2884598d,1,304,ZFM-05170
sniffing,stim,1.5499999999999996,629.4252552669728,229.80355957220553,2d93903c-d02b-4e0d-9218-681f2884598d,1,304,ZFM-05170
sniffing,stim,1.6499999999999997,670.5241476108592,270.90245191609193,2d93903c-d02b-4e0d-9218-681f2884598d,1,304,ZFM-05170
sniffing,stim,1.7499999999999996,678.8799711287273,279.25827543396,2d93903c-d02b-4e0d-9218-681f2884598d,1,304,ZFM-05170
sniffing,stim,1.8499999999999994,666.1089044554625,266.4872087606952,2d93903c-d02b-4e0d-9218-681f2884598d,1,304,ZFM-05170
sniffing,stim,1.9499999999999995,663.3471127818344,263.7254170870671,2d93903c-d02b-4e0d-9218-681f2884598d,1,304,ZFM-05170
sniffing,stim,2.0499999999999994,654.182600962932,254.56090526816473,2d93903c-d02b-4e0d-9218-681f2884598d,1,304,ZFM-05170
sniffing,stim,2.1499999999999995,633.6122651138621,233.9905694190948,2d93903c-d02b-4e0d-9218-681f2884598d,1,304,ZFM-05170
sniffing,stim,2.249999999999999,596.7998450998633,197.178149405096,2d93903c-d02b-4e0d-9218-681f2884598d,1,304,ZFM-05170
sniffing,stim,2.349999999999999,567.2046094217344,167.5829137269671,2d93903c-d02b-4e0d-9218-681f2884598d,1,304,ZFM-05170
sniffing,stim,2.4499999999999993,545.4791883448041,145.85749265003682,2d93903c-d02b-4e0d-9218-681f2884598d,1,304,ZFM-05170
sniffing,stim,2.549999999999999,531.4239635779861,131.8022678832188,2d93903c-d02b-4e0d-9218-681f2884598d,1,304,ZFM-05170
sniffing,stim,2.649999999999999,529.3274193768463,129.70572368207894,2d93903c-d02b-4e0d-9218-681f2884598d,1,304,ZFM-05170
sniffing,stim,2.749999999999999,520.2733472757965,120.65165158102917,2d93903c-d02b-4e0d-9218-681f2884598d,1,304,ZFM-05170
sniffing,stim,2.849999999999999,517.9387891260469,118.3170934312796,2d93903c-d02b-4e0d-9218-681f2884598d,1,304,ZFM-05170
sniffing,stim,2.9499999999999993,527.2119749427267,127.59027924795936,2d93903c-d02b-4e0d-9218-681f2884598d,1,304,ZFM-05170
sniffing,stim,3.049999999999999,537.8099616639334,138.18826596916614,2d93903c-d02b-4e0d-9218-681f2884598d,1,304,ZFM-05170
sniffing,stim,3.149999999999999,553.4019010655686,153.7802053708013,2d93903c-d02b-4e0d-9218-681f2884598d,1,304,ZFM-05170
sniffing,stim,3.249999999999999,569.3694216623556,169.74772596758834,2d93903c-d02b-4e0d-9218-681f2884598d,1,304,ZFM-05170
sniffing,stim,3.3499999999999988,587.4839692945994,187.86227359983212,2d93903c-d02b-4e0d-9218-681f2884598d,1,304,ZFM-05170
sniffing,stim,3.449999999999999,621.5250059138533,221.903310219086,2d93903c-d02b-4e0d-9218-681f2884598d,1,304,ZFM-05170
sniffing,stim,3.549999999999999,626.9088438615811,227.28714816681378,2d93903c-d02b-4e0d-9218-681f2884598d,1,304,ZFM-05170
sniffing,stim,3.649999999999999,628.3891181428619,228.76742244809458,2d93903c-d02b-4e0d-9218-681f2884598d,1,304,ZFM-05170
sniffing,stim,3.749999999999999,629.2948849679891,229.6731892732218,2d93903c-d02b-4e0d-9218-681f2884598d,1,304,ZFM-05170
sniffing,stim,3.8499999999999988,639.9654672473148,240.34377155254748,2d93903c-d02b-4e0d-9218-681f2884598d,1,304,ZFM-05170
sniffing,stim,3.949999999999999,655.933770400382,256.31207470561463,2d93903c-d02b-4e0d-9218-681f2884598d,1,304,ZFM-05170
sniffing,no_stim,-0.45,413.9609119268657,-27.975251135608232,2d93903c-d02b-4e0d-9218-681f2884598d,1,378,ZFM-05170
sniffing,no_stim,-0.35000000000000003,394.91024902505313,-47.02591403742082,2d93903c-d02b-4e0d-9218-681f2884598d,1,378,ZFM-05170
sniffing,no_stim,-0.25000000000000006,412.8839577432779,-29.052205319196048,2d93903c-d02b-4e0d-9218-681f2884598d,1,378,ZFM-05170
sniffing,no_stim,-0.15000000000000008,452.58007509327456,10.643912030800607,2d93903c-d02b-4e0d-9218-681f2884598d,1,378,ZFM-05170
sniffing,no_stim,-0.050000000000000086,535.3456215238986,93.4094584614246,2d93903c-d02b-4e0d-9218-681f2884598d,1,378,ZFM-05170
sniffing,no_stim,0.04999999999999989,576.6954292242832,134.75926616180925,2d93903c-d02b-4e0d-9218-681f2884598d,1,378,ZFM-05170
sniffing,no_stim,0.14999999999999986,546.7832538459344,104.84709078346043,2d93903c-d02b-4e0d-9218-681f2884598d,1,378,ZFM-05170
sniffing,no_stim,0.24999999999999983,469.5918201760768,27.655657113602842,2d93903c-d02b-4e0d-9218-681f2884598d,1,378,ZFM-05170
sniffing,no_stim,0.3499999999999998,402.28521198054534,-39.65095108192861,2d93903c-d02b-4e0d-9218-681f2884598d,1,378,ZFM-05170
sniffing,no_stim,0.4499999999999998,404.14945136553524,-37.78671169693871,2d93903c-d02b-4e0d-9218-681f2884598d,1,378,ZFM-05170
sniffing,no_stim,0.5499999999999998,418.2559927423789,-23.680170320095044,2d93903c-d02b-4e0d-9218-681f2884598d,1,378,ZFM-05170
sniffing,no_stim,0.6499999999999998,430.42116888647,-11.514994176003938,2d93903c-d02b-4e0d-9218-681f2884598d,1,378,ZFM-05170
sniffing,no_stim,0.7499999999999998,440.34028516022005,-1.5958779022539034,2d93903c-d02b-4e0d-9218-681f2884598d,1,378,ZFM-05170
sniffing,no_stim,0.8499999999999998,451.13076011188406,9.194597049410106,2d93903c-d02b-4e0d-9218-681f2884598d,1,378,ZFM-05170
sniffing,no_stim,0.9499999999999997,453.5020076918149,11.565844629340972,2d93903c-d02b-4e0d-9218-681f2884598d,1,378,ZFM-05170
sniffing,no_stim,1.0499999999999996,468.22440556391194,26.288242501437992,2d93903c-d02b-4e0d-9218-681f2884598d,1,378,ZFM-05170
sniffing,no_stim,1.1499999999999997,489.9815671008919,48.04540403841793,2d93903c-d02b-4e0d-9218-681f2884598d,1,378,ZFM-05170
sniffing,no_stim,1.2499999999999998,542.476860624622,100.54069756214801,2d93903c-d02b-4e0d-9218-681f2884598d,1,378,ZFM-05170
sniffing,no_stim,1.3499999999999996,583.6676783264106,141.73151526393667,2d93903c-d02b-4e0d-9218-681f2884598d,1,378,ZFM-05170
sniffing,no_stim,1.4499999999999995,601.2371159666851,159.30095290421116,2d93903c-d02b-4e0d-9218-681f2884598d,1,378,ZFM-05170
sniffing,no_stim,1.5499999999999996,603.8229140718388,161.88675100936484,2d93903c-d02b-4e0d-9218-681f2884598d,1,378,ZFM-05170
sniffing,no_stim,1.6499999999999997,606.4391472837968,164.5029842213229,2d93903c-d02b-4e0d-9218-681f2884598d,1,378,ZFM-05170
sniffing,no_stim,1.7499999999999996,611.7094363376509,169.77327327517696,2d93903c-d02b-4e0d-9218-681f2884598d,1,378,ZFM-05170
sniffing,no_stim,1.8499999999999994,624.33129850707,182.395135444596,2d93903c-d02b-4e0d-9218-681f2884598d,1,378,ZFM-05170
sniffing,no_stim,1.9499999999999995,636.8856143005682,194.9494512380943,2d93903c-d02b-4e0d-9218-681f2884598d,1,378,ZFM-05170
sniffing,no_stim,2.0499999999999994,646.8672986843949,204.93113562192093,2d93903c-d02b-4e0d-9218-681f2884598d,1,378,ZFM-05170
sniffing,no_stim,2.1499999999999995,645.0480940307232,203.11193096824923,2d93903c-d02b-4e0d-9218-681f2884598d,1,378,ZFM-05170
sniffing,no_stim,2.249999999999999,631.6598296879073,189.72366662543334,2d93903c-d02b-4e0d-9218-681f2884598d,1,378,ZFM-05170
sniffing,no_stim,2.349999999999999,607.9116231265568,165.97546006408288,2d93903c-d02b-4e0d-9218-681f2884598d,1,378,ZFM-05170
sniffing,no_stim,2.4499999999999993,581.9126753603865,139.97651229791256,2d93903c-d02b-4e0d-9218-681f2884598d,1,378,ZFM-05170
sniffing,no_stim,2.549999999999999,553.7651865840913,111.82902352161739,2d93903c-d02b-4e0d-9218-681f2884598d,1,378,ZFM-05170
sniffing,no_stim,2.649999999999999,553.1025722148687,111.16640915239475,2d93903c-d02b-4e0d-9218-681f2884598d,1,378,ZFM-05170
sniffing,no_stim,2.749999999999999,549.5901181357822,107.65395507330823,2d93903c-d02b-4e0d-9218-681f2884598d,1,378,ZFM-05170
sniffing,no_stim,2.849999999999999,559.2511270732225,117.31496401074855,2d93903c-d02b-4e0d-9218-681f2884598d,1,378,ZFM-05170
sniffing,no_stim,2.9499999999999993,573.848760632382,131.91259756990803,2d93903c-d02b-4e0d-9218-681f2884598d,1,378,ZFM-05170
sniffing,no_stim,3.049999999999999,592.6798188814388,150.74365581896484,2d93903c-d02b-4e0d-9218-681f2884598d,1,378,ZFM-05170
sniffing,no_stim,3.149999999999999,614.0047213114381,172.0685582489641,2d93903c-d02b-4e0d-9218-681f2884598d,1,378,ZFM-05170
sniffing,no_stim,3.249999999999999,618.9212940466774,176.98513098420347,2d93903c-d02b-4e0d-9218-681f2884598d,1,378,ZFM-05170
sniffing,no_stim,3.3499999999999988,633.4037670539378,191.46760399146387,2d93903c-d02b-4e0d-9218-681f2884598d,1,378,ZFM-05170
sniffing,no_stim,3.449999999999999,642.7825418672705,200.8463788047966,2d93903c-d02b-4e0d-9218-681f2884598d,1,378,ZFM-05170
sniffing,no_stim,3.549999999999999,642.775627142889,200.83946408041504,2d93903c-d02b-4e0d-9218-681f2884598d,1,378,ZFM-05170
sniffing,no_stim,3.649999999999999,652.4440274274225,210.50786436494855,2d93903c-d02b-4e0d-9218-681f2884598d,1,378,ZFM-05170
sniffing,no_stim,3.749999999999999,651.3316387569571,209.39547569448314,2d93903c-d02b-4e0d-9218-681f2884598d,1,378,ZFM-05170
sniffing,no_stim,3.8499999999999988,651.6351390742929,209.6989760118189,2d93903c-d02b-4e0d-9218-681f2884598d,1,378,ZFM-05170
sniffing,no_stim,3.949999999999999,636.9822572226941,195.04609416022015,2d93903c-d02b-4e0d-9218-681f2884598d,1,378,ZFM-05170
sniffing,stim,-0.45,303.8794178636735,1.95966623360232,401dc15a-96d1-47a9-81f5-bebdfcd2465d,1,205,ZFM-05170
sniffing,stim,-0.35000000000000003,271.25442283292455,-30.66532879714663,401dc15a-96d1-47a9-81f5-bebdfcd2465d,1,205,ZFM-05170
sniffing,stim,-0.25000000000000006,268.63886108991835,-33.280890540152825,401dc15a-96d1-47a9-81f5-bebdfcd2465d,1,205,ZFM-05170
sniffing,stim,-0.15000000000000008,272.6944364589643,-29.2253151711069,401dc15a-96d1-47a9-81f5-bebdfcd2465d,1,205,ZFM-05170
sniffing,stim,-0.050000000000000086,393.1316199048751,91.21186827480392,401dc15a-96d1-47a9-81f5-bebdfcd2465d,1,205,ZFM-05170
sniffing,stim,0.04999999999999989,660.5627169905887,358.6429653605175,401dc15a-96d1-47a9-81f5-bebdfcd2465d,1,205,ZFM-05170
sniffing,stim,0.14999999999999986,838.9728212373345,537.0530696072633,401dc15a-96d1-47a9-81f5-bebdfcd2465d,1,205,ZFM-05170
sniffing,stim,0.24999999999999983,827.6334322604027,525.7136806303315,401dc15a-96d1-47a9-81f5-bebdfcd2465d,1,205,ZFM-05170
sniffing,stim,0.3499999999999998,684.2735969490086,382.35384531893743,401dc15a-96d1-47a9-81f5-bebdfcd2465d,1,205,ZFM-05170
sniffing,stim,0.4499999999999998,684.5000411102259,382.5802894801547,401dc15a-96d1-47a9-81f5-bebdfcd2465d,1,205,ZFM-05170
sniffing,stim,0.5499999999999998,714.5617616797377,412.64201004966657,401dc15a-96d1-47a9-81f5-bebdfcd2465d,1,205,ZFM-05170
sniffing,stim,0.6499999999999998,722.0909613394485,420.17120970937737,401dc15a-96d1-47a9-81f5-bebdfcd2465d,1,205,ZFM-05170
sniffing,stim,0.7499999999999998,710.7374450463376,408.8176934162664,401dc15a-96d1-47a9-81f5-bebdfcd2465d,1,205,ZFM-05170
sniffing,stim,0.8499999999999998,703.0809271464639,401.1611755163927,401dc15a-96d1-47a9-81f5-bebdfcd2465d,1,205,ZFM-05170
sniffing,stim,0.9499999999999997,709.0257354119196,407.10598378184847,401dc15a-96d1-47a9-81f5-bebdfcd2465d,1,205,ZFM-05170
sniffing,stim,1.0499999999999996,740.7374956296945,438.81774399962336,401dc15a-96d1-47a9-81f5-bebdfcd2465d,1,205,ZFM-05170
sniffing,stim,1.1499999999999997,790.1290591556917,488.20930752562055,401dc15a-96d1-47a9-81f5-bebdfcd2465d,1,205,ZFM-05170
sniffing,stim,1.2499999999999998,828.9738444966786,527.0540928666073,401dc15a-96d1-47a9-81f5-bebdfcd2465d,1,205,ZFM-05170
sniffing,stim,1.3499999999999996,852.7324696468319,550.8127180167608,401dc15a-96d1-47a9-81f5-bebdfcd2465d,1,205,ZFM-05170
sniffing,stim,1.4499999999999995,861.9602981267644,560.0405464966932,401dc15a-96d1-47a9-81f5-bebdfcd2465d,1,205,ZFM-05170
sniffing,stim,1.5499999999999996,843.8010383453556,541.8812867152844,401dc15a-96d1-47a9-81f5-bebdfcd2465d,1,205,ZFM-05170
sniffing,stim,1.6499999999999997,811.3421190148351,509.42236738476396,401dc15a-96d1-47a9-81f5-bebdfcd2465d,1,205,ZFM-05170
sniffing,stim,1.7499999999999996,755.9843402677976,454.06458863772644,401dc15a-96d1-47a9-81f5-bebdfcd2465d,1,205,ZFM-05170
sniffing,stim,1.8499999999999994,729.4299134392697,427.51016180919856,401dc15a-96d1-47a9-81f5-bebdfcd2465d,1,205,ZFM-05170
sniffing,stim,1.9499999999999995,715.7530934120057,413.8333417819345,401dc15a-96d1-47a9-81f5-bebdfcd2465d,1,205,ZFM-05170
sniffing,stim,2.0499999999999994,707.6886104464306,405.76885881635945,401dc15a-96d1-47a9-81f5-bebdfcd2465d,1,205,ZFM-05170
sniffing,stim,2.1499999999999995,703.3333585882052,401.41360695813404,401dc15a-96d1-47a9-81f5-bebdfcd2465d,1,205,ZFM-05170
sniffing,stim,2.249999999999999,688.2957861999018,386.37603456983067,401dc15a-96d1-47a9-81f5-bebdfcd2465d,1,205,ZFM-05170
sniffing,stim,2.349999999999999,649.1419086965874,347.2221570665162,401dc15a-96d1-47a9-81f5-bebdfcd2465d,1,205,ZFM-05170
sniffing,stim,2.4499999999999993,598.7132694278259,296.79351779775476,401dc15a-96d1-47a9-81f5-bebdfcd2465d,1,205,ZFM-05170
sniffing,stim,2.549999999999999,581.8848416278744,279.9650899978032,401dc15a-96d1-47a9-81f5-bebdfcd2465d,1,205,ZFM-05170
sniffing,stim,2.649999999999999,559.2498853066816,257.3301336766104,401dc15a-96d1-47a9-81f5-bebdfcd2465d,1,205,ZFM-05170
sniffing,stim,2.749999999999999,561.7297610510866,259.8100094210154,401dc15a-96d1-47a9-81f5-bebdfcd2465d,1,205,ZFM-05170
sniffing,stim,2.849999999999999,512.6321507678311,210.71239913775997,401dc15a-96d1-47a9-81f5-bebdfcd2465d,1,205,ZFM-05170
sniffing,stim,2.9499999999999993,482.23098410717745,180.31123247710627,401dc15a-96d1-47a9-81f5-bebdfcd2465d,1,205,ZFM-05170
sniffing,stim,3.049999999999999,481.7249318003842,179.805180170313,401dc15a-96d1-47a9-81f5-bebdfcd2465d,1,205,ZFM-05170
sniffing,stim,3.149999999999999,501.79365813875245,199.87390650868127,401dc15a-96d1-47a9-81f5-bebdfcd2465d,1,205,ZFM-05170
sniffing,stim,3.249999999999999,523.2142991701646,221.29454754009345,401dc15a-96d1-47a9-81f5-bebdfcd2465d,1,205,ZFM-05170
sniffing,stim,3.3499999999999988,503.1142814648409,201.1945298347697,401dc15a-96d1-47a9-81f5-bebdfcd2465d,1,205,ZFM-05170
sniffing,stim,3.449999999999999,497.61530765640896,195.69555602633778,401dc15a-96d1-47a9-81f5-bebdfcd2465d,1,205,ZFM-05170
sniffing,stim,3.549999999999999,537.6580528445423,235.73830121447116,401dc15a-96d1-47a9-81f5-bebdfcd2465d,1,205,ZFM-05170
sniffing,stim,3.649999999999999,573.034518650631,271.1147670205598,401dc15a-96d1-47a9-81f5-bebdfcd2465d,1,205,ZFM-05170
sniffing,stim,3.749999999999999,592.2591639706766,290.3394123406054,401dc15a-96d1-47a9-81f5-bebdfcd2465d,1,205,ZFM-05170
sniffing,stim,3.8499999999999988,592.2895428882873,290.36979125821614,401dc15a-96d1-47a9-81f5-bebdfcd2465d,1,205,ZFM-05170
sniffing,stim,3.949999999999999,607.7308796202022,305.81112799013107,401dc15a-96d1-47a9-81f5-bebdfcd2465d,1,205,ZFM-05170
sniffing,no_stim,-0.45,384.5996361821796,-15.461812102817646,401dc15a-96d1-47a9-81f5-bebdfcd2465d,1,242,ZFM-05170
sniffing,no_stim,-0.35000000000000003,371.5345467523557,-28.526901532641546,401dc15a-96d1-47a9-81f5-bebdfcd2465d,1,242,ZFM-05170
sniffing,no_stim,-0.25000000000000006,375.64420516329875,-24.417243121698505,401dc15a-96d1-47a9-81f5-bebdfcd2465d,1,242,ZFM-05170
sniffing,no_stim,-0.15000000000000008,370.4891604856291,-29.572287799368155,401dc15a-96d1-47a9-81f5-bebdfcd2465d,1,242,ZFM-05170
sniffing,no_stim,-0.050000000000000086,498.039692841523,97.97824455652574,401dc15a-96d1-47a9-81f5-bebdfcd2465d,1,242,ZFM-05170
sniffing,no_stim,0.04999999999999989,755.3006288575195,355.2391805725223,401dc15a-96d1-47a9-81f5-bebdfcd2465d,1,242,ZFM-05170
sniffing,no_stim,0.14999999999999986,905.6415379321426,505.5800896471453,401dc15a-96d1-47a9-81f5-bebdfcd2465d,1,242,ZFM-05170
sniffing,no_stim,0.24999999999999983,878.3031964169502,478.24174813195293,401dc15a-96d1-47a9-81f5-bebdfcd2465d,1,242,ZFM-05170
sniffing,no_stim,0.3499999999999998,725.2377284294331,325.17628014443585,401dc15a-96d1-47a9-81f5-bebdfcd2465d,1,242,ZFM-05170
sniffing,no_stim,0.4499999999999998,718.4821025634192,318.4206542784219,401dc15a-96d1-47a9-81f5-bebdfcd2465d,1,242,ZFM-05170
sniffing,no_stim,0.5499999999999998,717.626244065712,317.5647957807147,401dc15a-96d1-47a9-81f5-bebdfcd2465d,1,242,ZFM-05170
sniffing,no_stim,0.6499999999999998,694.2906502316152,294.229201946618,401dc15a-96d1-47a9-81f5-bebdfcd2465d,1,242,ZFM-05170
sniffing,no_stim,0.7499999999999998,682.463946422738,282.40249813774074,401dc15a-96d1-47a9-81f5-bebdfcd2465d,1,242,ZFM-05170
sniffing,no_stim,0.8499999999999998,698.5424474577752,298.48099917277796,401dc15a-96d1-47a9-81f5-bebdfcd2465d,1,242,ZFM-05170
sniffing,no_stim,0.9499999999999997,727.6109966121707,327.5495483271734,401dc15a-96d1-47a9-81f5-bebdfcd2465d,1,242,ZFM-05170
sniffing,no_stim,1.0499999999999996,757.7892758883594,357.72782760336213,401dc15a-96d1-47a9-81f5-bebdfcd2465d,1,242,ZFM-05170
sniffing,no_stim,1.1499999999999997,807.4775302528836,407.4160819678864,401dc15a-96d1-47a9-81f5-bebdfcd2465d,1,242,ZFM-05170
sniffing,no_stim,1.2499999999999998,823.9562198257329,423.89477154073563,401dc15a-96d1-47a9-81f5-bebdfcd2465d,1,242,ZFM-05170
sniffing,no_stim,1.3499999999999996,839.1474969255282,439.086048640531,401dc15a-96d1-47a9-81f5-bebdfcd2465d,1,242,ZFM-05170
sniffing,no_stim,1.4499999999999995,836.1106175372371,436.04916925223984,401dc15a-96d1-47a9-81f5-bebdfcd2465d,1,242,ZFM-05170
sniffing,no_stim,1.5499999999999996,851.037383480457,450.9759351954598,401dc15a-96d1-47a9-81f5-bebdfcd2465d,1,242,ZFM-05170
sniffing,no_stim,1.6499999999999997,864.0536994377703,463.99225115277306,401dc15a-96d1-47a9-81f5-bebdfcd2465d,1,242,ZFM-05170
sniffing,no_stim,1.7499999999999996,853.1639964588398,453.1025481738426,401dc15a-96d1-47a9-81f5-bebdfcd2465d,1,242,ZFM-05170
sniffing,no_stim,1.8499999999999994,814.6984760584062,414.63702777340893,401dc15a-96d1-47a9-81f5-bebdfcd2465d,1,242,ZFM-05170
sniffing,no_stim,1.9499999999999995,755.5119494659294,355.4505011809322,401dc15a-96d1-47a9-81f5-bebdfcd2465d,1,242,ZFM-05170
sniffing,no_stim,2.0499999999999994,698.5569332027942,298.49548491779694,401dc15a-96d1-47a9-81f5-bebdfcd2465d,1,242,ZFM-05170
sniffing,no_stim,2.1499999999999995,660.4474189890567,260.38597070405945,401dc15a-96d1-47a9-81f5-bebdfcd2465d,1,242,ZFM-05170
sniffing,no_stim,2.249999999999999,655.8591264960291,255.7976782110319,401dc15a-96d1-47a9-81f5-bebdfcd2465d,1,242,ZFM-05170
sniffing,no_stim,2.349999999999999,636.9045241863764,236.84307590137917,401dc15a-96d1-47a9-81f5-bebdfcd2465d,1,242,ZFM-05170
sniffing,no_stim,2.4499999999999993,600.150196581808,200.08874829681076,401dc15a-96d1-47a9-81f5-bebdfcd2465d,1,242,ZFM-05170
sniffing,no_stim,2.549999999999999,558.6705062853556,158.60905800035835,401dc15a-96d1-47a9-81f5-bebdfcd2465d,1,242,ZFM-05170
sniffing,no_stim,2.649999999999999,550.9301334545779,150.86868516958066,401dc15a-96d1-47a9-81f5-bebdfcd2465d,1,242,ZFM-05170
sniffing,no_stim,2.749999999999999,570.5843567611391,170.52290847614188,401dc15a-96d1-47a9-81f5-bebdfcd2465d,1,242,ZFM-05170
sniffing,no_stim,2.849999999999999,576.7509277171251,176.68947943212788,401dc15a-96d1-47a9-81f5-bebdfcd2465d,1,242,ZFM-05170
sniffing,no_stim,2.9499999999999993,576.9554180881186,176.8939698031213,401dc15a-96d1-47a9-81f5-bebdfcd2465d,1,242,ZFM-05170
sniffing,no_stim,3.049999999999999,590.5046082982265,190.4431600132292,401dc15a-96d1-47a9-81f5-bebdfcd2465d,1,242,ZFM-05170
sniffing,no_stim,3.149999999999999,595.3300262025095,195.2685779175123,401dc15a-96d1-47a9-81f5-bebdfcd2465d,1,242,ZFM-05170
sniffing,no_stim,3.249999999999999,593.7821084005811,193.72066011558388,401dc15a-96d1-47a9-81f5-bebdfcd2465d,1,242,ZFM-05170
sniffing,no_stim,3.3499999999999988,603.3249157349737,203.26346744997647,401dc15a-96d1-47a9-81f5-bebdfcd2465d,1,242,ZFM-05170
sniffing,no_stim,3.449999999999999,643.546269817989,243.48482153299176,401dc15a-96d1-47a9-81f5-bebdfcd2465d,1,242,ZFM-05170
sniffing,no_stim,3.549999999999999,677.4709522466131,277.4095039616159,401dc15a-96d1-47a9-81f5-bebdfcd2465d,1,242,ZFM-05170
sniffing,no_stim,3.649999999999999,716.2083082628753,316.1468599778781,401dc15a-96d1-47a9-81f5-bebdfcd2465d,1,242,ZFM-05170
sniffing,no_stim,3.749999999999999,756.5663336407547,356.50488535575744,401dc15a-96d1-47a9-81f5-bebdfcd2465d,1,242,ZFM-05170
sniffing,no_stim,3.8499999999999988,778.4274612283746,378.3660129433773,401dc15a-96d1-47a9-81f5-bebdfcd2465d,1,242,ZFM-05170
sniffing,no_stim,3.949999999999999,769.1416260483533,369.080177763356,401dc15a-96d1-47a9-81f5-bebdfcd2465d,1,242,ZFM-05170
sniffing,stim,-0.45,336.2908358825088,52.40052923240842,54014195-8d46-4a06-a291-4761d1c98f10,1,283,ZFM-04811
sniffing,stim,-0.35000000000000003,302.9171444524978,19.02683780239738,54014195-8d46-4a06-a291-4761d1c98f10,1,283,ZFM-04811
sniffing,stim,-0.25000000000000006,262.48141944933855,-21.408887200761853,54014195-8d46-4a06-a291-4761d1c98f10,1,283,ZFM-04811
sniffing,stim,-0.15000000000000008,247.40466957618347,-36.485637073916934,54014195-8d46-4a06-a291-4761d1c98f10,1,283,ZFM-04811
sniffing,stim,-0.050000000000000086,270.3574638899735,-13.532842760126925,54014195-8d46-4a06-a291-4761d1c98f10,1,283,ZFM-04811
sniffing,stim,0.04999999999999989,379.4385184105581,95.54821176045772,54014195-8d46-4a06-a291-4761d1c98f10,1,283,ZFM-04811
sniffing,stim,0.14999999999999986,554.5878122931748,270.6975056430744,54014195-8d46-4a06-a291-4761d1c98f10,1,283,ZFM-04811
sniffing,stim,0.24999999999999983,701.1758439078305,417.28553725773014,54014195-8d46-4a06-a291-4761d1c98f10,1,283,ZFM-04811
sniffing,stim,0.3499999999999998,760.5021371429103,476.61183049280993,54014195-8d46-4a06-a291-4761d1c98f10,1,283,ZFM-04811
sniffing,stim,0.4499999999999998,738.5074108368516,454.6171041867512,54014195-8d46-4a06-a291-4761d1c98f10,1,283,ZFM-04811
sniffing,stim,0.5499999999999998,709.754050774382,425.8637441242816,54014195-8d46-4a06-a291-4761d1c98f10,1,283,ZFM-04811
sniffing,stim,0.6499999999999998,660.8577745152827,376.9674678651823,54014195-8d46-4a06-a291-4761d1c98f10,1,283,ZFM-04811
sniffing,stim,0.7499999999999998,614.2102184118994,330.319911761799,54014195-8d46-4a06-a291-4761d1c98f10,1,283,ZFM-04811
sniffing,stim,0.8499999999999998,591.9613174265697,308.07101077646934,54014195-8d46-4a06-a291-4761d1c98f10,1,283,ZFM-04811
sniffing,stim,0.9499999999999997,602.172964889132,318.2826582390316,54014195-8d46-4a06-a291-4761d1c98f10,1,283,ZFM-04811
sniffing,stim,1.0499999999999996,629.9315206134719,346.0412139633715,54014195-8d46-4a06-a291-4761d1c98f10,1,283,ZFM-04811
sniffing,stim,1.1499999999999997,641.6971664909903,357.8068598408899,54014195-8d46-4a06-a291-4761d1c98f10,1,283,ZFM-04811
sniffing,stim,1.2499999999999998,622.0960774189823,338.2057707688819,54014195-8d46-4a06-a291-4761d1c98f10,1,283,ZFM-04811
sniffing,stim,1.3499999999999996,597.6051995287438,313.7148928786434,54014195-8d46-4a06-a291-4761d1c98f10,1,283,ZFM-04811
sniffing,stim,1.4499999999999995,585.7382531113898,301.8479464612894,54014195-8d46-4a06-a291-4761d1c98f10,1,283,ZFM-04811
sniffing,stim,1.5499999999999996,616.8695905675396,332.9792839174392,54014195-8d46-4a06-a291-4761d1c98f10,1,283,ZFM-04811
sniffing,stim,1.6499999999999997,658.398051963821,374.5077453137206,54014195-8d46-4a06-a291-4761d1c98f10,1,283,ZFM-04811
sniffing,stim,1.7499999999999996,710.0902325671691,426.1999259170687,54014195-8d46-4a06-a291-4761d1c98f10,1,283,ZFM-04811
sniffing,stim,1.8499999999999994,770.4654121855383,486.5751055354379,54014195-8d46-4a06-a291-4761d1c98f10,1,283,ZFM-04811
sniffing,stim,1.9499999999999995,828.0611752718735,544.170868621773,54014195-8d46-4a06-a291-4761d1c98f10,1,283,ZFM-04811
sniffing,stim,2.0499999999999994,876.4580717759369,592.5677651258366,54014195-8d46-4a06-a291-4761d1c98f10,1,283,ZFM-04811
sniffing,stim,2.1499999999999995,897.9603286217565,614.0700219716562,54014195-8d46-4a06-a291-4761d1c98f10,1,283,ZFM-04811
sniffing,stim,2.249999999999999,908.3526667303468,624.4623600802463,54014195-8d46-4a06-a291-4761d1c98f10,1,283,ZFM-04811
sniffing,stim,2.349999999999999,913.2680273910299,629.3777207409296,54014195-8d46-4a06-a291-4761d1c98f10,1,283,ZFM-04811
sniffing,stim,2.4499999999999993,890.5634086535035,606.6731020034031,54014195-8d46-4a06-a291-4761d1c98f10,1,283,ZFM-04811
sniffing,stim,2.549999999999999,858.733946214966,574.8436395648655,54014195-8d46-4a06-a291-4761d1c98f10,1,283,ZFM-04811
sniffing,stim,2.649999999999999,823.7806422041735,539.8903355540731,54014195-8d46-4a06-a291-4761d1c98f10,1,283,ZFM-04811
sniffing,stim,2.749999999999999,811.6623713912317,527.7720647411313,54014195-8d46-4a06-a291-4761d1c98f10,1,283,ZFM-04811
sniffing,stim,2.849999999999999,800.9119483212855,517.0216416711851,54014195-8d46-4a06-a291-4761d1c98f10,1,283,ZFM-04811
sniffing,stim,2.9499999999999993,754.6029337473954,470.71262709729496,54014195-8d46-4a06-a291-4761d1c98f10,1,283,ZFM-04811
sniffing,stim,3.049999999999999,710.0799678524729,426.1896612023725,54014195-8d46-4a06-a291-4761d1c98f10,1,283,ZFM-04811
sniffing,stim,3.149999999999999,653.1821596257031,369.2918529756027,54014195-8d46-4a06-a291-4761d1c98f10,1,283,ZFM-04811
sniffing,stim,3.249999999999999,609.6199902218548,325.7296835717544,54014195-8d46-4a06-a291-4761d1c98f10,1,283,ZFM-04811
sniffing,stim,3.3499999999999988,587.0939911453686,303.2036844952682,54014195-8d46-4a06-a291-4761d1c98f10,1,283,ZFM-04811
sniffing,stim,3.449999999999999,555.9844058933899,272.09409924328946,54014195-8d46-4a06-a291-4761d1c98f10,1,283,ZFM-04811
sniffing,stim,3.549999999999999,539.1188507589422,255.22854410884185,54014195-8d46-4a06-a291-4761d1c98f10,1,283,ZFM-04811
sniffing,stim,3.649999999999999,527.3628641598718,243.47255750977143,54014195-8d46-4a06-a291-4761d1c98f10,1,283,ZFM-04811
sniffing,stim,3.749999999999999,530.3982145874538,246.50790793735342,54014195-8d46-4a06-a291-4761d1c98f10,1,283,ZFM-04811
sniffing,stim,3.8499999999999988,534.3875966230296,250.4972899729292,54014195-8d46-4a06-a291-4761d1c98f10,1,283,ZFM-04811
sniffing,stim,3.949999999999999,544.4526935911659,260.56238694106554,54014195-8d46-4a06-a291-4761d1c98f10,1,283,ZFM-04811
sniffing,no_stim,-0.45,313.8961992122103,53.83936512144538,54014195-8d46-4a06-a291-4761d1c98f10,1,257,ZFM-04811
sniffing,no_stim,-0.35000000000000003,261.04094981039617,0.9841157196312338,54014195-8d46-4a06-a291-4761d1c98f10,1,257,ZFM-04811
sniffing,no_stim,-0.25000000000000006,230.39499030688424,-29.6618437838807,54014195-8d46-4a06-a291-4761d1c98f10,1,257,ZFM-04811
sniffing,no_stim,-0.15000000000000008,233.63622023031175,-26.420613860453187,54014195-8d46-4a06-a291-4761d1c98f10,1,257,ZFM-04811
sniffing,no_stim,-0.050000000000000086,261.3158108940223,1.258976803257383,54014195-8d46-4a06-a291-4761d1c98f10,1,257,ZFM-04811
sniffing,no_stim,0.04999999999999989,374.21762143048437,114.16078733971943,54014195-8d46-4a06-a291-4761d1c98f10,1,257,ZFM-04811
sniffing,no_stim,0.14999999999999986,516.2327809091241,256.1759468183592,54014195-8d46-4a06-a291-4761d1c98f10,1,257,ZFM-04811
sniffing,no_stim,0.24999999999999983,634.3633642496765,374.3065301589115,54014195-8d46-4a06-a291-4761d1c98f10,1,257,ZFM-04811
sniffing,no_stim,0.3499999999999998,680.2304927758927,420.17365868512775,54014195-8d46-4a06-a291-4761d1c98f10,1,257,ZFM-04811
sniffing,no_stim,0.4499999999999998,655.458656170219,395.40182207945406,54014195-8d46-4a06-a291-4761d1c98f10,1,257,ZFM-04811
sniffing,no_stim,0.5499999999999998,634.5504217818276,374.49358769106266,54014195-8d46-4a06-a291-4761d1c98f10,1,257,ZFM-04811
sniffing,no_stim,0.6499999999999998,599.5524772306981,339.4956431399331,54014195-8d46-4a06-a291-4761d1c98f10,1,257,ZFM-04811
sniffing,no_stim,0.7499999999999998,582.5544674023156,322.49763331155066,54014195-8d46-4a06-a291-4761d1c98f10,1,257,ZFM-04811
sniffing,no_stim,0.8499999999999998,560.3799474064222,300.3231133156572,54014195-8d46-4a06-a291-4761d1c98f10,1,257,ZFM-04811
sniffing,no_stim,0.9499999999999997,564.6873243233675,304.6304902326026,54014195-8d46-4a06-a291-4761d1c98f10,1,257,ZFM-04811
sniffing,no_stim,1.0499999999999996,562.190735839296,302.1339017485311,54014195-8d46-4a06-a291-4761d1c98f10,1,257,ZFM-04811
sniffing,no_stim,1.1499999999999997,581.315422152927,321.25858806216206,54014195-8d46-4a06-a291-4761d1c98f10,1,257,ZFM-04811
sniffing,no_stim,1.2499999999999998,590.6387457946638,330.58191170389887,54014195-8d46-4a06-a291-4761d1c98f10,1,257,ZFM-04811
sniffing,no_stim,1.3499999999999996,607.4305823122727,347.37374822150775,54014195-8d46-4a06-a291-4761d1c98f10,1,257,ZFM-04811
sniffing,no_stim,1.4499999999999995,636.6302803239556,376.5734462331907,54014195-8d46-4a06-a291-4761d1c98f10,1,257,ZFM-04811
sniffing,no_stim,1.5499999999999996,671.9824236781321,411.9255895873672,54014195-8d46-4a06-a291-4761d1c98f10,1,257,ZFM-04811
sniffing,no_stim,1.6499999999999997,726.1383899790856,466.0815558883206,54014195-8d46-4a06-a291-4761d1c98f10,1,257,ZFM-04811
sniffing,no_stim,1.7499999999999996,775.8063900258859,515.749555935121,54014195-8d46-4a06-a291-4761d1c98f10,1,257,ZFM-04811
sniffing,no_stim,1.8499999999999994,817.0762167852821,557.0193826945172,54014195-8d46-4a06-a291-4761d1c98f10,1,257,ZFM-04811
sniffing,no_stim,1.9499999999999995,858.6963982893737,598.6395641986088,54014195-8d46-4a06-a291-4761d1c98f10,1,257,ZFM-04811
sniffing,no_stim,2.0499999999999994,901.7586283544299,641.701794263665,54014195-8d46-4a06-a291-4761d1c98f10,1,257,ZFM-04811
sniffing,no_stim,2.1499999999999995,933.8918105043623,673.8349764135974,54014195-8d46-4a06-a291-4761d1c98f10,1,257,ZFM-04811
sniffing,no_stim,2.249999999999999,940.2380048158535,680.1811707250886,54014195-8d46-4a06-a291-4761d1c98f10,1,257,ZFM-04811
sniffing,no_stim,2.349999999999999,913.7730742388594,653.7162401480945,54014195-8d46-4a06-a291-4761d1c98f10,1,257,ZFM-04811
sniffing,no_stim,2.4499999999999993,878.4314639166602,618.3746298258952,54014195-8d46-4a06-a291-4761d1c98f10,1,257,ZFM-04811
sniffing,no_stim,2.549999999999999,827.7563266811708,567.6994925904058,54014195-8d46-4a06-a291-4761d1c98f10,1,257,ZFM-04811
sniffing,no_stim,2.649999999999999,763.4700206088029,503.41318651803795,54014195-8d46-4a06-a291-4761d1c98f10,1,257,ZFM-04811
sniffing,no_stim,2.749999999999999,718.3052143803641,458.24838028959914,54014195-8d46-4a06-a291-4761d1c98f10,1,257,ZFM-04811
sniffing,no_stim,2.849999999999999,662.5702205057258,402.5133864149609,54014195-8d46-4a06-a291-4761d1c98f10,1,257,ZFM-04811
sniffing,no_stim,2.9499999999999993,615.7708735701312,355.7140394793663,54014195-8d46-4a06-a291-4761d1c98f10,1,257,ZFM-04811
sniffing,no_stim,3.049999999999999,594.8714910127945,334.8146569220296,54014195-8d46-4a06-a291-4761d1c98f10,1,257,ZFM-04811
sniffing,no_stim,3.149999999999999,573.3822782840681,313.32544419330316,54014195-8d46-4a06-a291-4761d1c98f10,1,257,ZFM-04811
sniffing,no_stim,3.249999999999999,539.9566286963757,279.89979460561074,54014195-8d46-4a06-a291-4761d1c98f10,1,257,ZFM-04811
sniffing,no_stim,3.3499999999999988,520.703292434829,260.64645834406406,54014195-8d46-4a06-a291-4761d1c98f10,1,257,ZFM-04811
sniffing,no_stim,3.449999999999999,513.6439120765916,253.58707798582668,54014195-8d46-4a06-a291-4761d1c98f10,1,257,ZFM-04811
sniffing,no_stim,3.549999999999999,515.0434753459059,254.98664125514097,54014195-8d46-4a06-a291-4761d1c98f10,1,257,ZFM-04811
sniffing,no_stim,3.649999999999999,494.3059391004723,234.24910500970736,54014195-8d46-4a06-a291-4761d1c98f10,1,257,ZFM-04811
sniffing,no_stim,3.749999999999999,495.7312522390888,235.67441814832387,54014195-8d46-4a06-a291-4761d1c98f10,1,257,ZFM-04811
sniffing,no_stim,3.8499999999999988,515.9853606021769,255.92852651141197,54014195-8d46-4a06-a291-4761d1c98f10,1,257,ZFM-04811
sniffing,no_stim,3.949999999999999,538.4193563202473,278.36252222948235,54014195-8d46-4a06-a291-4761d1c98f10,1,257,ZFM-04811
sniffing,stim,-0.45,275.82267740053896,23.689406179240393,126cf6e8-fc3a-4fab-aad4-75772af0aa5d,1,229,ZFM-04811
sniffing,stim,-0.35000000000000003,258.5053520019546,6.372080780656006,126cf6e8-fc3a-4fab-aad4-75772af0aa5d,1,229,ZFM-04811
sniffing,stim,-0.25000000000000006,237.0373121204926,-15.09595910080597,126cf6e8-fc3a-4fab-aad4-75772af0aa5d,1,229,ZFM-04811
sniffing,stim,-0.15000000000000008,230.60141160746005,-21.53185961383852,126cf6e8-fc3a-4fab-aad4-75772af0aa5d,1,229,ZFM-04811
sniffing,stim,-0.050000000000000086,258.6996029760468,6.566331754748205,126cf6e8-fc3a-4fab-aad4-75772af0aa5d,1,229,ZFM-04811
sniffing,stim,0.04999999999999989,394.8618493002064,142.72857807890784,126cf6e8-fc3a-4fab-aad4-75772af0aa5d,1,229,ZFM-04811
sniffing,stim,0.14999999999999986,570.4521492331986,318.31887801190004,126cf6e8-fc3a-4fab-aad4-75772af0aa5d,1,229,ZFM-04811
sniffing,stim,0.24999999999999983,671.4833406779625,419.3500694566639,126cf6e8-fc3a-4fab-aad4-75772af0aa5d,1,229,ZFM-04811
sniffing,stim,0.3499999999999998,642.8740531506438,390.74078192934525,126cf6e8-fc3a-4fab-aad4-75772af0aa5d,1,229,ZFM-04811
sniffing,stim,0.4499999999999998,572.9279045985381,320.79463337723956,126cf6e8-fc3a-4fab-aad4-75772af0aa5d,1,229,ZFM-04811
sniffing,stim,0.5499999999999998,536.7171991790865,284.5839279577879,126cf6e8-fc3a-4fab-aad4-75772af0aa5d,1,229,ZFM-04811
sniffing,stim,0.6499999999999998,503.4954093797073,251.36213815840875,126cf6e8-fc3a-4fab-aad4-75772af0aa5d,1,229,ZFM-04811
sniffing,stim,0.7499999999999998,479.8715634808748,227.7382922595762,126cf6e8-fc3a-4fab-aad4-75772af0aa5d,1,229,ZFM-04811
sniffing,stim,0.8499999999999998,476.3477775456528,224.2145063243542,126cf6e8-fc3a-4fab-aad4-75772af0aa5d,1,229,ZFM-04811
sniffing,stim,0.9499999999999997,503.2726254420524,251.13935422075383,126cf6e8-fc3a-4fab-aad4-75772af0aa5d,1,229,ZFM-04811
sniffing,stim,1.0499999999999996,532.7106984487532,280.5774272274546,126cf6e8-fc3a-4fab-aad4-75772af0aa5d,1,229,ZFM-04811
sniffing,stim,1.1499999999999997,532.4958998538964,280.3626286325978,126cf6e8-fc3a-4fab-aad4-75772af0aa5d,1,229,ZFM-04811
sniffing,stim,1.2499999999999998,527.9995117105359,275.8662404892373,126cf6e8-fc3a-4fab-aad4-75772af0aa5d,1,229,ZFM-04811
sniffing,stim,1.3499999999999996,532.8980879830293,280.76481676173074,126cf6e8-fc3a-4fab-aad4-75772af0aa5d,1,229,ZFM-04811
sniffing,stim,1.4499999999999995,574.7550954213854,322.6218242000868,126cf6e8-fc3a-4fab-aad4-75772af0aa5d,1,229,ZFM-04811
sniffing,stim,1.5499999999999996,633.8526915616144,381.7194203403158,126cf6e8-fc3a-4fab-aad4-75772af0aa5d,1,229,ZFM-04811
sniffing,stim,1.6499999999999997,703.0874705405597,450.95419931926114,126cf6e8-fc3a-4fab-aad4-75772af0aa5d,1,229,ZFM-04811
sniffing,stim,1.7499999999999996,765.1420136886076,513.008742467309,126cf6e8-fc3a-4fab-aad4-75772af0aa5d,1,229,ZFM-04811
sniffing,stim,1.8499999999999994,793.1346038121627,541.0013325908642,126cf6e8-fc3a-4fab-aad4-75772af0aa5d,1,229,ZFM-04811
sniffing,stim,1.9499999999999995,812.2820056720578,560.1487344507593,126cf6e8-fc3a-4fab-aad4-75772af0aa5d,1,229,ZFM-04811
sniffing,stim,2.0499999999999994,796.8694183878313,544.7361471665326,126cf6e8-fc3a-4fab-aad4-75772af0aa5d,1,229,ZFM-04811
sniffing,stim,2.1499999999999995,770.3293046029642,518.1960333816655,126cf6e8-fc3a-4fab-aad4-75772af0aa5d,1,229,ZFM-04811
sniffing,stim,2.249999999999999,723.1951785127832,471.0619072914846,126cf6e8-fc3a-4fab-aad4-75772af0aa5d,1,229,ZFM-04811
sniffing,stim,2.349999999999999,685.0042087206513,432.8709374993527,126cf6e8-fc3a-4fab-aad4-75772af0aa5d,1,229,ZFM-04811
sniffing,stim,2.4499999999999993,676.2666001988042,424.13332897750564,126cf6e8-fc3a-4fab-aad4-75772af0aa5d,1,229,ZFM-04811
sniffing,stim,2.549999999999999,633.8510328300019,381.71776160870337,126cf6e8-fc3a-4fab-aad4-75772af0aa5d,1,229,ZFM-04811
sniffing,stim,2.649999999999999,612.0486485018682,359.91537728056966,126cf6e8-fc3a-4fab-aad4-75772af0aa5d,1,229,ZFM-04811
sniffing,stim,2.749999999999999,563.3667688570316,311.23349763573304,126cf6e8-fc3a-4fab-aad4-75772af0aa5d,1,229,ZFM-04811
sniffing,stim,2.849999999999999,548.6553301668729,296.5220589455743,126cf6e8-fc3a-4fab-aad4-75772af0aa5d,1,229,ZFM-04811
sniffing,stim,2.9499999999999993,520.4995119926685,268.36624077137,126cf6e8-fc3a-4fab-aad4-75772af0aa5d,1,229,ZFM-04811
sniffing,stim,3.049999999999999,492.6281599866356,240.494888765337,126cf6e8-fc3a-4fab-aad4-75772af0aa5d,1,229,ZFM-04811
sniffing,stim,3.149999999999999,466.4654887533443,214.33221753204572,126cf6e8-fc3a-4fab-aad4-75772af0aa5d,1,229,ZFM-04811
sniffing,stim,3.249999999999999,442.5376923763137,190.40442115501514,126cf6e8-fc3a-4fab-aad4-75772af0aa5d,1,229,ZFM-04811
sniffing,stim,3.3499999999999988,427.2787767968623,175.14550557556373,126cf6e8-fc3a-4fab-aad4-75772af0aa5d,1,229,ZFM-04811
sniffing,stim,3.449999999999999,444.2460737704527,192.11280254915414,126cf6e8-fc3a-4fab-aad4-75772af0aa5d,1,229,ZFM-04811
sniffing,stim,3.549999999999999,475.76523089851986,223.6319596772213,126cf6e8-fc3a-4fab-aad4-75772af0aa5d,1,229,ZFM-04811
sniffing,stim,3.649999999999999,504.4845581471897,252.35128692589115,126cf6e8-fc3a-4fab-aad4-75772af0aa5d,1,229,ZFM-04811
sniffing,stim,3.749999999999999,519.7596144573486,267.62634323605,126cf6e8-fc3a-4fab-aad4-75772af0aa5d,1,229,ZFM-04811
sniffing,stim,3.8499999999999988,532.8522696739002,280.7189984526016,126cf6e8-fc3a-4fab-aad4-75772af0aa5d,1,229,ZFM-04811
sniffing,stim,3.949999999999999,535.1414521734405,283.0081809521419,126cf6e8-fc3a-4fab-aad4-75772af0aa5d,1,229,ZFM-04811
sniffing,no_stim,-0.45,265.3122202708913,35.71836368664623,126cf6e8-fc3a-4fab-aad4-75772af0aa5d,1,257,ZFM-04811
sniffing,no_stim,-0.35000000000000003,227.15779165708543,-2.436064927159663,126cf6e8-fc3a-4fab-aad4-75772af0aa5d,1,257,ZFM-04811
sniffing,no_stim,-0.25000000000000006,200.22414425869908,-29.369712325546004,126cf6e8-fc3a-4fab-aad4-75772af0aa5d,1,257,ZFM-04811
sniffing,no_stim,-0.15000000000000008,204.27703022911547,-25.31682635512962,126cf6e8-fc3a-4fab-aad4-75772af0aa5d,1,257,ZFM-04811
sniffing,no_stim,-0.050000000000000086,250.998096505434,21.404239921188918,126cf6e8-fc3a-4fab-aad4-75772af0aa5d,1,257,ZFM-04811
sniffing,no_stim,0.04999999999999989,417.8299893499177,188.2361327656726,126cf6e8-fc3a-4fab-aad4-75772af0aa5d,1,257,ZFM-04811
sniffing,no_stim,0.14999999999999986,597.1815670989266,367.58771051468153,126cf6e8-fc3a-4fab-aad4-75772af0aa5d,1,257,ZFM-04811
sniffing,no_stim,0.24999999999999983,694.9905447338144,465.39668814956934,126cf6e8-fc3a-4fab-aad4-75772af0aa5d,1,257,ZFM-04811
sniffing,no_stim,0.3499999999999998,674.9027067764695,445.3088501922244,126cf6e8-fc3a-4fab-aad4-75772af0aa5d,1,257,ZFM-04811
sniffing,no_stim,0.4499999999999998,584.5797239713576,354.9858673871125,126cf6e8-fc3a-4fab-aad4-75772af0aa5d,1,257,ZFM-04811
sniffing,no_stim,0.5499999999999998,540.1395489044219,310.5456923201768,126cf6e8-fc3a-4fab-aad4-75772af0aa5d,1,257,ZFM-04811
sniffing,no_stim,0.6499999999999998,505.82193784512907,276.228081260884,126cf6e8-fc3a-4fab-aad4-75772af0aa5d,1,257,ZFM-04811
sniffing,no_stim,0.7499999999999998,503.136395166983,273.5425385827379,126cf6e8-fc3a-4fab-aad4-75772af0aa5d,1,257,ZFM-04811
sniffing,no_stim,0.8499999999999998,507.40135350924317,277.8074969249981,126cf6e8-fc3a-4fab-aad4-75772af0aa5d,1,257,ZFM-04811
sniffing,no_stim,0.9499999999999997,519.1386501485391,289.544793564294,126cf6e8-fc3a-4fab-aad4-75772af0aa5d,1,257,ZFM-04811
sniffing,no_stim,1.0499999999999996,546.9407217924089,317.3468652081638,126cf6e8-fc3a-4fab-aad4-75772af0aa5d,1,257,ZFM-04811
sniffing,no_stim,1.1499999999999997,567.4613902652667,337.8675336810216,126cf6e8-fc3a-4fab-aad4-75772af0aa5d,1,257,ZFM-04811
sniffing,no_stim,1.2499999999999998,573.7603824796356,344.1665258953905,126cf6e8-fc3a-4fab-aad4-75772af0aa5d,1,257,ZFM-04811
sniffing,no_stim,1.3499999999999996,608.2196952713335,378.62583868708845,126cf6e8-fc3a-4fab-aad4-75772af0aa5d,1,257,ZFM-04811
sniffing,no_stim,1.4499999999999995,665.9367555997787,436.34289901553365,126cf6e8-fc3a-4fab-aad4-75772af0aa5d,1,257,ZFM-04811
sniffing,no_stim,1.5499999999999996,734.0335971529103,504.4397405686652,126cf6e8-fc3a-4fab-aad4-75772af0aa5d,1,257,ZFM-04811
sniffing,no_stim,1.6499999999999997,778.16923517461,548.5753785903648,126cf6e8-fc3a-4fab-aad4-75772af0aa5d,1,257,ZFM-04811
sniffing,no_stim,1.7499999999999996,805.004386198889,575.410529614644,126cf6e8-fc3a-4fab-aad4-75772af0aa5d,1,257,ZFM-04811
sniffing,no_stim,1.8499999999999994,827.1640047681575,597.5701481839124,126cf6e8-fc3a-4fab-aad4-75772af0aa5d,1,257,ZFM-04811
sniffing,no_stim,1.9499999999999995,839.4311418986957,609.8372853144506,126cf6e8-fc3a-4fab-aad4-75772af0aa5d,1,257,ZFM-04811
sniffing,no_stim,2.0499999999999994,845.6941610018202,616.1003044175752,126cf6e8-fc3a-4fab-aad4-75772af0aa5d,1,257,ZFM-04811
sniffing,no_stim,2.1499999999999995,819.2248897935646,589.6310332093194,126cf6e8-fc3a-4fab-aad4-75772af0aa5d,1,257,ZFM-04811
sniffing,no_stim,2.249999999999999,796.1317827104255,566.5379261261803,126cf6e8-fc3a-4fab-aad4-75772af0aa5d,1,257,ZFM-04811
sniffing,no_stim,2.349999999999999,773.0928443400236,543.4989877557784,126cf6e8-fc3a-4fab-aad4-75772af0aa5d,1,257,ZFM-04811
sniffing,no_stim,2.4499999999999993,712.5557006559319,482.9618440716868,126cf6e8-fc3a-4fab-aad4-75772af0aa5d,1,257,ZFM-04811
sniffing,no_stim,2.549999999999999,646.1067586492696,416.51290206502455,126cf6e8-fc3a-4fab-aad4-75772af0aa5d,1,257,ZFM-04811
sniffing,no_stim,2.649999999999999,577.0176357763235,347.42377919207837,126cf6e8-fc3a-4fab-aad4-75772af0aa5d,1,257,ZFM-04811
sniffing,no_stim,2.749999999999999,562.2968766501291,332.703020065884,126cf6e8-fc3a-4fab-aad4-75772af0aa5d,1,257,ZFM-04811
sniffing,no_stim,2.849999999999999,551.9057005681021,322.31184398385705,126cf6e8-fc3a-4fab-aad4-75772af0aa5d,1,257,ZFM-04811
sniffing,no_stim,2.9499999999999993,530.6405350573475,301.0466784731024,126cf6e8-fc3a-4fab-aad4-75772af0aa5d,1,257,ZFM-04811
sniffing,no_stim,3.049999999999999,500.7879365069897,271.1940799227446,126cf6e8-fc3a-4fab-aad4-75772af0aa5d,1,257,ZFM-04811
sniffing,no_stim,3.149999999999999,475.9250363530152,246.33117976877008,126cf6e8-fc3a-4fab-aad4-75772af0aa5d,1,257,ZFM-04811
sniffing,no_stim,3.249999999999999,485.0250028177238,255.43114623347873,126cf6e8-fc3a-4fab-aad4-75772af0aa5d,1,257,ZFM-04811
sniffing,no_stim,3.3499999999999988,479.85920510608565,250.26534852184056,126cf6e8-fc3a-4fab-aad4-75772af0aa5d,1,257,ZFM-04811
sniffing,no_stim,3.449999999999999,481.0273168305574,251.43346024631234,126cf6e8-fc3a-4fab-aad4-75772af0aa5d,1,257,ZFM-04811
sniffing,no_stim,3.549999999999999,474.85381471827327,245.25995813402818,126cf6e8-fc3a-4fab-aad4-75772af0aa5d,1,257,ZFM-04811
sniffing,no_stim,3.649999999999999,471.3811900475031,241.787333463258,126cf6e8-fc3a-4fab-aad4-75772af0aa5d,1,257,ZFM-04811
sniffing,no_stim,3.749999999999999,469.96529885846286,240.37144227421777,126cf6e8-fc3a-4fab-aad4-75772af0aa5d,1,257,ZFM-04811
sniffing,no_stim,3.8499999999999988,478.71196200941154,249.11810542516645,126cf6e8-fc3a-4fab-aad4-75772af0aa5d,1,257,ZFM-04811
sniffing,no_stim,3.949999999999999,507.858734282052,278.2648776978069,126cf6e8-fc3a-4fab-aad4-75772af0aa5d,1,257,ZFM-04811
sniffing,stim,-0.45,327.09132900043613,58.39983512124314,2ec37e95-4266-45ac-8a42-a1b2d5bc8b7e,1,214,ZFM-04811
sniffing,stim,-0.35000000000000003,269.7416354151481,1.050141535955106,2ec37e95-4266-45ac-8a42-a1b2d5bc8b7e,1,214,ZFM-04811
sniffing,stim,-0.25000000000000006,248.91483709365565,-19.77665678553734,2ec37e95-4266-45ac-8a42-a1b2d5bc8b7e,1,214,ZFM-04811
sniffing,stim,-0.15000000000000008,245.47238077657641,-23.219113102616575,2ec37e95-4266-45ac-8a42-a1b2d5bc8b7e,1,214,ZFM-04811
sniffing,stim,-0.050000000000000086,252.23728711014869,-16.454206769044305,2ec37e95-4266-45ac-8a42-a1b2d5bc8b7e,1,214,ZFM-04811
sniffing,stim,0.04999999999999989,343.43048707025383,74.73899319106084,2ec37e95-4266-45ac-8a42-a1b2d5bc8b7e,1,214,ZFM-04811
sniffing,stim,0.14999999999999986,487.28969641248403,218.59820253329104,2ec37e95-4266-45ac-8a42-a1b2d5bc8b7e,1,214,ZFM-04811
sniffing,stim,0.24999999999999983,589.2379298654158,320.54643598622283,2ec37e95-4266-45ac-8a42-a1b2d5bc8b7e,1,214,ZFM-04811
sniffing,stim,0.3499999999999998,584.9465235421784,316.2550296629854,2ec37e95-4266-45ac-8a42-a1b2d5bc8b7e,1,214,ZFM-04811
sniffing,stim,0.4499999999999998,517.4268957013526,248.7354018221596,2ec37e95-4266-45ac-8a42-a1b2d5bc8b7e,1,214,ZFM-04811
sniffing,stim,0.5499999999999998,499.45516859850454,230.76367471931155,2ec37e95-4266-45ac-8a42-a1b2d5bc8b7e,1,214,ZFM-04811
sniffing,stim,0.6499999999999998,497.5012594607278,228.8097655815348,2ec37e95-4266-45ac-8a42-a1b2d5bc8b7e,1,214,ZFM-04811
sniffing,stim,0.7499999999999998,498.12160649037486,229.43011261118187,2ec37e95-4266-45ac-8a42-a1b2d5bc8b7e,1,214,ZFM-04811
sniffing,stim,0.8499999999999998,492.92535765524775,224.23386377605476,2ec37e95-4266-45ac-8a42-a1b2d5bc8b7e,1,214,ZFM-04811
sniffing,stim,0.9499999999999997,502.14863733872926,233.45714345953627,2ec37e95-4266-45ac-8a42-a1b2d5bc8b7e,1,214,ZFM-04811
sniffing,stim,1.0499999999999996,513.5897408040787,244.8982469248857,2ec37e95-4266-45ac-8a42-a1b2d5bc8b7e,1,214,ZFM-04811
sniffing,stim,1.1499999999999997,519.1559805716571,250.4644866924641,2ec37e95-4266-45ac-8a42-a1b2d5bc8b7e,1,214,ZFM-04811
sniffing,stim,1.2499999999999998,514.9537672370254,246.26227335783244,2ec37e95-4266-45ac-8a42-a1b2d5bc8b7e,1,214,ZFM-04811
sniffing,stim,1.3499999999999996,516.4845749827267,247.79308110353372,2ec37e95-4266-45ac-8a42-a1b2d5bc8b7e,1,214,ZFM-04811
sniffing,stim,1.4499999999999995,522.5927669578915,253.90127307869852,2ec37e95-4266-45ac-8a42-a1b2d5bc8b7e,1,214,ZFM-04811
sniffing,stim,1.5499999999999996,575.2890024961729,306.5975086169799,2ec37e95-4266-45ac-8a42-a1b2d5bc8b7e,1,214,ZFM-04811
sniffing,stim,1.6499999999999997,631.2384608695659,362.5469669903729,2ec37e95-4266-45ac-8a42-a1b2d5bc8b7e,1,214,ZFM-04811
sniffing,stim,1.7499999999999996,682.4924254000273,413.8009315208343,2ec37e95-4266-45ac-8a42-a1b2d5bc8b7e,1,214,ZFM-04811
sniffing,stim,1.8499999999999994,723.2312162698464,454.5397223906534,2ec37e95-4266-45ac-8a42-a1b2d5bc8b7e,1,214,ZFM-04811
sniffing,stim,1.9499999999999995,763.9703880512793,495.2788941720863,2ec37e95-4266-45ac-8a42-a1b2d5bc8b7e,1,214,ZFM-04811
sniffing,stim,2.0499999999999994,812.758276888447,544.066783009254,2ec37e95-4266-45ac-8a42-a1b2d5bc8b7e,1,214,ZFM-04811
sniffing,stim,2.1499999999999995,824.9360796632441,556.2445857840511,2ec37e95-4266-45ac-8a42-a1b2d5bc8b7e,1,214,ZFM-04811
sniffing,stim,2.249999999999999,851.8244072217076,583.1329133425146,2ec37e95-4266-45ac-8a42-a1b2d5bc8b7e,1,214,ZFM-04811
sniffing,stim,2.349999999999999,871.2835552132451,602.5920613340521,2ec37e95-4266-45ac-8a42-a1b2d5bc8b7e,1,214,ZFM-04811
sniffing,stim,2.4499999999999993,872.8657479916151,604.1742541124221,2ec37e95-4266-45ac-8a42-a1b2d5bc8b7e,1,214,ZFM-04811
sniffing,stim,2.549999999999999,826.3498329529344,557.6583390737414,2ec37e95-4266-45ac-8a42-a1b2d5bc8b7e,1,214,ZFM-04811
sniffing,stim,2.649999999999999,757.1694312789824,488.4779373997894,2ec37e95-4266-45ac-8a42-a1b2d5bc8b7e,1,214,ZFM-04811
sniffing,stim,2.749999999999999,710.5749661981611,441.8834723189681,2ec37e95-4266-45ac-8a42-a1b2d5bc8b7e,1,214,ZFM-04811
sniffing,stim,2.849999999999999,672.3625448726083,403.6710509934153,2ec37e95-4266-45ac-8a42-a1b2d5bc8b7e,1,214,ZFM-04811
sniffing,stim,2.9499999999999993,652.7031529926941,384.0116591135011,2ec37e95-4266-45ac-8a42-a1b2d5bc8b7e,1,214,ZFM-04811
sniffing,stim,3.049999999999999,638.1530057080154,369.4615118288224,2ec37e95-4266-45ac-8a42-a1b2d5bc8b7e,1,214,ZFM-04811
sniffing,stim,3.149999999999999,620.6121705386446,351.9206766594516,2ec37e95-4266-45ac-8a42-a1b2d5bc8b7e,1,214,ZFM-04811
sniffing,stim,3.249999999999999,579.0611664636682,310.3696725844752,2ec37e95-4266-45ac-8a42-a1b2d5bc8b7e,1,214,ZFM-04811
sniffing,stim,3.3499999999999988,546.536397183784,277.84490330459096,2ec37e95-4266-45ac-8a42-a1b2d5bc8b7e,1,214,ZFM-04811
sniffing,stim,3.449999999999999,514.1531727460753,245.46167886688227,2ec37e95-4266-45ac-8a42-a1b2d5bc8b7e,1,214,ZFM-04811
sniffing,stim,3.549999999999999,525.3760206107278,256.6845267315348,2ec37e95-4266-45ac-8a42-a1b2d5bc8b7e,1,214,ZFM-04811
sniffing,stim,3.649999999999999,540.8135576073514,272.1220637281584,2ec37e95-4266-45ac-8a42-a1b2d5bc8b7e,1,214,ZFM-04811
sniffing,stim,3.749999999999999,535.4327750109628,266.7412811317698,2ec37e95-4266-45ac-8a42-a1b2d5bc8b7e,1,214,ZFM-04811
sniffing,stim,3.8499999999999988,510.0557376486533,241.3642437694603,2ec37e95-4266-45ac-8a42-a1b2d5bc8b7e,1,214,ZFM-04811
sniffing,stim,3.949999999999999,492.11076878111544,223.41927490192245,2ec37e95-4266-45ac-8a42-a1b2d5bc8b7e,1,214,ZFM-04811
sniffing,no_stim,-0.45,395.2810369989308,93.87590662392171,2ec37e95-4266-45ac-8a42-a1b2d5bc8b7e,1,188,ZFM-04811
sniffing,no_stim,-0.35000000000000003,323.36810551865716,21.962975143648066,2ec37e95-4266-45ac-8a42-a1b2d5bc8b7e,1,188,ZFM-04811
sniffing,no_stim,-0.25000000000000006,277.7793285993603,-23.625801775648767,2ec37e95-4266-45ac-8a42-a1b2d5bc8b7e,1,188,ZFM-04811
sniffing,no_stim,-0.15000000000000008,249.4277926840959,-51.9773376909132,2ec37e95-4266-45ac-8a42-a1b2d5bc8b7e,1,188,ZFM-04811
sniffing,no_stim,-0.050000000000000086,261.16938807400135,-40.23574230100775,2ec37e95-4266-45ac-8a42-a1b2d5bc8b7e,1,188,ZFM-04811
sniffing,no_stim,0.04999999999999989,330.1660793257434,28.760948950734303,2ec37e95-4266-45ac-8a42-a1b2d5bc8b7e,1,188,ZFM-04811
sniffing,no_stim,0.14999999999999986,465.7612357536471,164.356105378638,2ec37e95-4266-45ac-8a42-a1b2d5bc8b7e,1,188,ZFM-04811
sniffing,no_stim,0.24999999999999983,557.1863671253999,255.7812367503908,2ec37e95-4266-45ac-8a42-a1b2d5bc8b7e,1,188,ZFM-04811
sniffing,no_stim,0.3499999999999998,551.2175020001013,249.81237162509217,2ec37e95-4266-45ac-8a42-a1b2d5bc8b7e,1,188,ZFM-04811
sniffing,no_stim,0.4499999999999998,492.8187782298853,191.41364785487622,2ec37e95-4266-45ac-8a42-a1b2d5bc8b7e,1,188,ZFM-04811
sniffing,no_stim,0.5499999999999998,474.10054272535154,172.69541235034245,2ec37e95-4266-45ac-8a42-a1b2d5bc8b7e,1,188,ZFM-04811
sniffing,no_stim,0.6499999999999998,497.2166446054161,195.811514230407,2ec37e95-4266-45ac-8a42-a1b2d5bc8b7e,1,188,ZFM-04811
sniffing,no_stim,0.7499999999999998,480.4440611813573,179.03893080634822,2ec37e95-4266-45ac-8a42-a1b2d5bc8b7e,1,188,ZFM-04811
sniffing,no_stim,0.8499999999999998,469.446189921629,168.04105954661992,2ec37e95-4266-45ac-8a42-a1b2d5bc8b7e,1,188,ZFM-04811
sniffing,no_stim,0.9499999999999997,462.92600708746954,161.52087671246045,2ec37e95-4266-45ac-8a42-a1b2d5bc8b7e,1,188,ZFM-04811
sniffing,no_stim,1.0499999999999996,500.5000422366193,199.09491186161023,2ec37e95-4266-45ac-8a42-a1b2d5bc8b7e,1,188,ZFM-04811
sniffing,no_stim,1.1499999999999997,536.1940893928936,234.7889590178845,2ec37e95-4266-45ac-8a42-a1b2d5bc8b7e,1,188,ZFM-04811
sniffing,no_stim,1.2499999999999998,561.6824053980711,260.277275023062,2ec37e95-4266-45ac-8a42-a1b2d5bc8b7e,1,188,ZFM-04811
sniffing,no_stim,1.3499999999999996,560.659486740349,259.25435636533996,2ec37e95-4266-45ac-8a42-a1b2d5bc8b7e,1,188,ZFM-04811
sniffing,no_stim,1.4499999999999995,553.7010064743223,252.2958760993132,2ec37e95-4266-45ac-8a42-a1b2d5bc8b7e,1,188,ZFM-04811
sniffing,no_stim,1.5499999999999996,564.5983039524499,263.1931735774408,2ec37e95-4266-45ac-8a42-a1b2d5bc8b7e,1,188,ZFM-04811
sniffing,no_stim,1.6499999999999997,587.3645461575246,285.9594157825155,2ec37e95-4266-45ac-8a42-a1b2d5bc8b7e,1,188,ZFM-04811
sniffing,no_stim,1.7499999999999996,626.4534548348994,325.0483244598903,2ec37e95-4266-45ac-8a42-a1b2d5bc8b7e,1,188,ZFM-04811
sniffing,no_stim,1.8499999999999994,683.0950513490494,381.6899209740403,2ec37e95-4266-45ac-8a42-a1b2d5bc8b7e,1,188,ZFM-04811
sniffing,no_stim,1.9499999999999995,731.7736549210659,430.36852454605685,2ec37e95-4266-45ac-8a42-a1b2d5bc8b7e,1,188,ZFM-04811
sniffing,no_stim,2.0499999999999994,777.8716532549822,476.4665228799731,2ec37e95-4266-45ac-8a42-a1b2d5bc8b7e,1,188,ZFM-04811
sniffing,no_stim,2.1499999999999995,808.9992429247056,507.59411254969655,2ec37e95-4266-45ac-8a42-a1b2d5bc8b7e,1,188,ZFM-04811
sniffing,no_stim,2.249999999999999,827.4256361682425,526.0205057932334,2ec37e95-4266-45ac-8a42-a1b2d5bc8b7e,1,188,ZFM-04811
sniffing,no_stim,2.349999999999999,855.2429148076615,553.8377844326524,2ec37e95-4266-45ac-8a42-a1b2d5bc8b7e,1,188,ZFM-04811
sniffing,no_stim,2.4499999999999993,832.7550416698111,531.349911294802,2ec37e95-4266-45ac-8a42-a1b2d5bc8b7e,1,188,ZFM-04811
sniffing,no_stim,2.549999999999999,815.2456366987531,513.840506323744,2ec37e95-4266-45ac-8a42-a1b2d5bc8b7e,1,188,ZFM-04811
sniffing,no_stim,2.649999999999999,772.8177012287578,471.41257085374866,2ec37e95-4266-45ac-8a42-a1b2d5bc8b7e,1,188,ZFM-04811
sniffing,no_stim,2.749999999999999,715.620087435835,414.2149570608259,2ec37e95-4266-45ac-8a42-a1b2d5bc8b7e,1,188,ZFM-04811
sniffing,no_stim,2.849999999999999,678.0832458498298,376.67811547482074,2ec37e95-4266-45ac-8a42-a1b2d5bc8b7e,1,188,ZFM-04811
sniffing,no_stim,2.9499999999999993,679.9657976533741,378.56066727836503,2ec37e95-4266-45ac-8a42-a1b2d5bc8b7e,1,188,ZFM-04811
sniffing,no_stim,3.049999999999999,689.9916590606424,388.5865286856333,2ec37e95-4266-45ac-8a42-a1b2d5bc8b7e,1,188,ZFM-04811
sniffing,no_stim,3.149999999999999,659.8828960683669,358.4777656933578,2ec37e95-4266-45ac-8a42-a1b2d5bc8b7e,1,188,ZFM-04811
sniffing,no_stim,3.249999999999999,614.0261662378468,312.62103586283774,2ec37e95-4266-45ac-8a42-a1b2d5bc8b7e,1,188,ZFM-04811
sniffing,no_stim,3.3499999999999988,607.0454940290841,305.64036365407503,2ec37e95-4266-45ac-8a42-a1b2d5bc8b7e,1,188,ZFM-04811
sniffing,no_stim,3.449999999999999,612.1705220166897,310.7653916416806,2ec37e95-4266-45ac-8a42-a1b2d5bc8b7e,1,188,ZFM-04811
sniffing,no_stim,3.549999999999999,592.5447961753915,291.13966580038243,2ec37e95-4266-45ac-8a42-a1b2d5bc8b7e,1,188,ZFM-04811
sniffing,no_stim,3.649999999999999,563.8465899608162,262.44145958580714,2ec37e95-4266-45ac-8a42-a1b2d5bc8b7e,1,188,ZFM-04811
sniffing,no_stim,3.749999999999999,549.3836207128786,247.97849033786952,2ec37e95-4266-45ac-8a42-a1b2d5bc8b7e,1,188,ZFM-04811
sniffing,no_stim,3.8499999999999988,535.5708785795263,234.16574820451717,2ec37e95-4266-45ac-8a42-a1b2d5bc8b7e,1,188,ZFM-04811
sniffing,no_stim,3.949999999999999,512.1363312989932,210.73120092398415,2ec37e95-4266-45ac-8a42-a1b2d5bc8b7e,1,188,ZFM-04811
sniffing,stim,-0.45,520.7914156241106,104.35001809473209,a3b8947c-4fb1-43ef-a8df-c51fffe78c11,1,225,ZFM-04811
sniffing,stim,-0.35000000000000003,436.05680983025593,19.61541230087738,a3b8947c-4fb1-43ef-a8df-c51fffe78c11,1,225,ZFM-04811
sniffing,stim,-0.25000000000000006,386.7403213561201,-29.701076173258457,a3b8947c-4fb1-43ef-a8df-c51fffe78c11,1,225,ZFM-04811
sniffing,stim,-0.15000000000000008,365.5381473100592,-50.903250219319375,a3b8947c-4fb1-43ef-a8df-c51fffe78c11,1,225,ZFM-04811
sniffing,stim,-0.050000000000000086,373.0802935263468,-43.361104003031755,a3b8947c-4fb1-43ef-a8df-c51fffe78c11,1,225,ZFM-04811
sniffing,stim,0.04999999999999989,465.09235674110744,48.65095921172889,a3b8947c-4fb1-43ef-a8df-c51fffe78c11,1,225,ZFM-04811
sniffing,stim,0.14999999999999986,643.1222045248136,226.68080699543503,a3b8947c-4fb1-43ef-a8df-c51fffe78c11,1,225,ZFM-04811
sniffing,stim,0.24999999999999983,785.6296616966503,369.1882641672717,a3b8947c-4fb1-43ef-a8df-c51fffe78c11,1,225,ZFM-04811
sniffing,stim,0.3499999999999998,825.7883405924122,409.3469430630336,a3b8947c-4fb1-43ef-a8df-c51fffe78c11,1,225,ZFM-04811
sniffing,stim,0.4499999999999998,756.6477916049829,340.20639407560435,a3b8947c-4fb1-43ef-a8df-c51fffe78c11,1,225,ZFM-04811
sniffing,stim,0.5499999999999998,697.796131702522,281.3547341731434,a3b8947c-4fb1-43ef-a8df-c51fffe78c11,1,225,ZFM-04811
sniffing,stim,0.6499999999999998,684.6296975065104,268.18829997713186,a3b8947c-4fb1-43ef-a8df-c51fffe78c11,1,225,ZFM-04811
sniffing,stim,0.7499999999999998,651.9645212530395,235.52312372366094,a3b8947c-4fb1-43ef-a8df-c51fffe78c11,1,225,ZFM-04811
sniffing,stim,0.8499999999999998,645.2534442481634,228.81204671878487,a3b8947c-4fb1-43ef-a8df-c51fffe78c11,1,225,ZFM-04811
sniffing,stim,0.9499999999999997,683.3299786085041,266.8885810791256,a3b8947c-4fb1-43ef-a8df-c51fffe78c11,1,225,ZFM-04811
sniffing,stim,1.0499999999999996,720.120720257566,303.6793227281874,a3b8947c-4fb1-43ef-a8df-c51fffe78c11,1,225,ZFM-04811
sniffing,stim,1.1499999999999997,747.8012869476222,331.35988941824365,a3b8947c-4fb1-43ef-a8df-c51fffe78c11,1,225,ZFM-04811
sniffing,stim,1.2499999999999998,762.4874840435278,346.0460865141493,a3b8947c-4fb1-43ef-a8df-c51fffe78c11,1,225,ZFM-04811
sniffing,stim,1.3499999999999996,780.0317938886346,363.5903963592561,a3b8947c-4fb1-43ef-a8df-c51fffe78c11,1,225,ZFM-04811
sniffing,stim,1.4499999999999995,793.0294021091663,376.58800457978776,a3b8947c-4fb1-43ef-a8df-c51fffe78c11,1,225,ZFM-04811
sniffing,stim,1.5499999999999996,788.6235859322164,372.1821884028379,a3b8947c-4fb1-43ef-a8df-c51fffe78c11,1,225,ZFM-04811
sniffing,stim,1.6499999999999997,794.65596830689,378.2145707775115,a3b8947c-4fb1-43ef-a8df-c51fffe78c11,1,225,ZFM-04811
sniffing,stim,1.7499999999999996,809.065157445014,392.6237599156355,a3b8947c-4fb1-43ef-a8df-c51fffe78c11,1,225,ZFM-04811
sniffing,stim,1.8499999999999994,837.9660112428846,421.5246137135061,a3b8947c-4fb1-43ef-a8df-c51fffe78c11,1,225,ZFM-04811
sniffing,stim,1.9499999999999995,889.6655604170355,473.224162887657,a3b8947c-4fb1-43ef-a8df-c51fffe78c11,1,225,ZFM-04811
sniffing,stim,2.0499999999999994,954.1808753039724,537.7394777745938,a3b8947c-4fb1-43ef-a8df-c51fffe78c11,1,225,ZFM-04811
sniffing,stim,2.1499999999999995,969.7588790329604,553.3174815035818,a3b8947c-4fb1-43ef-a8df-c51fffe78c11,1,225,ZFM-04811
sniffing,stim,2.249999999999999,953.0698864795098,536.6284889501312,a3b8947c-4fb1-43ef-a8df-c51fffe78c11,1,225,ZFM-04811
sniffing,stim,2.349999999999999,911.0578846698679,494.61648714048937,a3b8947c-4fb1-43ef-a8df-c51fffe78c11,1,225,ZFM-04811
sniffing,stim,2.4499999999999993,889.301059130029,472.85966160065044,a3b8947c-4fb1-43ef-a8df-c51fffe78c11,1,225,ZFM-04811
sniffing,stim,2.549999999999999,871.4737685256392,455.0323709962607,a3b8947c-4fb1-43ef-a8df-c51fffe78c11,1,225,ZFM-04811
sniffing,stim,2.649999999999999,843.3107134721843,426.8693159428057,a3b8947c-4fb1-43ef-a8df-c51fffe78c11,1,225,ZFM-04811
sniffing,stim,2.749999999999999,805.2398363991186,388.7984388697401,a3b8947c-4fb1-43ef-a8df-c51fffe78c11,1,225,ZFM-04811
sniffing,stim,2.849999999999999,767.3884116831365,350.94701415375795,a3b8947c-4fb1-43ef-a8df-c51fffe78c11,1,225,ZFM-04811
sniffing,stim,2.9499999999999993,770.2215249392515,353.78012740987293,a3b8947c-4fb1-43ef-a8df-c51fffe78c11,1,225,ZFM-04811
sniffing,stim,3.049999999999999,776.6084659692057,360.1670684398271,a3b8947c-4fb1-43ef-a8df-c51fffe78c11,1,225,ZFM-04811
sniffing,stim,3.149999999999999,758.3794404438542,341.9380429144756,a3b8947c-4fb1-43ef-a8df-c51fffe78c11,1,225,ZFM-04811
sniffing,stim,3.249999999999999,726.3019376523695,309.8605401229909,a3b8947c-4fb1-43ef-a8df-c51fffe78c11,1,225,ZFM-04811
sniffing,stim,3.3499999999999988,716.4679091037767,300.02651157439817,a3b8947c-4fb1-43ef-a8df-c51fffe78c11,1,225,ZFM-04811
sniffing,stim,3.449999999999999,723.2293875401269,306.7879900107484,a3b8947c-4fb1-43ef-a8df-c51fffe78c11,1,225,ZFM-04811
sniffing,stim,3.549999999999999,720.8227962089629,304.3813986795844,a3b8947c-4fb1-43ef-a8df-c51fffe78c11,1,225,ZFM-04811
sniffing,stim,3.649999999999999,695.5230814058673,279.08168387648874,a3b8947c-4fb1-43ef-a8df-c51fffe78c11,1,225,ZFM-04811
sniffing,stim,3.749999999999999,693.4696782541232,277.02828072474466,a3b8947c-4fb1-43ef-a8df-c51fffe78c11,1,225,ZFM-04811
sniffing,stim,3.8499999999999988,715.4718075024417,299.0304099730632,a3b8947c-4fb1-43ef-a8df-c51fffe78c11,1,225,ZFM-04811
sniffing,stim,3.949999999999999,727.6084402297164,311.16704270033784,a3b8947c-4fb1-43ef-a8df-c51fffe78c11,1,225,ZFM-04811
sniffing,no_stim,-0.45,449.70008743076164,101.96538665095244,a3b8947c-4fb1-43ef-a8df-c51fffe78c11,1,177,ZFM-04811
sniffing,no_stim,-0.35000000000000003,371.4149486553867,23.680247875577493,a3b8947c-4fb1-43ef-a8df-c51fffe78c11,1,177,ZFM-04811
sniffing,no_stim,-0.25000000000000006,330.8058921305521,-16.92880864925712,a3b8947c-4fb1-43ef-a8df-c51fffe78c11,1,177,ZFM-04811
sniffing,no_stim,-0.15000000000000008,313.2777450008605,-34.456955778948725,a3b8947c-4fb1-43ef-a8df-c51fffe78c11,1,177,ZFM-04811
sniffing,no_stim,-0.050000000000000086,273.47483068148506,-74.25987009832414,a3b8947c-4fb1-43ef-a8df-c51fffe78c11,1,177,ZFM-04811
sniffing,no_stim,0.04999999999999989,313.8645681241298,-33.87013265567941,a3b8947c-4fb1-43ef-a8df-c51fffe78c11,1,177,ZFM-04811
sniffing,no_stim,0.14999999999999986,520.6864213546961,172.9517205748869,a3b8947c-4fb1-43ef-a8df-c51fffe78c11,1,177,ZFM-04811
sniffing,no_stim,0.24999999999999983,763.1451928890906,415.4104921092814,a3b8947c-4fb1-43ef-a8df-c51fffe78c11,1,177,ZFM-04811
sniffing,no_stim,0.3499999999999998,881.6148257693258,533.8801249895166,a3b8947c-4fb1-43ef-a8df-c51fffe78c11,1,177,ZFM-04811
sniffing,no_stim,0.4499999999999998,836.7118754275015,488.97717464769227,a3b8947c-4fb1-43ef-a8df-c51fffe78c11,1,177,ZFM-04811
sniffing,no_stim,0.5499999999999998,771.1089285242397,423.37422774443047,a3b8947c-4fb1-43ef-a8df-c51fffe78c11,1,177,ZFM-04811
sniffing,no_stim,0.6499999999999998,717.013031725139,369.27833094532974,a3b8947c-4fb1-43ef-a8df-c51fffe78c11,1,177,ZFM-04811
sniffing,no_stim,0.7499999999999998,654.0252575018061,306.2905567219969,a3b8947c-4fb1-43ef-a8df-c51fffe78c11,1,177,ZFM-04811
sniffing,no_stim,0.8499999999999998,627.7079296369315,279.97322885712225,a3b8947c-4fb1-43ef-a8df-c51fffe78c11,1,177,ZFM-04811
sniffing,no_stim,0.9499999999999997,646.2972350852951,298.56253430548594,a3b8947c-4fb1-43ef-a8df-c51fffe78c11,1,177,ZFM-04811
sniffing,no_stim,1.0499999999999996,676.4966510687071,328.76195028889794,a3b8947c-4fb1-43ef-a8df-c51fffe78c11,1,177,ZFM-04811
sniffing,no_stim,1.1499999999999997,681.8687716078276,334.1340708280184,a3b8947c-4fb1-43ef-a8df-c51fffe78c11,1,177,ZFM-04811
sniffing,no_stim,1.2499999999999998,661.6546426011541,313.91994182134493,a3b8947c-4fb1-43ef-a8df-c51fffe78c11,1,177,ZFM-04811
sniffing,no_stim,1.3499999999999996,678.8910121405131,331.1563113607039,a3b8947c-4fb1-43ef-a8df-c51fffe78c11,1,177,ZFM-04811
sniffing,no_stim,1.4499999999999995,716.9220038419535,369.1873030621443,a3b8947c-4fb1-43ef-a8df-c51fffe78c11,1,177,ZFM-04811
sniffing,no_stim,1.5499999999999996,733.4270384957744,385.69233771596515,a3b8947c-4fb1-43ef-a8df-c51fffe78c11,1,177,ZFM-04811
sniffing,no_stim,1.6499999999999997,775.0180305363748,427.2833297565656,a3b8947c-4fb1-43ef-a8df-c51fffe78c11,1,177,ZFM-04811
sniffing,no_stim,1.7499999999999996,815.1091681471702,467.374467367361,a3b8947c-4fb1-43ef-a8df-c51fffe78c11,1,177,ZFM-04811
sniffing,no_stim,1.8499999999999994,848.6836513901952,500.948950610386,a3b8947c-4fb1-43ef-a8df-c51fffe78c11,1,177,ZFM-04811
sniffing,no_stim,1.9499999999999995,841.0990577252373,493.36435694542814,a3b8947c-4fb1-43ef-a8df-c51fffe78c11,1,177,ZFM-04811
sniffing,no_stim,2.0499999999999994,839.8698599682394,492.13515918843024,a3b8947c-4fb1-43ef-a8df-c51fffe78c11,1,177,ZFM-04811
sniffing,no_stim,2.1499999999999995,895.399543292902,547.6648425130927,a3b8947c-4fb1-43ef-a8df-c51fffe78c11,1,177,ZFM-04811
sniffing,no_stim,2.249999999999999,921.224230295844,573.4895295160347,a3b8947c-4fb1-43ef-a8df-c51fffe78c11,1,177,ZFM-04811
sniffing,no_stim,2.349999999999999,905.8429711589853,558.108270379176,a3b8947c-4fb1-43ef-a8df-c51fffe78c11,1,177,ZFM-04811
sniffing,no_stim,2.4499999999999993,877.3756828904317,529.6409821106224,a3b8947c-4fb1-43ef-a8df-c51fffe78c11,1,177,ZFM-04811
sniffing,no_stim,2.549999999999999,857.1060986590495,509.3713978792403,a3b8947c-4fb1-43ef-a8df-c51fffe78c11,1,177,ZFM-04811
sniffing,no_stim,2.649999999999999,827.7521974645102,480.01749668470103,a3b8947c-4fb1-43ef-a8df-c51fffe78c11,1,177,ZFM-04811
sniffing,no_stim,2.749999999999999,768.2278021597576,420.4931013799484,a3b8947c-4fb1-43ef-a8df-c51fffe78c11,1,177,ZFM-04811
sniffing,no_stim,2.849999999999999,726.065255042035,378.3305542622258,a3b8947c-4fb1-43ef-a8df-c51fffe78c11,1,177,ZFM-04811
sniffing,no_stim,2.9499999999999993,704.356260798557,356.62156001874774,a3b8947c-4fb1-43ef-a8df-c51fffe78c11,1,177,ZFM-04811
sniffing,no_stim,3.049999999999999,644.7609525272366,297.02625174742735,a3b8947c-4fb1-43ef-a8df-c51fffe78c11,1,177,ZFM-04811
sniffing,no_stim,3.149999999999999,585.7525660694398,238.0178652896306,a3b8947c-4fb1-43ef-a8df-c51fffe78c11,1,177,ZFM-04811
sniffing,no_stim,3.249999999999999,562.0799247494009,214.3452239695917,a3b8947c-4fb1-43ef-a8df-c51fffe78c11,1,177,ZFM-04811
sniffing,no_stim,3.3499999999999988,565.352632286968,217.61793150715874,a3b8947c-4fb1-43ef-a8df-c51fffe78c11,1,177,ZFM-04811
sniffing,no_stim,3.449999999999999,557.2512390034759,209.5165382236667,a3b8947c-4fb1-43ef-a8df-c51fffe78c11,1,177,ZFM-04811
sniffing,no_stim,3.549999999999999,524.2351727116481,176.50047193183894,a3b8947c-4fb1-43ef-a8df-c51fffe78c11,1,177,ZFM-04811
sniffing,no_stim,3.649999999999999,544.5933713239355,196.85867054412626,a3b8947c-4fb1-43ef-a8df-c51fffe78c11,1,177,ZFM-04811
sniffing,no_stim,3.749999999999999,583.4425697139934,235.7078689341842,a3b8947c-4fb1-43ef-a8df-c51fffe78c11,1,177,ZFM-04811
sniffing,no_stim,3.8499999999999988,611.893038594795,264.1583378149858,a3b8947c-4fb1-43ef-a8df-c51fffe78c11,1,177,ZFM-04811
sniffing,no_stim,3.949999999999999,597.581921660913,249.84722088110385,a3b8947c-4fb1-43ef-a8df-c51fffe78c11,1,177,ZFM-04811
sniffing,stim,-0.45,398.2431220750471,59.703627933669054,cce8c6b0-2695-42d3-bc35-af35b4546c65,0,258,ZFM-04300
sniffing,stim,-0.35000000000000003,363.54392108527867,25.004426943900626,cce8c6b0-2695-42d3-bc35-af35b4546c65,0,258,ZFM-04300
sniffing,stim,-0.25000000000000006,334.3526616792736,-4.186832462104462,cce8c6b0-2695-42d3-bc35-af35b4546c65,0,258,ZFM-04300
sniffing,stim,-0.15000000000000008,312.5077436713543,-26.031750470023724,cce8c6b0-2695-42d3-bc35-af35b4546c65,0,258,ZFM-04300
sniffing,stim,-0.050000000000000086,284.05002219593666,-54.48947194544138,cce8c6b0-2695-42d3-bc35-af35b4546c65,0,258,ZFM-04300
sniffing,stim,0.04999999999999989,313.12805517291997,-25.41143896845807,cce8c6b0-2695-42d3-bc35-af35b4546c65,0,258,ZFM-04300
sniffing,stim,0.14999999999999986,455.5679433093824,117.02844916800433,cce8c6b0-2695-42d3-bc35-af35b4546c65,0,258,ZFM-04300
sniffing,stim,0.24999999999999983,660.3396028196748,321.8001086782968,cce8c6b0-2695-42d3-bc35-af35b4546c65,0,258,ZFM-04300
sniffing,stim,0.3499999999999998,788.3722564407714,449.8327622993933,cce8c6b0-2695-42d3-bc35-af35b4546c65,0,258,ZFM-04300
sniffing,stim,0.4499999999999998,786.3333684152537,447.7938742738757,cce8c6b0-2695-42d3-bc35-af35b4546c65,0,258,ZFM-04300
sniffing,stim,0.5499999999999998,746.0848557179988,407.5453615766208,cce8c6b0-2695-42d3-bc35-af35b4546c65,0,258,ZFM-04300
sniffing,stim,0.6499999999999998,708.3875011422007,369.84800700082263,cce8c6b0-2695-42d3-bc35-af35b4546c65,0,258,ZFM-04300
sniffing,stim,0.7499999999999998,693.4631674715935,354.9236733302154,cce8c6b0-2695-42d3-bc35-af35b4546c65,0,258,ZFM-04300
sniffing,stim,0.8499999999999998,689.8486883013575,351.3091941599794,cce8c6b0-2695-42d3-bc35-af35b4546c65,0,258,ZFM-04300
sniffing,stim,0.9499999999999997,700.6906579435283,362.1511638021503,cce8c6b0-2695-42d3-bc35-af35b4546c65,0,258,ZFM-04300
sniffing,stim,1.0499999999999996,698.6424382265166,360.1029440851385,cce8c6b0-2695-42d3-bc35-af35b4546c65,0,258,ZFM-04300
sniffing,stim,1.1499999999999997,700.9531598296454,362.4136656882674,cce8c6b0-2695-42d3-bc35-af35b4546c65,0,258,ZFM-04300
sniffing,stim,1.2499999999999998,730.7348443114709,392.1953501700928,cce8c6b0-2695-42d3-bc35-af35b4546c65,0,258,ZFM-04300
sniffing,stim,1.3499999999999996,799.3654934058469,460.82599926446886,cce8c6b0-2695-42d3-bc35-af35b4546c65,0,258,ZFM-04300
sniffing,stim,1.4499999999999995,865.579418999455,527.039924858077,cce8c6b0-2695-42d3-bc35-af35b4546c65,0,258,ZFM-04300
sniffing,stim,1.5499999999999996,905.1670076375098,566.6275134961318,cce8c6b0-2695-42d3-bc35-af35b4546c65,0,258,ZFM-04300
sniffing,stim,1.6499999999999997,930.7586949358557,592.2192007944777,cce8c6b0-2695-42d3-bc35-af35b4546c65,0,258,ZFM-04300
sniffing,stim,1.7499999999999996,926.7686037451226,588.2291096037445,cce8c6b0-2695-42d3-bc35-af35b4546c65,0,258,ZFM-04300
sniffing,stim,1.8499999999999994,893.21674567106,554.677251529682,cce8c6b0-2695-42d3-bc35-af35b4546c65,0,258,ZFM-04300
sniffing,stim,1.9499999999999995,866.0008208509153,527.4613267095372,cce8c6b0-2695-42d3-bc35-af35b4546c65,0,258,ZFM-04300
sniffing,stim,2.0499999999999994,833.784160564701,495.24466642332294,cce8c6b0-2695-42d3-bc35-af35b4546c65,0,258,ZFM-04300
sniffing,stim,2.1499999999999995,810.4066740690123,471.86717992763425,cce8c6b0-2695-42d3-bc35-af35b4546c65,0,258,ZFM-04300
sniffing,stim,2.249999999999999,779.6087872670477,441.0692931256696,cce8c6b0-2695-42d3-bc35-af35b4546c65,0,258,ZFM-04300
sniffing,stim,2.349999999999999,761.5031573833115,422.9636632419335,cce8c6b0-2695-42d3-bc35-af35b4546c65,0,258,ZFM-04300
sniffing,stim,2.4499999999999993,733.5599888299594,395.0204946885813,cce8c6b0-2695-42d3-bc35-af35b4546c65,0,258,ZFM-04300
sniffing,stim,2.549999999999999,738.8030841732406,400.2635900318625,cce8c6b0-2695-42d3-bc35-af35b4546c65,0,258,ZFM-04300
sniffing,stim,2.649999999999999,723.7687349536502,385.22924081227217,cce8c6b0-2695-42d3-bc35-af35b4546c65,0,258,ZFM-04300
sniffing,stim,2.749999999999999,702.0483796973124,363.50888555593434,cce8c6b0-2695-42d3-bc35-af35b4546c65,0,258,ZFM-04300
sniffing,stim,2.849999999999999,656.2778720585936,317.7383779172156,cce8c6b0-2695-42d3-bc35-af35b4546c65,0,258,ZFM-04300
sniffing,stim,2.9499999999999993,605.4951633542389,266.95566921286087,cce8c6b0-2695-42d3-bc35-af35b4546c65,0,258,ZFM-04300
sniffing,stim,3.049999999999999,548.3690105546683,209.82951641329026,cce8c6b0-2695-42d3-bc35-af35b4546c65,0,258,ZFM-04300
sniffing,stim,3.149999999999999,492.08572528641554,153.5462311450375,cce8c6b0-2695-42d3-bc35-af35b4546c65,0,258,ZFM-04300
sniffing,stim,3.249999999999999,464.6549919776413,126.11549783626327,cce8c6b0-2695-42d3-bc35-af35b4546c65,0,258,ZFM-04300
sniffing,stim,3.3499999999999988,450.4138756483878,111.87438150700973,cce8c6b0-2695-42d3-bc35-af35b4546c65,0,258,ZFM-04300
sniffing,stim,3.449999999999999,455.5192080898817,116.97971394850367,cce8c6b0-2695-42d3-bc35-af35b4546c65,0,258,ZFM-04300
sniffing,stim,3.549999999999999,451.93821618663225,113.3987220452542,cce8c6b0-2695-42d3-bc35-af35b4546c65,0,258,ZFM-04300
sniffing,stim,3.649999999999999,455.2300739963457,116.69057985496767,cce8c6b0-2695-42d3-bc35-af35b4546c65,0,258,ZFM-04300
sniffing,stim,3.749999999999999,500.6439532752049,162.10445913382688,cce8c6b0-2695-42d3-bc35-af35b4546c65,0,258,ZFM-04300
sniffing,stim,3.8499999999999988,569.844128306761,231.304634165383,cce8c6b0-2695-42d3-bc35-af35b4546c65,0,258,ZFM-04300
sniffing,stim,3.949999999999999,613.2922389799328,274.75274483855475,cce8c6b0-2695-42d3-bc35-af35b4546c65,0,258,ZFM-04300
sniffing,no_stim,-0.45,458.39471346437887,85.95598857998829,cce8c6b0-2695-42d3-bc35-af35b4546c65,0,259,ZFM-04300
sniffing,no_stim,-0.35000000000000003,397.8492753769372,25.410550492546633,cce8c6b0-2695-42d3-bc35-af35b4546c65,0,259,ZFM-04300
sniffing,no_stim,-0.25000000000000006,364.35515212632043,-8.083572758070147,cce8c6b0-2695-42d3-bc35-af35b4546c65,0,259,ZFM-04300
sniffing,no_stim,-0.15000000000000008,335.3600119379344,-37.078712946456164,cce8c6b0-2695-42d3-bc35-af35b4546c65,0,259,ZFM-04300
sniffing,no_stim,-0.050000000000000086,306.23447151638226,-66.20425336800832,cce8c6b0-2695-42d3-bc35-af35b4546c65,0,259,ZFM-04300
sniffing,no_stim,0.04999999999999989,340.4491790445008,-31.989545839889786,cce8c6b0-2695-42d3-bc35-af35b4546c65,0,259,ZFM-04300
sniffing,no_stim,0.14999999999999986,457.23248630653273,84.79376142214215,cce8c6b0-2695-42d3-bc35-af35b4546c65,0,259,ZFM-04300
sniffing,no_stim,0.24999999999999983,620.6174324126212,248.17870752823058,cce8c6b0-2695-42d3-bc35-af35b4546c65,0,259,ZFM-04300
sniffing,no_stim,0.3499999999999998,724.846163214964,352.4074383305734,cce8c6b0-2695-42d3-bc35-af35b4546c65,0,259,ZFM-04300
sniffing,no_stim,0.4499999999999998,736.8623587709128,364.4236338865222,cce8c6b0-2695-42d3-bc35-af35b4546c65,0,259,ZFM-04300
sniffing,no_stim,0.5499999999999998,703.0949004718269,330.65617558743634,cce8c6b0-2695-42d3-bc35-af35b4546c65,0,259,ZFM-04300
sniffing,no_stim,0.6499999999999998,696.7677046872994,324.32897980290886,cce8c6b0-2695-42d3-bc35-af35b4546c65,0,259,ZFM-04300
sniffing,no_stim,0.7499999999999998,688.673437813989,316.23471292959846,cce8c6b0-2695-42d3-bc35-af35b4546c65,0,259,ZFM-04300
sniffing,no_stim,0.8499999999999998,674.9804654653302,302.54174058093963,cce8c6b0-2695-42d3-bc35-af35b4546c65,0,259,ZFM-04300
sniffing,no_stim,0.9499999999999997,659.5676157421633,287.1288908577727,cce8c6b0-2695-42d3-bc35-af35b4546c65,0,259,ZFM-04300
sniffing,no_stim,1.0499999999999996,657.3127388344858,284.8740139500952,cce8c6b0-2695-42d3-bc35-af35b4546c65,0,259,ZFM-04300
sniffing,no_stim,1.1499999999999997,671.3038464998003,298.86512161540975,cce8c6b0-2695-42d3-bc35-af35b4546c65,0,259,ZFM-04300
sniffing,no_stim,1.2499999999999998,697.9139730666969,325.47524818230636,cce8c6b0-2695-42d3-bc35-af35b4546c65,0,259,ZFM-04300
sniffing,no_stim,1.3499999999999996,730.8738178766909,358.43509299230027,cce8c6b0-2695-42d3-bc35-af35b4546c65,0,259,ZFM-04300
sniffing,no_stim,1.4499999999999995,780.590375744787,408.15165086039644,cce8c6b0-2695-42d3-bc35-af35b4546c65,0,259,ZFM-04300
sniffing,no_stim,1.5499999999999996,806.4448677257114,434.00614284132087,cce8c6b0-2695-42d3-bc35-af35b4546c65,0,259,ZFM-04300
sniffing,no_stim,1.6499999999999997,829.9647610600211,457.52603617563057,cce8c6b0-2695-42d3-bc35-af35b4546c65,0,259,ZFM-04300
sniffing,no_stim,1.7499999999999996,839.1838086074546,466.745083723064,cce8c6b0-2695-42d3-bc35-af35b4546c65,0,259,ZFM-04300
sniffing,no_stim,1.8499999999999994,865.958114550532,493.51938966614136,cce8c6b0-2695-42d3-bc35-af35b4546c65,0,259,ZFM-04300
sniffing,no_stim,1.9499999999999995,885.4861025683293,513.0473776839387,cce8c6b0-2695-42d3-bc35-af35b4546c65,0,259,ZFM-04300
sniffing,no_stim,2.0499999999999994,895.6014846586475,523.1627597742569,cce8c6b0-2695-42d3-bc35-af35b4546c65,0,259,ZFM-04300
sniffing,no_stim,2.1499999999999995,876.4806425222837,504.0419176378931,cce8c6b0-2695-42d3-bc35-af35b4546c65,0,259,ZFM-04300
sniffing,no_stim,2.249999999999999,854.8360543045807,482.3973294201901,cce8c6b0-2695-42d3-bc35-af35b4546c65,0,259,ZFM-04300
sniffing,no_stim,2.349999999999999,824.3857701891592,451.9470453047686,cce8c6b0-2695-42d3-bc35-af35b4546c65,0,259,ZFM-04300
sniffing,no_stim,2.4499999999999993,803.991039571206,431.5523146868154,cce8c6b0-2695-42d3-bc35-af35b4546c65,0,259,ZFM-04300
sniffing,no_stim,2.549999999999999,788.3969018330372,415.9581769486466,cce8c6b0-2695-42d3-bc35-af35b4546c65,0,259,ZFM-04300
sniffing,no_stim,2.649999999999999,743.1858530163428,370.7471281319522,cce8c6b0-2695-42d3-bc35-af35b4546c65,0,259,ZFM-04300
sniffing,no_stim,2.749999999999999,710.3672331115902,337.9285082271996,cce8c6b0-2695-42d3-bc35-af35b4546c65,0,259,ZFM-04300
sniffing,no_stim,2.849999999999999,674.9867708790559,302.54804599466536,cce8c6b0-2695-42d3-bc35-af35b4546c65,0,259,ZFM-04300
sniffing,no_stim,2.9499999999999993,648.6349881898817,276.19626330549113,cce8c6b0-2695-42d3-bc35-af35b4546c65,0,259,ZFM-04300
sniffing,no_stim,3.049999999999999,625.3659166793971,252.92719179500648,cce8c6b0-2695-42d3-bc35-af35b4546c65,0,259,ZFM-04300
sniffing,no_stim,3.149999999999999,604.72552776275,232.28680287835937,cce8c6b0-2695-42d3-bc35-af35b4546c65,0,259,ZFM-04300
sniffing,no_stim,3.249999999999999,601.1248943201932,228.68616943580264,cce8c6b0-2695-42d3-bc35-af35b4546c65,0,259,ZFM-04300
sniffing,no_stim,3.3499999999999988,593.1157952073199,220.67707032292935,cce8c6b0-2695-42d3-bc35-af35b4546c65,0,259,ZFM-04300
sniffing,no_stim,3.449999999999999,575.1097014698065,202.67097658541593,cce8c6b0-2695-42d3-bc35-af35b4546c65,0,259,ZFM-04300
sniffing,no_stim,3.549999999999999,553.935927293168,181.4972024087774,cce8c6b0-2695-42d3-bc35-af35b4546c65,0,259,ZFM-04300
sniffing,no_stim,3.649999999999999,547.4756436873943,175.0369188030037,cce8c6b0-2695-42d3-bc35-af35b4546c65,0,259,ZFM-04300
sniffing,no_stim,3.749999999999999,594.7501766596886,222.311451775298,cce8c6b0-2695-42d3-bc35-af35b4546c65,0,259,ZFM-04300
sniffing,no_stim,3.8499999999999988,634.9331039585846,262.49437907419406,cce8c6b0-2695-42d3-bc35-af35b4546c65,0,259,ZFM-04300
sniffing,no_stim,3.949999999999999,654.3750208886596,281.936296004269,cce8c6b0-2695-42d3-bc35-af35b4546c65,0,259,ZFM-04300
sniffing,stim,-0.45,549.4005830348888,87.65073799053454,2457a923-5efb-42ba-80c2-a83a5b659e28,0,292,ZFM-04300
sniffing,stim,-0.35000000000000003,499.2049827072608,37.455137662906566,2457a923-5efb-42ba-80c2-a83a5b659e28,0,292,ZFM-04300
sniffing,stim,-0.25000000000000006,459.3192557209404,-2.4305893234138125,2457a923-5efb-42ba-80c2-a83a5b659e28,0,292,ZFM-04300
sniffing,stim,-0.15000000000000008,419.45633148455045,-42.293513559803785,2457a923-5efb-42ba-80c2-a83a5b659e28,0,292,ZFM-04300
sniffing,stim,-0.050000000000000086,381.3680722741307,-80.3817727702235,2457a923-5efb-42ba-80c2-a83a5b659e28,0,292,ZFM-04300
sniffing,stim,0.04999999999999989,441.50746899033993,-20.2423760540143,2457a923-5efb-42ba-80c2-a83a5b659e28,0,292,ZFM-04300
sniffing,stim,0.14999999999999986,656.6548773505036,194.9050323061494,2457a923-5efb-42ba-80c2-a83a5b659e28,0,292,ZFM-04300
sniffing,stim,0.24999999999999983,886.3795542711733,424.6297092268191,2457a923-5efb-42ba-80c2-a83a5b659e28,0,292,ZFM-04300
sniffing,stim,0.3499999999999998,992.8274854797359,531.0776404353817,2457a923-5efb-42ba-80c2-a83a5b659e28,0,292,ZFM-04300
sniffing,stim,0.4499999999999998,946.9429661599187,485.19312111556445,2457a923-5efb-42ba-80c2-a83a5b659e28,0,292,ZFM-04300
sniffing,stim,0.5499999999999998,920.8999823981845,459.1501373538303,2457a923-5efb-42ba-80c2-a83a5b659e28,0,292,ZFM-04300
sniffing,stim,0.6499999999999998,936.6789812778835,474.9291362335293,2457a923-5efb-42ba-80c2-a83a5b659e28,0,292,ZFM-04300
sniffing,stim,0.7499999999999998,922.7239230927937,460.9740780484395,2457a923-5efb-42ba-80c2-a83a5b659e28,0,292,ZFM-04300
sniffing,stim,0.8499999999999998,900.1509280103439,438.4010829659897,2457a923-5efb-42ba-80c2-a83a5b659e28,0,292,ZFM-04300
sniffing,stim,0.9499999999999997,877.8468025756245,416.0969575312702,2457a923-5efb-42ba-80c2-a83a5b659e28,0,292,ZFM-04300
sniffing,stim,1.0499999999999996,849.7169212997215,387.9670762553673,2457a923-5efb-42ba-80c2-a83a5b659e28,0,292,ZFM-04300
sniffing,stim,1.1499999999999997,845.1824811351529,383.43263609079867,2457a923-5efb-42ba-80c2-a83a5b659e28,0,292,ZFM-04300
sniffing,stim,1.2499999999999998,877.6151261923187,415.8652811479645,2457a923-5efb-42ba-80c2-a83a5b659e28,0,292,ZFM-04300
sniffing,stim,1.3499999999999996,926.3145074352091,464.56466239085483,2457a923-5efb-42ba-80c2-a83a5b659e28,0,292,ZFM-04300
sniffing,stim,1.4499999999999995,1013.1347358951731,551.3848908508189,2457a923-5efb-42ba-80c2-a83a5b659e28,0,292,ZFM-04300
sniffing,stim,1.5499999999999996,1120.5770683343142,658.8272232899599,2457a923-5efb-42ba-80c2-a83a5b659e28,0,292,ZFM-04300
sniffing,stim,1.6499999999999997,1268.5427840755915,806.7929390312372,2457a923-5efb-42ba-80c2-a83a5b659e28,0,292,ZFM-04300
sniffing,stim,1.7499999999999996,1362.6247622596636,900.8749172153093,2457a923-5efb-42ba-80c2-a83a5b659e28,0,292,ZFM-04300
sniffing,stim,1.8499999999999994,1402.6416846966645,940.8918396523102,2457a923-5efb-42ba-80c2-a83a5b659e28,0,292,ZFM-04300
sniffing,stim,1.9499999999999995,1391.248034192563,929.4981891482087,2457a923-5efb-42ba-80c2-a83a5b659e28,0,292,ZFM-04300
sniffing,stim,2.0499999999999994,1349.5242553319815,887.7744102876272,2457a923-5efb-42ba-80c2-a83a5b659e28,0,292,ZFM-04300
sniffing,stim,2.1499999999999995,1294.0205447541928,832.2706997098385,2457a923-5efb-42ba-80c2-a83a5b659e28,0,292,ZFM-04300
sniffing,stim,2.249999999999999,1191.780622051157,730.0307770068027,2457a923-5efb-42ba-80c2-a83a5b659e28,0,292,ZFM-04300
sniffing,stim,2.349999999999999,1092.4699320626726,630.7200870183183,2457a923-5efb-42ba-80c2-a83a5b659e28,0,292,ZFM-04300
sniffing,stim,2.4499999999999993,1000.2837193856203,538.533874341266,2457a923-5efb-42ba-80c2-a83a5b659e28,0,292,ZFM-04300
sniffing,stim,2.549999999999999,937.8472463941252,476.097401349771,2457a923-5efb-42ba-80c2-a83a5b659e28,0,292,ZFM-04300
sniffing,stim,2.649999999999999,876.53719293219,414.7873478878358,2457a923-5efb-42ba-80c2-a83a5b659e28,0,292,ZFM-04300
sniffing,stim,2.749999999999999,811.2681763608483,349.5183313164941,2457a923-5efb-42ba-80c2-a83a5b659e28,0,292,ZFM-04300
sniffing,stim,2.849999999999999,761.4527819217464,299.7029368773921,2457a923-5efb-42ba-80c2-a83a5b659e28,0,292,ZFM-04300
sniffing,stim,2.9499999999999993,709.6540961372388,247.90425109288452,2457a923-5efb-42ba-80c2-a83a5b659e28,0,292,ZFM-04300
sniffing,stim,3.049999999999999,701.7424495975681,239.99260455321388,2457a923-5efb-42ba-80c2-a83a5b659e28,0,292,ZFM-04300
sniffing,stim,3.149999999999999,679.7691360304723,218.01929098611805,2457a923-5efb-42ba-80c2-a83a5b659e28,0,292,ZFM-04300
sniffing,stim,3.249999999999999,630.5630247730837,168.8131797287295,2457a923-5efb-42ba-80c2-a83a5b659e28,0,292,ZFM-04300
sniffing,stim,3.3499999999999988,573.0809562594872,111.33111121513292,2457a923-5efb-42ba-80c2-a83a5b659e28,0,292,ZFM-04300
sniffing,stim,3.449999999999999,565.1007294187888,103.35088437443454,2457a923-5efb-42ba-80c2-a83a5b659e28,0,292,ZFM-04300
sniffing,stim,3.549999999999999,607.7609361782634,146.01109113390913,2457a923-5efb-42ba-80c2-a83a5b659e28,0,292,ZFM-04300
sniffing,stim,3.649999999999999,665.3656929549353,203.61584791058107,2457a923-5efb-42ba-80c2-a83a5b659e28,0,292,ZFM-04300
sniffing,stim,3.749999999999999,739.3182231080092,277.56837806365496,2457a923-5efb-42ba-80c2-a83a5b659e28,0,292,ZFM-04300
sniffing,stim,3.8499999999999988,797.4345388987631,335.68469385440886,2457a923-5efb-42ba-80c2-a83a5b659e28,0,292,ZFM-04300
sniffing,stim,3.949999999999999,832.8600052820559,371.1101602377017,2457a923-5efb-42ba-80c2-a83a5b659e28,0,292,ZFM-04300
sniffing,no_stim,-0.45,544.7118862448375,87.46433014266688,2457a923-5efb-42ba-80c2-a83a5b659e28,0,270,ZFM-04300
sniffing,no_stim,-0.35000000000000003,474.16904623065403,16.921490128483413,2457a923-5efb-42ba-80c2-a83a5b659e28,0,270,ZFM-04300
sniffing,no_stim,-0.25000000000000006,444.88326657651385,-12.364289525656773,2457a923-5efb-42ba-80c2-a83a5b659e28,0,270,ZFM-04300
sniffing,no_stim,-0.15000000000000008,428.0071424698996,-29.240413632271043,2457a923-5efb-42ba-80c2-a83a5b659e28,0,270,ZFM-04300
sniffing,no_stim,-0.050000000000000086,394.4664389889482,-62.78111711322242,2457a923-5efb-42ba-80c2-a83a5b659e28,0,270,ZFM-04300
sniffing,no_stim,0.04999999999999989,449.0856333649038,-8.16192273726682,2457a923-5efb-42ba-80c2-a83a5b659e28,0,270,ZFM-04300
sniffing,no_stim,0.14999999999999986,685.7854428255881,228.5378867234175,2457a923-5efb-42ba-80c2-a83a5b659e28,0,270,ZFM-04300
sniffing,no_stim,0.24999999999999983,930.3080453143388,473.06048921216814,2457a923-5efb-42ba-80c2-a83a5b659e28,0,270,ZFM-04300
sniffing,no_stim,0.3499999999999998,1018.4648302547677,561.217274152597,2457a923-5efb-42ba-80c2-a83a5b659e28,0,270,ZFM-04300
sniffing,no_stim,0.4499999999999998,931.659774607559,474.4122185053884,2457a923-5efb-42ba-80c2-a83a5b659e28,0,270,ZFM-04300
sniffing,no_stim,0.5499999999999998,861.9305948751125,404.6830387729419,2457a923-5efb-42ba-80c2-a83a5b659e28,0,270,ZFM-04300
sniffing,no_stim,0.6499999999999998,849.4131832316848,392.1656271295142,2457a923-5efb-42ba-80c2-a83a5b659e28,0,270,ZFM-04300
sniffing,no_stim,0.7499999999999998,833.7246921991123,376.47713609694165,2457a923-5efb-42ba-80c2-a83a5b659e28,0,270,ZFM-04300
sniffing,no_stim,0.8499999999999998,802.0832910117437,344.83573490957303,2457a923-5efb-42ba-80c2-a83a5b659e28,0,270,ZFM-04300
sniffing,no_stim,0.9499999999999997,792.5024329502637,335.2548768480931,2457a923-5efb-42ba-80c2-a83a5b659e28,0,270,ZFM-04300
sniffing,no_stim,1.0499999999999996,791.0081887179999,333.7606326158293,2457a923-5efb-42ba-80c2-a83a5b659e28,0,270,ZFM-04300
sniffing,no_stim,1.1499999999999997,834.1803649919024,376.93280888973175,2457a923-5efb-42ba-80c2-a83a5b659e28,0,270,ZFM-04300
sniffing,no_stim,1.2499999999999998,927.6046346985261,470.35707859635545,2457a923-5efb-42ba-80c2-a83a5b659e28,0,270,ZFM-04300
sniffing,no_stim,1.3499999999999996,1032.7324008577018,575.4848447555312,2457a923-5efb-42ba-80c2-a83a5b659e28,0,270,ZFM-04300
sniffing,no_stim,1.4499999999999995,1118.812403582528,661.5648474803575,2457a923-5efb-42ba-80c2-a83a5b659e28,0,270,ZFM-04300
sniffing,no_stim,1.5499999999999996,1195.3678568722855,738.1203007701149,2457a923-5efb-42ba-80c2-a83a5b659e28,0,270,ZFM-04300
sniffing,no_stim,1.6499999999999997,1277.6600719688972,820.4125158667266,2457a923-5efb-42ba-80c2-a83a5b659e28,0,270,ZFM-04300
sniffing,no_stim,1.7499999999999996,1329.781775248505,872.5342191463344,2457a923-5efb-42ba-80c2-a83a5b659e28,0,270,ZFM-04300
sniffing,no_stim,1.8499999999999994,1339.56486216394,882.3173060617694,2457a923-5efb-42ba-80c2-a83a5b659e28,0,270,ZFM-04300
sniffing,no_stim,1.9499999999999995,1300.5833512120591,843.3357951098885,2457a923-5efb-42ba-80c2-a83a5b659e28,0,270,ZFM-04300
sniffing,no_stim,2.0499999999999994,1230.9837677625305,773.7362116603599,2457a923-5efb-42ba-80c2-a83a5b659e28,0,270,ZFM-04300
sniffing,no_stim,2.1499999999999995,1184.2562365861354,727.0086804839648,2457a923-5efb-42ba-80c2-a83a5b659e28,0,270,ZFM-04300
sniffing,no_stim,2.249999999999999,1138.4480458198473,681.2004897176766,2457a923-5efb-42ba-80c2-a83a5b659e28,0,270,ZFM-04300
sniffing,no_stim,2.349999999999999,1118.1475242707083,660.8999681685377,2457a923-5efb-42ba-80c2-a83a5b659e28,0,270,ZFM-04300
sniffing,no_stim,2.4499999999999993,1025.9026535709827,568.6550974688121,2457a923-5efb-42ba-80c2-a83a5b659e28,0,270,ZFM-04300
sniffing,no_stim,2.549999999999999,934.584266111961,477.3367100097904,2457a923-5efb-42ba-80c2-a83a5b659e28,0,270,ZFM-04300
sniffing,no_stim,2.649999999999999,852.3247650581192,395.07720895594855,2457a923-5efb-42ba-80c2-a83a5b659e28,0,270,ZFM-04300
sniffing,no_stim,2.749999999999999,826.9658787825697,369.71832268039907,2457a923-5efb-42ba-80c2-a83a5b659e28,0,270,ZFM-04300
sniffing,no_stim,2.849999999999999,779.2664376145051,322.0188815123345,2457a923-5efb-42ba-80c2-a83a5b659e28,0,270,ZFM-04300
sniffing,no_stim,2.9499999999999993,724.7351645831454,267.4876084809748,2457a923-5efb-42ba-80c2-a83a5b659e28,0,270,ZFM-04300
sniffing,no_stim,3.049999999999999,669.3038199835271,212.05626388135647,2457a923-5efb-42ba-80c2-a83a5b659e28,0,270,ZFM-04300
sniffing,no_stim,3.149999999999999,631.2624627784945,174.0149066763239,2457a923-5efb-42ba-80c2-a83a5b659e28,0,270,ZFM-04300
sniffing,no_stim,3.249999999999999,627.3564191528396,170.10886305066902,2457a923-5efb-42ba-80c2-a83a5b659e28,0,270,ZFM-04300
sniffing,no_stim,3.3499999999999988,655.979615970878,198.73205986870732,2457a923-5efb-42ba-80c2-a83a5b659e28,0,270,ZFM-04300
sniffing,no_stim,3.449999999999999,699.9637992553694,242.71624315319877,2457a923-5efb-42ba-80c2-a83a5b659e28,0,270,ZFM-04300
sniffing,no_stim,3.549999999999999,736.5315455647325,279.28398946256186,2457a923-5efb-42ba-80c2-a83a5b659e28,0,270,ZFM-04300
sniffing,no_stim,3.649999999999999,758.6122683157434,301.36471221357283,2457a923-5efb-42ba-80c2-a83a5b659e28,0,270,ZFM-04300
sniffing,no_stim,3.749999999999999,751.1841878424389,293.93663174026824,2457a923-5efb-42ba-80c2-a83a5b659e28,0,270,ZFM-04300
sniffing,no_stim,3.8499999999999988,734.2917314073659,277.04417530519527,2457a923-5efb-42ba-80c2-a83a5b659e28,0,270,ZFM-04300
sniffing,no_stim,3.949999999999999,724.4037012926811,267.15614519051053,2457a923-5efb-42ba-80c2-a83a5b659e28,0,270,ZFM-04300
sniffing,stim,-0.45,546.261845773043,105.80030697404476,a456692f-5658-430f-b748-c864ace98b6c,0,283,ZFM-04300
sniffing,stim,-0.35000000000000003,495.0045100166882,54.54297121768997,a456692f-5658-430f-b748-c864ace98b6c,0,283,ZFM-04300
sniffing,stim,-0.25000000000000006,438.024900475318,-2.4366383236801994,a456692f-5658-430f-b748-c864ace98b6c,0,283,ZFM-04300
sniffing,stim,-0.15000000000000008,383.2852905478764,-57.17624825112182,a456692f-5658-430f-b748-c864ace98b6c,0,283,ZFM-04300
sniffing,stim,-0.050000000000000086,339.7311471820652,-100.73039161693305,a456692f-5658-430f-b748-c864ace98b6c,0,283,ZFM-04300
sniffing,stim,0.04999999999999989,388.7604647848508,-51.70107401414742,a456692f-5658-430f-b748-c864ace98b6c,0,283,ZFM-04300
sniffing,stim,0.14999999999999986,601.5365323047806,161.0749935057824,a456692f-5658-430f-b748-c864ace98b6c,0,283,ZFM-04300
sniffing,stim,0.24999999999999983,843.0146098274345,402.55307102843625,a456692f-5658-430f-b748-c864ace98b6c,0,283,ZFM-04300
sniffing,stim,0.3499999999999998,979.1243664627866,538.6628276637884,a456692f-5658-430f-b748-c864ace98b6c,0,283,ZFM-04300
sniffing,stim,0.4499999999999998,937.8697557131578,497.4082169141596,a456692f-5658-430f-b748-c864ace98b6c,0,283,ZFM-04300
sniffing,stim,0.5499999999999998,866.9478058670076,426.48626706800934,a456692f-5658-430f-b748-c864ace98b6c,0,283,ZFM-04300
sniffing,stim,0.6499999999999998,834.9051878076209,394.4436490086227,a456692f-5658-430f-b748-c864ace98b6c,0,283,ZFM-04300
sniffing,stim,0.7499999999999998,819.2820569352313,378.82051813623303,a456692f-5658-430f-b748-c864ace98b6c,0,283,ZFM-04300
sniffing,stim,0.8499999999999998,839.8290318948112,399.367493095813,a456692f-5658-430f-b748-c864ace98b6c,0,283,ZFM-04300
sniffing,stim,0.9499999999999997,882.1480739831912,441.686535184193,a456692f-5658-430f-b748-c864ace98b6c,0,283,ZFM-04300
sniffing,stim,1.0499999999999996,878.5860587052687,438.12451990627045,a456692f-5658-430f-b748-c864ace98b6c,0,283,ZFM-04300
sniffing,stim,1.1499999999999997,876.6688629773486,436.20732417835035,a456692f-5658-430f-b748-c864ace98b6c,0,283,ZFM-04300
sniffing,stim,1.2499999999999998,881.5028232070316,441.0412844080334,a456692f-5658-430f-b748-c864ace98b6c,0,283,ZFM-04300
sniffing,stim,1.3499999999999996,930.7092573000914,490.2477185010932,a456692f-5658-430f-b748-c864ace98b6c,0,283,ZFM-04300
sniffing,stim,1.4499999999999995,969.2175157363166,528.7559769373183,a456692f-5658-430f-b748-c864ace98b6c,0,283,ZFM-04300
sniffing,stim,1.5499999999999996,989.8734149756723,549.411876176674,a456692f-5658-430f-b748-c864ace98b6c,0,283,ZFM-04300
sniffing,stim,1.6499999999999997,1012.2347290431418,571.7731902441435,a456692f-5658-430f-b748-c864ace98b6c,0,283,ZFM-04300
sniffing,stim,1.7499999999999996,1041.7855286079134,601.3239898089153,a456692f-5658-430f-b748-c864ace98b6c,0,283,ZFM-04300
sniffing,stim,1.8499999999999994,1053.7379862762314,613.2764474772332,a456692f-5658-430f-b748-c864ace98b6c,0,283,ZFM-04300
sniffing,stim,1.9499999999999995,1095.1297707049714,654.6682319059732,a456692f-5658-430f-b748-c864ace98b6c,0,283,ZFM-04300
sniffing,stim,2.0499999999999994,1126.0930511258098,685.6315123268116,a456692f-5658-430f-b748-c864ace98b6c,0,283,ZFM-04300
sniffing,stim,2.1499999999999995,1153.1329978843332,712.6714590853351,a456692f-5658-430f-b748-c864ace98b6c,0,283,ZFM-04300
sniffing,stim,2.249999999999999,1127.7581886508117,687.2966498518135,a456692f-5658-430f-b748-c864ace98b6c,0,283,ZFM-04300
sniffing,stim,2.349999999999999,1103.3118686365272,662.850329837529,a456692f-5658-430f-b748-c864ace98b6c,0,283,ZFM-04300
sniffing,stim,2.4499999999999993,1085.9625797103163,645.5010409113181,a456692f-5658-430f-b748-c864ace98b6c,0,283,ZFM-04300
sniffing,stim,2.549999999999999,1021.4847988241922,581.0232600251941,a456692f-5658-430f-b748-c864ace98b6c,0,283,ZFM-04300
sniffing,stim,2.649999999999999,941.2073685976604,500.7458297986622,a456692f-5658-430f-b748-c864ace98b6c,0,283,ZFM-04300
sniffing,stim,2.749999999999999,884.0637303993328,443.6021916003346,a456692f-5658-430f-b748-c864ace98b6c,0,283,ZFM-04300
sniffing,stim,2.849999999999999,852.0720664903121,411.61052769131385,a456692f-5658-430f-b748-c864ace98b6c,0,283,ZFM-04300
sniffing,stim,2.9499999999999993,794.4966054255623,354.03506662656406,a456692f-5658-430f-b748-c864ace98b6c,0,283,ZFM-04300
sniffing,stim,3.049999999999999,727.5857693400759,287.1242305410777,a456692f-5658-430f-b748-c864ace98b6c,0,283,ZFM-04300
sniffing,stim,3.149999999999999,672.9616277957388,232.50008899674054,a456692f-5658-430f-b748-c864ace98b6c,0,283,ZFM-04300
sniffing,stim,3.249999999999999,636.8302570800714,196.3687182810732,a456692f-5658-430f-b748-c864ace98b6c,0,283,ZFM-04300
sniffing,stim,3.3499999999999988,595.6796245980986,155.21808579910038,a456692f-5658-430f-b748-c864ace98b6c,0,283,ZFM-04300
sniffing,stim,3.449999999999999,553.1404022245043,112.67886342550611,a456692f-5658-430f-b748-c864ace98b6c,0,283,ZFM-04300
sniffing,stim,3.549999999999999,540.0791411574249,99.61760235842672,a456692f-5658-430f-b748-c864ace98b6c,0,283,ZFM-04300
sniffing,stim,3.649999999999999,539.3154404757028,98.85390167670454,a456692f-5658-430f-b748-c864ace98b6c,0,283,ZFM-04300
sniffing,stim,3.749999999999999,556.8599946695338,116.39845587053554,a456692f-5658-430f-b748-c864ace98b6c,0,283,ZFM-04300
sniffing,stim,3.8499999999999988,589.5672833369505,149.10574453795226,a456692f-5658-430f-b748-c864ace98b6c,0,283,ZFM-04300
sniffing,stim,3.949999999999999,655.8156533830876,215.35411458408936,a456692f-5658-430f-b748-c864ace98b6c,0,283,ZFM-04300
sniffing,no_stim,-0.45,515.3013467435459,90.17407075974711,a456692f-5658-430f-b748-c864ace98b6c,0,241,ZFM-04300
sniffing,no_stim,-0.35000000000000003,467.5846408821358,42.457364898337005,a456692f-5658-430f-b748-c864ace98b6c,0,241,ZFM-04300
sniffing,no_stim,-0.25000000000000006,402.97450307942154,-22.15277290437723,a456692f-5658-430f-b748-c864ace98b6c,0,241,ZFM-04300
sniffing,no_stim,-0.15000000000000008,376.89299529810336,-48.23428068569541,a456692f-5658-430f-b748-c864ace98b6c,0,241,ZFM-04300
sniffing,no_stim,-0.050000000000000086,362.8828939157877,-62.24438206801108,a456692f-5658-430f-b748-c864ace98b6c,0,241,ZFM-04300
sniffing,no_stim,0.04999999999999989,436.8425577117272,11.715281727928414,a456692f-5658-430f-b748-c864ace98b6c,0,241,ZFM-04300
sniffing,no_stim,0.14999999999999986,660.5912044333929,235.46392844959416,a456692f-5658-430f-b748-c864ace98b6c,0,241,ZFM-04300
sniffing,no_stim,0.24999999999999983,927.9419857756487,502.81470979184996,a456692f-5658-430f-b748-c864ace98b6c,0,241,ZFM-04300
sniffing,no_stim,0.3499999999999998,1045.4992798604437,620.372003876645,a456692f-5658-430f-b748-c864ace98b6c,0,241,ZFM-04300
sniffing,no_stim,0.4499999999999998,964.8023491790498,539.675073195251,a456692f-5658-430f-b748-c864ace98b6c,0,241,ZFM-04300
sniffing,no_stim,0.5499999999999998,888.8641015256268,463.736825541828,a456692f-5658-430f-b748-c864ace98b6c,0,241,ZFM-04300
sniffing,no_stim,0.6499999999999998,886.7509513640262,461.6236753802274,a456692f-5658-430f-b748-c864ace98b6c,0,241,ZFM-04300
sniffing,no_stim,0.7499999999999998,923.3848057760409,498.25752979224217,a456692f-5658-430f-b748-c864ace98b6c,0,241,ZFM-04300
sniffing,no_stim,0.8499999999999998,904.3025459349168,479.175269951118,a456692f-5658-430f-b748-c864ace98b6c,0,241,ZFM-04300
sniffing,no_stim,0.9499999999999997,854.723086006033,429.5958100222342,a456692f-5658-430f-b748-c864ace98b6c,0,241,ZFM-04300
sniffing,no_stim,1.0499999999999996,855.4286917602421,430.3014157764434,a456692f-5658-430f-b748-c864ace98b6c,0,241,ZFM-04300
sniffing,no_stim,1.1499999999999997,879.7112880553578,454.5840120715591,a456692f-5658-430f-b748-c864ace98b6c,0,241,ZFM-04300
sniffing,no_stim,1.2499999999999998,946.5415303801497,521.4142543963509,a456692f-5658-430f-b748-c864ace98b6c,0,241,ZFM-04300
sniffing,no_stim,1.3499999999999996,967.9120794775205,542.7848034937217,a456692f-5658-430f-b748-c864ace98b6c,0,241,ZFM-04300
sniffing,no_stim,1.4499999999999995,988.7582279244318,563.630951940633,a456692f-5658-430f-b748-c864ace98b6c,0,241,ZFM-04300
sniffing,no_stim,1.5499999999999996,1056.9787399812667,631.8514639974679,a456692f-5658-430f-b748-c864ace98b6c,0,241,ZFM-04300
sniffing,no_stim,1.6499999999999997,1113.321361712471,688.1940857286721,a456692f-5658-430f-b748-c864ace98b6c,0,241,ZFM-04300
sniffing,no_stim,1.7499999999999996,1126.9694816333247,701.8422056495259,a456692f-5658-430f-b748-c864ace98b6c,0,241,ZFM-04300
sniffing,no_stim,1.8499999999999994,1102.8589341608622,677.7316581770634,a456692f-5658-430f-b748-c864ace98b6c,0,241,ZFM-04300
sniffing,no_stim,1.9499999999999995,1048.5341102706866,623.4068342868878,a456692f-5658-430f-b748-c864ace98b6c,0,241,ZFM-04300
sniffing,no_stim,2.0499999999999994,1032.7033805425965,607.5761045587977,a456692f-5658-430f-b748-c864ace98b6c,0,241,ZFM-04300
sniffing,no_stim,2.1499999999999995,1029.6989194752387,604.5716434914399,a456692f-5658-430f-b748-c864ace98b6c,0,241,ZFM-04300
sniffing,no_stim,2.249999999999999,1040.0965070850425,614.9692311012437,a456692f-5658-430f-b748-c864ace98b6c,0,241,ZFM-04300
sniffing,no_stim,2.349999999999999,1023.8582479133842,598.7309719295854,a456692f-5658-430f-b748-c864ace98b6c,0,241,ZFM-04300
sniffing,no_stim,2.4499999999999993,986.0252842375476,560.8980082537488,a456692f-5658-430f-b748-c864ace98b6c,0,241,ZFM-04300
sniffing,no_stim,2.549999999999999,946.2574603497725,521.1301843659737,a456692f-5658-430f-b748-c864ace98b6c,0,241,ZFM-04300
sniffing,no_stim,2.649999999999999,917.7626896885391,492.63541370474036,a456692f-5658-430f-b748-c864ace98b6c,0,241,ZFM-04300
sniffing,no_stim,2.749999999999999,899.1992612829846,474.0719852991858,a456692f-5658-430f-b748-c864ace98b6c,0,241,ZFM-04300
sniffing,no_stim,2.849999999999999,857.2516395870058,432.12436360320703,a456692f-5658-430f-b748-c864ace98b6c,0,241,ZFM-04300
sniffing,no_stim,2.9499999999999993,827.4988017434767,402.371525759678,a456692f-5658-430f-b748-c864ace98b6c,0,241,ZFM-04300
sniffing,no_stim,3.049999999999999,794.4757666639243,369.34849068012556,a456692f-5658-430f-b748-c864ace98b6c,0,241,ZFM-04300
sniffing,no_stim,3.149999999999999,743.694931530848,318.5676555470492,a456692f-5658-430f-b748-c864ace98b6c,0,241,ZFM-04300
sniffing,no_stim,3.249999999999999,732.6495609593213,307.52228497552255,a456692f-5658-430f-b748-c864ace98b6c,0,241,ZFM-04300
sniffing,no_stim,3.3499999999999988,699.7265351482299,274.59925916443115,a456692f-5658-430f-b748-c864ace98b6c,0,241,ZFM-04300
sniffing,no_stim,3.449999999999999,677.5943922670921,252.4671162832933,a456692f-5658-430f-b748-c864ace98b6c,0,241,ZFM-04300
sniffing,no_stim,3.549999999999999,636.7532411652601,211.6259651814613,a456692f-5658-430f-b748-c864ace98b6c,0,241,ZFM-04300
sniffing,no_stim,3.649999999999999,622.1797222326836,197.05244624888485,a456692f-5658-430f-b748-c864ace98b6c,0,241,ZFM-04300
sniffing,no_stim,3.749999999999999,658.1933488932401,233.06607290944135,a456692f-5658-430f-b748-c864ace98b6c,0,241,ZFM-04300
sniffing,no_stim,3.8499999999999988,727.870867397895,302.7435914140963,a456692f-5658-430f-b748-c864ace98b6c,0,241,ZFM-04300
sniffing,no_stim,3.949999999999999,776.1292596508325,351.00198366703376,a456692f-5658-430f-b748-c864ace98b6c,0,241,ZFM-04300
sniffing,stim,-0.45,721.5103296422923,55.747045379703536,7d962737-6858-4d85-9420-c83d20e3ff0a,0,88,ZFM-04300
sniffing,stim,-0.35000000000000003,670.0001666967743,4.236882434185532,7d962737-6858-4d85-9420-c83d20e3ff0a,0,88,ZFM-04300
sniffing,stim,-0.25000000000000006,683.7561282288638,17.992843966275018,7d962737-6858-4d85-9420-c83d20e3ff0a,0,88,ZFM-04300
sniffing,stim,-0.15000000000000008,668.4205896968745,2.6573054342857176,7d962737-6858-4d85-9420-c83d20e3ff0a,0,88,ZFM-04300
sniffing,stim,-0.050000000000000086,585.1292070481394,-80.63407721444935,7d962737-6858-4d85-9420-c83d20e3ff0a,0,88,ZFM-04300
sniffing,stim,0.04999999999999989,536.435485699433,-129.32779856315574,7d962737-6858-4d85-9420-c83d20e3ff0a,0,88,ZFM-04300
sniffing,stim,0.14999999999999986,620.5226697093104,-45.240614553278306,7d962737-6858-4d85-9420-c83d20e3ff0a,0,88,ZFM-04300
sniffing,stim,0.24999999999999983,760.0795117656445,94.31622750305576,7d962737-6858-4d85-9420-c83d20e3ff0a,0,88,ZFM-04300
sniffing,stim,0.3499999999999998,843.5873865658951,177.8241023033064,7d962737-6858-4d85-9420-c83d20e3ff0a,0,88,ZFM-04300
sniffing,stim,0.4499999999999998,847.0083739897383,181.24508972714955,7d962737-6858-4d85-9420-c83d20e3ff0a,0,88,ZFM-04300
sniffing,stim,0.5499999999999998,837.1250990283876,171.36181476579884,7d962737-6858-4d85-9420-c83d20e3ff0a,0,88,ZFM-04300
sniffing,stim,0.6499999999999998,844.6326700413786,178.86938577878982,7d962737-6858-4d85-9420-c83d20e3ff0a,0,88,ZFM-04300
sniffing,stim,0.7499999999999998,854.4373811152291,188.67409685264033,7d962737-6858-4d85-9420-c83d20e3ff0a,0,88,ZFM-04300
sniffing,stim,0.8499999999999998,872.2706164760507,206.50733221346195,7d962737-6858-4d85-9420-c83d20e3ff0a,0,88,ZFM-04300
sniffing,stim,0.9499999999999997,882.7081672588715,216.9448829962828,7d962737-6858-4d85-9420-c83d20e3ff0a,0,88,ZFM-04300
sniffing,stim,1.0499999999999996,902.8480310569175,237.0847467943288,7d962737-6858-4d85-9420-c83d20e3ff0a,0,88,ZFM-04300
sniffing,stim,1.1499999999999997,897.7853503974831,232.02206613489432,7d962737-6858-4d85-9420-c83d20e3ff0a,0,88,ZFM-04300
sniffing,stim,1.2499999999999998,894.502376372938,228.73909211034925,7d962737-6858-4d85-9420-c83d20e3ff0a,0,88,ZFM-04300
sniffing,stim,1.3499999999999996,892.2624245734776,226.49914031088883,7d962737-6858-4d85-9420-c83d20e3ff0a,0,88,ZFM-04300
sniffing,stim,1.4499999999999995,935.2946878515752,269.53140358898645,7d962737-6858-4d85-9420-c83d20e3ff0a,0,88,ZFM-04300
sniffing,stim,1.5499999999999996,987.4363499249758,321.6730656623871,7d962737-6858-4d85-9420-c83d20e3ff0a,0,88,ZFM-04300
sniffing,stim,1.6499999999999997,1028.7121052361765,362.9488209735878,7d962737-6858-4d85-9420-c83d20e3ff0a,0,88,ZFM-04300
sniffing,stim,1.7499999999999996,980.4165633116926,314.65327904910384,7d962737-6858-4d85-9420-c83d20e3ff0a,0,88,ZFM-04300
sniffing,stim,1.8499999999999994,902.5780905866451,236.81480632405635,7d962737-6858-4d85-9420-c83d20e3ff0a,0,88,ZFM-04300
sniffing,stim,1.9499999999999995,951.5856591238979,285.8223748613092,7d962737-6858-4d85-9420-c83d20e3ff0a,0,88,ZFM-04300
sniffing,stim,2.0499999999999994,1022.4198804382031,356.65659617561437,7d962737-6858-4d85-9420-c83d20e3ff0a,0,88,ZFM-04300
sniffing,stim,2.1499999999999995,1016.6761676251618,350.9128833625731,7d962737-6858-4d85-9420-c83d20e3ff0a,0,88,ZFM-04300
sniffing,stim,2.249999999999999,917.0491118418228,251.28582757923402,7d962737-6858-4d85-9420-c83d20e3ff0a,0,88,ZFM-04300
sniffing,stim,2.349999999999999,844.1849748948117,178.42169063222298,7d962737-6858-4d85-9420-c83d20e3ff0a,0,88,ZFM-04300
sniffing,stim,2.4499999999999993,901.872013656695,236.10872939410626,7d962737-6858-4d85-9420-c83d20e3ff0a,0,88,ZFM-04300
sniffing,stim,2.549999999999999,983.077917215238,317.3146329526493,7d962737-6858-4d85-9420-c83d20e3ff0a,0,88,ZFM-04300
sniffing,stim,2.649999999999999,1039.9887949697606,374.2255107071719,7d962737-6858-4d85-9420-c83d20e3ff0a,0,88,ZFM-04300
sniffing,stim,2.749999999999999,1027.2066619340396,361.4433776714509,7d962737-6858-4d85-9420-c83d20e3ff0a,0,88,ZFM-04300
sniffing,stim,2.849999999999999,979.5739825425303,313.81069827994156,7d962737-6858-4d85-9420-c83d20e3ff0a,0,88,ZFM-04300
sniffing,stim,2.9499999999999993,901.578546262631,235.81526200004225,7d962737-6858-4d85-9420-c83d20e3ff0a,0,88,ZFM-04300
sniffing,stim,3.049999999999999,918.103158004864,252.33987374227524,7d962737-6858-4d85-9420-c83d20e3ff0a,0,88,ZFM-04300
sniffing,stim,3.149999999999999,951.8309784837359,286.0676942211471,7d962737-6858-4d85-9420-c83d20e3ff0a,0,88,ZFM-04300
sniffing,stim,3.249999999999999,949.6650633841607,283.90177912157196,7d962737-6858-4d85-9420-c83d20e3ff0a,0,88,ZFM-04300
sniffing,stim,3.3499999999999988,874.4867418603836,208.7234575977949,7d962737-6858-4d85-9420-c83d20e3ff0a,0,88,ZFM-04300
sniffing,stim,3.449999999999999,788.5979241276557,122.83463986506695,7d962737-6858-4d85-9420-c83d20e3ff0a,0,88,ZFM-04300
sniffing,stim,3.549999999999999,789.262045790978,123.49876152838931,7d962737-6858-4d85-9420-c83d20e3ff0a,0,88,ZFM-04300
sniffing,stim,3.649999999999999,823.2859478362273,157.5226635736385,7d962737-6858-4d85-9420-c83d20e3ff0a,0,88,ZFM-04300
sniffing,stim,3.749999999999999,830.3689291276643,164.60564486507553,7d962737-6858-4d85-9420-c83d20e3ff0a,0,88,ZFM-04300
sniffing,stim,3.8499999999999988,785.4055261530361,119.6422418904474,7d962737-6858-4d85-9420-c83d20e3ff0a,0,88,ZFM-04300
sniffing,stim,3.949999999999999,758.4816461958379,92.71836193324918,7d962737-6858-4d85-9420-c83d20e3ff0a,0,88,ZFM-04300
sniffing,no_stim,-0.45,609.5774812223012,130.31339597558133,7d962737-6858-4d85-9420-c83d20e3ff0a,0,57,ZFM-04300
sniffing,no_stim,-0.35000000000000003,537.8062731346042,58.542187887884324,7d962737-6858-4d85-9420-c83d20e3ff0a,0,57,ZFM-04300
sniffing,no_stim,-0.25000000000000006,439.4619576254315,-39.80212762128838,7d962737-6858-4d85-9420-c83d20e3ff0a,0,57,ZFM-04300
sniffing,no_stim,-0.15000000000000008,393.9136166348798,-85.35046861184009,7d962737-6858-4d85-9420-c83d20e3ff0a,0,57,ZFM-04300
sniffing,no_stim,-0.050000000000000086,415.5610976163823,-63.70298763033759,7d962737-6858-4d85-9420-c83d20e3ff0a,0,57,ZFM-04300
sniffing,no_stim,0.04999999999999989,407.5139007026865,-71.7501845440334,7d962737-6858-4d85-9420-c83d20e3ff0a,0,57,ZFM-04300
sniffing,no_stim,0.14999999999999986,433.3661912380019,-45.897894008718026,7d962737-6858-4d85-9420-c83d20e3ff0a,0,57,ZFM-04300
sniffing,no_stim,0.24999999999999983,541.2169936106768,61.95290836395691,7d962737-6858-4d85-9420-c83d20e3ff0a,0,57,ZFM-04300
sniffing,no_stim,0.3499999999999998,710.2141904066395,230.95010515991964,7d962737-6858-4d85-9420-c83d20e3ff0a,0,57,ZFM-04300
sniffing,no_stim,0.4499999999999998,835.5928399322125,356.32875468549264,7d962737-6858-4d85-9420-c83d20e3ff0a,0,57,ZFM-04300
sniffing,no_stim,0.5499999999999998,863.1464665065228,383.88238125980286,7d962737-6858-4d85-9420-c83d20e3ff0a,0,57,ZFM-04300
sniffing,no_stim,0.6499999999999998,867.404350228285,388.1402649815651,7d962737-6858-4d85-9420-c83d20e3ff0a,0,57,ZFM-04300
sniffing,no_stim,0.7499999999999998,888.8834053023361,409.6193200556162,7d962737-6858-4d85-9420-c83d20e3ff0a,0,57,ZFM-04300
sniffing,no_stim,0.8499999999999998,845.1894912582014,365.9254060114815,7d962737-6858-4d85-9420-c83d20e3ff0a,0,57,ZFM-04300
sniffing,no_stim,0.9499999999999997,811.9597721525703,332.6956869058504,7d962737-6858-4d85-9420-c83d20e3ff0a,0,57,ZFM-04300
sniffing,no_stim,1.0499999999999996,763.815561143938,284.5514758972181,7d962737-6858-4d85-9420-c83d20e3ff0a,0,57,ZFM-04300
sniffing,no_stim,1.1499999999999997,763.4384753077252,284.1743900610053,7d962737-6858-4d85-9420-c83d20e3ff0a,0,57,ZFM-04300
sniffing,no_stim,1.2499999999999998,771.8672275407736,292.60314229405367,7d962737-6858-4d85-9420-c83d20e3ff0a,0,57,ZFM-04300
sniffing,no_stim,1.3499999999999996,832.2758288303604,353.0117435836405,7d962737-6858-4d85-9420-c83d20e3ff0a,0,57,ZFM-04300
sniffing,no_stim,1.4499999999999995,892.3664002961858,413.1023150494659,7d962737-6858-4d85-9420-c83d20e3ff0a,0,57,ZFM-04300
sniffing,no_stim,1.5499999999999996,832.3880534268832,353.1239681801633,7d962737-6858-4d85-9420-c83d20e3ff0a,0,57,ZFM-04300
sniffing,no_stim,1.6499999999999997,769.054301787712,289.7902165409921,7d962737-6858-4d85-9420-c83d20e3ff0a,0,57,ZFM-04300
sniffing,no_stim,1.7499999999999996,779.1869540666358,299.92286881991595,7d962737-6858-4d85-9420-c83d20e3ff0a,0,57,ZFM-04300
sniffing,no_stim,1.8499999999999994,878.2796786184122,399.01559337169226,7d962737-6858-4d85-9420-c83d20e3ff0a,0,57,ZFM-04300
sniffing,no_stim,1.9499999999999995,1016.5860700211101,537.3219847743902,7d962737-6858-4d85-9420-c83d20e3ff0a,0,57,ZFM-04300
sniffing,no_stim,2.0499999999999994,1012.3737507250129,533.109665478293,7d962737-6858-4d85-9420-c83d20e3ff0a,0,57,ZFM-04300
sniffing,no_stim,2.1499999999999995,911.0288399959492,431.76475474922927,7d962737-6858-4d85-9420-c83d20e3ff0a,0,57,ZFM-04300
sniffing,no_stim,2.249999999999999,882.3787713311251,403.1146860844052,7d962737-6858-4d85-9420-c83d20e3ff0a,0,57,ZFM-04300
sniffing,no_stim,2.349999999999999,945.7961762770566,466.5320910303367,7d962737-6858-4d85-9420-c83d20e3ff0a,0,57,ZFM-04300
sniffing,no_stim,2.4499999999999993,1051.3638991239657,572.0998138772458,7d962737-6858-4d85-9420-c83d20e3ff0a,0,57,ZFM-04300
sniffing,no_stim,2.549999999999999,1017.1782909450421,537.9142056983222,7d962737-6858-4d85-9420-c83d20e3ff0a,0,57,ZFM-04300
sniffing,no_stim,2.649999999999999,870.1990702604488,390.9349850137289,7d962737-6858-4d85-9420-c83d20e3ff0a,0,57,ZFM-04300
sniffing,no_stim,2.749999999999999,772.3379419901365,293.0738567434166,7d962737-6858-4d85-9420-c83d20e3ff0a,0,57,ZFM-04300
sniffing,no_stim,2.849999999999999,828.6205917204204,349.3565064737005,7d962737-6858-4d85-9420-c83d20e3ff0a,0,57,ZFM-04300
sniffing,no_stim,2.9499999999999993,858.8155320659231,379.5514468192032,7d962737-6858-4d85-9420-c83d20e3ff0a,0,57,ZFM-04300
sniffing,no_stim,3.049999999999999,762.0941016562235,282.8300164095036,7d962737-6858-4d85-9420-c83d20e3ff0a,0,57,ZFM-04300
sniffing,no_stim,3.149999999999999,648.7153307330677,169.45124548634783,7d962737-6858-4d85-9420-c83d20e3ff0a,0,57,ZFM-04300
sniffing,no_stim,3.249999999999999,589.0582452690533,109.79416002233336,7d962737-6858-4d85-9420-c83d20e3ff0a,0,57,ZFM-04300
sniffing,no_stim,3.3499999999999988,611.3889821109987,132.12489686427875,7d962737-6858-4d85-9420-c83d20e3ff0a,0,57,ZFM-04300
sniffing,no_stim,3.449999999999999,565.104356717762,85.84027147104212,7d962737-6858-4d85-9420-c83d20e3ff0a,0,57,ZFM-04300
sniffing,no_stim,3.549999999999999,544.812922906323,65.54883765960312,7d962737-6858-4d85-9420-c83d20e3ff0a,0,57,ZFM-04300
sniffing,no_stim,3.649999999999999,571.743259759626,92.47917451290607,7d962737-6858-4d85-9420-c83d20e3ff0a,0,57,ZFM-04300
sniffing,no_stim,3.749999999999999,622.4799578501285,143.21587260340857,7d962737-6858-4d85-9420-c83d20e3ff0a,0,57,ZFM-04300
sniffing,no_stim,3.8499999999999988,626.144978073281,146.88089282656108,7d962737-6858-4d85-9420-c83d20e3ff0a,0,57,ZFM-04300
sniffing,no_stim,3.949999999999999,561.9672137179875,82.70312847126763,7d962737-6858-4d85-9420-c83d20e3ff0a,0,57,ZFM-04300
sniffing,stim,-0.45,435.29803460797933,65.80048626229927,ae4a54de-43c9-4eff-8a7d-bd2d05c5f993,1,341,ZFM-04083
sniffing,stim,-0.35000000000000003,354.4305325153576,-15.067015830322475,ae4a54de-43c9-4eff-8a7d-bd2d05c5f993,1,341,ZFM-04083
sniffing,stim,-0.25000000000000006,306.5433569743099,-62.95419137137014,ae4a54de-43c9-4eff-8a7d-bd2d05c5f993,1,341,ZFM-04083
sniffing,stim,-0.15000000000000008,329.8709884901681,-39.62655985551197,ae4a54de-43c9-4eff-8a7d-bd2d05c5f993,1,341,ZFM-04083
sniffing,stim,-0.050000000000000086,421.3448291405855,51.84728079490543,ae4a54de-43c9-4eff-8a7d-bd2d05c5f993,1,341,ZFM-04083
sniffing,stim,0.04999999999999989,573.9813130688334,204.48376472315334,ae4a54de-43c9-4eff-8a7d-bd2d05c5f993,1,341,ZFM-04083
sniffing,stim,0.14999999999999986,743.7926816072398,374.2951332615598,ae4a54de-43c9-4eff-8a7d-bd2d05c5f993,1,341,ZFM-04083
sniffing,stim,0.24999999999999983,883.5389554926072,514.0414071469272,ae4a54de-43c9-4eff-8a7d-bd2d05c5f993,1,341,ZFM-04083
sniffing,stim,0.3499999999999998,941.7657721799349,572.2682238342547,ae4a54de-43c9-4eff-8a7d-bd2d05c5f993,1,341,ZFM-04083
sniffing,stim,0.4499999999999998,898.4134949597511,528.9159466140711,ae4a54de-43c9-4eff-8a7d-bd2d05c5f993,1,341,ZFM-04083
sniffing,stim,0.5499999999999998,855.7696579834163,486.27210963773626,ae4a54de-43c9-4eff-8a7d-bd2d05c5f993,1,341,ZFM-04083
sniffing,stim,0.6499999999999998,852.4961876831081,482.9986393374281,ae4a54de-43c9-4eff-8a7d-bd2d05c5f993,1,341,ZFM-04083
sniffing,stim,0.7499999999999998,834.6707292330909,465.17318088741087,ae4a54de-43c9-4eff-8a7d-bd2d05c5f993,1,341,ZFM-04083
sniffing,stim,0.8499999999999998,812.0973399328273,442.5997915871472,ae4a54de-43c9-4eff-8a7d-bd2d05c5f993,1,341,ZFM-04083
sniffing,stim,0.9499999999999997,788.5470979967944,419.0495496511143,ae4a54de-43c9-4eff-8a7d-bd2d05c5f993,1,341,ZFM-04083
sniffing,stim,1.0499999999999996,805.0464347229099,435.54888637722985,ae4a54de-43c9-4eff-8a7d-bd2d05c5f993,1,341,ZFM-04083
sniffing,stim,1.1499999999999997,829.3473190326963,459.84977068701625,ae4a54de-43c9-4eff-8a7d-bd2d05c5f993,1,341,ZFM-04083
sniffing,stim,1.2499999999999998,840.5307859057222,471.0332375600421,ae4a54de-43c9-4eff-8a7d-bd2d05c5f993,1,341,ZFM-04083
sniffing,stim,1.3499999999999996,864.5615586780107,495.0640103323306,ae4a54de-43c9-4eff-8a7d-bd2d05c5f993,1,341,ZFM-04083
sniffing,stim,1.4499999999999995,908.9702382551221,539.4726899094421,ae4a54de-43c9-4eff-8a7d-bd2d05c5f993,1,341,ZFM-04083
sniffing,stim,1.5499999999999996,977.4283625062405,607.9308141605604,ae4a54de-43c9-4eff-8a7d-bd2d05c5f993,1,341,ZFM-04083
sniffing,stim,1.6499999999999997,1033.0853124720827,663.5877641264026,ae4a54de-43c9-4eff-8a7d-bd2d05c5f993,1,341,ZFM-04083
sniffing,stim,1.7499999999999996,1044.9919354710491,675.494387125369,ae4a54de-43c9-4eff-8a7d-bd2d05c5f993,1,341,ZFM-04083
sniffing,stim,1.8499999999999994,1022.194117182896,652.6965688372159,ae4a54de-43c9-4eff-8a7d-bd2d05c5f993,1,341,ZFM-04083
sniffing,stim,1.9499999999999995,1019.7752320874553,650.2776837417753,ae4a54de-43c9-4eff-8a7d-bd2d05c5f993,1,341,ZFM-04083
sniffing,stim,2.0499999999999994,1000.6171315597522,631.1195832140722,ae4a54de-43c9-4eff-8a7d-bd2d05c5f993,1,341,ZFM-04083
sniffing,stim,2.1499999999999995,1008.397442975365,638.8998946296849,ae4a54de-43c9-4eff-8a7d-bd2d05c5f993,1,341,ZFM-04083
sniffing,stim,2.249999999999999,949.3788530102131,579.881304664533,ae4a54de-43c9-4eff-8a7d-bd2d05c5f993,1,341,ZFM-04083
sniffing,stim,2.349999999999999,918.9909288186988,549.4933804730188,ae4a54de-43c9-4eff-8a7d-bd2d05c5f993,1,341,ZFM-04083
sniffing,stim,2.4499999999999993,887.4203823980544,517.9228340523744,ae4a54de-43c9-4eff-8a7d-bd2d05c5f993,1,341,ZFM-04083
sniffing,stim,2.549999999999999,843.745869930478,474.2483215847979,ae4a54de-43c9-4eff-8a7d-bd2d05c5f993,1,341,ZFM-04083
sniffing,stim,2.649999999999999,808.6981979430362,439.2006495973562,ae4a54de-43c9-4eff-8a7d-bd2d05c5f993,1,341,ZFM-04083
sniffing,stim,2.749999999999999,784.9720830458314,415.4745347001513,ae4a54de-43c9-4eff-8a7d-bd2d05c5f993,1,341,ZFM-04083
sniffing,stim,2.849999999999999,796.0707151872937,426.5731668416136,ae4a54de-43c9-4eff-8a7d-bd2d05c5f993,1,341,ZFM-04083
sniffing,stim,2.9499999999999993,791.252832517039,421.75528417135894,ae4a54de-43c9-4eff-8a7d-bd2d05c5f993,1,341,ZFM-04083
sniffing,stim,3.049999999999999,763.3486956890299,393.85114734334985,ae4a54de-43c9-4eff-8a7d-bd2d05c5f993,1,341,ZFM-04083
sniffing,stim,3.149999999999999,719.4497135047014,349.9521651590214,ae4a54de-43c9-4eff-8a7d-bd2d05c5f993,1,341,ZFM-04083
sniffing,stim,3.249999999999999,677.4590456104924,307.9614972648123,ae4a54de-43c9-4eff-8a7d-bd2d05c5f993,1,341,ZFM-04083
sniffing,stim,3.3499999999999988,636.4615362805529,266.9639879348728,ae4a54de-43c9-4eff-8a7d-bd2d05c5f993,1,341,ZFM-04083
sniffing,stim,3.449999999999999,640.9523134039889,271.45476505830885,ae4a54de-43c9-4eff-8a7d-bd2d05c5f993,1,341,ZFM-04083
sniffing,stim,3.549999999999999,659.2062150115539,289.70866666587386,ae4a54de-43c9-4eff-8a7d-bd2d05c5f993,1,341,ZFM-04083
sniffing,stim,3.649999999999999,704.2214690138975,334.72392066821743,ae4a54de-43c9-4eff-8a7d-bd2d05c5f993,1,341,ZFM-04083
sniffing,stim,3.749999999999999,728.7980280280516,359.30047968237153,ae4a54de-43c9-4eff-8a7d-bd2d05c5f993,1,341,ZFM-04083
sniffing,stim,3.8499999999999988,733.3918268124318,363.8942784667517,ae4a54de-43c9-4eff-8a7d-bd2d05c5f993,1,341,ZFM-04083
sniffing,stim,3.949999999999999,728.796501009724,359.29895266404395,ae4a54de-43c9-4eff-8a7d-bd2d05c5f993,1,341,ZFM-04083
sniffing,no_stim,-0.45,442.84322586115303,55.46036893133811,ae4a54de-43c9-4eff-8a7d-bd2d05c5f993,1,363,ZFM-04083
sniffing,no_stim,-0.35000000000000003,356.09587718487114,-31.28697974494378,ae4a54de-43c9-4eff-8a7d-bd2d05c5f993,1,363,ZFM-04083
sniffing,no_stim,-0.25000000000000006,306.49529026876996,-80.88756666104496,ae4a54de-43c9-4eff-8a7d-bd2d05c5f993,1,363,ZFM-04083
sniffing,no_stim,-0.15000000000000008,356.20160176295917,-31.18125516685575,ae4a54de-43c9-4eff-8a7d-bd2d05c5f993,1,363,ZFM-04083
sniffing,no_stim,-0.050000000000000086,475.2782895713213,87.89543264150637,ae4a54de-43c9-4eff-8a7d-bd2d05c5f993,1,363,ZFM-04083
sniffing,no_stim,0.04999999999999989,630.6427273691237,243.25987043930877,ae4a54de-43c9-4eff-8a7d-bd2d05c5f993,1,363,ZFM-04083
sniffing,no_stim,0.14999999999999986,771.2651251862819,383.882268256467,ae4a54de-43c9-4eff-8a7d-bd2d05c5f993,1,363,ZFM-04083
sniffing,no_stim,0.24999999999999983,883.7149784040422,496.3321214742273,ae4a54de-43c9-4eff-8a7d-bd2d05c5f993,1,363,ZFM-04083
sniffing,no_stim,0.3499999999999998,932.6280806942956,545.2452237644807,ae4a54de-43c9-4eff-8a7d-bd2d05c5f993,1,363,ZFM-04083
sniffing,no_stim,0.4499999999999998,917.6969850359316,530.3141281061166,ae4a54de-43c9-4eff-8a7d-bd2d05c5f993,1,363,ZFM-04083
sniffing,no_stim,0.5499999999999998,866.7052011646892,479.3223442348743,ae4a54de-43c9-4eff-8a7d-bd2d05c5f993,1,363,ZFM-04083
sniffing,no_stim,0.6499999999999998,803.227084104224,415.84422717440907,ae4a54de-43c9-4eff-8a7d-bd2d05c5f993,1,363,ZFM-04083
sniffing,no_stim,0.7499999999999998,741.0830667315042,353.7002098016893,ae4a54de-43c9-4eff-8a7d-bd2d05c5f993,1,363,ZFM-04083
sniffing,no_stim,0.8499999999999998,700.8459271211864,313.46307019137146,ae4a54de-43c9-4eff-8a7d-bd2d05c5f993,1,363,ZFM-04083
sniffing,no_stim,0.9499999999999997,690.5016854989726,303.1188285691577,ae4a54de-43c9-4eff-8a7d-bd2d05c5f993,1,363,ZFM-04083
sniffing,no_stim,1.0499999999999996,705.145799732795,317.7629428029801,ae4a54de-43c9-4eff-8a7d-bd2d05c5f993,1,363,ZFM-04083
sniffing,no_stim,1.1499999999999997,732.841756516515,345.4588995867001,ae4a54de-43c9-4eff-8a7d-bd2d05c5f993,1,363,ZFM-04083
sniffing,no_stim,1.2499999999999998,769.6282340693135,382.2453771394986,ae4a54de-43c9-4eff-8a7d-bd2d05c5f993,1,363,ZFM-04083
sniffing,no_stim,1.3499999999999996,817.3068488752668,429.9239919454519,ae4a54de-43c9-4eff-8a7d-bd2d05c5f993,1,363,ZFM-04083
sniffing,no_stim,1.4499999999999995,874.5625015877647,487.1796446579498,ae4a54de-43c9-4eff-8a7d-bd2d05c5f993,1,363,ZFM-04083
sniffing,no_stim,1.5499999999999996,927.5751618390785,540.1923049092636,ae4a54de-43c9-4eff-8a7d-bd2d05c5f993,1,363,ZFM-04083
sniffing,no_stim,1.6499999999999997,949.3250673582793,561.9422104284644,ae4a54de-43c9-4eff-8a7d-bd2d05c5f993,1,363,ZFM-04083
sniffing,no_stim,1.7499999999999996,950.2852284658142,562.9023715359992,ae4a54de-43c9-4eff-8a7d-bd2d05c5f993,1,363,ZFM-04083
sniffing,no_stim,1.8499999999999994,953.7764289596801,566.3935720298651,ae4a54de-43c9-4eff-8a7d-bd2d05c5f993,1,363,ZFM-04083
sniffing,no_stim,1.9499999999999995,985.1915147892474,597.8086578594325,ae4a54de-43c9-4eff-8a7d-bd2d05c5f993,1,363,ZFM-04083
sniffing,no_stim,2.0499999999999994,1008.5713553405991,621.1884984107842,ae4a54de-43c9-4eff-8a7d-bd2d05c5f993,1,363,ZFM-04083
sniffing,no_stim,2.1499999999999995,988.4733195669824,601.0904626371674,ae4a54de-43c9-4eff-8a7d-bd2d05c5f993,1,363,ZFM-04083
sniffing,no_stim,2.249999999999999,953.5456046056307,566.1627476758158,ae4a54de-43c9-4eff-8a7d-bd2d05c5f993,1,363,ZFM-04083
sniffing,no_stim,2.349999999999999,900.7993286050935,513.4164716752786,ae4a54de-43c9-4eff-8a7d-bd2d05c5f993,1,363,ZFM-04083
sniffing,no_stim,2.4499999999999993,871.651235381396,484.26837845158104,ae4a54de-43c9-4eff-8a7d-bd2d05c5f993,1,363,ZFM-04083
sniffing,no_stim,2.549999999999999,841.1236714959041,453.74081456608917,ae4a54de-43c9-4eff-8a7d-bd2d05c5f993,1,363,ZFM-04083
sniffing,no_stim,2.649999999999999,794.6808054399154,407.29794851010047,ae4a54de-43c9-4eff-8a7d-bd2d05c5f993,1,363,ZFM-04083
sniffing,no_stim,2.749999999999999,735.6765252520594,348.29366832224446,ae4a54de-43c9-4eff-8a7d-bd2d05c5f993,1,363,ZFM-04083
sniffing,no_stim,2.849999999999999,683.164515030583,295.781658100768,ae4a54de-43c9-4eff-8a7d-bd2d05c5f993,1,363,ZFM-04083
sniffing,no_stim,2.9499999999999993,672.88803945212,285.50518252230506,ae4a54de-43c9-4eff-8a7d-bd2d05c5f993,1,363,ZFM-04083
sniffing,no_stim,3.049999999999999,657.1551225507551,269.7722656209402,ae4a54de-43c9-4eff-8a7d-bd2d05c5f993,1,363,ZFM-04083
sniffing,no_stim,3.149999999999999,622.6659637110023,235.28310678118737,ae4a54de-43c9-4eff-8a7d-bd2d05c5f993,1,363,ZFM-04083
sniffing,no_stim,3.249999999999999,592.4575283163488,205.07467138653385,ae4a54de-43c9-4eff-8a7d-bd2d05c5f993,1,363,ZFM-04083
sniffing,no_stim,3.3499999999999988,589.0605869491027,201.67773001928776,ae4a54de-43c9-4eff-8a7d-bd2d05c5f993,1,363,ZFM-04083
sniffing,no_stim,3.449999999999999,604.9692277852221,217.58637085540715,ae4a54de-43c9-4eff-8a7d-bd2d05c5f993,1,363,ZFM-04083
sniffing,no_stim,3.549999999999999,623.105582268791,235.72272533897603,ae4a54de-43c9-4eff-8a7d-bd2d05c5f993,1,363,ZFM-04083
sniffing,no_stim,3.649999999999999,637.047361307404,249.66450437758908,ae4a54de-43c9-4eff-8a7d-bd2d05c5f993,1,363,ZFM-04083
sniffing,no_stim,3.749999999999999,644.8199436310596,257.43708670124465,ae4a54de-43c9-4eff-8a7d-bd2d05c5f993,1,363,ZFM-04083
sniffing,no_stim,3.8499999999999988,650.7822940586268,263.3994371288119,ae4a54de-43c9-4eff-8a7d-bd2d05c5f993,1,363,ZFM-04083
sniffing,no_stim,3.949999999999999,658.8994529654666,271.5165960356517,ae4a54de-43c9-4eff-8a7d-bd2d05c5f993,1,363,ZFM-04083
sniffing,stim,-0.45,682.5759835955517,86.87089221682288,27c5e5e6-0359-4375-b53e-677aa57a73c0,1,231,ZFM-04083
sniffing,stim,-0.35000000000000003,609.5354757560219,13.830384377293058,27c5e5e6-0359-4375-b53e-677aa57a73c0,1,231,ZFM-04083
sniffing,stim,-0.25000000000000006,531.3568508176203,-64.34824056110858,27c5e5e6-0359-4375-b53e-677aa57a73c0,1,231,ZFM-04083
sniffing,stim,-0.15000000000000008,543.0778467982107,-52.62724458051821,27c5e5e6-0359-4375-b53e-677aa57a73c0,1,231,ZFM-04083
sniffing,stim,-0.050000000000000086,611.9792999262402,16.274208547511307,27c5e5e6-0359-4375-b53e-677aa57a73c0,1,231,ZFM-04083
sniffing,stim,0.04999999999999989,735.7450391802013,140.0399478014724,27c5e5e6-0359-4375-b53e-677aa57a73c0,1,231,ZFM-04083
sniffing,stim,0.14999999999999986,898.5402149211616,302.8351235424327,27c5e5e6-0359-4375-b53e-677aa57a73c0,1,231,ZFM-04083
sniffing,stim,0.24999999999999983,1076.317432570462,480.6123411917331,27c5e5e6-0359-4375-b53e-677aa57a73c0,1,231,ZFM-04083
sniffing,stim,0.3499999999999998,1204.9770676899443,609.2719763112154,27c5e5e6-0359-4375-b53e-677aa57a73c0,1,231,ZFM-04083
sniffing,stim,0.4499999999999998,1240.42928965018,644.7241982714511,27c5e5e6-0359-4375-b53e-677aa57a73c0,1,231,ZFM-04083
sniffing,stim,0.5499999999999998,1256.9536361841235,661.2485448053947,27c5e5e6-0359-4375-b53e-677aa57a73c0,1,231,ZFM-04083
sniffing,stim,0.6499999999999998,1255.5140219667617,659.8089305880328,27c5e5e6-0359-4375-b53e-677aa57a73c0,1,231,ZFM-04083
sniffing,stim,0.7499999999999998,1217.3912582519947,621.6861668732658,27c5e5e6-0359-4375-b53e-677aa57a73c0,1,231,ZFM-04083
sniffing,stim,0.8499999999999998,1161.4922124691718,565.787121090443,27c5e5e6-0359-4375-b53e-677aa57a73c0,1,231,ZFM-04083
sniffing,stim,0.9499999999999997,1126.061520764113,530.3564293853842,27c5e5e6-0359-4375-b53e-677aa57a73c0,1,231,ZFM-04083
sniffing,stim,1.0499999999999996,1127.474143875453,531.769052496724,27c5e5e6-0359-4375-b53e-677aa57a73c0,1,231,ZFM-04083
sniffing,stim,1.1499999999999997,1105.097196283694,509.3921049049652,27c5e5e6-0359-4375-b53e-677aa57a73c0,1,231,ZFM-04083
sniffing,stim,1.2499999999999998,1075.6599310302672,479.95483965153835,27c5e5e6-0359-4375-b53e-677aa57a73c0,1,231,ZFM-04083
sniffing,stim,1.3499999999999996,1029.689715427037,433.9846240483082,27c5e5e6-0359-4375-b53e-677aa57a73c0,1,231,ZFM-04083
sniffing,stim,1.4499999999999995,1028.862982716796,433.1578913380672,27c5e5e6-0359-4375-b53e-677aa57a73c0,1,231,ZFM-04083
sniffing,stim,1.5499999999999996,1029.156460592748,433.4513692140192,27c5e5e6-0359-4375-b53e-677aa57a73c0,1,231,ZFM-04083
sniffing,stim,1.6499999999999997,1020.2109594309165,424.5058680521877,27c5e5e6-0359-4375-b53e-677aa57a73c0,1,231,ZFM-04083
sniffing,stim,1.7499999999999996,1014.1655767214559,418.460485342727,27c5e5e6-0359-4375-b53e-677aa57a73c0,1,231,ZFM-04083
sniffing,stim,1.8499999999999994,989.6097098058303,393.90461842710147,27c5e5e6-0359-4375-b53e-677aa57a73c0,1,231,ZFM-04083
sniffing,stim,1.9499999999999995,980.1027951260708,384.3977037473419,27c5e5e6-0359-4375-b53e-677aa57a73c0,1,231,ZFM-04083
sniffing,stim,2.0499999999999994,966.7627903641593,371.0576989854304,27c5e5e6-0359-4375-b53e-677aa57a73c0,1,231,ZFM-04083
sniffing,stim,2.1499999999999995,956.3596715731873,360.6545801944584,27c5e5e6-0359-4375-b53e-677aa57a73c0,1,231,ZFM-04083
sniffing,stim,2.249999999999999,952.507983401781,356.8028920230521,27c5e5e6-0359-4375-b53e-677aa57a73c0,1,231,ZFM-04083
sniffing,stim,2.349999999999999,978.6670919308392,382.96200055211034,27c5e5e6-0359-4375-b53e-677aa57a73c0,1,231,ZFM-04083
sniffing,stim,2.4499999999999993,973.2675850792406,377.5624937005117,27c5e5e6-0359-4375-b53e-677aa57a73c0,1,231,ZFM-04083
sniffing,stim,2.549999999999999,1004.1047245439692,408.3996331652403,27c5e5e6-0359-4375-b53e-677aa57a73c0,1,231,ZFM-04083
sniffing,stim,2.649999999999999,1026.0779942532213,430.3729028744924,27c5e5e6-0359-4375-b53e-677aa57a73c0,1,231,ZFM-04083
sniffing,stim,2.749999999999999,994.7249934041968,399.0199020254679,27c5e5e6-0359-4375-b53e-677aa57a73c0,1,231,ZFM-04083
sniffing,stim,2.849999999999999,919.0517424860425,323.3466511073136,27c5e5e6-0359-4375-b53e-677aa57a73c0,1,231,ZFM-04083
sniffing,stim,2.9499999999999993,920.9806894865442,325.2755981078153,27c5e5e6-0359-4375-b53e-677aa57a73c0,1,231,ZFM-04083
sniffing,stim,3.049999999999999,964.6009267110345,368.89583533230564,27c5e5e6-0359-4375-b53e-677aa57a73c0,1,231,ZFM-04083
sniffing,stim,3.149999999999999,972.2594778870695,376.5543865083406,27c5e5e6-0359-4375-b53e-677aa57a73c0,1,231,ZFM-04083
sniffing,stim,3.249999999999999,904.3239424544914,308.61885107576256,27c5e5e6-0359-4375-b53e-677aa57a73c0,1,231,ZFM-04083
sniffing,stim,3.3499999999999988,873.3846770738649,277.679585695136,27c5e5e6-0359-4375-b53e-677aa57a73c0,1,231,ZFM-04083
sniffing,stim,3.449999999999999,914.077361413081,318.37227003435214,27c5e5e6-0359-4375-b53e-677aa57a73c0,1,231,ZFM-04083
sniffing,stim,3.549999999999999,948.0340979245196,352.3290065457908,27c5e5e6-0359-4375-b53e-677aa57a73c0,1,231,ZFM-04083
sniffing,stim,3.649999999999999,941.0287316645425,345.32364028581367,27c5e5e6-0359-4375-b53e-677aa57a73c0,1,231,ZFM-04083
sniffing,stim,3.749999999999999,900.9255247464744,305.2204333677455,27c5e5e6-0359-4375-b53e-677aa57a73c0,1,231,ZFM-04083
sniffing,stim,3.8499999999999988,881.1846320746889,285.47954069596005,27c5e5e6-0359-4375-b53e-677aa57a73c0,1,231,ZFM-04083
sniffing,stim,3.949999999999999,910.922698329083,315.21760695035414,27c5e5e6-0359-4375-b53e-677aa57a73c0,1,231,ZFM-04083
sniffing,no_stim,-0.45,628.9259260192383,79.25968868750772,27c5e5e6-0359-4375-b53e-677aa57a73c0,1,241,ZFM-04083
sniffing,no_stim,-0.35000000000000003,557.8303346905533,8.164097358822687,27c5e5e6-0359-4375-b53e-677aa57a73c0,1,241,ZFM-04083
sniffing,no_stim,-0.25000000000000006,463.98592290459953,-85.68031442713107,27c5e5e6-0359-4375-b53e-677aa57a73c0,1,241,ZFM-04083
sniffing,no_stim,-0.15000000000000008,496.65386096731976,-53.01237636441084,27c5e5e6-0359-4375-b53e-677aa57a73c0,1,241,ZFM-04083
sniffing,no_stim,-0.050000000000000086,600.9351420769415,51.268904745210875,27c5e5e6-0359-4375-b53e-677aa57a73c0,1,241,ZFM-04083
sniffing,no_stim,0.04999999999999989,787.0569514599971,237.3907141282665,27c5e5e6-0359-4375-b53e-677aa57a73c0,1,241,ZFM-04083
sniffing,no_stim,0.14999999999999986,981.7052173203778,432.03897998864716,27c5e5e6-0359-4375-b53e-677aa57a73c0,1,241,ZFM-04083
sniffing,no_stim,0.24999999999999983,1158.40242724995,608.7361899182195,27c5e5e6-0359-4375-b53e-677aa57a73c0,1,241,ZFM-04083
sniffing,no_stim,0.3499999999999998,1256.1039628546841,706.4377255229535,27c5e5e6-0359-4375-b53e-677aa57a73c0,1,241,ZFM-04083
sniffing,no_stim,0.4499999999999998,1240.0940104337444,690.4277731020138,27c5e5e6-0359-4375-b53e-677aa57a73c0,1,241,ZFM-04083
sniffing,no_stim,0.5499999999999998,1262.0204922561143,712.3542549243837,27c5e5e6-0359-4375-b53e-677aa57a73c0,1,241,ZFM-04083
sniffing,no_stim,0.6499999999999998,1249.1607476429672,699.4945103112366,27c5e5e6-0359-4375-b53e-677aa57a73c0,1,241,ZFM-04083
sniffing,no_stim,0.7499999999999998,1194.4606423036607,644.7944049719301,27c5e5e6-0359-4375-b53e-677aa57a73c0,1,241,ZFM-04083
sniffing,no_stim,0.8499999999999998,1103.2389538952177,553.5727165634871,27c5e5e6-0359-4375-b53e-677aa57a73c0,1,241,ZFM-04083
sniffing,no_stim,0.9499999999999997,1030.8174359553327,481.1511986236021,27c5e5e6-0359-4375-b53e-677aa57a73c0,1,241,ZFM-04083
sniffing,no_stim,1.0499999999999996,989.9918292900638,440.32559195833323,27c5e5e6-0359-4375-b53e-677aa57a73c0,1,241,ZFM-04083
sniffing,no_stim,1.1499999999999997,929.7089328617693,380.0426955300387,27c5e5e6-0359-4375-b53e-677aa57a73c0,1,241,ZFM-04083
sniffing,no_stim,1.2499999999999998,902.7032325226957,353.03699519096506,27c5e5e6-0359-4375-b53e-677aa57a73c0,1,241,ZFM-04083
sniffing,no_stim,1.3499999999999996,899.5307706575899,349.86453332585927,27c5e5e6-0359-4375-b53e-677aa57a73c0,1,241,ZFM-04083
sniffing,no_stim,1.4499999999999995,904.5341076021645,354.86787027043385,27c5e5e6-0359-4375-b53e-677aa57a73c0,1,241,ZFM-04083
sniffing,no_stim,1.5499999999999996,882.9202981210148,333.25406078928415,27c5e5e6-0359-4375-b53e-677aa57a73c0,1,241,ZFM-04083
sniffing,no_stim,1.6499999999999997,879.1930506246335,329.52681329290294,27c5e5e6-0359-4375-b53e-677aa57a73c0,1,241,ZFM-04083
sniffing,no_stim,1.7499999999999996,903.1049006028958,353.4386632711652,27c5e5e6-0359-4375-b53e-677aa57a73c0,1,241,ZFM-04083
sniffing,no_stim,1.8499999999999994,933.5169270121291,383.85068968039855,27c5e5e6-0359-4375-b53e-677aa57a73c0,1,241,ZFM-04083
sniffing,no_stim,1.9499999999999995,892.9108732775763,343.24463594584574,27c5e5e6-0359-4375-b53e-677aa57a73c0,1,241,ZFM-04083
sniffing,no_stim,2.0499999999999994,861.7024491013688,312.03621176963816,27c5e5e6-0359-4375-b53e-677aa57a73c0,1,241,ZFM-04083
sniffing,no_stim,2.1499999999999995,872.8357978033985,323.16956047166786,27c5e5e6-0359-4375-b53e-677aa57a73c0,1,241,ZFM-04083
sniffing,no_stim,2.249999999999999,907.5611455818612,357.8949082501306,27c5e5e6-0359-4375-b53e-677aa57a73c0,1,241,ZFM-04083
sniffing,no_stim,2.349999999999999,907.8313192921121,358.1650819603815,27c5e5e6-0359-4375-b53e-677aa57a73c0,1,241,ZFM-04083
sniffing,no_stim,2.4499999999999993,874.844446029912,325.1782086981814,27c5e5e6-0359-4375-b53e-677aa57a73c0,1,241,ZFM-04083
sniffing,no_stim,2.549999999999999,862.1373399582471,312.47110262651654,27c5e5e6-0359-4375-b53e-677aa57a73c0,1,241,ZFM-04083
sniffing,no_stim,2.649999999999999,840.4864079659235,290.8201706341929,27c5e5e6-0359-4375-b53e-677aa57a73c0,1,241,ZFM-04083
sniffing,no_stim,2.749999999999999,830.4467635566865,280.7805262249559,27c5e5e6-0359-4375-b53e-677aa57a73c0,1,241,ZFM-04083
sniffing,no_stim,2.849999999999999,841.99656434719,292.3303270154594,27c5e5e6-0359-4375-b53e-677aa57a73c0,1,241,ZFM-04083
sniffing,no_stim,2.9499999999999993,863.5781131759516,313.91187584422096,27c5e5e6-0359-4375-b53e-677aa57a73c0,1,241,ZFM-04083
sniffing,no_stim,3.049999999999999,864.51636312462,314.85012579288946,27c5e5e6-0359-4375-b53e-677aa57a73c0,1,241,ZFM-04083
sniffing,no_stim,3.149999999999999,805.2965038987015,255.63026656697093,27c5e5e6-0359-4375-b53e-677aa57a73c0,1,241,ZFM-04083
sniffing,no_stim,3.249999999999999,819.5597961902504,269.8935588585198,27c5e5e6-0359-4375-b53e-677aa57a73c0,1,241,ZFM-04083
sniffing,no_stim,3.3499999999999988,848.9223935891168,299.25615625738624,27c5e5e6-0359-4375-b53e-677aa57a73c0,1,241,ZFM-04083
sniffing,no_stim,3.449999999999999,900.8216252569445,351.15538792521386,27c5e5e6-0359-4375-b53e-677aa57a73c0,1,241,ZFM-04083
sniffing,no_stim,3.549999999999999,927.9936419092396,378.327404577509,27c5e5e6-0359-4375-b53e-677aa57a73c0,1,241,ZFM-04083
sniffing,no_stim,3.649999999999999,935.0512686553683,385.3850313236377,27c5e5e6-0359-4375-b53e-677aa57a73c0,1,241,ZFM-04083
sniffing,no_stim,3.749999999999999,956.8393156067257,407.1730782749951,27c5e5e6-0359-4375-b53e-677aa57a73c0,1,241,ZFM-04083
sniffing,no_stim,3.8499999999999988,967.2854796033175,417.6192422715869,27c5e5e6-0359-4375-b53e-677aa57a73c0,1,241,ZFM-04083
sniffing,no_stim,3.949999999999999,962.3451490530811,412.67891172135046,27c5e5e6-0359-4375-b53e-677aa57a73c0,1,241,ZFM-04083
sniffing,stim,-0.45,707.6392302785196,103.4698659997357,bd02e951-760a-448d-9c52-3f2990f9cf42,1,209,ZFM-04083
sniffing,stim,-0.35000000000000003,619.3108998720469,15.14153559326303,bd02e951-760a-448d-9c52-3f2990f9cf42,1,209,ZFM-04083
sniffing,stim,-0.25000000000000006,540.2765690520364,-63.89279522674747,bd02e951-760a-448d-9c52-3f2990f9cf42,1,209,ZFM-04083
sniffing,stim,-0.15000000000000008,545.6213598433612,-58.54800443542263,bd02e951-760a-448d-9c52-3f2990f9cf42,1,209,ZFM-04083
sniffing,stim,-0.050000000000000086,607.9987623479551,3.8293980691712477,bd02e951-760a-448d-9c52-3f2990f9cf42,1,209,ZFM-04083
sniffing,stim,0.04999999999999989,729.9201925530574,125.75082827427354,bd02e951-760a-448d-9c52-3f2990f9cf42,1,209,ZFM-04083
sniffing,stim,0.14999999999999986,888.070219322346,283.90085504356216,bd02e951-760a-448d-9c52-3f2990f9cf42,1,209,ZFM-04083
sniffing,stim,0.24999999999999983,1002.5448741125185,398.37550983373467,bd02e951-760a-448d-9c52-3f2990f9cf42,1,209,ZFM-04083
sniffing,stim,0.3499999999999998,1030.9395644733365,426.7702001945527,bd02e951-760a-448d-9c52-3f2990f9cf42,1,209,ZFM-04083
sniffing,stim,0.4499999999999998,1014.7610615816315,410.5916973028476,bd02e951-760a-448d-9c52-3f2990f9cf42,1,209,ZFM-04083
sniffing,stim,0.5499999999999998,1044.9911565839811,440.8217923051973,bd02e951-760a-448d-9c52-3f2990f9cf42,1,209,ZFM-04083
sniffing,stim,0.6499999999999998,1089.7968652795412,485.6275010007573,bd02e951-760a-448d-9c52-3f2990f9cf42,1,209,ZFM-04083
sniffing,stim,0.7499999999999998,1067.3921970784727,463.22283279968883,bd02e951-760a-448d-9c52-3f2990f9cf42,1,209,ZFM-04083
sniffing,stim,0.8499999999999998,1041.6836135044166,437.51424922563274,bd02e951-760a-448d-9c52-3f2990f9cf42,1,209,ZFM-04083
sniffing,stim,0.9499999999999997,1032.5468625622327,428.37749828344886,bd02e951-760a-448d-9c52-3f2990f9cf42,1,209,ZFM-04083
sniffing,stim,1.0499999999999996,1031.9206808861113,427.75131660732745,bd02e951-760a-448d-9c52-3f2990f9cf42,1,209,ZFM-04083
sniffing,stim,1.1499999999999997,1019.2782814890022,415.10891721021835,bd02e951-760a-448d-9c52-3f2990f9cf42,1,209,ZFM-04083
sniffing,stim,1.2499999999999998,990.5614857624245,386.3921214836406,bd02e951-760a-448d-9c52-3f2990f9cf42,1,209,ZFM-04083
sniffing,stim,1.3499999999999996,1034.4039581469513,430.2345938681674,bd02e951-760a-448d-9c52-3f2990f9cf42,1,209,ZFM-04083
sniffing,stim,1.4499999999999995,1057.4006313446782,453.2312670658944,bd02e951-760a-448d-9c52-3f2990f9cf42,1,209,ZFM-04083
sniffing,stim,1.5499999999999996,1068.1984697061357,464.02910542735185,bd02e951-760a-448d-9c52-3f2990f9cf42,1,209,ZFM-04083
sniffing,stim,1.6499999999999997,1052.626713516637,448.4573492378531,bd02e951-760a-448d-9c52-3f2990f9cf42,1,209,ZFM-04083
sniffing,stim,1.7499999999999996,1057.5932924927058,453.42392821392195,bd02e951-760a-448d-9c52-3f2990f9cf42,1,209,ZFM-04083
sniffing,stim,1.8499999999999994,1129.4570771236297,525.2877128448458,bd02e951-760a-448d-9c52-3f2990f9cf42,1,209,ZFM-04083
sniffing,stim,1.9499999999999995,1179.28966278812,575.1202985093362,bd02e951-760a-448d-9c52-3f2990f9cf42,1,209,ZFM-04083
sniffing,stim,2.0499999999999994,1230.7273744369033,626.5580101581195,bd02e951-760a-448d-9c52-3f2990f9cf42,1,209,ZFM-04083
sniffing,stim,2.1499999999999995,1205.0300546004905,600.8606903217067,bd02e951-760a-448d-9c52-3f2990f9cf42,1,209,ZFM-04083
sniffing,stim,2.249999999999999,1165.6807983588099,561.511434080026,bd02e951-760a-448d-9c52-3f2990f9cf42,1,209,ZFM-04083
sniffing,stim,2.349999999999999,1141.8609651326462,537.6916008538624,bd02e951-760a-448d-9c52-3f2990f9cf42,1,209,ZFM-04083
sniffing,stim,2.4499999999999993,1082.5395957369121,478.3702314581283,bd02e951-760a-448d-9c52-3f2990f9cf42,1,209,ZFM-04083
sniffing,stim,2.549999999999999,1051.9759753749033,447.80661109611947,bd02e951-760a-448d-9c52-3f2990f9cf42,1,209,ZFM-04083
sniffing,stim,2.649999999999999,970.8826577831449,366.713293504361,bd02e951-760a-448d-9c52-3f2990f9cf42,1,209,ZFM-04083
sniffing,stim,2.749999999999999,952.3403846728578,348.17102039407393,bd02e951-760a-448d-9c52-3f2990f9cf42,1,209,ZFM-04083
sniffing,stim,2.849999999999999,969.4691800625072,365.2998157837234,bd02e951-760a-448d-9c52-3f2990f9cf42,1,209,ZFM-04083
sniffing,stim,2.9499999999999993,981.1001183754039,376.93075409662003,bd02e951-760a-448d-9c52-3f2990f9cf42,1,209,ZFM-04083
sniffing,stim,3.049999999999999,947.2643174117424,343.0949531329585,bd02e951-760a-448d-9c52-3f2990f9cf42,1,209,ZFM-04083
sniffing,stim,3.149999999999999,875.8276450497439,271.65828077096,bd02e951-760a-448d-9c52-3f2990f9cf42,1,209,ZFM-04083
sniffing,stim,3.249999999999999,852.7704090234442,248.60104474466038,bd02e951-760a-448d-9c52-3f2990f9cf42,1,209,ZFM-04083
sniffing,stim,3.3499999999999988,900.7427406901919,296.57337641140805,bd02e951-760a-448d-9c52-3f2990f9cf42,1,209,ZFM-04083
sniffing,stim,3.449999999999999,945.9965612458963,341.8271969671124,bd02e951-760a-448d-9c52-3f2990f9cf42,1,209,ZFM-04083
sniffing,stim,3.549999999999999,977.9478601605183,373.77849588173444,bd02e951-760a-448d-9c52-3f2990f9cf42,1,209,ZFM-04083
sniffing,stim,3.649999999999999,1003.7635740770795,399.59420979829565,bd02e951-760a-448d-9c52-3f2990f9cf42,1,209,ZFM-04083
sniffing,stim,3.749999999999999,1002.5319074180912,398.3625431393074,bd02e951-760a-448d-9c52-3f2990f9cf42,1,209,ZFM-04083
sniffing,stim,3.8499999999999988,969.8312466328982,365.66188235411437,bd02e951-760a-448d-9c52-3f2990f9cf42,1,209,ZFM-04083
sniffing,stim,3.949999999999999,898.513968156174,294.3446038773901,bd02e951-760a-448d-9c52-3f2990f9cf42,1,209,ZFM-04083
sniffing,no_stim,-0.45,663.8100800843512,80.32960592290965,bd02e951-760a-448d-9c52-3f2990f9cf42,1,226,ZFM-04083
sniffing,no_stim,-0.35000000000000003,545.9058369447149,-37.574637216726614,bd02e951-760a-448d-9c52-3f2990f9cf42,1,226,ZFM-04083
sniffing,no_stim,-0.25000000000000006,447.1910495203741,-136.2894246410674,bd02e951-760a-448d-9c52-3f2990f9cf42,1,226,ZFM-04083
sniffing,no_stim,-0.15000000000000008,546.1771921616273,-37.3032819998142,bd02e951-760a-448d-9c52-3f2990f9cf42,1,226,ZFM-04083
sniffing,no_stim,-0.050000000000000086,714.3182120961402,130.83773793469868,bd02e951-760a-448d-9c52-3f2990f9cf42,1,226,ZFM-04083
sniffing,no_stim,0.04999999999999989,823.2532968988313,239.7728227373898,bd02e951-760a-448d-9c52-3f2990f9cf42,1,226,ZFM-04083
sniffing,no_stim,0.14999999999999986,902.2363391238266,318.7558649623851,bd02e951-760a-448d-9c52-3f2990f9cf42,1,226,ZFM-04083
sniffing,no_stim,0.24999999999999983,1015.3172486798495,431.836774518408,bd02e951-760a-448d-9c52-3f2990f9cf42,1,226,ZFM-04083
sniffing,no_stim,0.3499999999999998,1115.6872167913884,532.2067426299469,bd02e951-760a-448d-9c52-3f2990f9cf42,1,226,ZFM-04083
sniffing,no_stim,0.4499999999999998,1106.6432891386694,523.1628149772279,bd02e951-760a-448d-9c52-3f2990f9cf42,1,226,ZFM-04083
sniffing,no_stim,0.5499999999999998,1042.2782140406382,458.7977398791967,bd02e951-760a-448d-9c52-3f2990f9cf42,1,226,ZFM-04083
sniffing,no_stim,0.6499999999999998,1030.119236168815,446.63876200737343,bd02e951-760a-448d-9c52-3f2990f9cf42,1,226,ZFM-04083
sniffing,no_stim,0.7499999999999998,1018.3920496765526,434.91157551511105,bd02e951-760a-448d-9c52-3f2990f9cf42,1,226,ZFM-04083
sniffing,no_stim,0.8499999999999998,983.1239165119866,399.6434423505451,bd02e951-760a-448d-9c52-3f2990f9cf42,1,226,ZFM-04083
sniffing,no_stim,0.9499999999999997,954.1041575840876,370.6236834226461,bd02e951-760a-448d-9c52-3f2990f9cf42,1,226,ZFM-04083
sniffing,no_stim,1.0499999999999996,983.7662054306776,400.28573126923607,bd02e951-760a-448d-9c52-3f2990f9cf42,1,226,ZFM-04083
sniffing,no_stim,1.1499999999999997,1037.4154165287084,453.9349423672669,bd02e951-760a-448d-9c52-3f2990f9cf42,1,226,ZFM-04083
sniffing,no_stim,1.2499999999999998,1076.7051100490485,493.22463588760695,bd02e951-760a-448d-9c52-3f2990f9cf42,1,226,ZFM-04083
sniffing,no_stim,1.3499999999999996,1134.753811139746,551.2733369783044,bd02e951-760a-448d-9c52-3f2990f9cf42,1,226,ZFM-04083
sniffing,no_stim,1.4499999999999995,1192.817697529932,609.3372233684905,bd02e951-760a-448d-9c52-3f2990f9cf42,1,226,ZFM-04083
sniffing,no_stim,1.5499999999999996,1252.0284713402702,668.5479971788287,bd02e951-760a-448d-9c52-3f2990f9cf42,1,226,ZFM-04083
sniffing,no_stim,1.6499999999999997,1258.74791890583,675.2674447443884,bd02e951-760a-448d-9c52-3f2990f9cf42,1,226,ZFM-04083
sniffing,no_stim,1.7499999999999996,1262.0852014975578,678.6047273361163,bd02e951-760a-448d-9c52-3f2990f9cf42,1,226,ZFM-04083
sniffing,no_stim,1.8499999999999994,1274.7168815102866,691.2364073488451,bd02e951-760a-448d-9c52-3f2990f9cf42,1,226,ZFM-04083
sniffing,no_stim,1.9499999999999995,1260.967450954388,677.4869767929464,bd02e951-760a-448d-9c52-3f2990f9cf42,1,226,ZFM-04083
sniffing,no_stim,2.0499999999999994,1230.4595604081906,646.979086246749,bd02e951-760a-448d-9c52-3f2990f9cf42,1,226,ZFM-04083
sniffing,no_stim,2.1499999999999995,1202.8799230533646,619.399448891923,bd02e951-760a-448d-9c52-3f2990f9cf42,1,226,ZFM-04083
sniffing,no_stim,2.249999999999999,1143.9705200252429,560.4900458638014,bd02e951-760a-448d-9c52-3f2990f9cf42,1,226,ZFM-04083
sniffing,no_stim,2.349999999999999,1085.5365868457452,502.0561126843037,bd02e951-760a-448d-9c52-3f2990f9cf42,1,226,ZFM-04083
sniffing,no_stim,2.4499999999999993,1019.2793108315547,435.79883667011313,bd02e951-760a-448d-9c52-3f2990f9cf42,1,226,ZFM-04083
sniffing,no_stim,2.549999999999999,976.0957909244523,392.6153167630108,bd02e951-760a-448d-9c52-3f2990f9cf42,1,226,ZFM-04083
sniffing,no_stim,2.649999999999999,964.2559812481911,380.7755070867496,bd02e951-760a-448d-9c52-3f2990f9cf42,1,226,ZFM-04083
sniffing,no_stim,2.749999999999999,944.0678998132564,360.5874256518149,bd02e951-760a-448d-9c52-3f2990f9cf42,1,226,ZFM-04083
sniffing,no_stim,2.849999999999999,963.1323056632766,379.6518315018351,bd02e951-760a-448d-9c52-3f2990f9cf42,1,226,ZFM-04083
sniffing,no_stim,2.9499999999999993,965.5658341160827,382.08535995464115,bd02e951-760a-448d-9c52-3f2990f9cf42,1,226,ZFM-04083
sniffing,no_stim,3.049999999999999,939.4106855574522,355.9302113960107,bd02e951-760a-448d-9c52-3f2990f9cf42,1,226,ZFM-04083
sniffing,no_stim,3.149999999999999,930.0126165262743,346.5321423648328,bd02e951-760a-448d-9c52-3f2990f9cf42,1,226,ZFM-04083
sniffing,no_stim,3.249999999999999,938.6968789157031,355.2164047542616,bd02e951-760a-448d-9c52-3f2990f9cf42,1,226,ZFM-04083
sniffing,no_stim,3.3499999999999988,983.5768246814756,400.0963505200341,bd02e951-760a-448d-9c52-3f2990f9cf42,1,226,ZFM-04083
sniffing,no_stim,3.449999999999999,1019.4196801452605,435.93920598381897,bd02e951-760a-448d-9c52-3f2990f9cf42,1,226,ZFM-04083
sniffing,no_stim,3.549999999999999,1033.9962317550542,450.51575759361265,bd02e951-760a-448d-9c52-3f2990f9cf42,1,226,ZFM-04083
sniffing,no_stim,3.649999999999999,1020.1043453679468,436.6238712065053,bd02e951-760a-448d-9c52-3f2990f9cf42,1,226,ZFM-04083
sniffing,no_stim,3.749999999999999,981.5983326863651,398.1178585249236,bd02e951-760a-448d-9c52-3f2990f9cf42,1,226,ZFM-04083
sniffing,no_stim,3.8499999999999988,944.9387841295286,361.45830996808706,bd02e951-760a-448d-9c52-3f2990f9cf42,1,226,ZFM-04083
sniffing,no_stim,3.949999999999999,923.6270079215345,340.146533760093,bd02e951-760a-448d-9c52-3f2990f9cf42,1,226,ZFM-04083
sniffing,stim,-0.45,700.2350866314129,144.64403794344196,40b82e4e-4df4-4638-8c06-1d7ce0a58015,1,364,ZFM-04080
sniffing,stim,-0.35000000000000003,569.8936872123826,14.302638524411691,40b82e4e-4df4-4638-8c06-1d7ce0a58015,1,364,ZFM-04080
sniffing,stim,-0.25000000000000006,472.8490837854357,-82.74196490253519,40b82e4e-4df4-4638-8c06-1d7ce0a58015,1,364,ZFM-04080
sniffing,stim,-0.15000000000000008,407.4126138236038,-148.1784348643671,40b82e4e-4df4-4638-8c06-1d7ce0a58015,1,364,ZFM-04080
sniffing,stim,-0.050000000000000086,627.5647719870194,71.97372329904852,40b82e4e-4df4-4638-8c06-1d7ce0a58015,1,364,ZFM-04080
sniffing,stim,0.04999999999999989,983.1383145136812,427.54726582571027,40b82e4e-4df4-4638-8c06-1d7ce0a58015,1,364,ZFM-04080
sniffing,stim,0.14999999999999986,1233.2651465572737,677.6740978693028,40b82e4e-4df4-4638-8c06-1d7ce0a58015,1,364,ZFM-04080
sniffing,stim,0.24999999999999983,1201.4312617524372,645.8402130644663,40b82e4e-4df4-4638-8c06-1d7ce0a58015,1,364,ZFM-04080
sniffing,stim,0.3499999999999998,1052.777444035,497.186395347029,40b82e4e-4df4-4638-8c06-1d7ce0a58015,1,364,ZFM-04080
sniffing,stim,0.4499999999999998,1037.4571144345302,481.86606574655934,40b82e4e-4df4-4638-8c06-1d7ce0a58015,1,364,ZFM-04080
sniffing,stim,0.5499999999999998,1091.1733002502633,535.5822515622924,40b82e4e-4df4-4638-8c06-1d7ce0a58015,1,364,ZFM-04080
sniffing,stim,0.6499999999999998,1126.0141643515226,570.4231156635517,40b82e4e-4df4-4638-8c06-1d7ce0a58015,1,364,ZFM-04080
sniffing,stim,0.7499999999999998,1105.7936731156628,550.202624427692,40b82e4e-4df4-4638-8c06-1d7ce0a58015,1,364,ZFM-04080
sniffing,stim,0.8499999999999998,1025.6790293410538,470.0879806530829,40b82e4e-4df4-4638-8c06-1d7ce0a58015,1,364,ZFM-04080
sniffing,stim,0.9499999999999997,954.4654181043825,398.8743694164116,40b82e4e-4df4-4638-8c06-1d7ce0a58015,1,364,ZFM-04080
sniffing,stim,1.0499999999999996,898.2104734828688,342.6194247948979,40b82e4e-4df4-4638-8c06-1d7ce0a58015,1,364,ZFM-04080
sniffing,stim,1.1499999999999997,859.2514008667974,303.66035217882654,40b82e4e-4df4-4638-8c06-1d7ce0a58015,1,364,ZFM-04080
sniffing,stim,1.2499999999999998,826.9540197728261,271.3629710848552,40b82e4e-4df4-4638-8c06-1d7ce0a58015,1,364,ZFM-04080
sniffing,stim,1.3499999999999996,809.0146206314845,253.4235719435136,40b82e4e-4df4-4638-8c06-1d7ce0a58015,1,364,ZFM-04080
sniffing,stim,1.4499999999999995,813.0404325590082,257.4493838710373,40b82e4e-4df4-4638-8c06-1d7ce0a58015,1,364,ZFM-04080
sniffing,stim,1.5499999999999996,819.3121001014629,263.721051413492,40b82e4e-4df4-4638-8c06-1d7ce0a58015,1,364,ZFM-04080
sniffing,stim,1.6499999999999997,799.8075796131025,244.21653092513156,40b82e4e-4df4-4638-8c06-1d7ce0a58015,1,364,ZFM-04080
sniffing,stim,1.7499999999999996,781.5971878327181,226.00613914474718,40b82e4e-4df4-4638-8c06-1d7ce0a58015,1,364,ZFM-04080
sniffing,stim,1.8499999999999994,785.1009818391403,229.50993315116943,40b82e4e-4df4-4638-8c06-1d7ce0a58015,1,364,ZFM-04080
sniffing,stim,1.9499999999999995,806.0688809969024,250.4778323089315,40b82e4e-4df4-4638-8c06-1d7ce0a58015,1,364,ZFM-04080
sniffing,stim,2.0499999999999994,776.2452065611055,220.65415787313464,40b82e4e-4df4-4638-8c06-1d7ce0a58015,1,364,ZFM-04080
sniffing,stim,2.1499999999999995,734.5174928674181,178.92644417944723,40b82e4e-4df4-4638-8c06-1d7ce0a58015,1,364,ZFM-04080
sniffing,stim,2.249999999999999,714.3108693777903,158.71982068981936,40b82e4e-4df4-4638-8c06-1d7ce0a58015,1,364,ZFM-04080
sniffing,stim,2.349999999999999,714.2971570478384,158.70610835986747,40b82e4e-4df4-4638-8c06-1d7ce0a58015,1,364,ZFM-04080
sniffing,stim,2.4499999999999993,723.7148080783097,168.12375939033882,40b82e4e-4df4-4638-8c06-1d7ce0a58015,1,364,ZFM-04080
sniffing,stim,2.549999999999999,724.7922619887275,169.20121330075665,40b82e4e-4df4-4638-8c06-1d7ce0a58015,1,364,ZFM-04080
sniffing,stim,2.649999999999999,732.6770659321738,177.08601724420294,40b82e4e-4df4-4638-8c06-1d7ce0a58015,1,364,ZFM-04080
sniffing,stim,2.749999999999999,712.1811506239196,156.59010193594872,40b82e4e-4df4-4638-8c06-1d7ce0a58015,1,364,ZFM-04080
sniffing,stim,2.849999999999999,696.8767964879071,141.2857477999362,40b82e4e-4df4-4638-8c06-1d7ce0a58015,1,364,ZFM-04080
sniffing,stim,2.9499999999999993,722.9812215892387,167.39017290126776,40b82e4e-4df4-4638-8c06-1d7ce0a58015,1,364,ZFM-04080
sniffing,stim,3.049999999999999,781.0538096834356,225.4627609954647,40b82e4e-4df4-4638-8c06-1d7ce0a58015,1,364,ZFM-04080
sniffing,stim,3.149999999999999,823.8697276574164,268.27867896944554,40b82e4e-4df4-4638-8c06-1d7ce0a58015,1,364,ZFM-04080
sniffing,stim,3.249999999999999,829.1976671717747,273.6066184838038,40b82e4e-4df4-4638-8c06-1d7ce0a58015,1,364,ZFM-04080
sniffing,stim,3.3499999999999988,825.0226618720603,269.43161318408943,40b82e4e-4df4-4638-8c06-1d7ce0a58015,1,364,ZFM-04080
sniffing,stim,3.449999999999999,862.3531012128689,306.76205252489797,40b82e4e-4df4-4638-8c06-1d7ce0a58015,1,364,ZFM-04080
sniffing,stim,3.549999999999999,931.323460227927,375.73241153995605,40b82e4e-4df4-4638-8c06-1d7ce0a58015,1,364,ZFM-04080
sniffing,stim,3.649999999999999,1016.7032539311779,461.112205243207,40b82e4e-4df4-4638-8c06-1d7ce0a58015,1,364,ZFM-04080
sniffing,stim,3.749999999999999,1058.0577091660166,502.4666604780457,40b82e4e-4df4-4638-8c06-1d7ce0a58015,1,364,ZFM-04080
sniffing,stim,3.8499999999999988,1048.2180749115255,492.6270262235546,40b82e4e-4df4-4638-8c06-1d7ce0a58015,1,364,ZFM-04080
sniffing,stim,3.949999999999999,1019.4881535915958,463.89710490362495,40b82e4e-4df4-4638-8c06-1d7ce0a58015,1,364,ZFM-04080
sniffing,no_stim,-0.45,749.600874895434,147.8145493968401,40b82e4e-4df4-4638-8c06-1d7ce0a58015,1,404,ZFM-04080
sniffing,no_stim,-0.35000000000000003,609.9477597556785,8.16143425708458,40b82e4e-4df4-4638-8c06-1d7ce0a58015,1,404,ZFM-04080
sniffing,no_stim,-0.25000000000000006,502.65420882084436,-99.13211667774954,40b82e4e-4df4-4638-8c06-1d7ce0a58015,1,404,ZFM-04080
sniffing,no_stim,-0.15000000000000008,430.69701783136486,-171.08930766722904,40b82e4e-4df4-4638-8c06-1d7ce0a58015,1,404,ZFM-04080
sniffing,no_stim,-0.050000000000000086,716.0317661896474,114.24544069105355,40b82e4e-4df4-4638-8c06-1d7ce0a58015,1,404,ZFM-04080
sniffing,no_stim,0.04999999999999989,1111.7934769221708,510.00715142357694,40b82e4e-4df4-4638-8c06-1d7ce0a58015,1,404,ZFM-04080
sniffing,no_stim,0.14999999999999986,1326.2618394082306,724.4755139096367,40b82e4e-4df4-4638-8c06-1d7ce0a58015,1,404,ZFM-04080
sniffing,no_stim,0.24999999999999983,1237.9325149551673,636.1461894565734,40b82e4e-4df4-4638-8c06-1d7ce0a58015,1,404,ZFM-04080
sniffing,no_stim,0.3499999999999998,1045.0572022559768,443.2708767573829,40b82e4e-4df4-4638-8c06-1d7ce0a58015,1,404,ZFM-04080
sniffing,no_stim,0.4499999999999998,1040.2752929278172,438.4889674292233,40b82e4e-4df4-4638-8c06-1d7ce0a58015,1,404,ZFM-04080
sniffing,no_stim,0.5499999999999998,1053.6280220411593,451.8416965425654,40b82e4e-4df4-4638-8c06-1d7ce0a58015,1,404,ZFM-04080
sniffing,no_stim,0.6499999999999998,1041.5539157289509,439.767590230357,40b82e4e-4df4-4638-8c06-1d7ce0a58015,1,404,ZFM-04080
sniffing,no_stim,0.7499999999999998,1021.1008520372781,419.31452653868416,40b82e4e-4df4-4638-8c06-1d7ce0a58015,1,404,ZFM-04080
sniffing,no_stim,0.8499999999999998,964.894717421347,363.10839192275307,40b82e4e-4df4-4638-8c06-1d7ce0a58015,1,404,ZFM-04080
sniffing,no_stim,0.9499999999999997,909.1365705467286,307.35024504813475,40b82e4e-4df4-4638-8c06-1d7ce0a58015,1,404,ZFM-04080
sniffing,no_stim,1.0499999999999996,864.6752040148541,262.8888785162602,40b82e4e-4df4-4638-8c06-1d7ce0a58015,1,404,ZFM-04080
sniffing,no_stim,1.1499999999999997,830.0582398938154,228.27191439522153,40b82e4e-4df4-4638-8c06-1d7ce0a58015,1,404,ZFM-04080
sniffing,no_stim,1.2499999999999998,814.6265781589416,212.8402526603477,40b82e4e-4df4-4638-8c06-1d7ce0a58015,1,404,ZFM-04080
sniffing,no_stim,1.3499999999999996,789.6661264831299,187.87980098453602,40b82e4e-4df4-4638-8c06-1d7ce0a58015,1,404,ZFM-04080
sniffing,no_stim,1.4499999999999995,784.5719337773485,182.78560827875458,40b82e4e-4df4-4638-8c06-1d7ce0a58015,1,404,ZFM-04080
sniffing,no_stim,1.5499999999999996,780.5105393127193,178.7242138141254,40b82e4e-4df4-4638-8c06-1d7ce0a58015,1,404,ZFM-04080
sniffing,no_stim,1.6499999999999997,790.7120964483578,188.9257709497639,40b82e4e-4df4-4638-8c06-1d7ce0a58015,1,404,ZFM-04080
sniffing,no_stim,1.7499999999999996,809.5948380641142,207.80851256552035,40b82e4e-4df4-4638-8c06-1d7ce0a58015,1,404,ZFM-04080
sniffing,no_stim,1.8499999999999994,807.0670896541357,205.28076415554176,40b82e4e-4df4-4638-8c06-1d7ce0a58015,1,404,ZFM-04080
sniffing,no_stim,1.9499999999999995,782.6110690043397,180.8247435057458,40b82e4e-4df4-4638-8c06-1d7ce0a58015,1,404,ZFM-04080
sniffing,no_stim,2.0499999999999994,758.858568283213,157.0722427846191,40b82e4e-4df4-4638-8c06-1d7ce0a58015,1,404,ZFM-04080
sniffing,no_stim,2.1499999999999995,755.2225259031362,153.43620040454232,40b82e4e-4df4-4638-8c06-1d7ce0a58015,1,404,ZFM-04080
sniffing,no_stim,2.249999999999999,768.0783153412671,166.29198984267316,40b82e4e-4df4-4638-8c06-1d7ce0a58015,1,404,ZFM-04080
sniffing,no_stim,2.349999999999999,766.0837557554225,164.29743025682865,40b82e4e-4df4-4638-8c06-1d7ce0a58015,1,404,ZFM-04080
sniffing,no_stim,2.4499999999999993,757.2759021123985,155.48957661380462,40b82e4e-4df4-4638-8c06-1d7ce0a58015,1,404,ZFM-04080
sniffing,no_stim,2.549999999999999,756.1858826016087,154.39955710301479,40b82e4e-4df4-4638-8c06-1d7ce0a58015,1,404,ZFM-04080
sniffing,no_stim,2.649999999999999,763.3748859236621,161.58856042506818,40b82e4e-4df4-4638-8c06-1d7ce0a58015,1,404,ZFM-04080
sniffing,no_stim,2.749999999999999,771.3849790054012,169.5986535068073,40b82e4e-4df4-4638-8c06-1d7ce0a58015,1,404,ZFM-04080
sniffing,no_stim,2.849999999999999,793.8062327534805,192.01990725488656,40b82e4e-4df4-4638-8c06-1d7ce0a58015,1,404,ZFM-04080
sniffing,no_stim,2.9499999999999993,817.7695120394593,215.9831865408654,40b82e4e-4df4-4638-8c06-1d7ce0a58015,1,404,ZFM-04080
sniffing,no_stim,3.049999999999999,830.1500863164977,228.36376081790377,40b82e4e-4df4-4638-8c06-1d7ce0a58015,1,404,ZFM-04080
sniffing,no_stim,3.149999999999999,807.7974787754772,206.0111532768833,40b82e4e-4df4-4638-8c06-1d7ce0a58015,1,404,ZFM-04080
sniffing,no_stim,3.249999999999999,819.4146197835744,217.62829428498048,40b82e4e-4df4-4638-8c06-1d7ce0a58015,1,404,ZFM-04080
sniffing,no_stim,3.3499999999999988,861.0174819220281,259.2311564234342,40b82e4e-4df4-4638-8c06-1d7ce0a58015,1,404,ZFM-04080
sniffing,no_stim,3.449999999999999,935.6123311303779,333.826005631784,40b82e4e-4df4-4638-8c06-1d7ce0a58015,1,404,ZFM-04080
sniffing,no_stim,3.549999999999999,993.0334851198588,391.2471596212649,40b82e4e-4df4-4638-8c06-1d7ce0a58015,1,404,ZFM-04080
sniffing,no_stim,3.649999999999999,1049.388675375144,447.6023498765501,40b82e4e-4df4-4638-8c06-1d7ce0a58015,1,404,ZFM-04080
sniffing,no_stim,3.749999999999999,1107.03196680749,505.2456413088962,40b82e4e-4df4-4638-8c06-1d7ce0a58015,1,404,ZFM-04080
sniffing,no_stim,3.8499999999999988,1124.774746029084,522.9884205304902,40b82e4e-4df4-4638-8c06-1d7ce0a58015,1,404,ZFM-04080
sniffing,no_stim,3.949999999999999,1114.51375895256,512.7274334539661,40b82e4e-4df4-4638-8c06-1d7ce0a58015,1,404,ZFM-04080
sniffing,stim,-0.45,607.5041965144418,135.95520281689193,08371a0c-22d9-4f6e-ac22-c15788b39180,1,325,ZFM-04080
sniffing,stim,-0.35000000000000003,500.6855693197126,29.136575622162752,08371a0c-22d9-4f6e-ac22-c15788b39180,1,325,ZFM-04080
sniffing,stim,-0.25000000000000006,426.6640742431055,-44.88491945444434,08371a0c-22d9-4f6e-ac22-c15788b39180,1,325,ZFM-04080
sniffing,stim,-0.15000000000000008,354.2201479157265,-117.32884578182336,08371a0c-22d9-4f6e-ac22-c15788b39180,1,325,ZFM-04080
sniffing,stim,-0.050000000000000086,468.6709804947626,-2.8780132027872583,08371a0c-22d9-4f6e-ac22-c15788b39180,1,325,ZFM-04080
sniffing,stim,0.04999999999999989,759.2805952516923,287.7316015541424,08371a0c-22d9-4f6e-ac22-c15788b39180,1,325,ZFM-04080
sniffing,stim,0.14999999999999986,1030.620914553332,559.0719208557823,08371a0c-22d9-4f6e-ac22-c15788b39180,1,325,ZFM-04080
sniffing,stim,0.24999999999999983,1112.6626572057107,641.1136635081609,08371a0c-22d9-4f6e-ac22-c15788b39180,1,325,ZFM-04080
sniffing,stim,0.3499999999999998,1024.4252771119127,552.8762834143629,08371a0c-22d9-4f6e-ac22-c15788b39180,1,325,ZFM-04080
sniffing,stim,0.4499999999999998,991.4006448739207,519.8516511763708,08371a0c-22d9-4f6e-ac22-c15788b39180,1,325,ZFM-04080
sniffing,stim,0.5499999999999998,1043.8798116521277,572.3308179545779,08371a0c-22d9-4f6e-ac22-c15788b39180,1,325,ZFM-04080
sniffing,stim,0.6499999999999998,1126.0760743173814,654.5270806198316,08371a0c-22d9-4f6e-ac22-c15788b39180,1,325,ZFM-04080
sniffing,stim,0.7499999999999998,1180.5165947062985,708.9676010087487,08371a0c-22d9-4f6e-ac22-c15788b39180,1,325,ZFM-04080
sniffing,stim,0.8499999999999998,1181.0884899242963,709.5394962267465,08371a0c-22d9-4f6e-ac22-c15788b39180,1,325,ZFM-04080
sniffing,stim,0.9499999999999997,1125.9849964237828,654.436002726233,08371a0c-22d9-4f6e-ac22-c15788b39180,1,325,ZFM-04080
sniffing,stim,1.0499999999999996,1075.0206911730872,603.4716974755374,08371a0c-22d9-4f6e-ac22-c15788b39180,1,325,ZFM-04080
sniffing,stim,1.1499999999999997,1030.8996677971988,559.350674099649,08371a0c-22d9-4f6e-ac22-c15788b39180,1,325,ZFM-04080
sniffing,stim,1.2499999999999998,1011.5438912524141,539.9948975548643,08371a0c-22d9-4f6e-ac22-c15788b39180,1,325,ZFM-04080
sniffing,stim,1.3499999999999996,980.251273389638,508.7022796920881,08371a0c-22d9-4f6e-ac22-c15788b39180,1,325,ZFM-04080
sniffing,stim,1.4499999999999995,948.0365180685151,476.4875243709652,08371a0c-22d9-4f6e-ac22-c15788b39180,1,325,ZFM-04080
sniffing,stim,1.5499999999999996,933.5496791224331,462.0006854248832,08371a0c-22d9-4f6e-ac22-c15788b39180,1,325,ZFM-04080
sniffing,stim,1.6499999999999997,921.3099438725163,449.76095017496647,08371a0c-22d9-4f6e-ac22-c15788b39180,1,325,ZFM-04080
sniffing,stim,1.7499999999999996,915.0478410358556,443.4988473383058,08371a0c-22d9-4f6e-ac22-c15788b39180,1,325,ZFM-04080
sniffing,stim,1.8499999999999994,909.2645575717038,437.71556387415393,08371a0c-22d9-4f6e-ac22-c15788b39180,1,325,ZFM-04080
sniffing,stim,1.9499999999999995,911.6657296277111,440.11673593016127,08371a0c-22d9-4f6e-ac22-c15788b39180,1,325,ZFM-04080
sniffing,stim,2.0499999999999994,945.5869963938569,474.03800269630705,08371a0c-22d9-4f6e-ac22-c15788b39180,1,325,ZFM-04080
sniffing,stim,2.1499999999999995,954.8414896201817,483.2924959226319,08371a0c-22d9-4f6e-ac22-c15788b39180,1,325,ZFM-04080
sniffing,stim,2.249999999999999,977.2661470937351,505.7171533961852,08371a0c-22d9-4f6e-ac22-c15788b39180,1,325,ZFM-04080
sniffing,stim,2.349999999999999,990.3035954025654,518.7546017050156,08371a0c-22d9-4f6e-ac22-c15788b39180,1,325,ZFM-04080
sniffing,stim,2.4499999999999993,975.0220748111074,503.4730811135575,08371a0c-22d9-4f6e-ac22-c15788b39180,1,325,ZFM-04080
sniffing,stim,2.549999999999999,954.5571068066197,483.0081131090698,08371a0c-22d9-4f6e-ac22-c15788b39180,1,325,ZFM-04080
sniffing,stim,2.649999999999999,919.6210100597816,448.07201636223175,08371a0c-22d9-4f6e-ac22-c15788b39180,1,325,ZFM-04080
sniffing,stim,2.749999999999999,890.2011207498462,418.6521270522963,08371a0c-22d9-4f6e-ac22-c15788b39180,1,325,ZFM-04080
sniffing,stim,2.849999999999999,866.0908222295367,394.5418285319868,08371a0c-22d9-4f6e-ac22-c15788b39180,1,325,ZFM-04080
sniffing,stim,2.9499999999999993,837.9268283180857,366.3778346205358,08371a0c-22d9-4f6e-ac22-c15788b39180,1,325,ZFM-04080
sniffing,stim,3.049999999999999,807.4551235073952,335.90612980984537,08371a0c-22d9-4f6e-ac22-c15788b39180,1,325,ZFM-04080
sniffing,stim,3.149999999999999,777.2190178229816,305.6700241254318,08371a0c-22d9-4f6e-ac22-c15788b39180,1,325,ZFM-04080
sniffing,stim,3.249999999999999,754.5505028194738,283.0015091219239,08371a0c-22d9-4f6e-ac22-c15788b39180,1,325,ZFM-04080
sniffing,stim,3.3499999999999988,735.8366572839518,264.28766358640195,08371a0c-22d9-4f6e-ac22-c15788b39180,1,325,ZFM-04080
sniffing,stim,3.449999999999999,721.9099938322345,250.36100013468462,08371a0c-22d9-4f6e-ac22-c15788b39180,1,325,ZFM-04080
sniffing,stim,3.549999999999999,699.0111239212225,227.46213022367266,08371a0c-22d9-4f6e-ac22-c15788b39180,1,325,ZFM-04080
sniffing,stim,3.649999999999999,720.2776050699604,248.7286113724105,08371a0c-22d9-4f6e-ac22-c15788b39180,1,325,ZFM-04080
sniffing,stim,3.749999999999999,765.8742709585151,294.32527726096527,08371a0c-22d9-4f6e-ac22-c15788b39180,1,325,ZFM-04080
sniffing,stim,3.8499999999999988,803.332407961725,331.7834142641752,08371a0c-22d9-4f6e-ac22-c15788b39180,1,325,ZFM-04080
sniffing,stim,3.949999999999999,793.9606895828501,322.4116958853003,08371a0c-22d9-4f6e-ac22-c15788b39180,1,325,ZFM-04080
sniffing,no_stim,-0.45,641.8802404309762,96.17499302894441,08371a0c-22d9-4f6e-ac22-c15788b39180,1,265,ZFM-04080
sniffing,no_stim,-0.35000000000000003,548.849492340411,3.144244938379188,08371a0c-22d9-4f6e-ac22-c15788b39180,1,265,ZFM-04080
sniffing,no_stim,-0.25000000000000006,503.57085142669945,-42.134395975332325,08371a0c-22d9-4f6e-ac22-c15788b39180,1,265,ZFM-04080
sniffing,no_stim,-0.15000000000000008,447.1578687215213,-98.54737868051046,08371a0c-22d9-4f6e-ac22-c15788b39180,1,265,ZFM-04080
sniffing,no_stim,-0.050000000000000086,587.0677840905508,41.36253668851907,08371a0c-22d9-4f6e-ac22-c15788b39180,1,265,ZFM-04080
sniffing,no_stim,0.04999999999999989,874.3514808461646,328.6462334441328,08371a0c-22d9-4f6e-ac22-c15788b39180,1,265,ZFM-04080
sniffing,no_stim,0.14999999999999986,1103.7991029004263,558.0938554983945,08371a0c-22d9-4f6e-ac22-c15788b39180,1,265,ZFM-04080
sniffing,no_stim,0.24999999999999983,1124.0520304570298,578.346783054998,08371a0c-22d9-4f6e-ac22-c15788b39180,1,265,ZFM-04080
sniffing,no_stim,0.3499999999999998,980.3922905606213,434.6870431585895,08371a0c-22d9-4f6e-ac22-c15788b39180,1,265,ZFM-04080
sniffing,no_stim,0.4499999999999998,938.7929354575007,393.0876880554689,08371a0c-22d9-4f6e-ac22-c15788b39180,1,265,ZFM-04080
sniffing,no_stim,0.5499999999999998,995.4135265532126,449.7082791511808,08371a0c-22d9-4f6e-ac22-c15788b39180,1,265,ZFM-04080
sniffing,no_stim,0.6499999999999998,1060.3704141138342,514.6651667118024,08371a0c-22d9-4f6e-ac22-c15788b39180,1,265,ZFM-04080
sniffing,no_stim,0.7499999999999998,1080.8053618619367,535.100114459905,08371a0c-22d9-4f6e-ac22-c15788b39180,1,265,ZFM-04080
sniffing,no_stim,0.8499999999999998,1069.8499579215036,524.1447105194718,08371a0c-22d9-4f6e-ac22-c15788b39180,1,265,ZFM-04080
sniffing,no_stim,0.9499999999999997,1033.7666608752568,488.061413473225,08371a0c-22d9-4f6e-ac22-c15788b39180,1,265,ZFM-04080
sniffing,no_stim,1.0499999999999996,1026.6738614204105,480.96861401837873,08371a0c-22d9-4f6e-ac22-c15788b39180,1,265,ZFM-04080
sniffing,no_stim,1.1499999999999997,1009.5930798544854,463.8878324524536,08371a0c-22d9-4f6e-ac22-c15788b39180,1,265,ZFM-04080
sniffing,no_stim,1.2499999999999998,971.240598426907,425.53535102487524,08371a0c-22d9-4f6e-ac22-c15788b39180,1,265,ZFM-04080
sniffing,no_stim,1.3499999999999996,919.8424036029992,374.1371562009674,08371a0c-22d9-4f6e-ac22-c15788b39180,1,265,ZFM-04080
sniffing,no_stim,1.4499999999999995,891.1276266149301,345.42237921289836,08371a0c-22d9-4f6e-ac22-c15788b39180,1,265,ZFM-04080
sniffing,no_stim,1.5499999999999996,890.9010926486682,345.1958452466364,08371a0c-22d9-4f6e-ac22-c15788b39180,1,265,ZFM-04080
sniffing,no_stim,1.6499999999999997,905.1395121158124,359.43426471378064,08371a0c-22d9-4f6e-ac22-c15788b39180,1,265,ZFM-04080
sniffing,no_stim,1.7499999999999996,897.4410376367634,351.73579023473167,08371a0c-22d9-4f6e-ac22-c15788b39180,1,265,ZFM-04080
sniffing,no_stim,1.8499999999999994,909.970603406208,364.2653560041763,08371a0c-22d9-4f6e-ac22-c15788b39180,1,265,ZFM-04080
sniffing,no_stim,1.9499999999999995,935.2036716857532,389.4984242837214,08371a0c-22d9-4f6e-ac22-c15788b39180,1,265,ZFM-04080
sniffing,no_stim,2.0499999999999994,958.8992167462931,413.1939693442613,08371a0c-22d9-4f6e-ac22-c15788b39180,1,265,ZFM-04080
sniffing,no_stim,2.1499999999999995,999.8067178383471,454.10147043631537,08371a0c-22d9-4f6e-ac22-c15788b39180,1,265,ZFM-04080
sniffing,no_stim,2.249999999999999,1022.7360550139027,477.03080761187096,08371a0c-22d9-4f6e-ac22-c15788b39180,1,265,ZFM-04080
sniffing,no_stim,2.349999999999999,1075.4042381833824,529.6989907813506,08371a0c-22d9-4f6e-ac22-c15788b39180,1,265,ZFM-04080
sniffing,no_stim,2.4499999999999993,1095.7851243255313,550.0798769234996,08371a0c-22d9-4f6e-ac22-c15788b39180,1,265,ZFM-04080
sniffing,no_stim,2.549999999999999,1102.2094585999164,556.5042111978846,08371a0c-22d9-4f6e-ac22-c15788b39180,1,265,ZFM-04080
sniffing,no_stim,2.649999999999999,1061.6504062062306,515.9451588041989,08371a0c-22d9-4f6e-ac22-c15788b39180,1,265,ZFM-04080
sniffing,no_stim,2.749999999999999,1021.4802830194982,475.7750356174664,08371a0c-22d9-4f6e-ac22-c15788b39180,1,265,ZFM-04080
sniffing,no_stim,2.849999999999999,997.6750886904155,451.9698412883837,08371a0c-22d9-4f6e-ac22-c15788b39180,1,265,ZFM-04080
sniffing,no_stim,2.9499999999999993,971.0230539132756,425.3178065112438,08371a0c-22d9-4f6e-ac22-c15788b39180,1,265,ZFM-04080
sniffing,no_stim,3.049999999999999,905.2345377183625,359.52929031633073,08371a0c-22d9-4f6e-ac22-c15788b39180,1,265,ZFM-04080
sniffing,no_stim,3.149999999999999,820.1765007226696,274.47125332063786,08371a0c-22d9-4f6e-ac22-c15788b39180,1,265,ZFM-04080
sniffing,no_stim,3.249999999999999,773.060196901343,227.35494949931126,08371a0c-22d9-4f6e-ac22-c15788b39180,1,265,ZFM-04080
sniffing,no_stim,3.3499999999999988,762.5700908096788,216.86484340764707,08371a0c-22d9-4f6e-ac22-c15788b39180,1,265,ZFM-04080
sniffing,no_stim,3.449999999999999,789.1117007401435,243.40645333811176,08371a0c-22d9-4f6e-ac22-c15788b39180,1,265,ZFM-04080
sniffing,no_stim,3.549999999999999,806.363589775605,260.6583423735732,08371a0c-22d9-4f6e-ac22-c15788b39180,1,265,ZFM-04080
sniffing,no_stim,3.649999999999999,807.7819003751094,262.07665297307767,08371a0c-22d9-4f6e-ac22-c15788b39180,1,265,ZFM-04080
sniffing,no_stim,3.749999999999999,836.8288544563435,291.1236070543117,08371a0c-22d9-4f6e-ac22-c15788b39180,1,265,ZFM-04080
sniffing,no_stim,3.8499999999999988,856.706815082152,311.0015676801203,08371a0c-22d9-4f6e-ac22-c15788b39180,1,265,ZFM-04080
sniffing,no_stim,3.949999999999999,879.3449302559917,333.6396828539599,08371a0c-22d9-4f6e-ac22-c15788b39180,1,265,ZFM-04080
sniffing,stim,-0.45,923.9208664550819,135.46905229851507,d45f1a4a-7f14-4f84-a85c-34b21c6d498c,1,221,ZFM-04080
sniffing,stim,-0.35000000000000003,820.4596671025321,32.00785294596528,d45f1a4a-7f14-4f84-a85c-34b21c6d498c,1,221,ZFM-04080
sniffing,stim,-0.25000000000000006,737.3938752335589,-51.057938923007896,d45f1a4a-7f14-4f84-a85c-34b21c6d498c,1,221,ZFM-04080
sniffing,stim,-0.15000000000000008,656.2759773740894,-132.1758367824774,d45f1a4a-7f14-4f84-a85c-34b21c6d498c,1,221,ZFM-04080
sniffing,stim,-0.050000000000000086,804.2086846175717,15.75687046100495,d45f1a4a-7f14-4f84-a85c-34b21c6d498c,1,221,ZFM-04080
sniffing,stim,0.04999999999999989,1175.870320481478,387.4185063249113,d45f1a4a-7f14-4f84-a85c-34b21c6d498c,1,221,ZFM-04080
sniffing,stim,0.14999999999999986,1496.0056822541458,707.553868097579,d45f1a4a-7f14-4f84-a85c-34b21c6d498c,1,221,ZFM-04080
sniffing,stim,0.24999999999999983,1572.6189323626245,784.1671182060577,d45f1a4a-7f14-4f84-a85c-34b21c6d498c,1,221,ZFM-04080
sniffing,stim,0.3499999999999998,1424.4593612742945,636.0075471177277,d45f1a4a-7f14-4f84-a85c-34b21c6d498c,1,221,ZFM-04080
sniffing,stim,0.4499999999999998,1411.8210797688573,623.3692656122905,d45f1a4a-7f14-4f84-a85c-34b21c6d498c,1,221,ZFM-04080
sniffing,stim,0.5499999999999998,1477.348131163862,688.8963170072952,d45f1a4a-7f14-4f84-a85c-34b21c6d498c,1,221,ZFM-04080
sniffing,stim,0.6499999999999998,1539.1599826813247,750.7081685247579,d45f1a4a-7f14-4f84-a85c-34b21c6d498c,1,221,ZFM-04080
sniffing,stim,0.7499999999999998,1574.5509675726428,786.099153416076,d45f1a4a-7f14-4f84-a85c-34b21c6d498c,1,221,ZFM-04080
sniffing,stim,0.8499999999999998,1577.4761729721988,789.024358815632,d45f1a4a-7f14-4f84-a85c-34b21c6d498c,1,221,ZFM-04080
sniffing,stim,0.9499999999999997,1553.8006782639236,765.3488641073568,d45f1a4a-7f14-4f84-a85c-34b21c6d498c,1,221,ZFM-04080
sniffing,stim,1.0499999999999996,1500.193309568331,711.7414954117642,d45f1a4a-7f14-4f84-a85c-34b21c6d498c,1,221,ZFM-04080
sniffing,stim,1.1499999999999997,1443.090484041105,654.6386698845381,d45f1a4a-7f14-4f84-a85c-34b21c6d498c,1,221,ZFM-04080
sniffing,stim,1.2499999999999998,1365.210031482559,576.7582173259923,d45f1a4a-7f14-4f84-a85c-34b21c6d498c,1,221,ZFM-04080
sniffing,stim,1.3499999999999996,1339.2921939673636,550.8403798107968,d45f1a4a-7f14-4f84-a85c-34b21c6d498c,1,221,ZFM-04080
sniffing,stim,1.4499999999999995,1318.4933465347378,530.041532378171,d45f1a4a-7f14-4f84-a85c-34b21c6d498c,1,221,ZFM-04080
sniffing,stim,1.5499999999999996,1309.8988069566296,521.4469928000628,d45f1a4a-7f14-4f84-a85c-34b21c6d498c,1,221,ZFM-04080
sniffing,stim,1.6499999999999997,1280.8423861000924,492.39057194352563,d45f1a4a-7f14-4f84-a85c-34b21c6d498c,1,221,ZFM-04080
sniffing,stim,1.7499999999999996,1212.8252070545868,424.37339289802003,d45f1a4a-7f14-4f84-a85c-34b21c6d498c,1,221,ZFM-04080
sniffing,stim,1.8499999999999994,1174.5119553205157,386.06014116394886,d45f1a4a-7f14-4f84-a85c-34b21c6d498c,1,221,ZFM-04080
sniffing,stim,1.9499999999999995,1151.4586354696385,363.00682131307167,d45f1a4a-7f14-4f84-a85c-34b21c6d498c,1,221,ZFM-04080
sniffing,stim,2.0499999999999994,1198.6351427817715,410.1833286252047,d45f1a4a-7f14-4f84-a85c-34b21c6d498c,1,221,ZFM-04080
sniffing,stim,2.1499999999999995,1235.2694191745313,446.8176050179645,d45f1a4a-7f14-4f84-a85c-34b21c6d498c,1,221,ZFM-04080
sniffing,stim,2.249999999999999,1258.826542787336,470.37472863076914,d45f1a4a-7f14-4f84-a85c-34b21c6d498c,1,221,ZFM-04080
sniffing,stim,2.349999999999999,1270.061151462522,481.60933730595525,d45f1a4a-7f14-4f84-a85c-34b21c6d498c,1,221,ZFM-04080
sniffing,stim,2.4499999999999993,1232.024871047835,443.57305689126815,d45f1a4a-7f14-4f84-a85c-34b21c6d498c,1,221,ZFM-04080
sniffing,stim,2.549999999999999,1191.4555976911804,403.0037835346136,d45f1a4a-7f14-4f84-a85c-34b21c6d498c,1,221,ZFM-04080
sniffing,stim,2.649999999999999,1142.112578860118,353.6607647035512,d45f1a4a-7f14-4f84-a85c-34b21c6d498c,1,221,ZFM-04080
sniffing,stim,2.749999999999999,1130.0967113408783,341.6448971843115,d45f1a4a-7f14-4f84-a85c-34b21c6d498c,1,221,ZFM-04080
sniffing,stim,2.849999999999999,1131.208880434164,342.75706627759723,d45f1a4a-7f14-4f84-a85c-34b21c6d498c,1,221,ZFM-04080
sniffing,stim,2.9499999999999993,1126.7577176028146,338.30590344624784,d45f1a4a-7f14-4f84-a85c-34b21c6d498c,1,221,ZFM-04080
sniffing,stim,3.049999999999999,1118.236101037429,329.7842868808623,d45f1a4a-7f14-4f84-a85c-34b21c6d498c,1,221,ZFM-04080
sniffing,stim,3.149999999999999,1074.6160909742714,286.1642768177046,d45f1a4a-7f14-4f84-a85c-34b21c6d498c,1,221,ZFM-04080
sniffing,stim,3.249999999999999,1043.5839862552698,255.132172098703,d45f1a4a-7f14-4f84-a85c-34b21c6d498c,1,221,ZFM-04080
sniffing,stim,3.3499999999999988,1042.4210742501696,253.96926009360277,d45f1a4a-7f14-4f84-a85c-34b21c6d498c,1,221,ZFM-04080
sniffing,stim,3.449999999999999,1058.8070463691959,270.35523221262906,d45f1a4a-7f14-4f84-a85c-34b21c6d498c,1,221,ZFM-04080
sniffing,stim,3.549999999999999,1092.6661594938205,304.2143453372537,d45f1a4a-7f14-4f84-a85c-34b21c6d498c,1,221,ZFM-04080
sniffing,stim,3.649999999999999,1142.3419211166856,353.8901069601188,d45f1a4a-7f14-4f84-a85c-34b21c6d498c,1,221,ZFM-04080
sniffing,stim,3.749999999999999,1190.6270798351493,402.1752656785825,d45f1a4a-7f14-4f84-a85c-34b21c6d498c,1,221,ZFM-04080
sniffing,stim,3.8499999999999988,1242.879560011291,454.4277458547242,d45f1a4a-7f14-4f84-a85c-34b21c6d498c,1,221,ZFM-04080
sniffing,stim,3.949999999999999,1295.7522833511712,507.3004691946044,d45f1a4a-7f14-4f84-a85c-34b21c6d498c,1,221,ZFM-04080
sniffing,no_stim,-0.45,756.0225831284432,118.93124591535206,d45f1a4a-7f14-4f84-a85c-34b21c6d498c,1,205,ZFM-04080
sniffing,no_stim,-0.35000000000000003,689.5936619231743,52.502324710083144,d45f1a4a-7f14-4f84-a85c-34b21c6d498c,1,205,ZFM-04080
sniffing,no_stim,-0.25000000000000006,634.6705528090954,-2.4207844039957536,d45f1a4a-7f14-4f84-a85c-34b21c6d498c,1,205,ZFM-04080
sniffing,no_stim,-0.15000000000000008,514.6179754627582,-122.47336175033297,d45f1a4a-7f14-4f84-a85c-34b21c6d498c,1,205,ZFM-04080
sniffing,no_stim,-0.050000000000000086,590.5519127419846,-46.5394244711066,d45f1a4a-7f14-4f84-a85c-34b21c6d498c,1,205,ZFM-04080
sniffing,no_stim,0.04999999999999989,986.1041951359618,349.0128579228707,d45f1a4a-7f14-4f84-a85c-34b21c6d498c,1,205,ZFM-04080
sniffing,no_stim,0.14999999999999986,1365.1805306714648,728.0891934583736,d45f1a4a-7f14-4f84-a85c-34b21c6d498c,1,205,ZFM-04080
sniffing,no_stim,0.24999999999999983,1510.6956295890739,873.6042923759827,d45f1a4a-7f14-4f84-a85c-34b21c6d498c,1,205,ZFM-04080
sniffing,no_stim,0.3499999999999998,1415.895960005225,778.804622792134,d45f1a4a-7f14-4f84-a85c-34b21c6d498c,1,205,ZFM-04080
sniffing,no_stim,0.4499999999999998,1403.2914243108248,766.2000870977337,d45f1a4a-7f14-4f84-a85c-34b21c6d498c,1,205,ZFM-04080
sniffing,no_stim,0.5499999999999998,1494.1154380868657,857.0241008737745,d45f1a4a-7f14-4f84-a85c-34b21c6d498c,1,205,ZFM-04080
sniffing,no_stim,0.6499999999999998,1533.9132918457392,896.821954632648,d45f1a4a-7f14-4f84-a85c-34b21c6d498c,1,205,ZFM-04080
sniffing,no_stim,0.7499999999999998,1511.8895028527945,874.7981656397034,d45f1a4a-7f14-4f84-a85c-34b21c6d498c,1,205,ZFM-04080
sniffing,no_stim,0.8499999999999998,1459.4888414240854,822.3975042109943,d45f1a4a-7f14-4f84-a85c-34b21c6d498c,1,205,ZFM-04080
sniffing,no_stim,0.9499999999999997,1403.495599236601,766.4042620235099,d45f1a4a-7f14-4f84-a85c-34b21c6d498c,1,205,ZFM-04080
sniffing,no_stim,1.0499999999999996,1353.7970645099902,716.705727296899,d45f1a4a-7f14-4f84-a85c-34b21c6d498c,1,205,ZFM-04080
sniffing,no_stim,1.1499999999999997,1273.8847286986409,636.7933914855497,d45f1a4a-7f14-4f84-a85c-34b21c6d498c,1,205,ZFM-04080
sniffing,no_stim,1.2499999999999998,1198.4056403276397,561.3143031145486,d45f1a4a-7f14-4f84-a85c-34b21c6d498c,1,205,ZFM-04080
sniffing,no_stim,1.3499999999999996,1152.996770459512,515.9054332464208,d45f1a4a-7f14-4f84-a85c-34b21c6d498c,1,205,ZFM-04080
sniffing,no_stim,1.4499999999999995,1109.494671406144,472.40333419305296,d45f1a4a-7f14-4f84-a85c-34b21c6d498c,1,205,ZFM-04080
sniffing,no_stim,1.5499999999999996,1079.6356645337164,442.54432732062526,d45f1a4a-7f14-4f84-a85c-34b21c6d498c,1,205,ZFM-04080
sniffing,no_stim,1.6499999999999997,1086.480994629255,449.3896574161639,d45f1a4a-7f14-4f84-a85c-34b21c6d498c,1,205,ZFM-04080
sniffing,no_stim,1.7499999999999996,1085.7168598069486,448.62552259385745,d45f1a4a-7f14-4f84-a85c-34b21c6d498c,1,205,ZFM-04080
sniffing,no_stim,1.8499999999999994,1088.7070068210737,451.61566960798257,d45f1a4a-7f14-4f84-a85c-34b21c6d498c,1,205,ZFM-04080
sniffing,no_stim,1.9499999999999995,1082.9054481219648,445.81411090887366,d45f1a4a-7f14-4f84-a85c-34b21c6d498c,1,205,ZFM-04080
sniffing,no_stim,2.0499999999999994,1117.0487368502875,479.9573996371963,d45f1a4a-7f14-4f84-a85c-34b21c6d498c,1,205,ZFM-04080
sniffing,no_stim,2.1499999999999995,1128.6917867017519,491.60044948866073,d45f1a4a-7f14-4f84-a85c-34b21c6d498c,1,205,ZFM-04080
sniffing,no_stim,2.249999999999999,1114.8929387734775,477.8016015603863,d45f1a4a-7f14-4f84-a85c-34b21c6d498c,1,205,ZFM-04080
sniffing,no_stim,2.349999999999999,1081.8048250335637,444.71348782047255,d45f1a4a-7f14-4f84-a85c-34b21c6d498c,1,205,ZFM-04080
sniffing,no_stim,2.4499999999999993,1058.2061587350713,421.11482152198016,d45f1a4a-7f14-4f84-a85c-34b21c6d498c,1,205,ZFM-04080
sniffing,no_stim,2.549999999999999,1069.8443213219723,432.75298410888115,d45f1a4a-7f14-4f84-a85c-34b21c6d498c,1,205,ZFM-04080
sniffing,no_stim,2.649999999999999,1084.458933348691,447.3675961355999,d45f1a4a-7f14-4f84-a85c-34b21c6d498c,1,205,ZFM-04080
sniffing,no_stim,2.749999999999999,1056.5123169438484,419.42097973075727,d45f1a4a-7f14-4f84-a85c-34b21c6d498c,1,205,ZFM-04080
sniffing,no_stim,2.849999999999999,1000.7160005644978,363.62466335140664,d45f1a4a-7f14-4f84-a85c-34b21c6d498c,1,205,ZFM-04080
sniffing,no_stim,2.9499999999999993,952.3138573499592,315.22252013686807,d45f1a4a-7f14-4f84-a85c-34b21c6d498c,1,205,ZFM-04080
sniffing,no_stim,3.049999999999999,915.1302692010114,278.03893198792025,d45f1a4a-7f14-4f84-a85c-34b21c6d498c,1,205,ZFM-04080
sniffing,no_stim,3.149999999999999,904.6391627041056,267.54782549101446,d45f1a4a-7f14-4f84-a85c-34b21c6d498c,1,205,ZFM-04080
sniffing,no_stim,3.249999999999999,889.3850558190486,252.29371860595745,d45f1a4a-7f14-4f84-a85c-34b21c6d498c,1,205,ZFM-04080
sniffing,no_stim,3.3499999999999988,876.6570037784409,239.56566656534972,d45f1a4a-7f14-4f84-a85c-34b21c6d498c,1,205,ZFM-04080
sniffing,no_stim,3.449999999999999,870.068376518136,232.97703930504485,d45f1a4a-7f14-4f84-a85c-34b21c6d498c,1,205,ZFM-04080
sniffing,no_stim,3.549999999999999,897.0454628722927,259.9541256592015,d45f1a4a-7f14-4f84-a85c-34b21c6d498c,1,205,ZFM-04080
sniffing,no_stim,3.649999999999999,953.562034048226,316.47069683513485,d45f1a4a-7f14-4f84-a85c-34b21c6d498c,1,205,ZFM-04080
sniffing,no_stim,3.749999999999999,995.3063197433448,358.2149825302537,d45f1a4a-7f14-4f84-a85c-34b21c6d498c,1,205,ZFM-04080
sniffing,no_stim,3.8499999999999988,998.7474600456761,361.65612283258497,d45f1a4a-7f14-4f84-a85c-34b21c6d498c,1,205,ZFM-04080
sniffing,no_stim,3.949999999999999,1024.8952788860404,387.80394167294924,d45f1a4a-7f14-4f84-a85c-34b21c6d498c,1,205,ZFM-04080
sniffing,stim,-0.45,382.95901678893404,-13.751465761698967,8a1808ee-44ab-4572-b7ac-921a1af98748,1,333,ZFM-04122
sniffing,stim,-0.35000000000000003,345.88652658589194,-50.82395596474106,8a1808ee-44ab-4572-b7ac-921a1af98748,1,333,ZFM-04122
sniffing,stim,-0.25000000000000006,316.85154958399863,-79.85893296663437,8a1808ee-44ab-4572-b7ac-921a1af98748,1,333,ZFM-04122
sniffing,stim,-0.15000000000000008,354.3037137132895,-42.40676883734352,8a1808ee-44ab-4572-b7ac-921a1af98748,1,333,ZFM-04122
sniffing,stim,-0.050000000000000086,583.551606081051,186.84112353041797,8a1808ee-44ab-4572-b7ac-921a1af98748,1,333,ZFM-04122
sniffing,stim,0.04999999999999989,747.5923256164391,350.8818430658061,8a1808ee-44ab-4572-b7ac-921a1af98748,1,333,ZFM-04122
sniffing,stim,0.14999999999999986,738.074527326379,341.364044775746,8a1808ee-44ab-4572-b7ac-921a1af98748,1,333,ZFM-04122
sniffing,stim,0.24999999999999983,587.1767896675603,190.46630711692734,8a1808ee-44ab-4572-b7ac-921a1af98748,1,333,ZFM-04122
sniffing,stim,0.3499999999999998,566.6799976634068,169.96951511277376,8a1808ee-44ab-4572-b7ac-921a1af98748,1,333,ZFM-04122
sniffing,stim,0.4499999999999998,646.3759678141756,249.66548526354262,8a1808ee-44ab-4572-b7ac-921a1af98748,1,333,ZFM-04122
sniffing,stim,0.5499999999999998,746.7755658027182,350.06508325208523,8a1808ee-44ab-4572-b7ac-921a1af98748,1,333,ZFM-04122
sniffing,stim,0.6499999999999998,818.7979473458182,422.0874647951852,8a1808ee-44ab-4572-b7ac-921a1af98748,1,333,ZFM-04122
sniffing,stim,0.7499999999999998,853.3606930549694,456.65021050433637,8a1808ee-44ab-4572-b7ac-921a1af98748,1,333,ZFM-04122
sniffing,stim,0.8499999999999998,857.5353273106405,460.82484476000747,8a1808ee-44ab-4572-b7ac-921a1af98748,1,333,ZFM-04122
sniffing,stim,0.9499999999999997,867.3102243375989,470.5997417869659,8a1808ee-44ab-4572-b7ac-921a1af98748,1,333,ZFM-04122
sniffing,stim,1.0499999999999996,863.0962779240322,466.38579537339916,8a1808ee-44ab-4572-b7ac-921a1af98748,1,333,ZFM-04122
sniffing,stim,1.1499999999999997,863.423157926935,466.712675376302,8a1808ee-44ab-4572-b7ac-921a1af98748,1,333,ZFM-04122
sniffing,stim,1.2499999999999998,871.2634415756911,474.5529590250581,8a1808ee-44ab-4572-b7ac-921a1af98748,1,333,ZFM-04122
sniffing,stim,1.3499999999999996,888.4234205534311,491.7129380027981,8a1808ee-44ab-4572-b7ac-921a1af98748,1,333,ZFM-04122
sniffing,stim,1.4499999999999995,891.2089239955083,494.49844144487525,8a1808ee-44ab-4572-b7ac-921a1af98748,1,333,ZFM-04122
sniffing,stim,1.5499999999999996,886.0476435965968,489.3371610459638,8a1808ee-44ab-4572-b7ac-921a1af98748,1,333,ZFM-04122
sniffing,stim,1.6499999999999997,887.0325362101687,490.3220536595357,8a1808ee-44ab-4572-b7ac-921a1af98748,1,333,ZFM-04122
sniffing,stim,1.7499999999999996,892.4237161272672,495.7132335766342,8a1808ee-44ab-4572-b7ac-921a1af98748,1,333,ZFM-04122
sniffing,stim,1.8499999999999994,886.1161250227119,489.4056424720789,8a1808ee-44ab-4572-b7ac-921a1af98748,1,333,ZFM-04122
sniffing,stim,1.9499999999999995,888.2374458193812,491.52696326874815,8a1808ee-44ab-4572-b7ac-921a1af98748,1,333,ZFM-04122
sniffing,stim,2.0499999999999994,861.302823513332,464.592340962699,8a1808ee-44ab-4572-b7ac-921a1af98748,1,333,ZFM-04122
sniffing,stim,2.1499999999999995,812.9692993191586,416.2588167685256,8a1808ee-44ab-4572-b7ac-921a1af98748,1,333,ZFM-04122
sniffing,stim,2.249999999999999,759.9552606654739,363.2447781148409,8a1808ee-44ab-4572-b7ac-921a1af98748,1,333,ZFM-04122
sniffing,stim,2.349999999999999,738.4065282014383,341.6960456508053,8a1808ee-44ab-4572-b7ac-921a1af98748,1,333,ZFM-04122
sniffing,stim,2.4499999999999993,731.4205019465755,334.71001939594254,8a1808ee-44ab-4572-b7ac-921a1af98748,1,333,ZFM-04122
sniffing,stim,2.549999999999999,694.0662817858029,297.35579923516985,8a1808ee-44ab-4572-b7ac-921a1af98748,1,333,ZFM-04122
sniffing,stim,2.649999999999999,657.5029532714368,260.7924707208038,8a1808ee-44ab-4572-b7ac-921a1af98748,1,333,ZFM-04122
sniffing,stim,2.749999999999999,624.3481786970564,227.63769614642337,8a1808ee-44ab-4572-b7ac-921a1af98748,1,333,ZFM-04122
sniffing,stim,2.849999999999999,624.9424945140036,228.23201196337055,8a1808ee-44ab-4572-b7ac-921a1af98748,1,333,ZFM-04122
sniffing,stim,2.9499999999999993,638.6795770363831,241.96909448575008,8a1808ee-44ab-4572-b7ac-921a1af98748,1,333,ZFM-04122
sniffing,stim,3.049999999999999,667.8884870252369,271.17800447460394,8a1808ee-44ab-4572-b7ac-921a1af98748,1,333,ZFM-04122
sniffing,stim,3.149999999999999,706.8695095836764,310.1590270330434,8a1808ee-44ab-4572-b7ac-921a1af98748,1,333,ZFM-04122
sniffing,stim,3.249999999999999,726.9085900387417,330.19810748810875,8a1808ee-44ab-4572-b7ac-921a1af98748,1,333,ZFM-04122
sniffing,stim,3.3499999999999988,726.6697589639457,329.9592764133127,8a1808ee-44ab-4572-b7ac-921a1af98748,1,333,ZFM-04122
sniffing,stim,3.449999999999999,742.9801353591928,346.2696528085598,8a1808ee-44ab-4572-b7ac-921a1af98748,1,333,ZFM-04122
sniffing,stim,3.549999999999999,766.8492276887215,370.1387451380885,8a1808ee-44ab-4572-b7ac-921a1af98748,1,333,ZFM-04122
sniffing,stim,3.649999999999999,798.0841353786839,401.37365282805087,8a1808ee-44ab-4572-b7ac-921a1af98748,1,333,ZFM-04122
sniffing,stim,3.749999999999999,817.3828426011368,420.67236005050376,8a1808ee-44ab-4572-b7ac-921a1af98748,1,333,ZFM-04122
sniffing,stim,3.8499999999999988,812.8049823400107,416.0944997893777,8a1808ee-44ab-4572-b7ac-921a1af98748,1,333,ZFM-04122
sniffing,stim,3.949999999999999,804.84083940478,408.130356854147,8a1808ee-44ab-4572-b7ac-921a1af98748,1,333,ZFM-04122
sniffing,no_stim,-0.45,414.67453875772424,-4.419577923975623,8a1808ee-44ab-4572-b7ac-921a1af98748,1,335,ZFM-04122
sniffing,no_stim,-0.35000000000000003,372.7563778625656,-46.337738819134245,8a1808ee-44ab-4572-b7ac-921a1af98748,1,335,ZFM-04122
sniffing,no_stim,-0.25000000000000006,341.93411017885325,-77.16000650284661,8a1808ee-44ab-4572-b7ac-921a1af98748,1,335,ZFM-04122
sniffing,no_stim,-0.15000000000000008,383.4309032789008,-35.663213402799045,8a1808ee-44ab-4572-b7ac-921a1af98748,1,335,ZFM-04122
sniffing,no_stim,-0.050000000000000086,582.6746533304553,163.5805366487554,8a1808ee-44ab-4572-b7ac-921a1af98748,1,335,ZFM-04122
sniffing,no_stim,0.04999999999999989,730.2532490812276,311.1591323995278,8a1808ee-44ab-4572-b7ac-921a1af98748,1,335,ZFM-04122
sniffing,no_stim,0.14999999999999986,735.1718736503461,316.07775696864627,8a1808ee-44ab-4572-b7ac-921a1af98748,1,335,ZFM-04122
sniffing,no_stim,0.24999999999999983,608.5725136789692,189.47839699726939,8a1808ee-44ab-4572-b7ac-921a1af98748,1,335,ZFM-04122
sniffing,no_stim,0.3499999999999998,589.559774001915,170.46565732021514,8a1808ee-44ab-4572-b7ac-921a1af98748,1,335,ZFM-04122
sniffing,no_stim,0.4499999999999998,653.7273424240319,234.63322574233206,8a1808ee-44ab-4572-b7ac-921a1af98748,1,335,ZFM-04122
sniffing,no_stim,0.5499999999999998,729.7481009026293,310.65398422092943,8a1808ee-44ab-4572-b7ac-921a1af98748,1,335,ZFM-04122
sniffing,no_stim,0.6499999999999998,793.5611280726968,374.4670113909969,8a1808ee-44ab-4572-b7ac-921a1af98748,1,335,ZFM-04122
sniffing,no_stim,0.7499999999999998,809.7308624361831,390.63674575448323,8a1808ee-44ab-4572-b7ac-921a1af98748,1,335,ZFM-04122
sniffing,no_stim,0.8499999999999998,791.8829319012061,372.78881521950626,8a1808ee-44ab-4572-b7ac-921a1af98748,1,335,ZFM-04122
sniffing,no_stim,0.9499999999999997,766.959805599508,347.8656889178081,8a1808ee-44ab-4572-b7ac-921a1af98748,1,335,ZFM-04122
sniffing,no_stim,1.0499999999999996,763.9327028880556,344.8385862063557,8a1808ee-44ab-4572-b7ac-921a1af98748,1,335,ZFM-04122
sniffing,no_stim,1.1499999999999997,772.7453876425166,353.6512709608167,8a1808ee-44ab-4572-b7ac-921a1af98748,1,335,ZFM-04122
sniffing,no_stim,1.2499999999999998,788.7134020856406,369.61928540394075,8a1808ee-44ab-4572-b7ac-921a1af98748,1,335,ZFM-04122
sniffing,no_stim,1.3499999999999996,798.1684619108078,379.0743452291079,8a1808ee-44ab-4572-b7ac-921a1af98748,1,335,ZFM-04122
sniffing,no_stim,1.4499999999999995,814.8479005079171,395.7537838262172,8a1808ee-44ab-4572-b7ac-921a1af98748,1,335,ZFM-04122
sniffing,no_stim,1.5499999999999996,825.2923242699376,406.1982075882377,8a1808ee-44ab-4572-b7ac-921a1af98748,1,335,ZFM-04122
sniffing,no_stim,1.6499999999999997,829.033543673227,409.9394269915271,8a1808ee-44ab-4572-b7ac-921a1af98748,1,335,ZFM-04122
sniffing,no_stim,1.7499999999999996,835.72811868387,416.6340020021701,8a1808ee-44ab-4572-b7ac-921a1af98748,1,335,ZFM-04122
sniffing,no_stim,1.8499999999999994,831.4922510715535,412.3981343898536,8a1808ee-44ab-4572-b7ac-921a1af98748,1,335,ZFM-04122
sniffing,no_stim,1.9499999999999995,810.5845592232265,391.49044254152665,8a1808ee-44ab-4572-b7ac-921a1af98748,1,335,ZFM-04122
sniffing,no_stim,2.0499999999999994,761.9352745270364,342.84115784533657,8a1808ee-44ab-4572-b7ac-921a1af98748,1,335,ZFM-04122
sniffing,no_stim,2.1499999999999995,727.0292747885613,307.9351581068615,8a1808ee-44ab-4572-b7ac-921a1af98748,1,335,ZFM-04122
sniffing,no_stim,2.249999999999999,725.6987592186714,306.60464253697154,8a1808ee-44ab-4572-b7ac-921a1af98748,1,335,ZFM-04122
sniffing,no_stim,2.349999999999999,724.6785764928807,305.5844598111808,8a1808ee-44ab-4572-b7ac-921a1af98748,1,335,ZFM-04122
sniffing,no_stim,2.4499999999999993,692.9691472630028,273.87503058130295,8a1808ee-44ab-4572-b7ac-921a1af98748,1,335,ZFM-04122
sniffing,no_stim,2.549999999999999,672.2757212239496,253.18160454224977,8a1808ee-44ab-4572-b7ac-921a1af98748,1,335,ZFM-04122
sniffing,no_stim,2.649999999999999,661.1021028565978,242.0079861748979,8a1808ee-44ab-4572-b7ac-921a1af98748,1,335,ZFM-04122
sniffing,no_stim,2.749999999999999,672.0444095095693,252.95029282786942,8a1808ee-44ab-4572-b7ac-921a1af98748,1,335,ZFM-04122
sniffing,no_stim,2.849999999999999,681.6128118129315,262.5186951312316,8a1808ee-44ab-4572-b7ac-921a1af98748,1,335,ZFM-04122
sniffing,no_stim,2.9499999999999993,692.578666404637,273.4845497229372,8a1808ee-44ab-4572-b7ac-921a1af98748,1,335,ZFM-04122
sniffing,no_stim,3.049999999999999,713.2914543626022,294.1973376809023,8a1808ee-44ab-4572-b7ac-921a1af98748,1,335,ZFM-04122
sniffing,no_stim,3.149999999999999,728.1867007761873,309.09258409448745,8a1808ee-44ab-4572-b7ac-921a1af98748,1,335,ZFM-04122
sniffing,no_stim,3.249999999999999,759.7301953356914,340.63607865399155,8a1808ee-44ab-4572-b7ac-921a1af98748,1,335,ZFM-04122
sniffing,no_stim,3.3499999999999988,788.7433783329811,369.6492616512813,8a1808ee-44ab-4572-b7ac-921a1af98748,1,335,ZFM-04122
sniffing,no_stim,3.449999999999999,818.1993445565518,399.1052278748519,8a1808ee-44ab-4572-b7ac-921a1af98748,1,335,ZFM-04122
sniffing,no_stim,3.549999999999999,829.5243346499818,410.43021796828197,8a1808ee-44ab-4572-b7ac-921a1af98748,1,335,ZFM-04122
sniffing,no_stim,3.649999999999999,813.8438974965685,394.74978081486864,8a1808ee-44ab-4572-b7ac-921a1af98748,1,335,ZFM-04122
sniffing,no_stim,3.749999999999999,785.7996039072398,366.7054872255399,8a1808ee-44ab-4572-b7ac-921a1af98748,1,335,ZFM-04122
sniffing,no_stim,3.8499999999999988,779.1135793348614,360.0194626531615,8a1808ee-44ab-4572-b7ac-921a1af98748,1,335,ZFM-04122
sniffing,no_stim,3.949999999999999,769.2168358176108,350.1227191359109,8a1808ee-44ab-4572-b7ac-921a1af98748,1,335,ZFM-04122
sniffing,stim,-0.45,359.6841981928007,18.423903562870578,c3ac69ad-851a-475c-8ba8-e44e9bd76dcb,1,425,ZFM-04122
sniffing,stim,-0.35000000000000003,324.63429599514416,-16.625998634785958,c3ac69ad-851a-475c-8ba8-e44e9bd76dcb,1,425,ZFM-04122
sniffing,stim,-0.25000000000000006,285.72507233328287,-55.53522229664725,c3ac69ad-851a-475c-8ba8-e44e9bd76dcb,1,425,ZFM-04122
sniffing,stim,-0.15000000000000008,262.7831582891519,-78.4771363407782,c3ac69ad-851a-475c-8ba8-e44e9bd76dcb,1,425,ZFM-04122
sniffing,stim,-0.050000000000000086,473.47474833927083,132.21445370934072,c3ac69ad-851a-475c-8ba8-e44e9bd76dcb,1,425,ZFM-04122
sniffing,stim,0.04999999999999989,751.0850996202493,409.82480499031914,c3ac69ad-851a-475c-8ba8-e44e9bd76dcb,1,425,ZFM-04122
sniffing,stim,0.14999999999999986,879.6830656146102,538.42277098468,c3ac69ad-851a-475c-8ba8-e44e9bd76dcb,1,425,ZFM-04122
sniffing,stim,0.24999999999999983,791.6141230555867,450.35382842565656,c3ac69ad-851a-475c-8ba8-e44e9bd76dcb,1,425,ZFM-04122
sniffing,stim,0.3499999999999998,715.0616168641029,373.8013222341728,c3ac69ad-851a-475c-8ba8-e44e9bd76dcb,1,425,ZFM-04122
sniffing,stim,0.4499999999999998,784.3657140714114,443.1054194414813,c3ac69ad-851a-475c-8ba8-e44e9bd76dcb,1,425,ZFM-04122
sniffing,stim,0.5499999999999998,894.3477888353449,553.0874942054147,c3ac69ad-851a-475c-8ba8-e44e9bd76dcb,1,425,ZFM-04122
sniffing,stim,0.6499999999999998,991.9800445281446,650.7197498982146,c3ac69ad-851a-475c-8ba8-e44e9bd76dcb,1,425,ZFM-04122
sniffing,stim,0.7499999999999998,1054.112583454411,712.8522888244809,c3ac69ad-851a-475c-8ba8-e44e9bd76dcb,1,425,ZFM-04122
sniffing,stim,0.8499999999999998,1093.5321114602734,752.2718168303434,c3ac69ad-851a-475c-8ba8-e44e9bd76dcb,1,425,ZFM-04122
sniffing,stim,0.9499999999999997,1098.4582000549942,757.1979054250642,c3ac69ad-851a-475c-8ba8-e44e9bd76dcb,1,425,ZFM-04122
sniffing,stim,1.0499999999999996,1081.1375998214005,739.8773051914704,c3ac69ad-851a-475c-8ba8-e44e9bd76dcb,1,425,ZFM-04122
sniffing,stim,1.1499999999999997,1074.7998571788878,733.5395625489577,c3ac69ad-851a-475c-8ba8-e44e9bd76dcb,1,425,ZFM-04122
sniffing,stim,1.2499999999999998,1090.3786824087713,749.1183877788412,c3ac69ad-851a-475c-8ba8-e44e9bd76dcb,1,425,ZFM-04122
sniffing,stim,1.3499999999999996,1096.4458595505444,755.1855649206143,c3ac69ad-851a-475c-8ba8-e44e9bd76dcb,1,425,ZFM-04122
sniffing,stim,1.4499999999999995,1064.6160505213327,723.3557558914026,c3ac69ad-851a-475c-8ba8-e44e9bd76dcb,1,425,ZFM-04122
sniffing,stim,1.5499999999999996,1033.363790493268,692.1034958633379,c3ac69ad-851a-475c-8ba8-e44e9bd76dcb,1,425,ZFM-04122
sniffing,stim,1.6499999999999997,1043.9171395044264,702.6568448744963,c3ac69ad-851a-475c-8ba8-e44e9bd76dcb,1,425,ZFM-04122
sniffing,stim,1.7499999999999996,1065.6965834651082,724.4362888351782,c3ac69ad-851a-475c-8ba8-e44e9bd76dcb,1,425,ZFM-04122
sniffing,stim,1.8499999999999994,1041.7777590139885,700.5174643840585,c3ac69ad-851a-475c-8ba8-e44e9bd76dcb,1,425,ZFM-04122
sniffing,stim,1.9499999999999995,985.8003375277281,644.540042897798,c3ac69ad-851a-475c-8ba8-e44e9bd76dcb,1,425,ZFM-04122
sniffing,stim,2.0499999999999994,932.1469636087136,590.8866689787835,c3ac69ad-851a-475c-8ba8-e44e9bd76dcb,1,425,ZFM-04122
sniffing,stim,2.1499999999999995,869.3785054295366,528.1182107996065,c3ac69ad-851a-475c-8ba8-e44e9bd76dcb,1,425,ZFM-04122
sniffing,stim,2.249999999999999,844.418994800491,503.15870017056085,c3ac69ad-851a-475c-8ba8-e44e9bd76dcb,1,425,ZFM-04122
sniffing,stim,2.349999999999999,798.6476716421693,457.38737701223914,c3ac69ad-851a-475c-8ba8-e44e9bd76dcb,1,425,ZFM-04122
sniffing,stim,2.4499999999999993,736.0512539650764,394.7909593351463,c3ac69ad-851a-475c-8ba8-e44e9bd76dcb,1,425,ZFM-04122
sniffing,stim,2.549999999999999,659.2663673216119,318.0060726916818,c3ac69ad-851a-475c-8ba8-e44e9bd76dcb,1,425,ZFM-04122
sniffing,stim,2.649999999999999,578.5171967318269,237.25690210189674,c3ac69ad-851a-475c-8ba8-e44e9bd76dcb,1,425,ZFM-04122
sniffing,stim,2.749999999999999,544.8352550464095,203.57496041647943,c3ac69ad-851a-475c-8ba8-e44e9bd76dcb,1,425,ZFM-04122
sniffing,stim,2.849999999999999,520.1666491966287,178.90635456669855,c3ac69ad-851a-475c-8ba8-e44e9bd76dcb,1,425,ZFM-04122
sniffing,stim,2.9499999999999993,495.10118969910144,153.84089506917132,c3ac69ad-851a-475c-8ba8-e44e9bd76dcb,1,425,ZFM-04122
sniffing,stim,3.049999999999999,460.8097643143928,119.54946968446268,c3ac69ad-851a-475c-8ba8-e44e9bd76dcb,1,425,ZFM-04122
sniffing,stim,3.149999999999999,426.7019857155312,85.44169108560106,c3ac69ad-851a-475c-8ba8-e44e9bd76dcb,1,425,ZFM-04122
sniffing,stim,3.249999999999999,413.9438295098801,72.68353487995,c3ac69ad-851a-475c-8ba8-e44e9bd76dcb,1,425,ZFM-04122
sniffing,stim,3.3499999999999988,415.21697562018664,73.95668099025653,c3ac69ad-851a-475c-8ba8-e44e9bd76dcb,1,425,ZFM-04122
sniffing,stim,3.449999999999999,427.58529548273253,86.32500085280242,c3ac69ad-851a-475c-8ba8-e44e9bd76dcb,1,425,ZFM-04122
sniffing,stim,3.549999999999999,442.75349477626054,101.49320014633042,c3ac69ad-851a-475c-8ba8-e44e9bd76dcb,1,425,ZFM-04122
sniffing,stim,3.649999999999999,464.1971678808217,122.93687325089161,c3ac69ad-851a-475c-8ba8-e44e9bd76dcb,1,425,ZFM-04122
sniffing,stim,3.749999999999999,482.64536634850987,141.38507171857975,c3ac69ad-851a-475c-8ba8-e44e9bd76dcb,1,425,ZFM-04122
sniffing,stim,3.8499999999999988,515.0375852959648,173.77729066603473,c3ac69ad-851a-475c-8ba8-e44e9bd76dcb,1,425,ZFM-04122
sniffing,stim,3.949999999999999,558.2645558551161,217.00426122518599,c3ac69ad-851a-475c-8ba8-e44e9bd76dcb,1,425,ZFM-04122
sniffing,no_stim,-0.45,337.0670902567139,8.660019580197797,c3ac69ad-851a-475c-8ba8-e44e9bd76dcb,1,461,ZFM-04122
sniffing,no_stim,-0.35000000000000003,305.66132936838994,-22.745741308126185,c3ac69ad-851a-475c-8ba8-e44e9bd76dcb,1,461,ZFM-04122
sniffing,no_stim,-0.25000000000000006,272.02920976374986,-56.377860912766266,c3ac69ad-851a-475c-8ba8-e44e9bd76dcb,1,461,ZFM-04122
sniffing,no_stim,-0.15000000000000008,252.541410286515,-75.86566039000112,c3ac69ad-851a-475c-8ba8-e44e9bd76dcb,1,461,ZFM-04122
sniffing,no_stim,-0.050000000000000086,474.7363137072118,146.3292430306957,c3ac69ad-851a-475c-8ba8-e44e9bd76dcb,1,461,ZFM-04122
sniffing,no_stim,0.04999999999999989,738.8285640186764,410.42149334216026,c3ac69ad-851a-475c-8ba8-e44e9bd76dcb,1,461,ZFM-04122
sniffing,no_stim,0.14999999999999986,851.5173739839157,523.1103033073996,c3ac69ad-851a-475c-8ba8-e44e9bd76dcb,1,461,ZFM-04122
sniffing,no_stim,0.24999999999999983,763.2699006646919,434.8628299881758,c3ac69ad-851a-475c-8ba8-e44e9bd76dcb,1,461,ZFM-04122
sniffing,no_stim,0.3499999999999998,713.2453412201455,384.8382705436294,c3ac69ad-851a-475c-8ba8-e44e9bd76dcb,1,461,ZFM-04122
sniffing,no_stim,0.4499999999999998,827.9890826244733,499.5820119479572,c3ac69ad-851a-475c-8ba8-e44e9bd76dcb,1,461,ZFM-04122
sniffing,no_stim,0.5499999999999998,938.158192535814,609.7511218592979,c3ac69ad-851a-475c-8ba8-e44e9bd76dcb,1,461,ZFM-04122
sniffing,no_stim,0.6499999999999998,1010.5794290374554,682.1723583609393,c3ac69ad-851a-475c-8ba8-e44e9bd76dcb,1,461,ZFM-04122
sniffing,no_stim,0.7499999999999998,1053.2322243174328,724.8251536409167,c3ac69ad-851a-475c-8ba8-e44e9bd76dcb,1,461,ZFM-04122
sniffing,no_stim,0.8499999999999998,1102.8811720552112,774.4741013786951,c3ac69ad-851a-475c-8ba8-e44e9bd76dcb,1,461,ZFM-04122
sniffing,no_stim,0.9499999999999997,1119.260258807892,790.8531881313758,c3ac69ad-851a-475c-8ba8-e44e9bd76dcb,1,461,ZFM-04122
sniffing,no_stim,1.0499999999999996,1096.5889852830026,768.1819146064864,c3ac69ad-851a-475c-8ba8-e44e9bd76dcb,1,461,ZFM-04122
sniffing,no_stim,1.1499999999999997,1058.3902357838697,729.9831651073536,c3ac69ad-851a-475c-8ba8-e44e9bd76dcb,1,461,ZFM-04122
sniffing,no_stim,1.2499999999999998,1037.6134413051855,709.2063706286693,c3ac69ad-851a-475c-8ba8-e44e9bd76dcb,1,461,ZFM-04122
sniffing,no_stim,1.3499999999999996,1025.9324487090325,697.5253780325164,c3ac69ad-851a-475c-8ba8-e44e9bd76dcb,1,461,ZFM-04122
sniffing,no_stim,1.4499999999999995,1011.2989917834419,682.8919211069258,c3ac69ad-851a-475c-8ba8-e44e9bd76dcb,1,461,ZFM-04122
sniffing,no_stim,1.5499999999999996,1001.9076887655198,673.5006180890036,c3ac69ad-851a-475c-8ba8-e44e9bd76dcb,1,461,ZFM-04122
sniffing,no_stim,1.6499999999999997,1010.971170168345,682.5640994918289,c3ac69ad-851a-475c-8ba8-e44e9bd76dcb,1,461,ZFM-04122
sniffing,no_stim,1.7499999999999996,1001.1356484074801,672.7285777309639,c3ac69ad-851a-475c-8ba8-e44e9bd76dcb,1,461,ZFM-04122
sniffing,no_stim,1.8499999999999994,946.796483271693,618.3894125951769,c3ac69ad-851a-475c-8ba8-e44e9bd76dcb,1,461,ZFM-04122
sniffing,no_stim,1.9499999999999995,891.2223140204146,562.8152433438985,c3ac69ad-851a-475c-8ba8-e44e9bd76dcb,1,461,ZFM-04122
sniffing,no_stim,2.0499999999999994,845.4559147715344,517.0488440950182,c3ac69ad-851a-475c-8ba8-e44e9bd76dcb,1,461,ZFM-04122
sniffing,no_stim,2.1499999999999995,820.244246736357,491.8371760598409,c3ac69ad-851a-475c-8ba8-e44e9bd76dcb,1,461,ZFM-04122
sniffing,no_stim,2.249999999999999,772.5492056257345,444.1421349492184,c3ac69ad-851a-475c-8ba8-e44e9bd76dcb,1,461,ZFM-04122
sniffing,no_stim,2.349999999999999,711.5406358898728,383.13356521335663,c3ac69ad-851a-475c-8ba8-e44e9bd76dcb,1,461,ZFM-04122
sniffing,no_stim,2.4499999999999993,642.6130082442471,314.205937567731,c3ac69ad-851a-475c-8ba8-e44e9bd76dcb,1,461,ZFM-04122
sniffing,no_stim,2.549999999999999,594.0212217785933,265.61415110207713,c3ac69ad-851a-475c-8ba8-e44e9bd76dcb,1,461,ZFM-04122
sniffing,no_stim,2.649999999999999,559.2346810721818,230.82761039566572,c3ac69ad-851a-475c-8ba8-e44e9bd76dcb,1,461,ZFM-04122
sniffing,no_stim,2.749999999999999,511.2966813127312,182.88961063621508,c3ac69ad-851a-475c-8ba8-e44e9bd76dcb,1,461,ZFM-04122
sniffing,no_stim,2.849999999999999,467.62855231622126,139.22148163970513,c3ac69ad-851a-475c-8ba8-e44e9bd76dcb,1,461,ZFM-04122
sniffing,no_stim,2.9499999999999993,438.7972401883246,110.3901695118085,c3ac69ad-851a-475c-8ba8-e44e9bd76dcb,1,461,ZFM-04122
sniffing,no_stim,3.049999999999999,417.63885790885297,89.23178723233684,c3ac69ad-851a-475c-8ba8-e44e9bd76dcb,1,461,ZFM-04122
sniffing,no_stim,3.149999999999999,408.1829828798942,79.77591220337808,c3ac69ad-851a-475c-8ba8-e44e9bd76dcb,1,461,ZFM-04122
sniffing,no_stim,3.249999999999999,413.85744685487373,85.4503761783576,c3ac69ad-851a-475c-8ba8-e44e9bd76dcb,1,461,ZFM-04122
sniffing,no_stim,3.3499999999999988,436.7883177026481,108.38124702613197,c3ac69ad-851a-475c-8ba8-e44e9bd76dcb,1,461,ZFM-04122
sniffing,no_stim,3.449999999999999,472.26588657848805,143.85881590197192,c3ac69ad-851a-475c-8ba8-e44e9bd76dcb,1,461,ZFM-04122
sniffing,no_stim,3.549999999999999,493.18484164268466,164.77777096616853,c3ac69ad-851a-475c-8ba8-e44e9bd76dcb,1,461,ZFM-04122
sniffing,no_stim,3.649999999999999,503.9833844906204,175.57631381410425,c3ac69ad-851a-475c-8ba8-e44e9bd76dcb,1,461,ZFM-04122
sniffing,no_stim,3.749999999999999,518.1651557543058,189.7580850777897,c3ac69ad-851a-475c-8ba8-e44e9bd76dcb,1,461,ZFM-04122
sniffing,no_stim,3.8499999999999988,550.9054557347608,222.4983850582447,c3ac69ad-851a-475c-8ba8-e44e9bd76dcb,1,461,ZFM-04122
sniffing,no_stim,3.949999999999999,601.2287325778283,272.82166190131215,c3ac69ad-851a-475c-8ba8-e44e9bd76dcb,1,461,ZFM-04122
sniffing,stim,-0.45,738.8568441316024,63.47812775448176,30e67309-433b-4839-88ad-2bef7b33d39e,1,166,ZFM-04122
sniffing,stim,-0.35000000000000003,625.4867188203893,-49.891997556731326,30e67309-433b-4839-88ad-2bef7b33d39e,1,166,ZFM-04122
sniffing,stim,-0.25000000000000006,559.2318843542942,-116.14683202282652,30e67309-433b-4839-88ad-2bef7b33d39e,1,166,ZFM-04122
sniffing,stim,-0.15000000000000008,529.8629897779934,-145.51572659912722,30e67309-433b-4839-88ad-2bef7b33d39e,1,166,ZFM-04122
sniffing,stim,-0.050000000000000086,923.4551448013242,248.07642842420353,30e67309-433b-4839-88ad-2bef7b33d39e,1,166,ZFM-04122
sniffing,stim,0.04999999999999989,1320.5686472318523,645.1899308547316,30e67309-433b-4839-88ad-2bef7b33d39e,1,166,ZFM-04122
sniffing,stim,0.14999999999999986,1415.409618954739,740.0309025776183,30e67309-433b-4839-88ad-2bef7b33d39e,1,166,ZFM-04122
sniffing,stim,0.24999999999999983,1169.4518565280202,494.0731401508996,30e67309-433b-4839-88ad-2bef7b33d39e,1,166,ZFM-04122
sniffing,stim,0.3499999999999998,978.7297458605908,303.35102948347014,30e67309-433b-4839-88ad-2bef7b33d39e,1,166,ZFM-04122
sniffing,stim,0.4499999999999998,1128.9032068510523,453.5244904739317,30e67309-433b-4839-88ad-2bef7b33d39e,1,166,ZFM-04122
sniffing,stim,0.5499999999999998,1243.0816127647774,567.7028963876568,30e67309-433b-4839-88ad-2bef7b33d39e,1,166,ZFM-04122
sniffing,stim,0.6499999999999998,1338.093962138059,662.7152457609383,30e67309-433b-4839-88ad-2bef7b33d39e,1,166,ZFM-04122
sniffing,stim,0.7499999999999998,1404.402208696062,729.0234923189413,30e67309-433b-4839-88ad-2bef7b33d39e,1,166,ZFM-04122
sniffing,stim,0.8499999999999998,1432.8620971138841,757.4833807367635,30e67309-433b-4839-88ad-2bef7b33d39e,1,166,ZFM-04122
sniffing,stim,0.9499999999999997,1442.8933385314854,767.5146221543647,30e67309-433b-4839-88ad-2bef7b33d39e,1,166,ZFM-04122
sniffing,stim,1.0499999999999996,1479.367973195204,803.9892568180834,30e67309-433b-4839-88ad-2bef7b33d39e,1,166,ZFM-04122
sniffing,stim,1.1499999999999997,1574.027042561735,898.6483261846143,30e67309-433b-4839-88ad-2bef7b33d39e,1,166,ZFM-04122
sniffing,stim,1.2499999999999998,1575.5104511120842,900.1317347349635,30e67309-433b-4839-88ad-2bef7b33d39e,1,166,ZFM-04122
sniffing,stim,1.3499999999999996,1535.6197368838039,860.2410205066832,30e67309-433b-4839-88ad-2bef7b33d39e,1,166,ZFM-04122
sniffing,stim,1.4499999999999995,1524.3804484285863,849.0017320514656,30e67309-433b-4839-88ad-2bef7b33d39e,1,166,ZFM-04122
sniffing,stim,1.5499999999999996,1547.3254233922255,871.9467070151048,30e67309-433b-4839-88ad-2bef7b33d39e,1,166,ZFM-04122
sniffing,stim,1.6499999999999997,1523.2249242245127,847.8462078473921,30e67309-433b-4839-88ad-2bef7b33d39e,1,166,ZFM-04122
sniffing,stim,1.7499999999999996,1422.0203976780701,746.6416813009495,30e67309-433b-4839-88ad-2bef7b33d39e,1,166,ZFM-04122
sniffing,stim,1.8499999999999994,1362.4605556352358,687.0818392581151,30e67309-433b-4839-88ad-2bef7b33d39e,1,166,ZFM-04122
sniffing,stim,1.9499999999999995,1344.9174030726567,669.5386866955361,30e67309-433b-4839-88ad-2bef7b33d39e,1,166,ZFM-04122
sniffing,stim,2.0499999999999994,1331.6676676326879,656.2889512555672,30e67309-433b-4839-88ad-2bef7b33d39e,1,166,ZFM-04122
sniffing,stim,2.1499999999999995,1254.7749707352173,579.3962543580966,30e67309-433b-4839-88ad-2bef7b33d39e,1,166,ZFM-04122
sniffing,stim,2.249999999999999,1151.5603193520733,476.1816029749526,30e67309-433b-4839-88ad-2bef7b33d39e,1,166,ZFM-04122
sniffing,stim,2.349999999999999,1101.0575465993372,425.67883022221656,30e67309-433b-4839-88ad-2bef7b33d39e,1,166,ZFM-04122
sniffing,stim,2.4499999999999993,1089.8532170121232,414.4745006350025,30e67309-433b-4839-88ad-2bef7b33d39e,1,166,ZFM-04122
sniffing,stim,2.549999999999999,1129.6536981480674,454.27498177094674,30e67309-433b-4839-88ad-2bef7b33d39e,1,166,ZFM-04122
sniffing,stim,2.649999999999999,1133.204615239793,457.82589886267226,30e67309-433b-4839-88ad-2bef7b33d39e,1,166,ZFM-04122
sniffing,stim,2.749999999999999,1087.5011020742072,412.12238569708654,30e67309-433b-4839-88ad-2bef7b33d39e,1,166,ZFM-04122
sniffing,stim,2.849999999999999,1018.2791716154015,342.90045523828087,30e67309-433b-4839-88ad-2bef7b33d39e,1,166,ZFM-04122
sniffing,stim,2.9499999999999993,975.4561797994842,300.0774634223635,30e67309-433b-4839-88ad-2bef7b33d39e,1,166,ZFM-04122
sniffing,stim,3.049999999999999,946.1349071859039,270.75619080878323,30e67309-433b-4839-88ad-2bef7b33d39e,1,166,ZFM-04122
sniffing,stim,3.149999999999999,946.1265917200835,270.74787534296286,30e67309-433b-4839-88ad-2bef7b33d39e,1,166,ZFM-04122
sniffing,stim,3.249999999999999,953.7259688317914,278.34725245467075,30e67309-433b-4839-88ad-2bef7b33d39e,1,166,ZFM-04122
sniffing,stim,3.3499999999999988,933.382225027642,258.0035086505213,30e67309-433b-4839-88ad-2bef7b33d39e,1,166,ZFM-04122
sniffing,stim,3.449999999999999,872.6480974549667,197.269381077846,30e67309-433b-4839-88ad-2bef7b33d39e,1,166,ZFM-04122
sniffing,stim,3.549999999999999,859.9859590708214,184.60724269370075,30e67309-433b-4839-88ad-2bef7b33d39e,1,166,ZFM-04122
sniffing,stim,3.649999999999999,903.1244968068492,227.74578042972848,30e67309-433b-4839-88ad-2bef7b33d39e,1,166,ZFM-04122
sniffing,stim,3.749999999999999,926.8660267363196,251.4873103591989,30e67309-433b-4839-88ad-2bef7b33d39e,1,166,ZFM-04122
sniffing,stim,3.8499999999999988,927.0337497953833,251.65503341826263,30e67309-433b-4839-88ad-2bef7b33d39e,1,166,ZFM-04122
sniffing,stim,3.949999999999999,945.2575839649295,269.8788675878088,30e67309-433b-4839-88ad-2bef7b33d39e,1,166,ZFM-04122
sniffing,no_stim,-0.45,759.2937121752749,-13.344449858988241,30e67309-433b-4839-88ad-2bef7b33d39e,1,152,ZFM-04122
sniffing,no_stim,-0.35000000000000003,736.1200824787111,-36.51807955555205,30e67309-433b-4839-88ad-2bef7b33d39e,1,152,ZFM-04122
sniffing,no_stim,-0.25000000000000006,721.6558227062296,-50.982339328033504,30e67309-433b-4839-88ad-2bef7b33d39e,1,152,ZFM-04122
sniffing,no_stim,-0.15000000000000008,650.2212117097603,-122.41695032450286,30e67309-433b-4839-88ad-2bef7b33d39e,1,152,ZFM-04122
sniffing,no_stim,-0.050000000000000086,995.8999811013401,223.261819067077,30e67309-433b-4839-88ad-2bef7b33d39e,1,152,ZFM-04122
sniffing,no_stim,0.04999999999999989,1402.1645221482129,629.5263601139497,30e67309-433b-4839-88ad-2bef7b33d39e,1,152,ZFM-04122
sniffing,no_stim,0.14999999999999986,1558.8473412021633,786.2091791679002,30e67309-433b-4839-88ad-2bef7b33d39e,1,152,ZFM-04122
sniffing,no_stim,0.24999999999999983,1322.216850795763,549.5786887615,30e67309-433b-4839-88ad-2bef7b33d39e,1,152,ZFM-04122
sniffing,no_stim,0.3499999999999998,1160.187277043169,387.5491150089058,30e67309-433b-4839-88ad-2bef7b33d39e,1,152,ZFM-04122
sniffing,no_stim,0.4499999999999998,1288.3758572297281,515.737695195465,30e67309-433b-4839-88ad-2bef7b33d39e,1,152,ZFM-04122
sniffing,no_stim,0.5499999999999998,1372.1452648438424,599.5071028095792,30e67309-433b-4839-88ad-2bef7b33d39e,1,152,ZFM-04122
sniffing,no_stim,0.6499999999999998,1381.9018880990395,609.2637260647764,30e67309-433b-4839-88ad-2bef7b33d39e,1,152,ZFM-04122
sniffing,no_stim,0.7499999999999998,1384.2360854760707,611.5979234418076,30e67309-433b-4839-88ad-2bef7b33d39e,1,152,ZFM-04122
sniffing,no_stim,0.8499999999999998,1484.0293436300121,711.391181595749,30e67309-433b-4839-88ad-2bef7b33d39e,1,152,ZFM-04122
sniffing,no_stim,0.9499999999999997,1510.0679414019214,737.4297793676583,30e67309-433b-4839-88ad-2bef7b33d39e,1,152,ZFM-04122
sniffing,no_stim,1.0499999999999996,1539.7941730665034,767.1560110322403,30e67309-433b-4839-88ad-2bef7b33d39e,1,152,ZFM-04122
sniffing,no_stim,1.1499999999999997,1520.0193170714572,747.381155037194,30e67309-433b-4839-88ad-2bef7b33d39e,1,152,ZFM-04122
sniffing,no_stim,1.2499999999999998,1479.326156951997,706.6879949177339,30e67309-433b-4839-88ad-2bef7b33d39e,1,152,ZFM-04122
sniffing,no_stim,1.3499999999999996,1355.1428960481694,582.5047340139063,30e67309-433b-4839-88ad-2bef7b33d39e,1,152,ZFM-04122
sniffing,no_stim,1.4499999999999995,1287.3480093825465,514.7098473482833,30e67309-433b-4839-88ad-2bef7b33d39e,1,152,ZFM-04122
sniffing,no_stim,1.5499999999999996,1288.6467943978282,516.0086323635651,30e67309-433b-4839-88ad-2bef7b33d39e,1,152,ZFM-04122
sniffing,no_stim,1.6499999999999997,1352.6414364530167,580.0032744187536,30e67309-433b-4839-88ad-2bef7b33d39e,1,152,ZFM-04122
sniffing,no_stim,1.7499999999999996,1331.8757757836302,559.237613749367,30e67309-433b-4839-88ad-2bef7b33d39e,1,152,ZFM-04122
sniffing,no_stim,1.8499999999999994,1247.4272849789606,474.7891229446975,30e67309-433b-4839-88ad-2bef7b33d39e,1,152,ZFM-04122
sniffing,no_stim,1.9499999999999995,1122.2858722197489,349.6477101854857,30e67309-433b-4839-88ad-2bef7b33d39e,1,152,ZFM-04122
sniffing,no_stim,2.0499999999999994,1097.6977715606026,325.0596095263395,30e67309-433b-4839-88ad-2bef7b33d39e,1,152,ZFM-04122
sniffing,no_stim,2.1499999999999995,1131.2039066500477,358.5657446157845,30e67309-433b-4839-88ad-2bef7b33d39e,1,152,ZFM-04122
sniffing,no_stim,2.249999999999999,1117.140328395924,344.5021663616608,30e67309-433b-4839-88ad-2bef7b33d39e,1,152,ZFM-04122
sniffing,no_stim,2.349999999999999,1072.612737791356,299.9745757570929,30e67309-433b-4839-88ad-2bef7b33d39e,1,152,ZFM-04122
sniffing,no_stim,2.4499999999999993,1015.0677843332496,242.4296222989865,30e67309-433b-4839-88ad-2bef7b33d39e,1,152,ZFM-04122
sniffing,no_stim,2.549999999999999,991.5739366407372,218.93577460647407,30e67309-433b-4839-88ad-2bef7b33d39e,1,152,ZFM-04122
sniffing,no_stim,2.649999999999999,943.6432098259329,171.00504779166977,30e67309-433b-4839-88ad-2bef7b33d39e,1,152,ZFM-04122
sniffing,no_stim,2.749999999999999,898.3135386255735,125.6753765913104,30e67309-433b-4839-88ad-2bef7b33d39e,1,152,ZFM-04122
sniffing,no_stim,2.849999999999999,919.9263423960446,147.28818036178143,30e67309-433b-4839-88ad-2bef7b33d39e,1,152,ZFM-04122
sniffing,no_stim,2.9499999999999993,935.2149994376599,162.57683740339678,30e67309-433b-4839-88ad-2bef7b33d39e,1,152,ZFM-04122
sniffing,no_stim,3.049999999999999,916.1501019250682,143.51193989080502,30e67309-433b-4839-88ad-2bef7b33d39e,1,152,ZFM-04122
sniffing,no_stim,3.149999999999999,939.2055475423509,166.5673855080878,30e67309-433b-4839-88ad-2bef7b33d39e,1,152,ZFM-04122
sniffing,no_stim,3.249999999999999,981.4532409101228,208.81507887585963,30e67309-433b-4839-88ad-2bef7b33d39e,1,152,ZFM-04122
sniffing,no_stim,3.3499999999999988,1002.4078819023665,229.76971986810338,30e67309-433b-4839-88ad-2bef7b33d39e,1,152,ZFM-04122
sniffing,no_stim,3.449999999999999,970.7246528731546,198.08649083889145,30e67309-433b-4839-88ad-2bef7b33d39e,1,152,ZFM-04122
sniffing,no_stim,3.549999999999999,940.4344964629524,167.7963344286893,30e67309-433b-4839-88ad-2bef7b33d39e,1,152,ZFM-04122
sniffing,no_stim,3.649999999999999,951.4540854651224,178.81592343085924,30e67309-433b-4839-88ad-2bef7b33d39e,1,152,ZFM-04122
sniffing,no_stim,3.749999999999999,958.2708964042527,185.63273436998952,30e67309-433b-4839-88ad-2bef7b33d39e,1,152,ZFM-04122
sniffing,no_stim,3.8499999999999988,947.4633025742407,174.8251405399776,30e67309-433b-4839-88ad-2bef7b33d39e,1,152,ZFM-04122
sniffing,no_stim,3.949999999999999,995.2576666546892,222.61950462042603,30e67309-433b-4839-88ad-2bef7b33d39e,1,152,ZFM-04122
sniffing,stim,-0.45,986.6009602592725,-205.51921046718383,91cb57bf-bf33-4fa4-9880-7c03da910ac2,0,37,ZFM-03324
sniffing,stim,-0.35000000000000003,1040.5132323351309,-151.60693839132546,91cb57bf-bf33-4fa4-9880-7c03da910ac2,0,37,ZFM-03324
sniffing,stim,-0.25000000000000006,1190.3463805793617,-1.7737901470945872,91cb57bf-bf33-4fa4-9880-7c03da910ac2,0,37,ZFM-03324
sniffing,stim,-0.15000000000000008,1238.1291288811547,46.00895815469835,91cb57bf-bf33-4fa4-9880-7c03da910ac2,0,37,ZFM-03324
sniffing,stim,-0.050000000000000086,1505.0111515773617,312.8909808509054,91cb57bf-bf33-4fa4-9880-7c03da910ac2,0,37,ZFM-03324
sniffing,stim,0.04999999999999989,1988.7658574528614,796.6456867264051,91cb57bf-bf33-4fa4-9880-7c03da910ac2,0,37,ZFM-03324
sniffing,stim,0.14999999999999986,2360.1789611542517,1168.0587904277954,91cb57bf-bf33-4fa4-9880-7c03da910ac2,0,37,ZFM-03324
sniffing,stim,0.24999999999999983,2339.496939341454,1147.3767686149977,91cb57bf-bf33-4fa4-9880-7c03da910ac2,0,37,ZFM-03324
sniffing,stim,0.3499999999999998,1997.4655436923865,805.3453729659302,91cb57bf-bf33-4fa4-9880-7c03da910ac2,0,37,ZFM-03324
sniffing,stim,0.4499999999999998,1823.3508515630556,631.2306808365993,91cb57bf-bf33-4fa4-9880-7c03da910ac2,0,37,ZFM-03324
sniffing,stim,0.5499999999999998,1619.2666539067206,427.14648318026434,91cb57bf-bf33-4fa4-9880-7c03da910ac2,0,37,ZFM-03324
sniffing,stim,0.6499999999999998,1545.8349288536886,353.71475812723224,91cb57bf-bf33-4fa4-9880-7c03da910ac2,0,37,ZFM-03324
sniffing,stim,0.7499999999999998,1519.4935093855938,327.3733386591375,91cb57bf-bf33-4fa4-9880-7c03da910ac2,0,37,ZFM-03324
sniffing,stim,0.8499999999999998,1585.0069162068153,392.88674548035897,91cb57bf-bf33-4fa4-9880-7c03da910ac2,0,37,ZFM-03324
sniffing,stim,0.9499999999999997,1515.155756062194,323.0355853357378,91cb57bf-bf33-4fa4-9880-7c03da910ac2,0,37,ZFM-03324
sniffing,stim,1.0499999999999996,1335.5156121751784,143.39544144872207,91cb57bf-bf33-4fa4-9880-7c03da910ac2,0,37,ZFM-03324
sniffing,stim,1.1499999999999997,1221.1500332482074,29.029862521751056,91cb57bf-bf33-4fa4-9880-7c03da910ac2,0,37,ZFM-03324
sniffing,stim,1.2499999999999998,1246.2920032477823,54.171832521325996,91cb57bf-bf33-4fa4-9880-7c03da910ac2,0,37,ZFM-03324
sniffing,stim,1.3499999999999996,1237.5279127364292,45.407742009972935,91cb57bf-bf33-4fa4-9880-7c03da910ac2,0,37,ZFM-03324
sniffing,stim,1.4499999999999995,1315.4263496917458,123.30617896528952,91cb57bf-bf33-4fa4-9880-7c03da910ac2,0,37,ZFM-03324
sniffing,stim,1.5499999999999996,1262.8306492098836,70.71047848342732,91cb57bf-bf33-4fa4-9880-7c03da910ac2,0,37,ZFM-03324
sniffing,stim,1.6499999999999997,1270.7661002943385,78.64592956788215,91cb57bf-bf33-4fa4-9880-7c03da910ac2,0,37,ZFM-03324
sniffing,stim,1.7499999999999996,1311.4628380689726,119.34266734251628,91cb57bf-bf33-4fa4-9880-7c03da910ac2,0,37,ZFM-03324
sniffing,stim,1.8499999999999994,1374.6916432548185,182.57147252836216,91cb57bf-bf33-4fa4-9880-7c03da910ac2,0,37,ZFM-03324
sniffing,stim,1.9499999999999995,1417.178036510966,225.05786578450966,91cb57bf-bf33-4fa4-9880-7c03da910ac2,0,37,ZFM-03324
sniffing,stim,2.0499999999999994,1440.2309793531147,248.11080862665835,91cb57bf-bf33-4fa4-9880-7c03da910ac2,0,37,ZFM-03324
sniffing,stim,2.1499999999999995,1355.0535594043406,162.9333886778843,91cb57bf-bf33-4fa4-9880-7c03da910ac2,0,37,ZFM-03324
sniffing,stim,2.249999999999999,1322.719676152469,130.59950542601268,91cb57bf-bf33-4fa4-9880-7c03da910ac2,0,37,ZFM-03324
sniffing,stim,2.349999999999999,1285.3231689023632,93.20299817590694,91cb57bf-bf33-4fa4-9880-7c03da910ac2,0,37,ZFM-03324
sniffing,stim,2.4499999999999993,1223.3365307776319,31.21636005117557,91cb57bf-bf33-4fa4-9880-7c03da910ac2,0,37,ZFM-03324
sniffing,stim,2.549999999999999,1224.7612281175097,32.64105739105344,91cb57bf-bf33-4fa4-9880-7c03da910ac2,0,37,ZFM-03324
sniffing,stim,2.649999999999999,1339.066403650173,146.9462329237167,91cb57bf-bf33-4fa4-9880-7c03da910ac2,0,37,ZFM-03324
sniffing,stim,2.749999999999999,1447.2286422786092,255.10847155215288,91cb57bf-bf33-4fa4-9880-7c03da910ac2,0,37,ZFM-03324
sniffing,stim,2.849999999999999,1459.2465660206526,267.1263952941963,91cb57bf-bf33-4fa4-9880-7c03da910ac2,0,37,ZFM-03324
sniffing,stim,2.9499999999999993,1350.988998461719,158.86882773526258,91cb57bf-bf33-4fa4-9880-7c03da910ac2,0,37,ZFM-03324
sniffing,stim,3.049999999999999,1300.497989866593,108.37781914013658,91cb57bf-bf33-4fa4-9880-7c03da910ac2,0,37,ZFM-03324
sniffing,stim,3.149999999999999,1255.9324787775063,63.81230805104997,91cb57bf-bf33-4fa4-9880-7c03da910ac2,0,37,ZFM-03324
sniffing,stim,3.249999999999999,1253.7372607486639,61.61709002220755,91cb57bf-bf33-4fa4-9880-7c03da910ac2,0,37,ZFM-03324
sniffing,stim,3.3499999999999988,1252.0634407123266,59.9432699858703,91cb57bf-bf33-4fa4-9880-7c03da910ac2,0,37,ZFM-03324
sniffing,stim,3.449999999999999,1241.1145001411535,48.99432941469718,91cb57bf-bf33-4fa4-9880-7c03da910ac2,0,37,ZFM-03324
sniffing,stim,3.549999999999999,1267.010898183526,74.89072745706972,91cb57bf-bf33-4fa4-9880-7c03da910ac2,0,37,ZFM-03324
sniffing,stim,3.649999999999999,1317.3656521324333,125.24548140597699,91cb57bf-bf33-4fa4-9880-7c03da910ac2,0,37,ZFM-03324
sniffing,stim,3.749999999999999,1408.732669855924,216.61249912946778,91cb57bf-bf33-4fa4-9880-7c03da910ac2,0,37,ZFM-03324
sniffing,stim,3.8499999999999988,1327.8959898857613,135.775819159305,91cb57bf-bf33-4fa4-9880-7c03da910ac2,0,37,ZFM-03324
sniffing,stim,3.949999999999999,1183.0553368303924,-9.064833896063874,91cb57bf-bf33-4fa4-9880-7c03da910ac2,0,37,ZFM-03324
sniffing,no_stim,-0.45,1600.8525279728901,298.6876051081979,91cb57bf-bf33-4fa4-9880-7c03da910ac2,0,35,ZFM-03324
sniffing,no_stim,-0.35000000000000003,1501.2917554945852,199.126832629893,91cb57bf-bf33-4fa4-9880-7c03da910ac2,0,35,ZFM-03324
sniffing,no_stim,-0.25000000000000006,1228.0702295267374,-74.09469333795482,91cb57bf-bf33-4fa4-9880-7c03da910ac2,0,35,ZFM-03324
sniffing,no_stim,-0.15000000000000008,1103.9297653158653,-198.23515754882692,91cb57bf-bf33-4fa4-9880-7c03da910ac2,0,35,ZFM-03324
sniffing,no_stim,-0.050000000000000086,1076.6803360133829,-225.48458685130936,91cb57bf-bf33-4fa4-9880-7c03da910ac2,0,35,ZFM-03324
sniffing,no_stim,0.04999999999999989,1366.8802348067768,64.71531194208455,91cb57bf-bf33-4fa4-9880-7c03da910ac2,0,35,ZFM-03324
sniffing,no_stim,0.14999999999999986,1705.7794232718586,403.61450040716636,91cb57bf-bf33-4fa4-9880-7c03da910ac2,0,35,ZFM-03324
sniffing,no_stim,0.24999999999999983,1781.2376931929493,479.0727703282571,91cb57bf-bf33-4fa4-9880-7c03da910ac2,0,35,ZFM-03324
sniffing,no_stim,0.3499999999999998,1649.4499441816688,347.28502131697655,91cb57bf-bf33-4fa4-9880-7c03da910ac2,0,35,ZFM-03324
sniffing,no_stim,0.4499999999999998,1371.4336472391483,69.26872437445604,91cb57bf-bf33-4fa4-9880-7c03da910ac2,0,35,ZFM-03324
sniffing,no_stim,0.5499999999999998,1162.4656516882449,-139.69927117644738,91cb57bf-bf33-4fa4-9880-7c03da910ac2,0,35,ZFM-03324
sniffing,no_stim,0.6499999999999998,1045.3913354839412,-256.773587380751,91cb57bf-bf33-4fa4-9880-7c03da910ac2,0,35,ZFM-03324
sniffing,no_stim,0.7499999999999998,950.6361735235021,-351.5287493411902,91cb57bf-bf33-4fa4-9880-7c03da910ac2,0,35,ZFM-03324
sniffing,no_stim,0.8499999999999998,909.851452052118,-392.3134708125742,91cb57bf-bf33-4fa4-9880-7c03da910ac2,0,35,ZFM-03324
sniffing,no_stim,0.9499999999999997,973.6330033863229,-328.53191947836933,91cb57bf-bf33-4fa4-9880-7c03da910ac2,0,35,ZFM-03324
sniffing,no_stim,1.0499999999999996,1013.6693854926915,-288.49553737200074,91cb57bf-bf33-4fa4-9880-7c03da910ac2,0,35,ZFM-03324
sniffing,no_stim,1.1499999999999997,1008.0625918162502,-294.102331048442,91cb57bf-bf33-4fa4-9880-7c03da910ac2,0,35,ZFM-03324
sniffing,no_stim,1.2499999999999998,903.9167919933651,-398.24813087132713,91cb57bf-bf33-4fa4-9880-7c03da910ac2,0,35,ZFM-03324
sniffing,no_stim,1.3499999999999996,850.9359774684222,-451.2289453962701,91cb57bf-bf33-4fa4-9880-7c03da910ac2,0,35,ZFM-03324
sniffing,no_stim,1.4499999999999995,777.7821780309474,-524.3827448337448,91cb57bf-bf33-4fa4-9880-7c03da910ac2,0,35,ZFM-03324
sniffing,no_stim,1.5499999999999996,658.048580889956,-644.1163419747362,91cb57bf-bf33-4fa4-9880-7c03da910ac2,0,35,ZFM-03324
sniffing,no_stim,1.6499999999999997,506.36098502711747,-795.8039378375747,91cb57bf-bf33-4fa4-9880-7c03da910ac2,0,35,ZFM-03324
sniffing,no_stim,1.7499999999999996,456.527285731235,-845.6376371334572,91cb57bf-bf33-4fa4-9880-7c03da910ac2,0,35,ZFM-03324
sniffing,no_stim,1.8499999999999994,505.40720631789344,-796.7577165467987,91cb57bf-bf33-4fa4-9880-7c03da910ac2,0,35,ZFM-03324
sniffing,no_stim,1.9499999999999995,598.9904622468167,-703.1744606178755,91cb57bf-bf33-4fa4-9880-7c03da910ac2,0,35,ZFM-03324
sniffing,no_stim,2.0499999999999994,612.01799247944,-690.1469303852523,91cb57bf-bf33-4fa4-9880-7c03da910ac2,0,35,ZFM-03324
sniffing,no_stim,2.1499999999999995,684.2894673404943,-617.875455524198,91cb57bf-bf33-4fa4-9880-7c03da910ac2,0,35,ZFM-03324
sniffing,no_stim,2.249999999999999,791.0818388629002,-511.08308400179203,91cb57bf-bf33-4fa4-9880-7c03da910ac2,0,35,ZFM-03324
sniffing,no_stim,2.349999999999999,789.6015421173478,-512.5633807473445,91cb57bf-bf33-4fa4-9880-7c03da910ac2,0,35,ZFM-03324
sniffing,no_stim,2.4499999999999993,702.0459270654954,-600.1189957991968,91cb57bf-bf33-4fa4-9880-7c03da910ac2,0,35,ZFM-03324
sniffing,no_stim,2.549999999999999,581.7152614486536,-720.4496614160387,91cb57bf-bf33-4fa4-9880-7c03da910ac2,0,35,ZFM-03324
sniffing,no_stim,2.649999999999999,611.0166102608716,-691.1483126038206,91cb57bf-bf33-4fa4-9880-7c03da910ac2,0,35,ZFM-03324
sniffing,no_stim,2.749999999999999,708.3773139831204,-593.7876088815718,91cb57bf-bf33-4fa4-9880-7c03da910ac2,0,35,ZFM-03324
sniffing,no_stim,2.849999999999999,806.6665752184471,-495.4983476462452,91cb57bf-bf33-4fa4-9880-7c03da910ac2,0,35,ZFM-03324
sniffing,no_stim,2.9499999999999993,756.1863038401106,-545.9786190245817,91cb57bf-bf33-4fa4-9880-7c03da910ac2,0,35,ZFM-03324
sniffing,no_stim,3.049999999999999,640.6468917929776,-661.5180310717146,91cb57bf-bf33-4fa4-9880-7c03da910ac2,0,35,ZFM-03324
sniffing,no_stim,3.149999999999999,584.01208051672,-718.1528423479723,91cb57bf-bf33-4fa4-9880-7c03da910ac2,0,35,ZFM-03324
sniffing,no_stim,3.249999999999999,599.7127346780912,-702.452188186601,91cb57bf-bf33-4fa4-9880-7c03da910ac2,0,35,ZFM-03324
sniffing,no_stim,3.3499999999999988,594.9899568499259,-707.1749660147664,91cb57bf-bf33-4fa4-9880-7c03da910ac2,0,35,ZFM-03324
sniffing,no_stim,3.449999999999999,585.4425463092077,-716.7223765554845,91cb57bf-bf33-4fa4-9880-7c03da910ac2,0,35,ZFM-03324
sniffing,no_stim,3.549999999999999,661.2779417940216,-640.8869810706707,91cb57bf-bf33-4fa4-9880-7c03da910ac2,0,35,ZFM-03324
sniffing,no_stim,3.649999999999999,718.6831339449797,-583.4817889197126,91cb57bf-bf33-4fa4-9880-7c03da910ac2,0,35,ZFM-03324
sniffing,no_stim,3.749999999999999,812.5058345155265,-489.6590883491657,91cb57bf-bf33-4fa4-9880-7c03da910ac2,0,35,ZFM-03324
sniffing,no_stim,3.8499999999999988,836.8680165972186,-465.2969062674737,91cb57bf-bf33-4fa4-9880-7c03da910ac2,0,35,ZFM-03324
sniffing,no_stim,3.949999999999999,819.565188877136,-482.5997339875562,91cb57bf-bf33-4fa4-9880-7c03da910ac2,0,35,ZFM-03324
sniffing,stim,-0.45,1125.986791321209,175.11263800856955,c5eff7e4-71ad-4983-96ac-a7e5affaadbb,0,39,ZFM-03324
sniffing,stim,-0.35000000000000003,861.5621102456635,-89.312043066976,c5eff7e4-71ad-4983-96ac-a7e5affaadbb,0,39,ZFM-03324
sniffing,stim,-0.25000000000000006,943.2188248622575,-7.655328450381944,c5eff7e4-71ad-4983-96ac-a7e5affaadbb,0,39,ZFM-03324
sniffing,stim,-0.15000000000000008,880.7339059617799,-70.14024735085957,c5eff7e4-71ad-4983-96ac-a7e5affaadbb,0,39,ZFM-03324
sniffing,stim,-0.050000000000000086,942.8691341722875,-8.00501914035192,c5eff7e4-71ad-4983-96ac-a7e5affaadbb,0,39,ZFM-03324
sniffing,stim,0.04999999999999989,1214.3015577930237,263.4274044803842,c5eff7e4-71ad-4983-96ac-a7e5affaadbb,0,39,ZFM-03324
sniffing,stim,0.14999999999999986,1696.339922093908,745.4657687812685,c5eff7e4-71ad-4983-96ac-a7e5affaadbb,0,39,ZFM-03324
sniffing,stim,0.24999999999999983,1952.0299065480713,1001.1557532354318,c5eff7e4-71ad-4983-96ac-a7e5affaadbb,0,39,ZFM-03324
sniffing,stim,0.3499999999999998,1753.0386601530727,802.1645068404332,c5eff7e4-71ad-4983-96ac-a7e5affaadbb,0,39,ZFM-03324
sniffing,stim,0.4499999999999998,1420.8770632300761,470.0029099174367,c5eff7e4-71ad-4983-96ac-a7e5affaadbb,0,39,ZFM-03324
sniffing,stim,0.5499999999999998,1121.0699036266,170.19575031396062,c5eff7e4-71ad-4983-96ac-a7e5affaadbb,0,39,ZFM-03324
sniffing,stim,0.6499999999999998,1095.591173516417,144.71702020377757,c5eff7e4-71ad-4983-96ac-a7e5affaadbb,0,39,ZFM-03324
sniffing,stim,0.7499999999999998,1194.0907910556023,243.2166377429628,c5eff7e4-71ad-4983-96ac-a7e5affaadbb,0,39,ZFM-03324
sniffing,stim,0.8499999999999998,1344.442914289475,393.5687609768356,c5eff7e4-71ad-4983-96ac-a7e5affaadbb,0,39,ZFM-03324
sniffing,stim,0.9499999999999997,1393.2454576531004,442.37130434046094,c5eff7e4-71ad-4983-96ac-a7e5affaadbb,0,39,ZFM-03324
sniffing,stim,1.0499999999999996,1218.2450187598185,267.3708654471791,c5eff7e4-71ad-4983-96ac-a7e5affaadbb,0,39,ZFM-03324
sniffing,stim,1.1499999999999997,1043.3312057560188,92.45705244337933,c5eff7e4-71ad-4983-96ac-a7e5affaadbb,0,39,ZFM-03324
sniffing,stim,1.2499999999999998,936.7708082629358,-14.103345049703648,c5eff7e4-71ad-4983-96ac-a7e5affaadbb,0,39,ZFM-03324
sniffing,stim,1.3499999999999996,849.100240401455,-101.77391291118442,c5eff7e4-71ad-4983-96ac-a7e5affaadbb,0,39,ZFM-03324
sniffing,stim,1.4499999999999995,775.6107118248924,-175.26344148774706,c5eff7e4-71ad-4983-96ac-a7e5affaadbb,0,39,ZFM-03324
sniffing,stim,1.5499999999999996,764.3128184123098,-186.5613349003297,c5eff7e4-71ad-4983-96ac-a7e5affaadbb,0,39,ZFM-03324
sniffing,stim,1.6499999999999997,777.5739705639402,-173.30018274869929,c5eff7e4-71ad-4983-96ac-a7e5affaadbb,0,39,ZFM-03324
sniffing,stim,1.7499999999999996,805.9398059048955,-144.93434740774399,c5eff7e4-71ad-4983-96ac-a7e5affaadbb,0,39,ZFM-03324
sniffing,stim,1.8499999999999994,725.6033590571376,-225.27079425550187,c5eff7e4-71ad-4983-96ac-a7e5affaadbb,0,39,ZFM-03324
sniffing,stim,1.9499999999999995,654.8305072511956,-296.04364606144384,c5eff7e4-71ad-4983-96ac-a7e5affaadbb,0,39,ZFM-03324
sniffing,stim,2.0499999999999994,707.7076796850204,-243.1664736276191,c5eff7e4-71ad-4983-96ac-a7e5affaadbb,0,39,ZFM-03324
sniffing,stim,2.1499999999999995,829.5511722384812,-121.32298107415829,c5eff7e4-71ad-4983-96ac-a7e5affaadbb,0,39,ZFM-03324
sniffing,stim,2.249999999999999,856.4783942659097,-94.39575904672972,c5eff7e4-71ad-4983-96ac-a7e5affaadbb,0,39,ZFM-03324
sniffing,stim,2.349999999999999,774.1046375590759,-176.7695157535636,c5eff7e4-71ad-4983-96ac-a7e5affaadbb,0,39,ZFM-03324
sniffing,stim,2.4499999999999993,692.7241770289066,-258.1499762837328,c5eff7e4-71ad-4983-96ac-a7e5affaadbb,0,39,ZFM-03324
sniffing,stim,2.549999999999999,707.8108611647926,-243.06329214784682,c5eff7e4-71ad-4983-96ac-a7e5affaadbb,0,39,ZFM-03324
sniffing,stim,2.649999999999999,710.4195629481324,-240.4545903645071,c5eff7e4-71ad-4983-96ac-a7e5affaadbb,0,39,ZFM-03324
sniffing,stim,2.749999999999999,753.7199474753367,-197.1542058373028,c5eff7e4-71ad-4983-96ac-a7e5affaadbb,0,39,ZFM-03324
sniffing,stim,2.849999999999999,728.4363082543952,-222.4378450582443,c5eff7e4-71ad-4983-96ac-a7e5affaadbb,0,39,ZFM-03324
sniffing,stim,2.9499999999999993,770.4014914418334,-180.47266187080606,c5eff7e4-71ad-4983-96ac-a7e5affaadbb,0,39,ZFM-03324
sniffing,stim,3.049999999999999,770.9559127004613,-179.91824061217812,c5eff7e4-71ad-4983-96ac-a7e5affaadbb,0,39,ZFM-03324
sniffing,stim,3.149999999999999,764.362183752066,-186.51196956057345,c5eff7e4-71ad-4983-96ac-a7e5affaadbb,0,39,ZFM-03324
sniffing,stim,3.249999999999999,848.750657005161,-102.12349630747849,c5eff7e4-71ad-4983-96ac-a7e5affaadbb,0,39,ZFM-03324
sniffing,stim,3.3499999999999988,973.8388244078469,22.96467109520745,c5eff7e4-71ad-4983-96ac-a7e5affaadbb,0,39,ZFM-03324
sniffing,stim,3.449999999999999,1041.4232769839866,90.54912367134716,c5eff7e4-71ad-4983-96ac-a7e5affaadbb,0,39,ZFM-03324
sniffing,stim,3.549999999999999,958.5784357532198,7.7042824405803,c5eff7e4-71ad-4983-96ac-a7e5affaadbb,0,39,ZFM-03324
sniffing,stim,3.649999999999999,972.8123162369608,21.93816292432132,c5eff7e4-71ad-4983-96ac-a7e5affaadbb,0,39,ZFM-03324
sniffing,stim,3.749999999999999,1080.4821874360352,129.60803412339578,c5eff7e4-71ad-4983-96ac-a7e5affaadbb,0,39,ZFM-03324
sniffing,stim,3.8499999999999988,1258.5486633499045,307.674510037265,c5eff7e4-71ad-4983-96ac-a7e5affaadbb,0,39,ZFM-03324
sniffing,stim,3.949999999999999,1297.852749675417,346.9785963627776,c5eff7e4-71ad-4983-96ac-a7e5affaadbb,0,39,ZFM-03324
sniffing,no_stim,-0.45,1666.0634021217545,341.11012215280994,c5eff7e4-71ad-4983-96ac-a7e5affaadbb,0,20,ZFM-03324
sniffing,no_stim,-0.35000000000000003,1466.5168218607712,141.56354189182662,c5eff7e4-71ad-4983-96ac-a7e5affaadbb,0,20,ZFM-03324
sniffing,no_stim,-0.25000000000000006,1193.4023658175909,-131.5509141513537,c5eff7e4-71ad-4983-96ac-a7e5affaadbb,0,20,ZFM-03324
sniffing,no_stim,-0.15000000000000008,1165.012848441163,-159.94043152778158,c5eff7e4-71ad-4983-96ac-a7e5affaadbb,0,20,ZFM-03324
sniffing,no_stim,-0.050000000000000086,1133.7709616034422,-191.1823183655024,c5eff7e4-71ad-4983-96ac-a7e5affaadbb,0,20,ZFM-03324
sniffing,no_stim,0.04999999999999989,1295.4946449664822,-29.458635002462415,c5eff7e4-71ad-4983-96ac-a7e5affaadbb,0,20,ZFM-03324
sniffing,no_stim,0.14999999999999986,1365.2835719500627,40.33029198111808,c5eff7e4-71ad-4983-96ac-a7e5affaadbb,0,20,ZFM-03324
sniffing,no_stim,0.24999999999999983,1261.1023911989946,-63.85088876994996,c5eff7e4-71ad-4983-96ac-a7e5affaadbb,0,20,ZFM-03324
sniffing,no_stim,0.3499999999999998,1058.1783935278772,-266.77488644106734,c5eff7e4-71ad-4983-96ac-a7e5affaadbb,0,20,ZFM-03324
sniffing,no_stim,0.4499999999999998,829.2653498422715,-495.6879301266731,c5eff7e4-71ad-4983-96ac-a7e5affaadbb,0,20,ZFM-03324
sniffing,no_stim,0.5499999999999998,826.4952254381884,-498.45805453075616,c5eff7e4-71ad-4983-96ac-a7e5affaadbb,0,20,ZFM-03324
sniffing,no_stim,0.6499999999999998,833.6160813158518,-491.33719865309274,c5eff7e4-71ad-4983-96ac-a7e5affaadbb,0,20,ZFM-03324
sniffing,no_stim,0.7499999999999998,868.1312338413029,-456.82204612764167,c5eff7e4-71ad-4983-96ac-a7e5affaadbb,0,20,ZFM-03324
sniffing,no_stim,0.8499999999999998,894.8330246856198,-430.1202552833248,c5eff7e4-71ad-4983-96ac-a7e5affaadbb,0,20,ZFM-03324
sniffing,no_stim,0.9499999999999997,851.3778913186318,-473.5753886503128,c5eff7e4-71ad-4983-96ac-a7e5affaadbb,0,20,ZFM-03324
sniffing,no_stim,1.0499999999999996,916.4086212198306,-408.544658749114,c5eff7e4-71ad-4983-96ac-a7e5affaadbb,0,20,ZFM-03324
sniffing,no_stim,1.1499999999999997,926.0015988363833,-398.95168113256125,c5eff7e4-71ad-4983-96ac-a7e5affaadbb,0,20,ZFM-03324
sniffing,no_stim,1.2499999999999998,840.9006481987029,-484.05263177024165,c5eff7e4-71ad-4983-96ac-a7e5affaadbb,0,20,ZFM-03324
sniffing,no_stim,1.3499999999999996,645.0942361001054,-679.8590438688392,c5eff7e4-71ad-4983-96ac-a7e5affaadbb,0,20,ZFM-03324
sniffing,no_stim,1.4499999999999995,601.6914158675212,-723.2618641014234,c5eff7e4-71ad-4983-96ac-a7e5affaadbb,0,20,ZFM-03324
sniffing,no_stim,1.5499999999999996,667.7171995099029,-657.2360804590417,c5eff7e4-71ad-4983-96ac-a7e5affaadbb,0,20,ZFM-03324
sniffing,no_stim,1.6499999999999997,780.4948009376574,-544.4584790312872,c5eff7e4-71ad-4983-96ac-a7e5affaadbb,0,20,ZFM-03324
sniffing,no_stim,1.7499999999999996,958.649921275252,-366.30335869369253,c5eff7e4-71ad-4983-96ac-a7e5affaadbb,0,20,ZFM-03324
sniffing,no_stim,1.8499999999999994,1134.9964784793424,-189.95680148960219,c5eff7e4-71ad-4983-96ac-a7e5affaadbb,0,20,ZFM-03324
sniffing,no_stim,1.9499999999999995,1194.6153139057312,-130.33796606321334,c5eff7e4-71ad-4983-96ac-a7e5affaadbb,0,20,ZFM-03324
sniffing,no_stim,2.0499999999999994,1144.2113338578356,-180.74194611110897,c5eff7e4-71ad-4983-96ac-a7e5affaadbb,0,20,ZFM-03324
sniffing,no_stim,2.1499999999999995,1175.127346056237,-149.82593391270757,c5eff7e4-71ad-4983-96ac-a7e5affaadbb,0,20,ZFM-03324
sniffing,no_stim,2.249999999999999,1542.32122498558,217.36794501663553,c5eff7e4-71ad-4983-96ac-a7e5affaadbb,0,20,ZFM-03324
sniffing,no_stim,2.349999999999999,1882.99538637408,558.0421064051354,c5eff7e4-71ad-4983-96ac-a7e5affaadbb,0,20,ZFM-03324
sniffing,no_stim,2.4499999999999993,1992.6670089190775,667.7137289501329,c5eff7e4-71ad-4983-96ac-a7e5affaadbb,0,20,ZFM-03324
sniffing,no_stim,2.549999999999999,1968.4537814739901,643.5005015050456,c5eff7e4-71ad-4983-96ac-a7e5affaadbb,0,20,ZFM-03324
sniffing,no_stim,2.649999999999999,1842.3858572360448,517.4325772671002,c5eff7e4-71ad-4983-96ac-a7e5affaadbb,0,20,ZFM-03324
sniffing,no_stim,2.749999999999999,2079.671696488474,754.7184165195295,c5eff7e4-71ad-4983-96ac-a7e5affaadbb,0,20,ZFM-03324
sniffing,no_stim,2.849999999999999,2018.5327393481734,693.5794593792289,c5eff7e4-71ad-4983-96ac-a7e5affaadbb,0,20,ZFM-03324
sniffing,no_stim,2.9499999999999993,1800.9164482881927,475.9631683192481,c5eff7e4-71ad-4983-96ac-a7e5affaadbb,0,20,ZFM-03324
sniffing,no_stim,3.049999999999999,1601.755314727016,276.8020347580714,c5eff7e4-71ad-4983-96ac-a7e5affaadbb,0,20,ZFM-03324
sniffing,no_stim,3.149999999999999,1222.5742143788173,-102.37906559012731,c5eff7e4-71ad-4983-96ac-a7e5affaadbb,0,20,ZFM-03324
sniffing,no_stim,3.249999999999999,1061.0918164623108,-263.86146350663375,c5eff7e4-71ad-4983-96ac-a7e5affaadbb,0,20,ZFM-03324
sniffing,no_stim,3.3499999999999988,1028.2430333501384,-296.7102466188062,c5eff7e4-71ad-4983-96ac-a7e5affaadbb,0,20,ZFM-03324
sniffing,no_stim,3.449999999999999,1099.3404581005743,-225.61282186837025,c5eff7e4-71ad-4983-96ac-a7e5affaadbb,0,20,ZFM-03324
sniffing,no_stim,3.549999999999999,1165.6972243493499,-159.2560556195947,c5eff7e4-71ad-4983-96ac-a7e5affaadbb,0,20,ZFM-03324
sniffing,no_stim,3.649999999999999,1359.7090271180577,34.755747149113176,c5eff7e4-71ad-4983-96ac-a7e5affaadbb,0,20,ZFM-03324
sniffing,no_stim,3.749999999999999,1411.9415853931084,86.98830542416385,c5eff7e4-71ad-4983-96ac-a7e5affaadbb,0,20,ZFM-03324
sniffing,no_stim,3.8499999999999988,1202.39085109533,-122.56242887361464,c5eff7e4-71ad-4983-96ac-a7e5affaadbb,0,20,ZFM-03324
sniffing,no_stim,3.949999999999999,1047.426551480074,-277.5267284888705,c5eff7e4-71ad-4983-96ac-a7e5affaadbb,0,20,ZFM-03324
sniffing,stim,-0.45,1177.760112070734,78.98193944757736,c5f0df31-60ca-42da-900d-7881fbc40c23,0,36,ZFM-03324
sniffing,stim,-0.35000000000000003,1141.4602474693172,42.6820748461605,c5f0df31-60ca-42da-900d-7881fbc40c23,0,36,ZFM-03324
sniffing,stim,-0.25000000000000006,1123.9236576467974,25.14548502364073,c5f0df31-60ca-42da-900d-7881fbc40c23,0,36,ZFM-03324
sniffing,stim,-0.15000000000000008,1130.7368396983015,31.95866707514483,c5f0df31-60ca-42da-900d-7881fbc40c23,0,36,ZFM-03324
sniffing,stim,-0.050000000000000086,920.0100062306329,-178.76816639252377,c5f0df31-60ca-42da-900d-7881fbc40c23,0,36,ZFM-03324
sniffing,stim,0.04999999999999989,686.0687239078748,-412.70944871528195,c5f0df31-60ca-42da-900d-7881fbc40c23,0,36,ZFM-03324
sniffing,stim,0.14999999999999986,734.9739942982224,-363.80417832493436,c5f0df31-60ca-42da-900d-7881fbc40c23,0,36,ZFM-03324
sniffing,stim,0.24999999999999983,910.3105200024378,-188.46765262071892,c5f0df31-60ca-42da-900d-7881fbc40c23,0,36,ZFM-03324
sniffing,stim,0.3499999999999998,963.3377757407579,-135.44039688239877,c5f0df31-60ca-42da-900d-7881fbc40c23,0,36,ZFM-03324
sniffing,stim,0.4499999999999998,866.3596467886557,-232.418525834501,c5f0df31-60ca-42da-900d-7881fbc40c23,0,36,ZFM-03324
sniffing,stim,0.5499999999999998,820.1663183260852,-278.61185429707155,c5f0df31-60ca-42da-900d-7881fbc40c23,0,36,ZFM-03324
sniffing,stim,0.6499999999999998,863.0136981899836,-235.76447443317306,c5f0df31-60ca-42da-900d-7881fbc40c23,0,36,ZFM-03324
sniffing,stim,0.7499999999999998,796.8424222480678,-301.9357503750889,c5f0df31-60ca-42da-900d-7881fbc40c23,0,36,ZFM-03324
sniffing,stim,0.8499999999999998,717.3415151622307,-381.43665746092597,c5f0df31-60ca-42da-900d-7881fbc40c23,0,36,ZFM-03324
sniffing,stim,0.9499999999999997,672.2115750215522,-426.5665976016045,c5f0df31-60ca-42da-900d-7881fbc40c23,0,36,ZFM-03324
sniffing,stim,1.0499999999999996,647.7196517378951,-451.0585208852616,c5f0df31-60ca-42da-900d-7881fbc40c23,0,36,ZFM-03324
sniffing,stim,1.1499999999999997,615.2358903855904,-483.54228223756627,c5f0df31-60ca-42da-900d-7881fbc40c23,0,36,ZFM-03324
sniffing,stim,1.2499999999999998,605.0993041342355,-493.67886848892124,c5f0df31-60ca-42da-900d-7881fbc40c23,0,36,ZFM-03324
sniffing,stim,1.3499999999999996,624.486196177189,-474.29197644596775,c5f0df31-60ca-42da-900d-7881fbc40c23,0,36,ZFM-03324
sniffing,stim,1.4499999999999995,651.9078260658406,-446.8703465573161,c5f0df31-60ca-42da-900d-7881fbc40c23,0,36,ZFM-03324
sniffing,stim,1.5499999999999996,663.2440951450305,-435.53407747812616,c5f0df31-60ca-42da-900d-7881fbc40c23,0,36,ZFM-03324
sniffing,stim,1.6499999999999997,618.9980403628392,-479.7801322603175,c5f0df31-60ca-42da-900d-7881fbc40c23,0,36,ZFM-03324
sniffing,stim,1.7499999999999996,605.9624177019555,-492.81575492120123,c5f0df31-60ca-42da-900d-7881fbc40c23,0,36,ZFM-03324
sniffing,stim,1.8499999999999994,607.1079869053428,-491.67018571781387,c5f0df31-60ca-42da-900d-7881fbc40c23,0,36,ZFM-03324
sniffing,stim,1.9499999999999995,672.1492140257452,-426.6289585974115,c5f0df31-60ca-42da-900d-7881fbc40c23,0,36,ZFM-03324
sniffing,stim,2.0499999999999994,782.7753915698535,-316.00278105330324,c5f0df31-60ca-42da-900d-7881fbc40c23,0,36,ZFM-03324
sniffing,stim,2.1499999999999995,826.6143285230023,-272.1638441001544,c5f0df31-60ca-42da-900d-7881fbc40c23,0,36,ZFM-03324
sniffing,stim,2.249999999999999,855.8176545885811,-242.96051803457556,c5f0df31-60ca-42da-900d-7881fbc40c23,0,36,ZFM-03324
sniffing,stim,2.349999999999999,882.3107150022122,-216.46745762094451,c5f0df31-60ca-42da-900d-7881fbc40c23,0,36,ZFM-03324
sniffing,stim,2.4499999999999993,865.6135097506259,-233.1646628725308,c5f0df31-60ca-42da-900d-7881fbc40c23,0,36,ZFM-03324
sniffing,stim,2.549999999999999,869.037802459474,-229.74037016368266,c5f0df31-60ca-42da-900d-7881fbc40c23,0,36,ZFM-03324
sniffing,stim,2.649999999999999,817.5993543600957,-281.178818263061,c5f0df31-60ca-42da-900d-7881fbc40c23,0,36,ZFM-03324
sniffing,stim,2.749999999999999,817.4977905491496,-281.2803820740071,c5f0df31-60ca-42da-900d-7881fbc40c23,0,36,ZFM-03324
sniffing,stim,2.849999999999999,829.2030209106265,-269.5751517125302,c5f0df31-60ca-42da-900d-7881fbc40c23,0,36,ZFM-03324
sniffing,stim,2.9499999999999993,889.201716277514,-209.57645634564267,c5f0df31-60ca-42da-900d-7881fbc40c23,0,36,ZFM-03324
sniffing,stim,3.049999999999999,923.477665655805,-175.30050696735168,c5f0df31-60ca-42da-900d-7881fbc40c23,0,36,ZFM-03324
sniffing,stim,3.149999999999999,902.7151200672712,-196.06305255588552,c5f0df31-60ca-42da-900d-7881fbc40c23,0,36,ZFM-03324
sniffing,stim,3.249999999999999,811.9519372590681,-286.8262353640886,c5f0df31-60ca-42da-900d-7881fbc40c23,0,36,ZFM-03324
sniffing,stim,3.3499999999999988,713.7079369039807,-385.070235719176,c5f0df31-60ca-42da-900d-7881fbc40c23,0,36,ZFM-03324
sniffing,stim,3.449999999999999,826.158980955476,-272.61919166768075,c5f0df31-60ca-42da-900d-7881fbc40c23,0,36,ZFM-03324
sniffing,stim,3.549999999999999,996.2341401898344,-102.54403243332229,c5f0df31-60ca-42da-900d-7881fbc40c23,0,36,ZFM-03324
sniffing,stim,3.649999999999999,978.7829634126689,-119.99520921048781,c5f0df31-60ca-42da-900d-7881fbc40c23,0,36,ZFM-03324
sniffing,stim,3.749999999999999,908.7679779561483,-190.01019466700836,c5f0df31-60ca-42da-900d-7881fbc40c23,0,36,ZFM-03324
sniffing,stim,3.8499999999999988,839.0278083205235,-259.7503643026332,c5f0df31-60ca-42da-900d-7881fbc40c23,0,36,ZFM-03324
sniffing,stim,3.949999999999999,892.7739103847616,-206.00426223839509,c5f0df31-60ca-42da-900d-7881fbc40c23,0,36,ZFM-03324
sniffing,stim,-0.45,1023.5612425108213,200.804753946676,c1fbabc4-21b1-47f9-92b0-57ed9da5ec4b,1,113,ZFM-03321
sniffing,stim,-0.35000000000000003,859.6972819635508,36.94079339940549,c1fbabc4-21b1-47f9-92b0-57ed9da5ec4b,1,113,ZFM-03321
sniffing,stim,-0.25000000000000006,791.3653649127143,-31.39112365143103,c1fbabc4-21b1-47f9-92b0-57ed9da5ec4b,1,113,ZFM-03321
sniffing,stim,-0.15000000000000008,760.5259174522135,-62.230571111931795,c1fbabc4-21b1-47f9-92b0-57ed9da5ec4b,1,113,ZFM-03321
sniffing,stim,-0.050000000000000086,678.6326359814263,-144.123852582719,c1fbabc4-21b1-47f9-92b0-57ed9da5ec4b,1,113,ZFM-03321
sniffing,stim,0.04999999999999989,603.9685174106204,-218.78797115352495,c1fbabc4-21b1-47f9-92b0-57ed9da5ec4b,1,113,ZFM-03321
sniffing,stim,0.14999999999999986,642.7031575342099,-180.0533310299354,c1fbabc4-21b1-47f9-92b0-57ed9da5ec4b,1,113,ZFM-03321
sniffing,stim,0.24999999999999983,801.6739044998587,-21.082584064286607,c1fbabc4-21b1-47f9-92b0-57ed9da5ec4b,1,113,ZFM-03321
sniffing,stim,0.3499999999999998,949.2823943106916,126.5259057465463,c1fbabc4-21b1-47f9-92b0-57ed9da5ec4b,1,113,ZFM-03321
sniffing,stim,0.4499999999999998,1006.139167255911,183.3826786917657,c1fbabc4-21b1-47f9-92b0-57ed9da5ec4b,1,113,ZFM-03321
sniffing,stim,0.5499999999999998,979.8773897576932,157.12090119354787,c1fbabc4-21b1-47f9-92b0-57ed9da5ec4b,1,113,ZFM-03321
sniffing,stim,0.6499999999999998,954.3851193870813,131.62863082293597,c1fbabc4-21b1-47f9-92b0-57ed9da5ec4b,1,113,ZFM-03321
sniffing,stim,0.7499999999999998,974.1530878111679,151.39659924702255,c1fbabc4-21b1-47f9-92b0-57ed9da5ec4b,1,113,ZFM-03321
sniffing,stim,0.8499999999999998,1024.5418316425437,201.78534307839834,c1fbabc4-21b1-47f9-92b0-57ed9da5ec4b,1,113,ZFM-03321
sniffing,stim,0.9499999999999997,1098.6933871252545,275.93689856110916,c1fbabc4-21b1-47f9-92b0-57ed9da5ec4b,1,113,ZFM-03321
sniffing,stim,1.0499999999999996,1161.3299817201705,338.57349315602517,c1fbabc4-21b1-47f9-92b0-57ed9da5ec4b,1,113,ZFM-03321
sniffing,stim,1.1499999999999997,1199.84643949642,377.08995093227475,c1fbabc4-21b1-47f9-92b0-57ed9da5ec4b,1,113,ZFM-03321
sniffing,stim,1.2499999999999998,1286.01524718892,463.2587586247747,c1fbabc4-21b1-47f9-92b0-57ed9da5ec4b,1,113,ZFM-03321
sniffing,stim,1.3499999999999996,1389.6761595393225,566.9196709751772,c1fbabc4-21b1-47f9-92b0-57ed9da5ec4b,1,113,ZFM-03321
sniffing,stim,1.4499999999999995,1501.6901847386832,678.9336961745379,c1fbabc4-21b1-47f9-92b0-57ed9da5ec4b,1,113,ZFM-03321
sniffing,stim,1.5499999999999996,1670.5533202955003,847.7968317313549,c1fbabc4-21b1-47f9-92b0-57ed9da5ec4b,1,113,ZFM-03321
sniffing,stim,1.6499999999999997,1735.2372741403472,912.4807855762018,c1fbabc4-21b1-47f9-92b0-57ed9da5ec4b,1,113,ZFM-03321
sniffing,stim,1.7499999999999996,1687.3624979482454,864.6060093841,c1fbabc4-21b1-47f9-92b0-57ed9da5ec4b,1,113,ZFM-03321
sniffing,stim,1.8499999999999994,1605.248001670087,782.4915131059416,c1fbabc4-21b1-47f9-92b0-57ed9da5ec4b,1,113,ZFM-03321
sniffing,stim,1.9499999999999995,1622.6075710773046,799.8510825131592,c1fbabc4-21b1-47f9-92b0-57ed9da5ec4b,1,113,ZFM-03321
sniffing,stim,2.0499999999999994,1769.8549096758854,947.0984211117401,c1fbabc4-21b1-47f9-92b0-57ed9da5ec4b,1,113,ZFM-03321
sniffing,stim,2.1499999999999995,1804.6575889809194,981.901100416774,c1fbabc4-21b1-47f9-92b0-57ed9da5ec4b,1,113,ZFM-03321
sniffing,stim,2.249999999999999,1784.1228211929665,961.3663326288212,c1fbabc4-21b1-47f9-92b0-57ed9da5ec4b,1,113,ZFM-03321
sniffing,stim,2.349999999999999,1706.2943669403287,883.5378783761834,c1fbabc4-21b1-47f9-92b0-57ed9da5ec4b,1,113,ZFM-03321
sniffing,stim,2.4499999999999993,1670.2404716708136,847.4839831066682,c1fbabc4-21b1-47f9-92b0-57ed9da5ec4b,1,113,ZFM-03321
sniffing,stim,2.549999999999999,1676.5089060032153,853.75241743907,c1fbabc4-21b1-47f9-92b0-57ed9da5ec4b,1,113,ZFM-03321
sniffing,stim,2.649999999999999,1609.5829332916098,786.8264447274645,c1fbabc4-21b1-47f9-92b0-57ed9da5ec4b,1,113,ZFM-03321
sniffing,stim,2.749999999999999,1500.4077006620355,677.6512120978902,c1fbabc4-21b1-47f9-92b0-57ed9da5ec4b,1,113,ZFM-03321
sniffing,stim,2.849999999999999,1331.5839325939012,508.82744402975584,c1fbabc4-21b1-47f9-92b0-57ed9da5ec4b,1,113,ZFM-03321
sniffing,stim,2.9499999999999993,1190.7148542256527,367.9583656615074,c1fbabc4-21b1-47f9-92b0-57ed9da5ec4b,1,113,ZFM-03321
sniffing,stim,3.049999999999999,1178.8858616419848,356.12937307783943,c1fbabc4-21b1-47f9-92b0-57ed9da5ec4b,1,113,ZFM-03321
sniffing,stim,3.149999999999999,1188.0195011618973,365.263012597752,c1fbabc4-21b1-47f9-92b0-57ed9da5ec4b,1,113,ZFM-03321
sniffing,stim,3.249999999999999,1179.1462402956865,356.3897517315412,c1fbabc4-21b1-47f9-92b0-57ed9da5ec4b,1,113,ZFM-03321
sniffing,stim,3.3499999999999988,1099.8893863171074,277.1328977529621,c1fbabc4-21b1-47f9-92b0-57ed9da5ec4b,1,113,ZFM-03321
sniffing,stim,3.449999999999999,993.1592808379556,170.4027922738103,c1fbabc4-21b1-47f9-92b0-57ed9da5ec4b,1,113,ZFM-03321
sniffing,stim,3.549999999999999,955.1289904065133,132.3725018423679,c1fbabc4-21b1-47f9-92b0-57ed9da5ec4b,1,113,ZFM-03321
sniffing,stim,3.649999999999999,961.1486923259783,138.392203761833,c1fbabc4-21b1-47f9-92b0-57ed9da5ec4b,1,113,ZFM-03321
sniffing,stim,3.749999999999999,984.7704429755789,162.0139544114336,c1fbabc4-21b1-47f9-92b0-57ed9da5ec4b,1,113,ZFM-03321
sniffing,stim,3.8499999999999988,1037.1178977669103,214.361409202765,c1fbabc4-21b1-47f9-92b0-57ed9da5ec4b,1,113,ZFM-03321
sniffing,stim,3.949999999999999,1069.2573231084575,246.50083454431217,c1fbabc4-21b1-47f9-92b0-57ed9da5ec4b,1,113,ZFM-03321
sniffing,no_stim,-0.45,1042.310898056154,224.55185303317342,c1fbabc4-21b1-47f9-92b0-57ed9da5ec4b,1,91,ZFM-03321
sniffing,no_stim,-0.35000000000000003,930.5917154845623,112.83267046158176,c1fbabc4-21b1-47f9-92b0-57ed9da5ec4b,1,91,ZFM-03321
sniffing,no_stim,-0.25000000000000006,789.3681726970135,-28.390872325967052,c1fbabc4-21b1-47f9-92b0-57ed9da5ec4b,1,91,ZFM-03321
sniffing,no_stim,-0.15000000000000008,690.0982828186868,-127.66076220429375,c1fbabc4-21b1-47f9-92b0-57ed9da5ec4b,1,91,ZFM-03321
sniffing,no_stim,-0.050000000000000086,636.4261560584864,-181.33288896449415,c1fbabc4-21b1-47f9-92b0-57ed9da5ec4b,1,91,ZFM-03321
sniffing,no_stim,0.04999999999999989,594.7187303911375,-223.0403146318431,c1fbabc4-21b1-47f9-92b0-57ed9da5ec4b,1,91,ZFM-03321
sniffing,no_stim,0.14999999999999986,685.2968443046157,-132.4622007183649,c1fbabc4-21b1-47f9-92b0-57ed9da5ec4b,1,91,ZFM-03321
sniffing,no_stim,0.24999999999999983,811.9489845474213,-5.810060475559226,c1fbabc4-21b1-47f9-92b0-57ed9da5ec4b,1,91,ZFM-03321
sniffing,no_stim,0.3499999999999998,971.7923120687817,154.03326704580115,c1fbabc4-21b1-47f9-92b0-57ed9da5ec4b,1,91,ZFM-03321
sniffing,no_stim,0.4499999999999998,1044.4897637166841,226.73071869370358,c1fbabc4-21b1-47f9-92b0-57ed9da5ec4b,1,91,ZFM-03321
sniffing,no_stim,0.5499999999999998,1038.233446224209,220.4744012012285,c1fbabc4-21b1-47f9-92b0-57ed9da5ec4b,1,91,ZFM-03321
sniffing,no_stim,0.6499999999999998,1024.3872003332365,206.62815531025592,c1fbabc4-21b1-47f9-92b0-57ed9da5ec4b,1,91,ZFM-03321
sniffing,no_stim,0.7499999999999998,981.6778714378801,163.9188264148995,c1fbabc4-21b1-47f9-92b0-57ed9da5ec4b,1,91,ZFM-03321
sniffing,no_stim,0.8499999999999998,951.8526764186756,134.09363139569507,c1fbabc4-21b1-47f9-92b0-57ed9da5ec4b,1,91,ZFM-03321
sniffing,no_stim,0.9499999999999997,975.0185721898195,157.2595271668389,c1fbabc4-21b1-47f9-92b0-57ed9da5ec4b,1,91,ZFM-03321
sniffing,no_stim,1.0499999999999996,1003.2517373967464,185.49269237376586,c1fbabc4-21b1-47f9-92b0-57ed9da5ec4b,1,91,ZFM-03321
sniffing,no_stim,1.1499999999999997,1106.6615602770437,288.90251525406313,c1fbabc4-21b1-47f9-92b0-57ed9da5ec4b,1,91,ZFM-03321
sniffing,no_stim,1.2499999999999998,1191.6665647550074,373.9075197320268,c1fbabc4-21b1-47f9-92b0-57ed9da5ec4b,1,91,ZFM-03321
sniffing,no_stim,1.3499999999999996,1278.2504922927208,460.4914472697402,c1fbabc4-21b1-47f9-92b0-57ed9da5ec4b,1,91,ZFM-03321
sniffing,no_stim,1.4499999999999995,1319.1926710240893,501.4336260011088,c1fbabc4-21b1-47f9-92b0-57ed9da5ec4b,1,91,ZFM-03321
sniffing,no_stim,1.5499999999999996,1452.244749324058,634.4857043010774,c1fbabc4-21b1-47f9-92b0-57ed9da5ec4b,1,91,ZFM-03321
sniffing,no_stim,1.6499999999999997,1535.785235917703,718.0261908947224,c1fbabc4-21b1-47f9-92b0-57ed9da5ec4b,1,91,ZFM-03321
sniffing,no_stim,1.7499999999999996,1545.425199946565,727.6661549235845,c1fbabc4-21b1-47f9-92b0-57ed9da5ec4b,1,91,ZFM-03321
sniffing,no_stim,1.8499999999999994,1531.67796723332,713.9189222103395,c1fbabc4-21b1-47f9-92b0-57ed9da5ec4b,1,91,ZFM-03321
sniffing,no_stim,1.9499999999999995,1570.2376994559138,752.4786544329332,c1fbabc4-21b1-47f9-92b0-57ed9da5ec4b,1,91,ZFM-03321
sniffing,no_stim,2.0499999999999994,1658.8316697970363,841.0726247740557,c1fbabc4-21b1-47f9-92b0-57ed9da5ec4b,1,91,ZFM-03321
sniffing,no_stim,2.1499999999999995,1739.0736737342968,921.3146287113162,c1fbabc4-21b1-47f9-92b0-57ed9da5ec4b,1,91,ZFM-03321
sniffing,no_stim,2.249999999999999,1746.91978518201,929.1607401590294,c1fbabc4-21b1-47f9-92b0-57ed9da5ec4b,1,91,ZFM-03321
sniffing,no_stim,2.349999999999999,1820.658449325356,1002.8994043023755,c1fbabc4-21b1-47f9-92b0-57ed9da5ec4b,1,91,ZFM-03321
sniffing,no_stim,2.4499999999999993,1844.4681973013026,1026.709152278322,c1fbabc4-21b1-47f9-92b0-57ed9da5ec4b,1,91,ZFM-03321
sniffing,no_stim,2.549999999999999,1857.1445156048026,1039.3854705818221,c1fbabc4-21b1-47f9-92b0-57ed9da5ec4b,1,91,ZFM-03321
sniffing,no_stim,2.649999999999999,1786.418604240781,968.6595592178004,c1fbabc4-21b1-47f9-92b0-57ed9da5ec4b,1,91,ZFM-03321
sniffing,no_stim,2.749999999999999,1728.1561870936996,910.397142070719,c1fbabc4-21b1-47f9-92b0-57ed9da5ec4b,1,91,ZFM-03321
sniffing,no_stim,2.849999999999999,1667.276386133824,849.5173411108434,c1fbabc4-21b1-47f9-92b0-57ed9da5ec4b,1,91,ZFM-03321
sniffing,no_stim,2.9499999999999993,1606.9640829941632,789.2050379711826,c1fbabc4-21b1-47f9-92b0-57ed9da5ec4b,1,91,ZFM-03321
sniffing,no_stim,3.049999999999999,1468.6961092522668,650.9370642292862,c1fbabc4-21b1-47f9-92b0-57ed9da5ec4b,1,91,ZFM-03321
sniffing,no_stim,3.149999999999999,1365.1293338584792,547.3702888354986,c1fbabc4-21b1-47f9-92b0-57ed9da5ec4b,1,91,ZFM-03321
sniffing,no_stim,3.249999999999999,1301.6554839035305,483.8964388805499,c1fbabc4-21b1-47f9-92b0-57ed9da5ec4b,1,91,ZFM-03321
sniffing,no_stim,3.3499999999999988,1233.0290364573036,415.26999143432306,c1fbabc4-21b1-47f9-92b0-57ed9da5ec4b,1,91,ZFM-03321
sniffing,no_stim,3.449999999999999,1068.0110168080353,250.2519717850547,c1fbabc4-21b1-47f9-92b0-57ed9da5ec4b,1,91,ZFM-03321
sniffing,no_stim,3.549999999999999,989.0636882743421,171.30464325136154,c1fbabc4-21b1-47f9-92b0-57ed9da5ec4b,1,91,ZFM-03321
sniffing,no_stim,3.649999999999999,989.9912753718637,172.23223034888315,c1fbabc4-21b1-47f9-92b0-57ed9da5ec4b,1,91,ZFM-03321
sniffing,no_stim,3.749999999999999,1048.215208426795,230.45616340381446,c1fbabc4-21b1-47f9-92b0-57ed9da5ec4b,1,91,ZFM-03321
sniffing,no_stim,3.8499999999999988,1111.038016598809,293.27897157582845,c1fbabc4-21b1-47f9-92b0-57ed9da5ec4b,1,91,ZFM-03321
sniffing,no_stim,3.949999999999999,1053.3486546697268,235.58960964674623,c1fbabc4-21b1-47f9-92b0-57ed9da5ec4b,1,91,ZFM-03321
sniffing,stim,-0.45,1140.9432551385512,117.69885413258476,aff57b75-b439-4537-be22-743acedc8e5d,1,91,ZFM-03321
sniffing,stim,-0.35000000000000003,1009.0605193568105,-14.183881649155978,aff57b75-b439-4537-be22-743acedc8e5d,1,91,ZFM-03321
sniffing,stim,-0.25000000000000006,967.8213184104816,-55.42308259548486,aff57b75-b439-4537-be22-743acedc8e5d,1,91,ZFM-03321
sniffing,stim,-0.15000000000000008,992.8687385243949,-30.375662481571567,aff57b75-b439-4537-be22-743acedc8e5d,1,91,ZFM-03321
sniffing,stim,-0.050000000000000086,1005.5281735995943,-17.716227406372127,aff57b75-b439-4537-be22-743acedc8e5d,1,91,ZFM-03321
sniffing,stim,0.04999999999999989,1012.1487574230847,-11.095643582881735,aff57b75-b439-4537-be22-743acedc8e5d,1,91,ZFM-03321
sniffing,stim,0.14999999999999986,1098.4524716558453,75.20807064987889,aff57b75-b439-4537-be22-743acedc8e5d,1,91,ZFM-03321
sniffing,stim,0.24999999999999983,1137.019488687462,113.7750876814955,aff57b75-b439-4537-be22-743acedc8e5d,1,91,ZFM-03321
sniffing,stim,0.3499999999999998,1098.7836894082077,75.53928840224125,aff57b75-b439-4537-be22-743acedc8e5d,1,91,ZFM-03321
sniffing,stim,0.4499999999999998,1044.1777136715075,20.933312665541052,aff57b75-b439-4537-be22-743acedc8e5d,1,91,ZFM-03321
sniffing,stim,0.5499999999999998,950.221819735866,-73.02258127010043,aff57b75-b439-4537-be22-743acedc8e5d,1,91,ZFM-03321
sniffing,stim,0.6499999999999998,921.0312030947352,-102.21319791123119,aff57b75-b439-4537-be22-743acedc8e5d,1,91,ZFM-03321
sniffing,stim,0.7499999999999998,906.0383103476462,-117.20609065832025,aff57b75-b439-4537-be22-743acedc8e5d,1,91,ZFM-03321
sniffing,stim,0.8499999999999998,962.6321469459787,-60.61225405998778,aff57b75-b439-4537-be22-743acedc8e5d,1,91,ZFM-03321
sniffing,stim,0.9499999999999997,1019.6909363675447,-3.5534646384217012,aff57b75-b439-4537-be22-743acedc8e5d,1,91,ZFM-03321
sniffing,stim,1.0499999999999996,1004.515529952718,-18.72887105324844,aff57b75-b439-4537-be22-743acedc8e5d,1,91,ZFM-03321
sniffing,stim,1.1499999999999997,1012.2681554274371,-10.976245578529301,aff57b75-b439-4537-be22-743acedc8e5d,1,91,ZFM-03321
sniffing,stim,1.2499999999999998,1001.9613705009085,-21.283030505057923,aff57b75-b439-4537-be22-743acedc8e5d,1,91,ZFM-03321
sniffing,stim,1.3499999999999996,1056.798692751437,33.554291745470664,aff57b75-b439-4537-be22-743acedc8e5d,1,91,ZFM-03321
sniffing,stim,1.4499999999999995,1114.6230023473336,91.37860134136713,aff57b75-b439-4537-be22-743acedc8e5d,1,91,ZFM-03321
sniffing,stim,1.5499999999999996,1091.4629074165873,68.21850641062088,aff57b75-b439-4537-be22-743acedc8e5d,1,91,ZFM-03321
sniffing,stim,1.6499999999999997,1140.3489541049137,117.10455309894724,aff57b75-b439-4537-be22-743acedc8e5d,1,91,ZFM-03321
sniffing,stim,1.7499999999999996,1160.6269882075378,137.38258720157137,aff57b75-b439-4537-be22-743acedc8e5d,1,91,ZFM-03321
sniffing,stim,1.8499999999999994,1235.255552923025,212.01115191705867,aff57b75-b439-4537-be22-743acedc8e5d,1,91,ZFM-03321
sniffing,stim,1.9499999999999995,1254.6961502496763,231.45174924370986,aff57b75-b439-4537-be22-743acedc8e5d,1,91,ZFM-03321
sniffing,stim,2.0499999999999994,1345.150956889104,321.90655588313757,aff57b75-b439-4537-be22-743acedc8e5d,1,91,ZFM-03321
sniffing,stim,2.1499999999999995,1390.0549131945522,366.8105121885858,aff57b75-b439-4537-be22-743acedc8e5d,1,91,ZFM-03321
sniffing,stim,2.249999999999999,1373.2908590991299,350.04645809316344,aff57b75-b439-4537-be22-743acedc8e5d,1,91,ZFM-03321
sniffing,stim,2.349999999999999,1282.5750632128593,259.33066220689284,aff57b75-b439-4537-be22-743acedc8e5d,1,91,ZFM-03321
sniffing,stim,2.4499999999999993,1193.5567113541513,170.31231034818484,aff57b75-b439-4537-be22-743acedc8e5d,1,91,ZFM-03321
sniffing,stim,2.549999999999999,1238.2077838369783,214.9633828310118,aff57b75-b439-4537-be22-743acedc8e5d,1,91,ZFM-03321
sniffing,stim,2.649999999999999,1272.8566366813054,249.61223567533898,aff57b75-b439-4537-be22-743acedc8e5d,1,91,ZFM-03321
sniffing,stim,2.749999999999999,1256.4269738590485,233.1825728530821,aff57b75-b439-4537-be22-743acedc8e5d,1,91,ZFM-03321
sniffing,stim,2.849999999999999,1163.5668217533016,140.32242074733517,aff57b75-b439-4537-be22-743acedc8e5d,1,91,ZFM-03321
sniffing,stim,2.9499999999999993,1112.0672009025404,88.822799896574,aff57b75-b439-4537-be22-743acedc8e5d,1,91,ZFM-03321
sniffing,stim,3.049999999999999,1144.32087673871,121.07647573274357,aff57b75-b439-4537-be22-743acedc8e5d,1,91,ZFM-03321
sniffing,stim,3.149999999999999,1205.775826078602,182.53142507263556,aff57b75-b439-4537-be22-743acedc8e5d,1,91,ZFM-03321
sniffing,stim,3.249999999999999,1154.7950805568225,131.5506795508561,aff57b75-b439-4537-be22-743acedc8e5d,1,91,ZFM-03321
sniffing,stim,3.3499999999999988,1167.8136095487994,144.56920854283294,aff57b75-b439-4537-be22-743acedc8e5d,1,91,ZFM-03321
sniffing,stim,3.449999999999999,1172.862467068367,149.61806606240066,aff57b75-b439-4537-be22-743acedc8e5d,1,91,ZFM-03321
sniffing,stim,3.549999999999999,1197.9113429791344,174.66694197316792,aff57b75-b439-4537-be22-743acedc8e5d,1,91,ZFM-03321
sniffing,stim,3.649999999999999,1202.5897762586976,179.34537525273117,aff57b75-b439-4537-be22-743acedc8e5d,1,91,ZFM-03321
sniffing,stim,3.749999999999999,1206.6431801256813,183.39877911971485,aff57b75-b439-4537-be22-743acedc8e5d,1,91,ZFM-03321
sniffing,stim,3.8499999999999988,1194.1791505051342,170.93474949916776,aff57b75-b439-4537-be22-743acedc8e5d,1,91,ZFM-03321
sniffing,stim,3.949999999999999,1115.1364096491525,91.89200864318605,aff57b75-b439-4537-be22-743acedc8e5d,1,91,ZFM-03321
sniffing,no_stim,-0.45,750.9029570261994,94.59495043628522,aff57b75-b439-4537-be22-743acedc8e5d,1,63,ZFM-03321
sniffing,no_stim,-0.35000000000000003,688.0122376977281,31.70423110781394,aff57b75-b439-4537-be22-743acedc8e5d,1,63,ZFM-03321
sniffing,no_stim,-0.25000000000000006,664.8999313892019,8.591924799287767,aff57b75-b439-4537-be22-743acedc8e5d,1,63,ZFM-03321
sniffing,no_stim,-0.15000000000000008,618.2717732930469,-38.036233296867294,aff57b75-b439-4537-be22-743acedc8e5d,1,63,ZFM-03321
sniffing,no_stim,-0.050000000000000086,559.4531335433943,-96.85487304651986,aff57b75-b439-4537-be22-743acedc8e5d,1,63,ZFM-03321
sniffing,no_stim,0.04999999999999989,518.565398308211,-137.74260828170316,aff57b75-b439-4537-be22-743acedc8e5d,1,63,ZFM-03321
sniffing,no_stim,0.14999999999999986,592.5045760355014,-63.803430554412785,aff57b75-b439-4537-be22-743acedc8e5d,1,63,ZFM-03321
sniffing,no_stim,0.24999999999999983,723.2627444341203,66.95473784420619,aff57b75-b439-4537-be22-743acedc8e5d,1,63,ZFM-03321
sniffing,no_stim,0.3499999999999998,804.7640079750314,148.45600138511725,aff57b75-b439-4537-be22-743acedc8e5d,1,63,ZFM-03321
sniffing,no_stim,0.4499999999999998,833.7461451504129,177.43813856049871,aff57b75-b439-4537-be22-743acedc8e5d,1,63,ZFM-03321
sniffing,no_stim,0.5499999999999998,785.2386187456353,128.93061215572118,aff57b75-b439-4537-be22-743acedc8e5d,1,63,ZFM-03321
sniffing,no_stim,0.6499999999999998,780.6066630221909,124.29865643227674,aff57b75-b439-4537-be22-743acedc8e5d,1,63,ZFM-03321
sniffing,no_stim,0.7499999999999998,747.5327451257098,91.22473853579561,aff57b75-b439-4537-be22-743acedc8e5d,1,63,ZFM-03321
sniffing,no_stim,0.8499999999999998,723.9955508796647,67.68754428975058,aff57b75-b439-4537-be22-743acedc8e5d,1,63,ZFM-03321
sniffing,no_stim,0.9499999999999997,808.3440796983474,152.03607310843324,aff57b75-b439-4537-be22-743acedc8e5d,1,63,ZFM-03321
sniffing,no_stim,1.0499999999999996,875.06966351807,218.76165692815584,aff57b75-b439-4537-be22-743acedc8e5d,1,63,ZFM-03321
sniffing,no_stim,1.1499999999999997,923.0893395485749,266.78133295866076,aff57b75-b439-4537-be22-743acedc8e5d,1,63,ZFM-03321
sniffing,no_stim,1.2499999999999998,936.3031512834534,279.99514469353926,aff57b75-b439-4537-be22-743acedc8e5d,1,63,ZFM-03321
sniffing,no_stim,1.3499999999999996,958.9250210625097,302.61701447259554,aff57b75-b439-4537-be22-743acedc8e5d,1,63,ZFM-03321
sniffing,no_stim,1.4499999999999995,1042.2021782985737,385.89417170865954,aff57b75-b439-4537-be22-743acedc8e5d,1,63,ZFM-03321
sniffing,no_stim,1.5499999999999996,1122.8621436183869,466.5541370284727,aff57b75-b439-4537-be22-743acedc8e5d,1,63,ZFM-03321
sniffing,no_stim,1.6499999999999997,1069.824910788701,413.51690419878673,aff57b75-b439-4537-be22-743acedc8e5d,1,63,ZFM-03321
sniffing,no_stim,1.7499999999999996,1006.2626986813934,349.9546920914793,aff57b75-b439-4537-be22-743acedc8e5d,1,63,ZFM-03321
sniffing,no_stim,1.8499999999999994,1020.6076534539482,364.299646864034,aff57b75-b439-4537-be22-743acedc8e5d,1,63,ZFM-03321
sniffing,no_stim,1.9499999999999995,1138.478762797924,482.17075620800983,aff57b75-b439-4537-be22-743acedc8e5d,1,63,ZFM-03321
sniffing,no_stim,2.0499999999999994,1191.250321661727,534.9423150718128,aff57b75-b439-4537-be22-743acedc8e5d,1,63,ZFM-03321
sniffing,no_stim,2.1499999999999995,1189.7667758680277,533.4587692781136,aff57b75-b439-4537-be22-743acedc8e5d,1,63,ZFM-03321
sniffing,no_stim,2.249999999999999,1130.4467807561887,474.1387741662745,aff57b75-b439-4537-be22-743acedc8e5d,1,63,ZFM-03321
sniffing,no_stim,2.349999999999999,1050.6575147499802,394.3495081600661,aff57b75-b439-4537-be22-743acedc8e5d,1,63,ZFM-03321
sniffing,no_stim,2.4499999999999993,994.352396438064,338.0443898481499,aff57b75-b439-4537-be22-743acedc8e5d,1,63,ZFM-03321
sniffing,no_stim,2.549999999999999,994.27450850047,337.96650191055585,aff57b75-b439-4537-be22-743acedc8e5d,1,63,ZFM-03321
sniffing,no_stim,2.649999999999999,1005.216812325898,348.90880573598383,aff57b75-b439-4537-be22-743acedc8e5d,1,63,ZFM-03321
sniffing,no_stim,2.749999999999999,979.4746583487699,323.1666517588558,aff57b75-b439-4537-be22-743acedc8e5d,1,63,ZFM-03321
sniffing,no_stim,2.849999999999999,899.6361230628546,243.32811647294045,aff57b75-b439-4537-be22-743acedc8e5d,1,63,ZFM-03321
sniffing,no_stim,2.9499999999999993,839.4073480436228,183.0993414537087,aff57b75-b439-4537-be22-743acedc8e5d,1,63,ZFM-03321
sniffing,no_stim,3.049999999999999,843.6436933113904,187.33568672147624,aff57b75-b439-4537-be22-743acedc8e5d,1,63,ZFM-03321
sniffing,no_stim,3.149999999999999,823.4616755367598,167.15366894684564,aff57b75-b439-4537-be22-743acedc8e5d,1,63,ZFM-03321
sniffing,no_stim,3.249999999999999,757.0777161944806,100.7697096045664,aff57b75-b439-4537-be22-743acedc8e5d,1,63,ZFM-03321
sniffing,no_stim,3.3499999999999988,726.5932887544432,70.28528216452901,aff57b75-b439-4537-be22-743acedc8e5d,1,63,ZFM-03321
sniffing,no_stim,3.449999999999999,690.4483079901155,34.14030140020134,aff57b75-b439-4537-be22-743acedc8e5d,1,63,ZFM-03321
sniffing,no_stim,3.549999999999999,671.6775928323963,15.369586242482114,aff57b75-b439-4537-be22-743acedc8e5d,1,63,ZFM-03321
sniffing,no_stim,3.649999999999999,658.3023562990255,1.9943497091113613,aff57b75-b439-4537-be22-743acedc8e5d,1,63,ZFM-03321
sniffing,no_stim,3.749999999999999,646.419045117791,-9.888961472123128,aff57b75-b439-4537-be22-743acedc8e5d,1,63,ZFM-03321
sniffing,no_stim,3.8499999999999988,657.0889148980415,0.7809083081273229,aff57b75-b439-4537-be22-743acedc8e5d,1,63,ZFM-03321
sniffing,no_stim,3.949999999999999,667.0991665981094,10.79116000819522,aff57b75-b439-4537-be22-743acedc8e5d,1,63,ZFM-03321
sniffing,stim,-0.45,1132.6207451227497,40.62869505539493,d0387aa6-b648-466a-b5a6-bb647c8acc41,0,80,ZFM-03331
sniffing,stim,-0.35000000000000003,1100.6711890406355,8.679138973280715,d0387aa6-b648-466a-b5a6-bb647c8acc41,0,80,ZFM-03331
sniffing,stim,-0.25000000000000006,1064.4826679325786,-27.50938213477616,d0387aa6-b648-466a-b5a6-bb647c8acc41,0,80,ZFM-03331
sniffing,stim,-0.15000000000000008,1068.4333786038026,-23.558671463552173,d0387aa6-b648-466a-b5a6-bb647c8acc41,0,80,ZFM-03331
sniffing,stim,-0.050000000000000086,1093.7522696370067,1.7602195696520084,d0387aa6-b648-466a-b5a6-bb647c8acc41,0,80,ZFM-03331
sniffing,stim,0.04999999999999989,1104.8241858509846,12.832135783629838,d0387aa6-b648-466a-b5a6-bb647c8acc41,0,80,ZFM-03331
sniffing,stim,0.14999999999999986,1125.423046179702,33.4309961123472,d0387aa6-b648-466a-b5a6-bb647c8acc41,0,80,ZFM-03331
sniffing,stim,0.24999999999999983,1077.5024134128794,-14.489636654475362,d0387aa6-b648-466a-b5a6-bb647c8acc41,0,80,ZFM-03331
sniffing,stim,0.3499999999999998,1103.054840730834,11.06279066347929,d0387aa6-b648-466a-b5a6-bb647c8acc41,0,80,ZFM-03331
sniffing,stim,0.4499999999999998,1130.7907661496893,38.79871608233452,d0387aa6-b648-466a-b5a6-bb647c8acc41,0,80,ZFM-03331
sniffing,stim,0.5499999999999998,1213.460671345852,121.46862127849727,d0387aa6-b648-466a-b5a6-bb647c8acc41,0,80,ZFM-03331
sniffing,stim,0.6499999999999998,1271.4952132772364,179.50316320988168,d0387aa6-b648-466a-b5a6-bb647c8acc41,0,80,ZFM-03331
sniffing,stim,0.7499999999999998,1247.1016073686712,155.1095573013165,d0387aa6-b648-466a-b5a6-bb647c8acc41,0,80,ZFM-03331
sniffing,stim,0.8499999999999998,1257.8707600145067,165.87870994715195,d0387aa6-b648-466a-b5a6-bb647c8acc41,0,80,ZFM-03331
sniffing,stim,0.9499999999999997,1203.2397597190634,111.24770965170865,d0387aa6-b648-466a-b5a6-bb647c8acc41,0,80,ZFM-03331
sniffing,stim,1.0499999999999996,1149.0069304933968,57.014880426042055,d0387aa6-b648-466a-b5a6-bb647c8acc41,0,80,ZFM-03331
sniffing,stim,1.1499999999999997,1065.8356972110973,-26.1563528562574,d0387aa6-b648-466a-b5a6-bb647c8acc41,0,80,ZFM-03331
sniffing,stim,1.2499999999999998,1107.1838304393975,15.191780372042786,d0387aa6-b648-466a-b5a6-bb647c8acc41,0,80,ZFM-03331
sniffing,stim,1.3499999999999996,1209.83515758372,117.84310751636531,d0387aa6-b648-466a-b5a6-bb647c8acc41,0,80,ZFM-03331
sniffing,stim,1.4499999999999995,1194.5639658214077,102.57191575405295,d0387aa6-b648-466a-b5a6-bb647c8acc41,0,80,ZFM-03331
sniffing,stim,1.5499999999999996,1130.6743084858458,38.682258418491074,d0387aa6-b648-466a-b5a6-bb647c8acc41,0,80,ZFM-03331
sniffing,stim,1.6499999999999997,1099.1393909431324,7.147340875777672,d0387aa6-b648-466a-b5a6-bb647c8acc41,0,80,ZFM-03331
sniffing,stim,1.7499999999999996,1159.7137926373885,67.72174257003371,d0387aa6-b648-466a-b5a6-bb647c8acc41,0,80,ZFM-03331
sniffing,stim,1.8499999999999994,1300.6302636741984,208.6382136068437,d0387aa6-b648-466a-b5a6-bb647c8acc41,0,80,ZFM-03331
sniffing,stim,1.9499999999999995,1362.1807221164104,270.18867204905564,d0387aa6-b648-466a-b5a6-bb647c8acc41,0,80,ZFM-03331
sniffing,stim,2.0499999999999994,1318.1546816865634,226.1626316192087,d0387aa6-b648-466a-b5a6-bb647c8acc41,0,80,ZFM-03331
sniffing,stim,2.1499999999999995,1267.8950188924757,175.90296882512098,d0387aa6-b648-466a-b5a6-bb647c8acc41,0,80,ZFM-03331
sniffing,stim,2.249999999999999,1151.1337751077847,59.14172504042995,d0387aa6-b648-466a-b5a6-bb647c8acc41,0,80,ZFM-03331
sniffing,stim,2.349999999999999,1229.9300123799785,137.93796231262377,d0387aa6-b648-466a-b5a6-bb647c8acc41,0,80,ZFM-03331
sniffing,stim,2.4499999999999993,1238.9591738120057,146.96712374465096,d0387aa6-b648-466a-b5a6-bb647c8acc41,0,80,ZFM-03331
sniffing,stim,2.549999999999999,1272.8070597731426,180.81500970578782,d0387aa6-b648-466a-b5a6-bb647c8acc41,0,80,ZFM-03331
sniffing,stim,2.649999999999999,1215.778486876609,123.78643680925416,d0387aa6-b648-466a-b5a6-bb647c8acc41,0,80,ZFM-03331
sniffing,stim,2.749999999999999,1151.4222368511869,59.43018678383214,d0387aa6-b648-466a-b5a6-bb647c8acc41,0,80,ZFM-03331
sniffing,stim,2.849999999999999,1095.3173238722234,3.3252738048686297,d0387aa6-b648-466a-b5a6-bb647c8acc41,0,80,ZFM-03331
sniffing,stim,2.9499999999999993,1126.9281998602396,34.93614979288486,d0387aa6-b648-466a-b5a6-bb647c8acc41,0,80,ZFM-03331
sniffing,stim,3.049999999999999,1159.1800884325796,67.18803836522488,d0387aa6-b648-466a-b5a6-bb647c8acc41,0,80,ZFM-03331
sniffing,stim,3.149999999999999,1206.0800310164987,114.08798094914391,d0387aa6-b648-466a-b5a6-bb647c8acc41,0,80,ZFM-03331
sniffing,stim,3.249999999999999,1279.2513021126772,187.25925204532246,d0387aa6-b648-466a-b5a6-bb647c8acc41,0,80,ZFM-03331
sniffing,stim,3.3499999999999988,1329.6995448164453,237.70749474909053,d0387aa6-b648-466a-b5a6-bb647c8acc41,0,80,ZFM-03331
sniffing,stim,3.449999999999999,1405.3089094858108,313.31685941845603,d0387aa6-b648-466a-b5a6-bb647c8acc41,0,80,ZFM-03331
sniffing,stim,3.549999999999999,1371.4151115331874,279.4230614658327,d0387aa6-b648-466a-b5a6-bb647c8acc41,0,80,ZFM-03331
sniffing,stim,3.649999999999999,1281.9610030283807,189.96895296102593,d0387aa6-b648-466a-b5a6-bb647c8acc41,0,80,ZFM-03331
sniffing,stim,3.749999999999999,1238.8254464498395,146.8333963824848,d0387aa6-b648-466a-b5a6-bb647c8acc41,0,80,ZFM-03331
sniffing,stim,3.8499999999999988,1301.5582463907301,209.56619632337538,d0387aa6-b648-466a-b5a6-bb647c8acc41,0,80,ZFM-03331
sniffing,stim,3.949999999999999,1329.7715768604194,237.77952679306463,d0387aa6-b648-466a-b5a6-bb647c8acc41,0,80,ZFM-03331
sniffing,no_stim,-0.45,1281.3392619420506,357.9582659937312,d0387aa6-b648-466a-b5a6-bb647c8acc41,0,57,ZFM-03331
sniffing,no_stim,-0.35000000000000003,1037.699259571865,114.31826362354559,d0387aa6-b648-466a-b5a6-bb647c8acc41,0,57,ZFM-03331
sniffing,no_stim,-0.25000000000000006,877.5885523443277,-45.79244360399173,d0387aa6-b648-466a-b5a6-bb647c8acc41,0,57,ZFM-03331
sniffing,no_stim,-0.15000000000000008,739.0026088355505,-184.3783871127689,d0387aa6-b648-466a-b5a6-bb647c8acc41,0,57,ZFM-03331
sniffing,no_stim,-0.050000000000000086,681.275297047803,-242.10569890051647,d0387aa6-b648-466a-b5a6-bb647c8acc41,0,57,ZFM-03331
sniffing,no_stim,0.04999999999999989,736.4892523556304,-186.89174359268907,d0387aa6-b648-466a-b5a6-bb647c8acc41,0,57,ZFM-03331
sniffing,no_stim,0.14999999999999986,813.6639696103944,-109.71702633792506,d0387aa6-b648-466a-b5a6-bb647c8acc41,0,57,ZFM-03331
sniffing,no_stim,0.24999999999999983,905.5034395041794,-17.877556444140055,d0387aa6-b648-466a-b5a6-bb647c8acc41,0,57,ZFM-03331
sniffing,no_stim,0.3499999999999998,923.7751972673575,0.39420131903807487,d0387aa6-b648-466a-b5a6-bb647c8acc41,0,57,ZFM-03331
sniffing,no_stim,0.4499999999999998,856.5339437574927,-66.84705219082673,d0387aa6-b648-466a-b5a6-bb647c8acc41,0,57,ZFM-03331
sniffing,no_stim,0.5499999999999998,958.0890490449075,34.70805309658806,d0387aa6-b648-466a-b5a6-bb647c8acc41,0,57,ZFM-03331
sniffing,no_stim,0.6499999999999998,1076.5258739895874,153.14487804126793,d0387aa6-b648-466a-b5a6-bb647c8acc41,0,57,ZFM-03331
sniffing,no_stim,0.7499999999999998,1186.529600571454,263.1486046231346,d0387aa6-b648-466a-b5a6-bb647c8acc41,0,57,ZFM-03331
sniffing,no_stim,0.8499999999999998,1174.170181175001,250.78918522668164,d0387aa6-b648-466a-b5a6-bb647c8acc41,0,57,ZFM-03331
sniffing,no_stim,0.9499999999999997,1064.0227467785114,140.641750830192,d0387aa6-b648-466a-b5a6-bb647c8acc41,0,57,ZFM-03331
sniffing,no_stim,1.0499999999999996,1006.308779403083,82.92778345476358,d0387aa6-b648-466a-b5a6-bb647c8acc41,0,57,ZFM-03331
sniffing,no_stim,1.1499999999999997,1079.623706312743,156.2427103644236,d0387aa6-b648-466a-b5a6-bb647c8acc41,0,57,ZFM-03331
sniffing,no_stim,1.2499999999999998,1133.0037598149404,209.62276386662097,d0387aa6-b648-466a-b5a6-bb647c8acc41,0,57,ZFM-03331
sniffing,no_stim,1.3499999999999996,1219.8451223431016,296.46412639478217,d0387aa6-b648-466a-b5a6-bb647c8acc41,0,57,ZFM-03331
sniffing,no_stim,1.4499999999999995,1178.6877617548903,255.30676580657087,d0387aa6-b648-466a-b5a6-bb647c8acc41,0,57,ZFM-03331
sniffing,no_stim,1.5499999999999996,1076.8338866166946,153.45289066837518,d0387aa6-b648-466a-b5a6-bb647c8acc41,0,57,ZFM-03331
sniffing,no_stim,1.6499999999999997,1137.706423742496,214.32542779417668,d0387aa6-b648-466a-b5a6-bb647c8acc41,0,57,ZFM-03331
sniffing,no_stim,1.7499999999999996,1204.1797040010836,280.79870805276414,d0387aa6-b648-466a-b5a6-bb647c8acc41,0,57,ZFM-03331
sniffing,no_stim,1.8499999999999994,1300.904354734543,377.5233587862235,d0387aa6-b648-466a-b5a6-bb647c8acc41,0,57,ZFM-03331
sniffing,no_stim,1.9499999999999995,1210.7078042404178,287.32680829209835,d0387aa6-b648-466a-b5a6-bb647c8acc41,0,57,ZFM-03331
sniffing,no_stim,2.0499999999999994,1105.9080151407454,182.527019192426,d0387aa6-b648-466a-b5a6-bb647c8acc41,0,57,ZFM-03331
sniffing,no_stim,2.1499999999999995,1110.4524249258961,187.07142897757672,d0387aa6-b648-466a-b5a6-bb647c8acc41,0,57,ZFM-03331
sniffing,no_stim,2.249999999999999,1255.2764440411179,331.89544809279846,d0387aa6-b648-466a-b5a6-bb647c8acc41,0,57,ZFM-03331
sniffing,no_stim,2.349999999999999,1413.2000774097403,489.81908146142086,d0387aa6-b648-466a-b5a6-bb647c8acc41,0,57,ZFM-03331
sniffing,no_stim,2.4499999999999993,1449.9180156044233,526.5370196561039,d0387aa6-b648-466a-b5a6-bb647c8acc41,0,57,ZFM-03331
sniffing,no_stim,2.549999999999999,1357.1212096612753,433.7402137129559,d0387aa6-b648-466a-b5a6-bb647c8acc41,0,57,ZFM-03331
sniffing,no_stim,2.649999999999999,1208.2714044522243,284.89040850390484,d0387aa6-b648-466a-b5a6-bb647c8acc41,0,57,ZFM-03331
sniffing,no_stim,2.749999999999999,1177.5722009189515,254.19120497063204,d0387aa6-b648-466a-b5a6-bb647c8acc41,0,57,ZFM-03331
sniffing,no_stim,2.849999999999999,1191.456206325018,268.0752103766986,d0387aa6-b648-466a-b5a6-bb647c8acc41,0,57,ZFM-03331
sniffing,no_stim,2.9499999999999993,1172.7975424960614,249.41654654774197,d0387aa6-b648-466a-b5a6-bb647c8acc41,0,57,ZFM-03331
sniffing,no_stim,3.049999999999999,1137.6171962314638,214.2362002831444,d0387aa6-b648-466a-b5a6-bb647c8acc41,0,57,ZFM-03331
sniffing,no_stim,3.149999999999999,1213.413448159552,290.03245221123257,d0387aa6-b648-466a-b5a6-bb647c8acc41,0,57,ZFM-03331
sniffing,no_stim,3.249999999999999,1210.5514383713862,287.1704424230668,d0387aa6-b648-466a-b5a6-bb647c8acc41,0,57,ZFM-03331
sniffing,no_stim,3.3499999999999988,1179.3909542945087,256.00995834618925,d0387aa6-b648-466a-b5a6-bb647c8acc41,0,57,ZFM-03331
sniffing,no_stim,3.449999999999999,1242.868276392716,319.4872804443967,d0387aa6-b648-466a-b5a6-bb647c8acc41,0,57,ZFM-03331
sniffing,no_stim,3.549999999999999,1221.2688268333081,297.8878308849887,d0387aa6-b648-466a-b5a6-bb647c8acc41,0,57,ZFM-03331
sniffing,no_stim,3.649999999999999,1139.3693217343266,215.98832578600718,d0387aa6-b648-466a-b5a6-bb647c8acc41,0,57,ZFM-03331
sniffing,no_stim,3.749999999999999,1108.0658432492642,184.68484730094474,d0387aa6-b648-466a-b5a6-bb647c8acc41,0,57,ZFM-03331
sniffing,no_stim,3.8499999999999988,1103.0907885830686,179.7097926347492,d0387aa6-b648-466a-b5a6-bb647c8acc41,0,57,ZFM-03331
sniffing,no_stim,3.949999999999999,1176.0808594861403,252.69986353782087,d0387aa6-b648-466a-b5a6-bb647c8acc41,0,57,ZFM-03331
sniffing,stim,-0.45,520.1828504762732,8.844735355716352,d0d46f77-1066-4568-a984-b2469f948aa2,0,153,ZFM-03331
sniffing,stim,-0.35000000000000003,520.6263288229462,9.288213702389385,d0d46f77-1066-4568-a984-b2469f948aa2,0,153,ZFM-03331
sniffing,stim,-0.25000000000000006,520.3336088129387,8.995493692381842,d0d46f77-1066-4568-a984-b2469f948aa2,0,153,ZFM-03331
sniffing,stim,-0.15000000000000008,517.3733997821512,6.035284661594346,d0d46f77-1066-4568-a984-b2469f948aa2,0,153,ZFM-03331
sniffing,stim,-0.050000000000000086,478.17438770847485,-33.16372741208198,d0d46f77-1066-4568-a984-b2469f948aa2,0,153,ZFM-03331
sniffing,stim,0.04999999999999989,463.9183005309011,-47.41981458965574,d0d46f77-1066-4568-a984-b2469f948aa2,0,153,ZFM-03331
sniffing,stim,0.14999999999999986,480.2894255420531,-31.04868957850374,d0d46f77-1066-4568-a984-b2469f948aa2,0,153,ZFM-03331
sniffing,stim,0.24999999999999983,542.2519996028025,30.913884482245635,d0d46f77-1066-4568-a984-b2469f948aa2,0,153,ZFM-03331
sniffing,stim,0.3499999999999998,596.6818078292707,85.34369270871389,d0d46f77-1066-4568-a984-b2469f948aa2,0,153,ZFM-03331
sniffing,stim,0.4499999999999998,646.7018915631764,135.3637764426196,d0d46f77-1066-4568-a984-b2469f948aa2,0,153,ZFM-03331
sniffing,stim,0.5499999999999998,701.1647361009083,189.82662098035144,d0d46f77-1066-4568-a984-b2469f948aa2,0,153,ZFM-03331
sniffing,stim,0.6499999999999998,759.4637384894053,248.12562336884844,d0d46f77-1066-4568-a984-b2469f948aa2,0,153,ZFM-03331
sniffing,stim,0.7499999999999998,829.2897830623975,317.9516679418407,d0d46f77-1066-4568-a984-b2469f948aa2,0,153,ZFM-03331
sniffing,stim,0.8499999999999998,851.1720614358978,339.833946315341,d0d46f77-1066-4568-a984-b2469f948aa2,0,153,ZFM-03331
sniffing,stim,0.9499999999999997,879.6180816288637,368.27996650830687,d0d46f77-1066-4568-a984-b2469f948aa2,0,153,ZFM-03331
sniffing,stim,1.0499999999999996,888.3506898348352,377.01257471427834,d0d46f77-1066-4568-a984-b2469f948aa2,0,153,ZFM-03331
sniffing,stim,1.1499999999999997,888.8445219626665,377.50640684210964,d0d46f77-1066-4568-a984-b2469f948aa2,0,153,ZFM-03331
sniffing,stim,1.2499999999999998,885.3113788229931,373.97326370243627,d0d46f77-1066-4568-a984-b2469f948aa2,0,153,ZFM-03331
sniffing,stim,1.3499999999999996,923.5990215156708,412.2609063951139,d0d46f77-1066-4568-a984-b2469f948aa2,0,153,ZFM-03331
sniffing,stim,1.4499999999999995,945.876745054747,434.5386299341901,d0d46f77-1066-4568-a984-b2469f948aa2,0,153,ZFM-03331
sniffing,stim,1.5499999999999996,955.2821690796753,443.9440539591185,d0d46f77-1066-4568-a984-b2469f948aa2,0,153,ZFM-03331
sniffing,stim,1.6499999999999997,979.3787604095078,468.04064528895094,d0d46f77-1066-4568-a984-b2469f948aa2,0,153,ZFM-03331
sniffing,stim,1.7499999999999996,969.4394511900194,458.1013360694626,d0d46f77-1066-4568-a984-b2469f948aa2,0,153,ZFM-03331
sniffing,stim,1.8499999999999994,1034.7273531157819,523.389237995225,d0d46f77-1066-4568-a984-b2469f948aa2,0,153,ZFM-03331
sniffing,stim,1.9499999999999995,1107.6822906802481,596.3441755596913,d0d46f77-1066-4568-a984-b2469f948aa2,0,153,ZFM-03331
sniffing,stim,2.0499999999999994,1127.2600400879608,615.9219249674039,d0d46f77-1066-4568-a984-b2469f948aa2,0,153,ZFM-03331
sniffing,stim,2.1499999999999995,1136.5978527543766,625.2597376338198,d0d46f77-1066-4568-a984-b2469f948aa2,0,153,ZFM-03331
sniffing,stim,2.249999999999999,1104.9876563340492,593.6495412134924,d0d46f77-1066-4568-a984-b2469f948aa2,0,153,ZFM-03331
sniffing,stim,2.349999999999999,1096.1822518770136,584.8441367564568,d0d46f77-1066-4568-a984-b2469f948aa2,0,153,ZFM-03331
sniffing,stim,2.4499999999999993,1030.4159184037126,519.0778032831557,d0d46f77-1066-4568-a984-b2469f948aa2,0,153,ZFM-03331
sniffing,stim,2.549999999999999,994.759083976665,483.4209688561082,d0d46f77-1066-4568-a984-b2469f948aa2,0,153,ZFM-03331
sniffing,stim,2.649999999999999,986.0032289330607,474.6651138125038,d0d46f77-1066-4568-a984-b2469f948aa2,0,153,ZFM-03331
sniffing,stim,2.749999999999999,968.6603385656866,457.3222234451298,d0d46f77-1066-4568-a984-b2469f948aa2,0,153,ZFM-03331
sniffing,stim,2.849999999999999,938.8223434359217,427.4842283153648,d0d46f77-1066-4568-a984-b2469f948aa2,0,153,ZFM-03331
sniffing,stim,2.9499999999999993,902.9165521841843,391.57843706362746,d0d46f77-1066-4568-a984-b2469f948aa2,0,153,ZFM-03331
sniffing,stim,3.049999999999999,880.4790300927199,369.14091497216305,d0d46f77-1066-4568-a984-b2469f948aa2,0,153,ZFM-03331
sniffing,stim,3.149999999999999,870.3702816373784,359.0321665168216,d0d46f77-1066-4568-a984-b2469f948aa2,0,153,ZFM-03331
sniffing,stim,3.249999999999999,864.6533267384772,353.31521161792034,d0d46f77-1066-4568-a984-b2469f948aa2,0,153,ZFM-03331
sniffing,stim,3.3499999999999988,852.4483731937748,341.110258073218,d0d46f77-1066-4568-a984-b2469f948aa2,0,153,ZFM-03331
sniffing,stim,3.449999999999999,840.7805208899277,329.4424057693709,d0d46f77-1066-4568-a984-b2469f948aa2,0,153,ZFM-03331
sniffing,stim,3.549999999999999,839.7857878414965,328.44767272093964,d0d46f77-1066-4568-a984-b2469f948aa2,0,153,ZFM-03331
sniffing,stim,3.649999999999999,821.3792234837186,310.0411083631618,d0d46f77-1066-4568-a984-b2469f948aa2,0,153,ZFM-03331
sniffing,stim,3.749999999999999,752.4835207404849,241.14540561992806,d0d46f77-1066-4568-a984-b2469f948aa2,0,153,ZFM-03331
sniffing,stim,3.8499999999999988,736.4868506566979,225.1487355361411,d0d46f77-1066-4568-a984-b2469f948aa2,0,153,ZFM-03331
sniffing,stim,3.949999999999999,791.0004924591839,279.66237733862704,d0d46f77-1066-4568-a984-b2469f948aa2,0,153,ZFM-03331
sniffing,no_stim,-0.45,518.8340553776688,75.30810278707395,d0d46f77-1066-4568-a984-b2469f948aa2,0,142,ZFM-03331
sniffing,no_stim,-0.35000000000000003,485.3526080314,41.8266554408051,d0d46f77-1066-4568-a984-b2469f948aa2,0,142,ZFM-03331
sniffing,no_stim,-0.25000000000000006,438.84332425280337,-4.682628337791527,d0d46f77-1066-4568-a984-b2469f948aa2,0,142,ZFM-03331
sniffing,no_stim,-0.15000000000000008,403.17785606962235,-40.34809652097255,d0d46f77-1066-4568-a984-b2469f948aa2,0,142,ZFM-03331
sniffing,no_stim,-0.050000000000000086,371.42191922148015,-72.10403336911475,d0d46f77-1066-4568-a984-b2469f948aa2,0,142,ZFM-03331
sniffing,no_stim,0.04999999999999989,374.9656819751105,-68.5602706154844,d0d46f77-1066-4568-a984-b2469f948aa2,0,142,ZFM-03331
sniffing,no_stim,0.14999999999999986,400.7616447063079,-42.76430788428701,d0d46f77-1066-4568-a984-b2469f948aa2,0,142,ZFM-03331
sniffing,no_stim,0.24999999999999983,450.8437232698676,7.317770679272712,d0d46f77-1066-4568-a984-b2469f948aa2,0,142,ZFM-03331
sniffing,no_stim,0.3499999999999998,571.6508408791109,128.124888288516,d0d46f77-1066-4568-a984-b2469f948aa2,0,142,ZFM-03331
sniffing,no_stim,0.4499999999999998,659.6290936766808,216.10314108608588,d0d46f77-1066-4568-a984-b2469f948aa2,0,142,ZFM-03331
sniffing,no_stim,0.5499999999999998,723.1694995237243,279.6435469331294,d0d46f77-1066-4568-a984-b2469f948aa2,0,142,ZFM-03331
sniffing,no_stim,0.6499999999999998,709.8143929638916,266.2884403732967,d0d46f77-1066-4568-a984-b2469f948aa2,0,142,ZFM-03331
sniffing,no_stim,0.7499999999999998,678.415376763312,234.8894241727171,d0d46f77-1066-4568-a984-b2469f948aa2,0,142,ZFM-03331
sniffing,no_stim,0.8499999999999998,644.7058013800689,201.17984878947402,d0d46f77-1066-4568-a984-b2469f948aa2,0,142,ZFM-03331
sniffing,no_stim,0.9499999999999997,640.1005735611648,196.57462097056987,d0d46f77-1066-4568-a984-b2469f948aa2,0,142,ZFM-03331
sniffing,no_stim,1.0499999999999996,671.1296202360503,227.6036676454554,d0d46f77-1066-4568-a984-b2469f948aa2,0,142,ZFM-03331
sniffing,no_stim,1.1499999999999997,696.2723068041428,252.74635421354787,d0d46f77-1066-4568-a984-b2469f948aa2,0,142,ZFM-03331
sniffing,no_stim,1.2499999999999998,698.558034929614,255.0320823390191,d0d46f77-1066-4568-a984-b2469f948aa2,0,142,ZFM-03331
sniffing,no_stim,1.3499999999999996,717.4083218123086,273.8823692217137,d0d46f77-1066-4568-a984-b2469f948aa2,0,142,ZFM-03331
sniffing,no_stim,1.4499999999999995,806.0366147776924,362.5106621870975,d0d46f77-1066-4568-a984-b2469f948aa2,0,142,ZFM-03331
sniffing,no_stim,1.5499999999999996,929.8078010679782,486.2818484773833,d0d46f77-1066-4568-a984-b2469f948aa2,0,142,ZFM-03331
sniffing,no_stim,1.6499999999999997,1000.2529096854062,556.7269570948113,d0d46f77-1066-4568-a984-b2469f948aa2,0,142,ZFM-03331
sniffing,no_stim,1.7499999999999996,1026.1095633110529,582.583610720458,d0d46f77-1066-4568-a984-b2469f948aa2,0,142,ZFM-03331
sniffing,no_stim,1.8499999999999994,1041.6735831027097,598.1476305121148,d0d46f77-1066-4568-a984-b2469f948aa2,0,142,ZFM-03331
sniffing,no_stim,1.9499999999999995,1080.2570305870047,636.7310779964098,d0d46f77-1066-4568-a984-b2469f948aa2,0,142,ZFM-03331
sniffing,no_stim,2.0499999999999994,1098.7109522454095,655.1849996548146,d0d46f77-1066-4568-a984-b2469f948aa2,0,142,ZFM-03331
sniffing,no_stim,2.1499999999999995,1076.8849735942,633.359021003605,d0d46f77-1066-4568-a984-b2469f948aa2,0,142,ZFM-03331
sniffing,no_stim,2.249999999999999,1076.0236734982047,632.4977209076098,d0d46f77-1066-4568-a984-b2469f948aa2,0,142,ZFM-03331
sniffing,no_stim,2.349999999999999,1036.485929050385,592.9599764597901,d0d46f77-1066-4568-a984-b2469f948aa2,0,142,ZFM-03331
sniffing,no_stim,2.4499999999999993,952.9570442969901,509.43109170639525,d0d46f77-1066-4568-a984-b2469f948aa2,0,142,ZFM-03331
sniffing,no_stim,2.549999999999999,894.356244330951,450.8302917403561,d0d46f77-1066-4568-a984-b2469f948aa2,0,142,ZFM-03331
sniffing,no_stim,2.649999999999999,867.8747594259394,424.3488068353445,d0d46f77-1066-4568-a984-b2469f948aa2,0,142,ZFM-03331
sniffing,no_stim,2.749999999999999,891.6518674460646,448.12591485546966,d0d46f77-1066-4568-a984-b2469f948aa2,0,142,ZFM-03331
sniffing,no_stim,2.849999999999999,896.091226765454,452.56527417485916,d0d46f77-1066-4568-a984-b2469f948aa2,0,142,ZFM-03331
sniffing,no_stim,2.9499999999999993,891.3122741517569,447.786321561162,d0d46f77-1066-4568-a984-b2469f948aa2,0,142,ZFM-03331
sniffing,no_stim,3.049999999999999,911.1158459889523,467.5898933983574,d0d46f77-1066-4568-a984-b2469f948aa2,0,142,ZFM-03331
sniffing,no_stim,3.149999999999999,945.1252273857523,501.5992747951574,d0d46f77-1066-4568-a984-b2469f948aa2,0,142,ZFM-03331
sniffing,no_stim,3.249999999999999,955.8764361673441,512.3504835767492,d0d46f77-1066-4568-a984-b2469f948aa2,0,142,ZFM-03331
sniffing,no_stim,3.3499999999999988,964.519585034244,520.9936324436491,d0d46f77-1066-4568-a984-b2469f948aa2,0,142,ZFM-03331
sniffing,no_stim,3.449999999999999,908.4144316385725,464.8884790479776,d0d46f77-1066-4568-a984-b2469f948aa2,0,142,ZFM-03331
sniffing,no_stim,3.549999999999999,847.1265470972883,403.60059450669337,d0d46f77-1066-4568-a984-b2469f948aa2,0,142,ZFM-03331
sniffing,no_stim,3.649999999999999,800.7181937459859,357.192241155391,d0d46f77-1066-4568-a984-b2469f948aa2,0,142,ZFM-03331
sniffing,no_stim,3.749999999999999,833.2222874877253,389.69633489713044,d0d46f77-1066-4568-a984-b2469f948aa2,0,142,ZFM-03331
sniffing,no_stim,3.8499999999999988,835.384731391784,391.85877880118915,d0d46f77-1066-4568-a984-b2469f948aa2,0,142,ZFM-03331
sniffing,no_stim,3.949999999999999,775.4166659606296,331.89071337003475,d0d46f77-1066-4568-a984-b2469f948aa2,0,142,ZFM-03331
sniffing,stim,-0.45,809.074346023537,128.7345471182523,31684e30-6708-4816-a8cb-c32c63ea7541,0,135,ZFM-03331
sniffing,stim,-0.35000000000000003,747.5249167449172,67.18511783963243,31684e30-6708-4816-a8cb-c32c63ea7541,0,135,ZFM-03331
sniffing,stim,-0.25000000000000006,677.9605523576166,-2.3792465476681173,31684e30-6708-4816-a8cb-c32c63ea7541,0,135,ZFM-03331
sniffing,stim,-0.15000000000000008,598.8567875897086,-81.48301131557616,31684e30-6708-4816-a8cb-c32c63ea7541,0,135,ZFM-03331
sniffing,stim,-0.050000000000000086,568.2823918106448,-112.05740709463998,31684e30-6708-4816-a8cb-c32c63ea7541,0,135,ZFM-03331
sniffing,stim,0.04999999999999989,596.5961033610085,-83.74369554427619,31684e30-6708-4816-a8cb-c32c63ea7541,0,135,ZFM-03331
sniffing,stim,0.14999999999999986,668.858410528923,-11.481388376361792,31684e30-6708-4816-a8cb-c32c63ea7541,0,135,ZFM-03331
sniffing,stim,0.24999999999999983,769.2999296094312,88.96013070414642,31684e30-6708-4816-a8cb-c32c63ea7541,0,135,ZFM-03331
sniffing,stim,0.3499999999999998,791.8558077353973,111.51600883011258,31684e30-6708-4816-a8cb-c32c63ea7541,0,135,ZFM-03331
sniffing,stim,0.4499999999999998,825.3702831501403,145.03048424485553,31684e30-6708-4816-a8cb-c32c63ea7541,0,135,ZFM-03331
sniffing,stim,0.5499999999999998,831.8373012083014,151.49750230301663,31684e30-6708-4816-a8cb-c32c63ea7541,0,135,ZFM-03331
sniffing,stim,0.6499999999999998,848.765319403489,168.42552049820426,31684e30-6708-4816-a8cb-c32c63ea7541,0,135,ZFM-03331
sniffing,stim,0.7499999999999998,863.7815157679642,183.4417168626794,31684e30-6708-4816-a8cb-c32c63ea7541,0,135,ZFM-03331
sniffing,stim,0.8499999999999998,878.9637594985795,198.62396059329478,31684e30-6708-4816-a8cb-c32c63ea7541,0,135,ZFM-03331
sniffing,stim,0.9499999999999997,915.6252606225329,235.28546171724815,31684e30-6708-4816-a8cb-c32c63ea7541,0,135,ZFM-03331
sniffing,stim,1.0499999999999996,906.5200786330622,226.18027972777747,31684e30-6708-4816-a8cb-c32c63ea7541,0,135,ZFM-03331
sniffing,stim,1.1499999999999997,918.6200652729602,238.2802663676755,31684e30-6708-4816-a8cb-c32c63ea7541,0,135,ZFM-03331
sniffing,stim,1.2499999999999998,979.9018879165111,299.56208901122636,31684e30-6708-4816-a8cb-c32c63ea7541,0,135,ZFM-03331
sniffing,stim,1.3499999999999996,1054.4810607348984,374.14126182961365,31684e30-6708-4816-a8cb-c32c63ea7541,0,135,ZFM-03331
sniffing,stim,1.4499999999999995,1077.0273371313797,396.68753822609494,31684e30-6708-4816-a8cb-c32c63ea7541,0,135,ZFM-03331
sniffing,stim,1.5499999999999996,1021.7365660599148,341.3967671546301,31684e30-6708-4816-a8cb-c32c63ea7541,0,135,ZFM-03331
sniffing,stim,1.6499999999999997,995.9605505796576,315.62075167437285,31684e30-6708-4816-a8cb-c32c63ea7541,0,135,ZFM-03331
sniffing,stim,1.7499999999999996,1054.9538937576276,374.6140948523429,31684e30-6708-4816-a8cb-c32c63ea7541,0,135,ZFM-03331
sniffing,stim,1.8499999999999994,1152.931672233989,472.5918733287043,31684e30-6708-4816-a8cb-c32c63ea7541,0,135,ZFM-03331
sniffing,stim,1.9499999999999995,1234.3564578908488,554.016658985564,31684e30-6708-4816-a8cb-c32c63ea7541,0,135,ZFM-03331
sniffing,stim,2.0499999999999994,1243.503689268528,563.1638903632432,31684e30-6708-4816-a8cb-c32c63ea7541,0,135,ZFM-03331
sniffing,stim,2.1499999999999995,1184.2781000353955,503.93830113011074,31684e30-6708-4816-a8cb-c32c63ea7541,0,135,ZFM-03331
sniffing,stim,2.249999999999999,1117.0796727676081,436.7398738623234,31684e30-6708-4816-a8cb-c32c63ea7541,0,135,ZFM-03331
sniffing,stim,2.349999999999999,1106.0565150067432,425.7167161014585,31684e30-6708-4816-a8cb-c32c63ea7541,0,135,ZFM-03331
sniffing,stim,2.4499999999999993,1159.368664746584,479.0288658412993,31684e30-6708-4816-a8cb-c32c63ea7541,0,135,ZFM-03331
sniffing,stim,2.549999999999999,1166.7237483046079,486.3839493993231,31684e30-6708-4816-a8cb-c32c63ea7541,0,135,ZFM-03331
sniffing,stim,2.649999999999999,1147.066248205738,466.7264493004533,31684e30-6708-4816-a8cb-c32c63ea7541,0,135,ZFM-03331
sniffing,stim,2.749999999999999,1142.3528914068324,462.0130925015477,31684e30-6708-4816-a8cb-c32c63ea7541,0,135,ZFM-03331
sniffing,stim,2.849999999999999,1086.2658617141258,405.92606280884104,31684e30-6708-4816-a8cb-c32c63ea7541,0,135,ZFM-03331
sniffing,stim,2.9499999999999993,1086.9872835146068,406.6474846093221,31684e30-6708-4816-a8cb-c32c63ea7541,0,135,ZFM-03331
sniffing,stim,3.049999999999999,1055.9665805273346,375.62678162204986,31684e30-6708-4816-a8cb-c32c63ea7541,0,135,ZFM-03331
sniffing,stim,3.149999999999999,1014.9499894241201,334.61019051883534,31684e30-6708-4816-a8cb-c32c63ea7541,0,135,ZFM-03331
sniffing,stim,3.249999999999999,1055.9511496249288,375.61135071964407,31684e30-6708-4816-a8cb-c32c63ea7541,0,135,ZFM-03331
sniffing,stim,3.3499999999999988,1118.3621324778796,438.0223335725949,31684e30-6708-4816-a8cb-c32c63ea7541,0,135,ZFM-03331
sniffing,stim,3.449999999999999,1160.9630071809702,480.62320827568544,31684e30-6708-4816-a8cb-c32c63ea7541,0,135,ZFM-03331
sniffing,stim,3.549999999999999,1169.6571862981489,489.31738739286413,31684e30-6708-4816-a8cb-c32c63ea7541,0,135,ZFM-03331
sniffing,stim,3.649999999999999,1127.3740812787512,447.03428237346645,31684e30-6708-4816-a8cb-c32c63ea7541,0,135,ZFM-03331
sniffing,stim,3.749999999999999,1087.5154714486696,407.17567254338485,31684e30-6708-4816-a8cb-c32c63ea7541,0,135,ZFM-03331
sniffing,stim,3.8499999999999988,1018.3536372577472,338.01383835246247,31684e30-6708-4816-a8cb-c32c63ea7541,0,135,ZFM-03331
sniffing,stim,3.949999999999999,946.8155754422019,266.4757765369171,31684e30-6708-4816-a8cb-c32c63ea7541,0,135,ZFM-03331
sniffing,no_stim,-0.45,842.3281840162787,189.11624202084238,31684e30-6708-4816-a8cb-c32c63ea7541,0,82,ZFM-03331
sniffing,no_stim,-0.35000000000000003,710.2435939167549,57.0316519213186,31684e30-6708-4816-a8cb-c32c63ea7541,0,82,ZFM-03331
sniffing,no_stim,-0.25000000000000006,624.2370100143656,-28.974931981070654,31684e30-6708-4816-a8cb-c32c63ea7541,0,82,ZFM-03331
sniffing,no_stim,-0.15000000000000008,562.5558948589144,-90.65604713652192,31684e30-6708-4816-a8cb-c32c63ea7541,0,82,ZFM-03331
sniffing,no_stim,-0.050000000000000086,526.6950271708679,-126.5169148245684,31684e30-6708-4816-a8cb-c32c63ea7541,0,82,ZFM-03331
sniffing,no_stim,0.04999999999999989,483.4761331637503,-169.73580883168597,31684e30-6708-4816-a8cb-c32c63ea7541,0,82,ZFM-03331
sniffing,no_stim,0.14999999999999986,505.00965186850925,-148.20229012692704,31684e30-6708-4816-a8cb-c32c63ea7541,0,82,ZFM-03331
sniffing,no_stim,0.24999999999999983,567.5537863790898,-85.65815561634645,31684e30-6708-4816-a8cb-c32c63ea7541,0,82,ZFM-03331
sniffing,no_stim,0.3499999999999998,700.3418281256003,47.12988613016398,31684e30-6708-4816-a8cb-c32c63ea7541,0,82,ZFM-03331
sniffing,no_stim,0.4499999999999998,827.4307692828032,174.21882728736693,31684e30-6708-4816-a8cb-c32c63ea7541,0,82,ZFM-03331
sniffing,no_stim,0.5499999999999998,907.0916769614383,253.87973496600205,31684e30-6708-4816-a8cb-c32c63ea7541,0,82,ZFM-03331
sniffing,no_stim,0.6499999999999998,932.1742699183366,278.9623279229003,31684e30-6708-4816-a8cb-c32c63ea7541,0,82,ZFM-03331
sniffing,no_stim,0.7499999999999998,893.6124353106297,240.40049331519344,31684e30-6708-4816-a8cb-c32c63ea7541,0,82,ZFM-03331
sniffing,no_stim,0.8499999999999998,915.6369229891245,262.4249809936882,31684e30-6708-4816-a8cb-c32c63ea7541,0,82,ZFM-03331
sniffing,no_stim,0.9499999999999997,914.9051984994718,261.6932565040355,31684e30-6708-4816-a8cb-c32c63ea7541,0,82,ZFM-03331
sniffing,no_stim,1.0499999999999996,968.0257508701131,314.81380887467685,31684e30-6708-4816-a8cb-c32c63ea7541,0,82,ZFM-03331
sniffing,no_stim,1.1499999999999997,1017.6294368052677,364.4174948098314,31684e30-6708-4816-a8cb-c32c63ea7541,0,82,ZFM-03331
sniffing,no_stim,1.2499999999999998,1051.3525954698816,398.14065347444534,31684e30-6708-4816-a8cb-c32c63ea7541,0,82,ZFM-03331
sniffing,no_stim,1.3499999999999996,1104.5122314252435,451.3002894298072,31684e30-6708-4816-a8cb-c32c63ea7541,0,82,ZFM-03331
sniffing,no_stim,1.4499999999999995,1132.3539312756552,479.1419892802189,31684e30-6708-4816-a8cb-c32c63ea7541,0,82,ZFM-03331
sniffing,no_stim,1.5499999999999996,1166.2463330080282,513.0343910125919,31684e30-6708-4816-a8cb-c32c63ea7541,0,82,ZFM-03331
sniffing,no_stim,1.6499999999999997,1170.1442922941947,516.9323502987584,31684e30-6708-4816-a8cb-c32c63ea7541,0,82,ZFM-03331
sniffing,no_stim,1.7499999999999996,1137.1440682875807,483.9321262921444,31684e30-6708-4816-a8cb-c32c63ea7541,0,82,ZFM-03331
sniffing,no_stim,1.8499999999999994,1104.7746227874454,451.56268079200913,31684e30-6708-4816-a8cb-c32c63ea7541,0,82,ZFM-03331
sniffing,no_stim,1.9499999999999995,1058.9821236617402,405.77018166630387,31684e30-6708-4816-a8cb-c32c63ea7541,0,82,ZFM-03331
sniffing,no_stim,2.0499999999999994,1048.388064271139,395.1761222757027,31684e30-6708-4816-a8cb-c32c63ea7541,0,82,ZFM-03331
sniffing,no_stim,2.1499999999999995,1033.4618599992973,380.249918003861,31684e30-6708-4816-a8cb-c32c63ea7541,0,82,ZFM-03331
sniffing,no_stim,2.249999999999999,1040.55686561687,387.34492362143374,31684e30-6708-4816-a8cb-c32c63ea7541,0,82,ZFM-03331
sniffing,no_stim,2.349999999999999,1062.9560014665658,409.7440594711295,31684e30-6708-4816-a8cb-c32c63ea7541,0,82,ZFM-03331
sniffing,no_stim,2.4499999999999993,1065.1929462853154,411.98100428987914,31684e30-6708-4816-a8cb-c32c63ea7541,0,82,ZFM-03331
sniffing,no_stim,2.549999999999999,1138.7428669398744,485.5309249444381,31684e30-6708-4816-a8cb-c32c63ea7541,0,82,ZFM-03331
sniffing,no_stim,2.649999999999999,1127.8609100110762,474.64896801563987,31684e30-6708-4816-a8cb-c32c63ea7541,0,82,ZFM-03331
sniffing,no_stim,2.749999999999999,1101.4602721465685,448.2483301511322,31684e30-6708-4816-a8cb-c32c63ea7541,0,82,ZFM-03331
sniffing,no_stim,2.849999999999999,1027.4901777978105,374.2782358023742,31684e30-6708-4816-a8cb-c32c63ea7541,0,82,ZFM-03331
sniffing,no_stim,2.9499999999999993,974.471918232396,321.2599762369597,31684e30-6708-4816-a8cb-c32c63ea7541,0,82,ZFM-03331
sniffing,no_stim,3.049999999999999,1015.8860433931949,362.6741013977586,31684e30-6708-4816-a8cb-c32c63ea7541,0,82,ZFM-03331
sniffing,no_stim,3.149999999999999,1055.7960665478602,402.5841245524239,31684e30-6708-4816-a8cb-c32c63ea7541,0,82,ZFM-03331
sniffing,no_stim,3.249999999999999,1082.0329542224383,428.82101222700203,31684e30-6708-4816-a8cb-c32c63ea7541,0,82,ZFM-03331
sniffing,no_stim,3.3499999999999988,1019.9694668744766,366.75752487904026,31684e30-6708-4816-a8cb-c32c63ea7541,0,82,ZFM-03331
sniffing,no_stim,3.449999999999999,1007.0643541809369,353.8524121855006,31684e30-6708-4816-a8cb-c32c63ea7541,0,82,ZFM-03331
sniffing,no_stim,3.549999999999999,1026.8767284978921,373.66478650245585,31684e30-6708-4816-a8cb-c32c63ea7541,0,82,ZFM-03331
sniffing,no_stim,3.649999999999999,1041.5836965565186,388.3717545610823,31684e30-6708-4816-a8cb-c32c63ea7541,0,82,ZFM-03331
sniffing,no_stim,3.749999999999999,1035.2010371611304,381.98909516569415,31684e30-6708-4816-a8cb-c32c63ea7541,0,82,ZFM-03331
sniffing,no_stim,3.8499999999999988,994.135388229346,340.92344623390966,31684e30-6708-4816-a8cb-c32c63ea7541,0,82,ZFM-03331
sniffing,no_stim,3.949999999999999,957.9320168427627,304.7200748473264,31684e30-6708-4816-a8cb-c32c63ea7541,0,82,ZFM-03331
sniffing,stim,-0.45,1525.8157332422697,394.6750385661014,37ba7dd8-714f-4c63-a7e3-548e35d8664a,1,61,ZFM-03329
sniffing,stim,-0.35000000000000003,1175.9292863637156,44.788591687547296,37ba7dd8-714f-4c63-a7e3-548e35d8664a,1,61,ZFM-03329
sniffing,stim,-0.25000000000000006,968.6139036163839,-162.5267910597844,37ba7dd8-714f-4c63-a7e3-548e35d8664a,1,61,ZFM-03329
sniffing,stim,-0.15000000000000008,945.4942096867059,-185.64648498946246,37ba7dd8-714f-4c63-a7e3-548e35d8664a,1,61,ZFM-03329
sniffing,stim,-0.050000000000000086,1039.850340471766,-91.29035420440232,37ba7dd8-714f-4c63-a7e3-548e35d8664a,1,61,ZFM-03329
sniffing,stim,0.04999999999999989,1312.6011422613153,181.460447585147,37ba7dd8-714f-4c63-a7e3-548e35d8664a,1,61,ZFM-03329
sniffing,stim,0.14999999999999986,1563.9766081561925,432.83591348002415,37ba7dd8-714f-4c63-a7e3-548e35d8664a,1,61,ZFM-03329
sniffing,stim,0.24999999999999983,1711.789513803049,580.6488191268807,37ba7dd8-714f-4c63-a7e3-548e35d8664a,1,61,ZFM-03329
sniffing,stim,0.3499999999999998,1666.667434779283,535.5267401031147,37ba7dd8-714f-4c63-a7e3-548e35d8664a,1,61,ZFM-03329
sniffing,stim,0.4499999999999998,1566.5306071208433,435.389912444675,37ba7dd8-714f-4c63-a7e3-548e35d8664a,1,61,ZFM-03329
sniffing,stim,0.5499999999999998,1569.886566578796,438.74587190262764,37ba7dd8-714f-4c63-a7e3-548e35d8664a,1,61,ZFM-03329
sniffing,stim,0.6499999999999998,1570.921775766522,439.7810810903536,37ba7dd8-714f-4c63-a7e3-548e35d8664a,1,61,ZFM-03329
sniffing,stim,0.7499999999999998,1542.6022773739871,411.4615826978188,37ba7dd8-714f-4c63-a7e3-548e35d8664a,1,61,ZFM-03329
sniffing,stim,0.8499999999999998,1455.796019726454,324.6553250502857,37ba7dd8-714f-4c63-a7e3-548e35d8664a,1,61,ZFM-03329
sniffing,stim,0.9499999999999997,1447.704136740921,316.56344206475273,37ba7dd8-714f-4c63-a7e3-548e35d8664a,1,61,ZFM-03329
sniffing,stim,1.0499999999999996,1478.1782424137639,347.03754773759556,37ba7dd8-714f-4c63-a7e3-548e35d8664a,1,61,ZFM-03329
sniffing,stim,1.1499999999999997,1549.158006047891,418.0173113717226,37ba7dd8-714f-4c63-a7e3-548e35d8664a,1,61,ZFM-03329
sniffing,stim,1.2499999999999998,1721.0739293591848,589.9332346830165,37ba7dd8-714f-4c63-a7e3-548e35d8664a,1,61,ZFM-03329
sniffing,stim,1.3499999999999996,1835.7043753994385,704.5636807232702,37ba7dd8-714f-4c63-a7e3-548e35d8664a,1,61,ZFM-03329
sniffing,stim,1.4499999999999995,1870.3037323709696,739.1630376948012,37ba7dd8-714f-4c63-a7e3-548e35d8664a,1,61,ZFM-03329
sniffing,stim,1.5499999999999996,1826.9244403954567,695.7837457192884,37ba7dd8-714f-4c63-a7e3-548e35d8664a,1,61,ZFM-03329
sniffing,stim,1.6499999999999997,1930.3117642153618,799.1710695391935,37ba7dd8-714f-4c63-a7e3-548e35d8664a,1,61,ZFM-03329
sniffing,stim,1.7499999999999996,2013.0362738454958,881.8955791693274,37ba7dd8-714f-4c63-a7e3-548e35d8664a,1,61,ZFM-03329
sniffing,stim,1.8499999999999994,2088.75019687553,957.6095021993617,37ba7dd8-714f-4c63-a7e3-548e35d8664a,1,61,ZFM-03329
sniffing,stim,1.9499999999999995,2025.6474218072603,894.506727131092,37ba7dd8-714f-4c63-a7e3-548e35d8664a,1,61,ZFM-03329
sniffing,stim,2.0499999999999994,2096.0524038903977,964.9117092142294,37ba7dd8-714f-4c63-a7e3-548e35d8664a,1,61,ZFM-03329
sniffing,stim,2.1499999999999995,2128.4665812824815,997.3258866063131,37ba7dd8-714f-4c63-a7e3-548e35d8664a,1,61,ZFM-03329
sniffing,stim,2.249999999999999,2243.7661761222594,1112.625481446091,37ba7dd8-714f-4c63-a7e3-548e35d8664a,1,61,ZFM-03329
sniffing,stim,2.349999999999999,2230.5122701574865,1099.3715754813181,37ba7dd8-714f-4c63-a7e3-548e35d8664a,1,61,ZFM-03329
sniffing,stim,2.4499999999999993,2172.1969098912145,1041.0562152150462,37ba7dd8-714f-4c63-a7e3-548e35d8664a,1,61,ZFM-03329
sniffing,stim,2.549999999999999,2115.3065744591613,984.165879782993,37ba7dd8-714f-4c63-a7e3-548e35d8664a,1,61,ZFM-03329
sniffing,stim,2.649999999999999,1960.7026739228716,829.5619792467032,37ba7dd8-714f-4c63-a7e3-548e35d8664a,1,61,ZFM-03329
sniffing,stim,2.749999999999999,1887.4976516707643,756.356956994596,37ba7dd8-714f-4c63-a7e3-548e35d8664a,1,61,ZFM-03329
sniffing,stim,2.849999999999999,1849.8259608573962,718.6852661812279,37ba7dd8-714f-4c63-a7e3-548e35d8664a,1,61,ZFM-03329
sniffing,stim,2.9499999999999993,1964.0731687271832,832.9324740510149,37ba7dd8-714f-4c63-a7e3-548e35d8664a,1,61,ZFM-03329
sniffing,stim,3.049999999999999,2028.1462850506798,897.0055903745115,37ba7dd8-714f-4c63-a7e3-548e35d8664a,1,61,ZFM-03329
sniffing,stim,3.149999999999999,2013.9991583057504,882.858463629582,37ba7dd8-714f-4c63-a7e3-548e35d8664a,1,61,ZFM-03329
sniffing,stim,3.249999999999999,1961.6164595028013,830.4757648266329,37ba7dd8-714f-4c63-a7e3-548e35d8664a,1,61,ZFM-03329
sniffing,stim,3.3499999999999988,2129.0876871950995,997.9469925189312,37ba7dd8-714f-4c63-a7e3-548e35d8664a,1,61,ZFM-03329
sniffing,stim,3.449999999999999,2293.8302120711705,1162.6895173950022,37ba7dd8-714f-4c63-a7e3-548e35d8664a,1,61,ZFM-03329
sniffing,stim,3.549999999999999,2296.5729441744757,1165.4322494983073,37ba7dd8-714f-4c63-a7e3-548e35d8664a,1,61,ZFM-03329
sniffing,stim,3.649999999999999,2254.4106988805624,1123.2700042043941,37ba7dd8-714f-4c63-a7e3-548e35d8664a,1,61,ZFM-03329
sniffing,stim,3.749999999999999,2278.2163306129933,1147.075635936825,37ba7dd8-714f-4c63-a7e3-548e35d8664a,1,61,ZFM-03329
sniffing,stim,3.8499999999999988,2233.858200243177,1102.7175055670089,37ba7dd8-714f-4c63-a7e3-548e35d8664a,1,61,ZFM-03329
sniffing,stim,3.949999999999999,2157.6895871806155,1026.5488925044472,37ba7dd8-714f-4c63-a7e3-548e35d8664a,1,61,ZFM-03329
sniffing,no_stim,-0.45,1220.9533144371371,208.94355031165264,37ba7dd8-714f-4c63-a7e3-548e35d8664a,1,45,ZFM-03329
sniffing,no_stim,-0.35000000000000003,1061.0184731109787,49.008708985494195,37ba7dd8-714f-4c63-a7e3-548e35d8664a,1,45,ZFM-03329
sniffing,no_stim,-0.25000000000000006,994.9388083438979,-17.070955781586576,37ba7dd8-714f-4c63-a7e3-548e35d8664a,1,45,ZFM-03329
sniffing,no_stim,-0.15000000000000008,887.1104844725716,-124.89927965291292,37ba7dd8-714f-4c63-a7e3-548e35d8664a,1,45,ZFM-03329
sniffing,no_stim,-0.050000000000000086,896.0277402628368,-115.98202386264768,37ba7dd8-714f-4c63-a7e3-548e35d8664a,1,45,ZFM-03329
sniffing,no_stim,0.04999999999999989,856.847761630055,-155.16200249542953,37ba7dd8-714f-4c63-a7e3-548e35d8664a,1,45,ZFM-03329
sniffing,no_stim,0.14999999999999986,950.9809837134567,-61.0287804120278,37ba7dd8-714f-4c63-a7e3-548e35d8664a,1,45,ZFM-03329
sniffing,no_stim,0.24999999999999983,1140.3478109745927,128.3380468491082,37ba7dd8-714f-4c63-a7e3-548e35d8664a,1,45,ZFM-03329
sniffing,no_stim,0.3499999999999998,1247.4816219350562,235.4718578095717,37ba7dd8-714f-4c63-a7e3-548e35d8664a,1,45,ZFM-03329
sniffing,no_stim,0.4499999999999998,1299.8657237695145,287.85595964403,37ba7dd8-714f-4c63-a7e3-548e35d8664a,1,45,ZFM-03329
sniffing,no_stim,0.5499999999999998,1340.1345379468407,328.12477382135626,37ba7dd8-714f-4c63-a7e3-548e35d8664a,1,45,ZFM-03329
sniffing,no_stim,0.6499999999999998,1304.4814229794438,292.4716588539593,37ba7dd8-714f-4c63-a7e3-548e35d8664a,1,45,ZFM-03329
sniffing,no_stim,0.7499999999999998,1241.840776932904,229.83101280741948,37ba7dd8-714f-4c63-a7e3-548e35d8664a,1,45,ZFM-03329
sniffing,no_stim,0.8499999999999998,1212.0788299322492,200.06906580676468,37ba7dd8-714f-4c63-a7e3-548e35d8664a,1,45,ZFM-03329
sniffing,no_stim,0.9499999999999997,1322.3489191290307,310.33915500354624,37ba7dd8-714f-4c63-a7e3-548e35d8664a,1,45,ZFM-03329
sniffing,no_stim,1.0499999999999996,1305.541888259834,293.5321241343495,37ba7dd8-714f-4c63-a7e3-548e35d8664a,1,45,ZFM-03329
sniffing,no_stim,1.1499999999999997,1283.4835068140326,271.4737426885481,37ba7dd8-714f-4c63-a7e3-548e35d8664a,1,45,ZFM-03329
sniffing,no_stim,1.2499999999999998,1351.405822752481,339.3960586269966,37ba7dd8-714f-4c63-a7e3-548e35d8664a,1,45,ZFM-03329
sniffing,no_stim,1.3499999999999996,1512.0316134403013,500.0218493148168,37ba7dd8-714f-4c63-a7e3-548e35d8664a,1,45,ZFM-03329
sniffing,no_stim,1.4499999999999995,1489.821217085878,477.8114529603936,37ba7dd8-714f-4c63-a7e3-548e35d8664a,1,45,ZFM-03329
sniffing,no_stim,1.5499999999999996,1464.9406599340737,452.9308958085892,37ba7dd8-714f-4c63-a7e3-548e35d8664a,1,45,ZFM-03329
sniffing,no_stim,1.6499999999999997,1466.04721132867,454.0374472031856,37ba7dd8-714f-4c63-a7e3-548e35d8664a,1,45,ZFM-03329
sniffing,no_stim,1.7499999999999996,1438.6725670668814,426.6628029413969,37ba7dd8-714f-4c63-a7e3-548e35d8664a,1,45,ZFM-03329
sniffing,no_stim,1.8499999999999994,1431.050947351814,419.0411832263296,37ba7dd8-714f-4c63-a7e3-548e35d8664a,1,45,ZFM-03329
sniffing,no_stim,1.9499999999999995,1397.5425984430788,385.5328343175943,37ba7dd8-714f-4c63-a7e3-548e35d8664a,1,45,ZFM-03329
sniffing,no_stim,2.0499999999999994,1369.4263873357374,357.41662321025296,37ba7dd8-714f-4c63-a7e3-548e35d8664a,1,45,ZFM-03329
sniffing,no_stim,2.1499999999999995,1297.3902166322143,285.38045250672985,37ba7dd8-714f-4c63-a7e3-548e35d8664a,1,45,ZFM-03329
sniffing,no_stim,2.249999999999999,1177.9332605540417,165.9234964285572,37ba7dd8-714f-4c63-a7e3-548e35d8664a,1,45,ZFM-03329
sniffing,no_stim,2.349999999999999,1130.7605625569408,118.75079843145636,37ba7dd8-714f-4c63-a7e3-548e35d8664a,1,45,ZFM-03329
sniffing,no_stim,2.4499999999999993,1188.4611208971635,176.451356771679,37ba7dd8-714f-4c63-a7e3-548e35d8664a,1,45,ZFM-03329
sniffing,no_stim,2.549999999999999,1371.3712075789929,359.3614434535084,37ba7dd8-714f-4c63-a7e3-548e35d8664a,1,45,ZFM-03329
sniffing,no_stim,2.649999999999999,1701.3759170793635,689.366152953879,37ba7dd8-714f-4c63-a7e3-548e35d8664a,1,45,ZFM-03329
sniffing,no_stim,2.749999999999999,1786.8267899834007,774.8170258579162,37ba7dd8-714f-4c63-a7e3-548e35d8664a,1,45,ZFM-03329
sniffing,no_stim,2.849999999999999,1693.8665469105986,681.8567827851141,37ba7dd8-714f-4c63-a7e3-548e35d8664a,1,45,ZFM-03329
sniffing,no_stim,2.9499999999999993,1631.8708702485608,619.8611061230763,37ba7dd8-714f-4c63-a7e3-548e35d8664a,1,45,ZFM-03329
sniffing,no_stim,3.049999999999999,1530.8677726861997,518.8580085607152,37ba7dd8-714f-4c63-a7e3-548e35d8664a,1,45,ZFM-03329
sniffing,no_stim,3.149999999999999,1496.6076777910785,484.597913665594,37ba7dd8-714f-4c63-a7e3-548e35d8664a,1,45,ZFM-03329
sniffing,no_stim,3.249999999999999,1504.0681729562064,492.0584088307219,37ba7dd8-714f-4c63-a7e3-548e35d8664a,1,45,ZFM-03329
sniffing,no_stim,3.3499999999999988,1647.66762373993,635.6578596144454,37ba7dd8-714f-4c63-a7e3-548e35d8664a,1,45,ZFM-03329
sniffing,no_stim,3.449999999999999,1650.41448342746,638.4047193019755,37ba7dd8-714f-4c63-a7e3-548e35d8664a,1,45,ZFM-03329
sniffing,no_stim,3.549999999999999,1526.4502018375874,514.440437712103,37ba7dd8-714f-4c63-a7e3-548e35d8664a,1,45,ZFM-03329
sniffing,no_stim,3.649999999999999,1378.6586783266016,366.6489142011171,37ba7dd8-714f-4c63-a7e3-548e35d8664a,1,45,ZFM-03329
sniffing,no_stim,3.749999999999999,1359.4478172063862,347.4380530809017,37ba7dd8-714f-4c63-a7e3-548e35d8664a,1,45,ZFM-03329
sniffing,no_stim,3.8499999999999988,1343.259035353037,331.2492712275525,37ba7dd8-714f-4c63-a7e3-548e35d8664a,1,45,ZFM-03329
sniffing,no_stim,3.949999999999999,1354.5789786455048,342.5692145200203,37ba7dd8-714f-4c63-a7e3-548e35d8664a,1,45,ZFM-03329
sniffing,stim,-0.45,945.8242432169111,117.90273988127251,e0b73b6d-3409-441b-95ce-f22f5d22d380,1,61,ZFM-03329
sniffing,stim,-0.35000000000000003,831.7087558281053,3.7872524924666777,e0b73b6d-3409-441b-95ce-f22f5d22d380,1,61,ZFM-03329
sniffing,stim,-0.25000000000000006,746.1502872967728,-81.77121603886576,e0b73b6d-3409-441b-95ce-f22f5d22d380,1,61,ZFM-03329
sniffing,stim,-0.15000000000000008,744.1661420569089,-83.75536127872965,e0b73b6d-3409-441b-95ce-f22f5d22d380,1,61,ZFM-03329
sniffing,stim,-0.050000000000000086,871.7580882794947,43.83658494385611,e0b73b6d-3409-441b-95ce-f22f5d22d380,1,61,ZFM-03329
sniffing,stim,0.04999999999999989,1052.9807383253167,225.0592349896781,e0b73b6d-3409-441b-95ce-f22f5d22d380,1,61,ZFM-03329
sniffing,stim,0.14999999999999986,1153.5015402145937,325.58003687895507,e0b73b6d-3409-441b-95ce-f22f5d22d380,1,61,ZFM-03329
sniffing,stim,0.24999999999999983,1187.5520172216604,359.63051388602184,e0b73b6d-3409-441b-95ce-f22f5d22d380,1,61,ZFM-03329
sniffing,stim,0.3499999999999998,1145.551274869904,317.6297715342655,e0b73b6d-3409-441b-95ce-f22f5d22d380,1,61,ZFM-03329
sniffing,stim,0.4499999999999998,1145.9797523364598,318.0582490008212,e0b73b6d-3409-441b-95ce-f22f5d22d380,1,61,ZFM-03329
sniffing,stim,0.5499999999999998,1162.2180277571078,334.29652442146926,e0b73b6d-3409-441b-95ce-f22f5d22d380,1,61,ZFM-03329
sniffing,stim,0.6499999999999998,1160.4988557459055,332.57735241026694,e0b73b6d-3409-441b-95ce-f22f5d22d380,1,61,ZFM-03329
sniffing,stim,0.7499999999999998,1241.0972350788522,413.17573174321365,e0b73b6d-3409-441b-95ce-f22f5d22d380,1,61,ZFM-03329
sniffing,stim,0.8499999999999998,1259.2511399827195,431.32963664708086,e0b73b6d-3409-441b-95ce-f22f5d22d380,1,61,ZFM-03329
sniffing,stim,0.9499999999999997,1229.7693139742582,401.84781063861965,e0b73b6d-3409-441b-95ce-f22f5d22d380,1,61,ZFM-03329
sniffing,stim,1.0499999999999996,1155.137183020891,327.2156796852523,e0b73b6d-3409-441b-95ce-f22f5d22d380,1,61,ZFM-03329
sniffing,stim,1.1499999999999997,1153.0407181949927,325.1192148593541,e0b73b6d-3409-441b-95ce-f22f5d22d380,1,61,ZFM-03329
sniffing,stim,1.2499999999999998,1235.088927184445,407.1674238488065,e0b73b6d-3409-441b-95ce-f22f5d22d380,1,61,ZFM-03329
sniffing,stim,1.3499999999999996,1296.615534359442,468.6940310238035,e0b73b6d-3409-441b-95ce-f22f5d22d380,1,61,ZFM-03329
sniffing,stim,1.4499999999999995,1254.8404361412408,426.91893280560225,e0b73b6d-3409-441b-95ce-f22f5d22d380,1,61,ZFM-03329
sniffing,stim,1.5499999999999996,1284.3802706557944,456.45876732015586,e0b73b6d-3409-441b-95ce-f22f5d22d380,1,61,ZFM-03329
sniffing,stim,1.6499999999999997,1452.8519152559857,624.9304119203471,e0b73b6d-3409-441b-95ce-f22f5d22d380,1,61,ZFM-03329
sniffing,stim,1.7499999999999996,1710.2551222187767,882.3336188831381,e0b73b6d-3409-441b-95ce-f22f5d22d380,1,61,ZFM-03329
sniffing,stim,1.8499999999999994,1912.4631146147317,1084.541611279093,e0b73b6d-3409-441b-95ce-f22f5d22d380,1,61,ZFM-03329
sniffing,stim,1.9499999999999995,1891.7750485515537,1063.8535452159151,e0b73b6d-3409-441b-95ce-f22f5d22d380,1,61,ZFM-03329
sniffing,stim,2.0499999999999994,1686.7088585737029,858.7873552380643,e0b73b6d-3409-441b-95ce-f22f5d22d380,1,61,ZFM-03329
sniffing,stim,2.1499999999999995,1493.73791391246,665.8164105768215,e0b73b6d-3409-441b-95ce-f22f5d22d380,1,61,ZFM-03329
sniffing,stim,2.249999999999999,1461.5979182722597,633.6764149366211,e0b73b6d-3409-441b-95ce-f22f5d22d380,1,61,ZFM-03329
sniffing,stim,2.349999999999999,1375.5592568803459,547.6377535447073,e0b73b6d-3409-441b-95ce-f22f5d22d380,1,61,ZFM-03329
sniffing,stim,2.4499999999999993,1237.0985533108435,409.1770499752049,e0b73b6d-3409-441b-95ce-f22f5d22d380,1,61,ZFM-03329
sniffing,stim,2.549999999999999,1119.4754924393822,291.55398910374356,e0b73b6d-3409-441b-95ce-f22f5d22d380,1,61,ZFM-03329
sniffing,stim,2.649999999999999,1172.9178320140352,344.9963286783966,e0b73b6d-3409-441b-95ce-f22f5d22d380,1,61,ZFM-03329
sniffing,stim,2.749999999999999,1266.7368393990043,438.81533606336575,e0b73b6d-3409-441b-95ce-f22f5d22d380,1,61,ZFM-03329
sniffing,stim,2.849999999999999,1263.1988426238765,435.27733928823795,e0b73b6d-3409-441b-95ce-f22f5d22d380,1,61,ZFM-03329
sniffing,stim,2.9499999999999993,1185.760932865891,357.83942953025235,e0b73b6d-3409-441b-95ce-f22f5d22d380,1,61,ZFM-03329
sniffing,stim,3.049999999999999,1148.212512505726,320.29100917008736,e0b73b6d-3409-441b-95ce-f22f5d22d380,1,61,ZFM-03329
sniffing,stim,3.149999999999999,1199.7866734605966,371.865170124958,e0b73b6d-3409-441b-95ce-f22f5d22d380,1,61,ZFM-03329
sniffing,stim,3.249999999999999,1278.1380344740614,450.21653113842285,e0b73b6d-3409-441b-95ce-f22f5d22d380,1,61,ZFM-03329
sniffing,stim,3.3499999999999988,1342.4641118007341,514.5426084650956,e0b73b6d-3409-441b-95ce-f22f5d22d380,1,61,ZFM-03329
sniffing,stim,3.449999999999999,1306.216467263135,478.2949639274964,e0b73b6d-3409-441b-95ce-f22f5d22d380,1,61,ZFM-03329
sniffing,stim,3.549999999999999,1261.635055772154,433.71355243651533,e0b73b6d-3409-441b-95ce-f22f5d22d380,1,61,ZFM-03329
sniffing,stim,3.649999999999999,1230.8544314748776,402.93292813923904,e0b73b6d-3409-441b-95ce-f22f5d22d380,1,61,ZFM-03329
sniffing,stim,3.749999999999999,1172.1176882631664,344.19618492752784,e0b73b6d-3409-441b-95ce-f22f5d22d380,1,61,ZFM-03329
sniffing,stim,3.8499999999999988,1138.3260416272708,310.4045382916322,e0b73b6d-3409-441b-95ce-f22f5d22d380,1,61,ZFM-03329
sniffing,stim,3.949999999999999,1009.2148487477795,181.29334541214087,e0b73b6d-3409-441b-95ce-f22f5d22d380,1,61,ZFM-03329
sniffing,no_stim,-0.45,915.6725383718605,-98.48618784794951,e0b73b6d-3409-441b-95ce-f22f5d22d380,1,45,ZFM-03329
sniffing,no_stim,-0.35000000000000003,969.0142241310945,-45.14450208871551,e0b73b6d-3409-441b-95ce-f22f5d22d380,1,45,ZFM-03329
sniffing,no_stim,-0.25000000000000006,1019.9133822863815,5.754656066571556,e0b73b6d-3409-441b-95ce-f22f5d22d380,1,45,ZFM-03329
sniffing,no_stim,-0.15000000000000008,1055.5728475681728,41.41412134836287,e0b73b6d-3409-441b-95ce-f22f5d22d380,1,45,ZFM-03329
sniffing,no_stim,-0.050000000000000086,1110.6206387415405,96.46191252173048,e0b73b6d-3409-441b-95ce-f22f5d22d380,1,45,ZFM-03329
sniffing,no_stim,0.04999999999999989,1178.073929279177,163.91520305936706,e0b73b6d-3409-441b-95ce-f22f5d22d380,1,45,ZFM-03329
sniffing,no_stim,0.14999999999999986,1187.3755874194312,173.21686119962123,e0b73b6d-3409-441b-95ce-f22f5d22d380,1,45,ZFM-03329
sniffing,no_stim,0.24999999999999983,1175.2552251862685,161.0964989664585,e0b73b6d-3409-441b-95ce-f22f5d22d380,1,45,ZFM-03329
sniffing,no_stim,0.3499999999999998,1137.1218710745902,122.96314485478024,e0b73b6d-3409-441b-95ce-f22f5d22d380,1,45,ZFM-03329
sniffing,no_stim,0.4499999999999998,1128.8719997858848,114.7132735660748,e0b73b6d-3409-441b-95ce-f22f5d22d380,1,45,ZFM-03329
sniffing,no_stim,0.5499999999999998,1086.2048016612268,72.04607544141686,e0b73b6d-3409-441b-95ce-f22f5d22d380,1,45,ZFM-03329
sniffing,no_stim,0.6499999999999998,1006.6890037902987,-7.469722429511307,e0b73b6d-3409-441b-95ce-f22f5d22d380,1,45,ZFM-03329
sniffing,no_stim,0.7499999999999998,871.6067635382619,-142.55196268154805,e0b73b6d-3409-441b-95ce-f22f5d22d380,1,45,ZFM-03329
sniffing,no_stim,0.8499999999999998,798.0567644362719,-216.10196178353806,e0b73b6d-3409-441b-95ce-f22f5d22d380,1,45,ZFM-03329
sniffing,no_stim,0.9499999999999997,828.3422169314542,-185.81650928835575,e0b73b6d-3409-441b-95ce-f22f5d22d380,1,45,ZFM-03329
sniffing,no_stim,1.0499999999999996,913.6922839278933,-100.46644229191668,e0b73b6d-3409-441b-95ce-f22f5d22d380,1,45,ZFM-03329
sniffing,no_stim,1.1499999999999997,992.9968574106518,-21.161868809158136,e0b73b6d-3409-441b-95ce-f22f5d22d380,1,45,ZFM-03329
sniffing,no_stim,1.2499999999999998,1023.2771475241365,9.118421304326489,e0b73b6d-3409-441b-95ce-f22f5d22d380,1,45,ZFM-03329
sniffing,no_stim,1.3499999999999996,1062.5499766829566,48.39125046314666,e0b73b6d-3409-441b-95ce-f22f5d22d380,1,45,ZFM-03329
sniffing,no_stim,1.4499999999999995,966.2347919242013,-47.92393429560866,e0b73b6d-3409-441b-95ce-f22f5d22d380,1,45,ZFM-03329
sniffing,no_stim,1.5499999999999996,905.93720498758,-108.22152123222997,e0b73b6d-3409-441b-95ce-f22f5d22d380,1,45,ZFM-03329
sniffing,no_stim,1.6499999999999997,860.0316837579369,-154.1270424618731,e0b73b6d-3409-441b-95ce-f22f5d22d380,1,45,ZFM-03329
sniffing,no_stim,1.7499999999999996,889.639610598537,-124.51911562127293,e0b73b6d-3409-441b-95ce-f22f5d22d380,1,45,ZFM-03329
sniffing,no_stim,1.8499999999999994,830.9681636642449,-183.19056255556507,e0b73b6d-3409-441b-95ce-f22f5d22d380,1,45,ZFM-03329
sniffing,no_stim,1.9499999999999995,896.7628098575921,-117.39591636221792,e0b73b6d-3409-441b-95ce-f22f5d22d380,1,45,ZFM-03329
sniffing,no_stim,2.0499999999999994,1007.0369833587752,-7.121742861034818,e0b73b6d-3409-441b-95ce-f22f5d22d380,1,45,ZFM-03329
sniffing,no_stim,2.1499999999999995,1056.670882102146,42.512155882335946,e0b73b6d-3409-441b-95ce-f22f5d22d380,1,45,ZFM-03329
sniffing,no_stim,2.249999999999999,996.6287657395795,-17.529960480230443,e0b73b6d-3409-441b-95ce-f22f5d22d380,1,45,ZFM-03329
sniffing,no_stim,2.349999999999999,934.8617107511777,-79.29701546863225,e0b73b6d-3409-441b-95ce-f22f5d22d380,1,45,ZFM-03329
sniffing,no_stim,2.4499999999999993,972.3884278019908,-41.77029841781916,e0b73b6d-3409-441b-95ce-f22f5d22d380,1,45,ZFM-03329
sniffing,no_stim,2.549999999999999,982.3696283746758,-31.789097845134165,e0b73b6d-3409-441b-95ce-f22f5d22d380,1,45,ZFM-03329
sniffing,no_stim,2.649999999999999,992.2171364271251,-21.94158979268491,e0b73b6d-3409-441b-95ce-f22f5d22d380,1,45,ZFM-03329
sniffing,no_stim,2.749999999999999,1043.6171783525106,29.458452132700586,e0b73b6d-3409-441b-95ce-f22f5d22d380,1,45,ZFM-03329
sniffing,no_stim,2.849999999999999,1087.6321813580532,73.47345513824325,e0b73b6d-3409-441b-95ce-f22f5d22d380,1,45,ZFM-03329
sniffing,no_stim,2.9499999999999993,984.5780910921221,-29.580635127687856,e0b73b6d-3409-441b-95ce-f22f5d22d380,1,45,ZFM-03329
sniffing,no_stim,3.049999999999999,871.2257422773981,-142.93298394241185,e0b73b6d-3409-441b-95ce-f22f5d22d380,1,45,ZFM-03329
sniffing,no_stim,3.149999999999999,821.3098234540736,-192.8489027657364,e0b73b6d-3409-441b-95ce-f22f5d22d380,1,45,ZFM-03329
sniffing,no_stim,3.249999999999999,901.4570846688248,-112.70164155098519,e0b73b6d-3409-441b-95ce-f22f5d22d380,1,45,ZFM-03329
sniffing,no_stim,3.3499999999999988,947.9242122828774,-66.23451393693256,e0b73b6d-3409-441b-95ce-f22f5d22d380,1,45,ZFM-03329
sniffing,no_stim,3.449999999999999,920.9187495164349,-93.23997670337508,e0b73b6d-3409-441b-95ce-f22f5d22d380,1,45,ZFM-03329
sniffing,no_stim,3.549999999999999,839.8622267578414,-174.29649946196855,e0b73b6d-3409-441b-95ce-f22f5d22d380,1,45,ZFM-03329
sniffing,no_stim,3.649999999999999,783.5909832229682,-230.56774299684173,e0b73b6d-3409-441b-95ce-f22f5d22d380,1,45,ZFM-03329
sniffing,no_stim,3.749999999999999,724.5072447828046,-289.6514814370054,e0b73b6d-3409-441b-95ce-f22f5d22d380,1,45,ZFM-03329
sniffing,no_stim,3.8499999999999988,756.5820402422537,-257.5766859775563,e0b73b6d-3409-441b-95ce-f22f5d22d380,1,45,ZFM-03329
sniffing,no_stim,3.949999999999999,839.4065991089286,-174.75212711088136,e0b73b6d-3409-441b-95ce-f22f5d22d380,1,45,ZFM-03329
sniffing,stim,-0.45,973.3924608518596,98.7763802602874,87287aa4-727e-48c0-8b7d-92c9f35cc257,1,97,ZFM-03329
sniffing,stim,-0.35000000000000003,841.278922514875,-33.337158076697165,87287aa4-727e-48c0-8b7d-92c9f35cc257,1,97,ZFM-03329
sniffing,stim,-0.25000000000000006,811.1352287027036,-63.48085188886864,87287aa4-727e-48c0-8b7d-92c9f35cc257,1,97,ZFM-03329
sniffing,stim,-0.15000000000000008,843.2474532520722,-31.368627339499994,87287aa4-727e-48c0-8b7d-92c9f35cc257,1,97,ZFM-03329
sniffing,stim,-0.050000000000000086,904.0263376363512,29.410257044778973,87287aa4-727e-48c0-8b7d-92c9f35cc257,1,97,ZFM-03329
sniffing,stim,0.04999999999999989,1061.1017408525563,186.4856602609841,87287aa4-727e-48c0-8b7d-92c9f35cc257,1,97,ZFM-03329
sniffing,stim,0.14999999999999986,1189.8623107186997,315.24623012712755,87287aa4-727e-48c0-8b7d-92c9f35cc257,1,97,ZFM-03329
sniffing,stim,0.24999999999999983,1255.088451488764,380.4723708971917,87287aa4-727e-48c0-8b7d-92c9f35cc257,1,97,ZFM-03329
sniffing,stim,0.3499999999999998,1201.0839018157649,326.4678212241927,87287aa4-727e-48c0-8b7d-92c9f35cc257,1,97,ZFM-03329
sniffing,stim,0.4499999999999998,1162.6995233804894,288.0834427889172,87287aa4-727e-48c0-8b7d-92c9f35cc257,1,97,ZFM-03329
sniffing,stim,0.5499999999999998,1188.0060036470124,313.38992305544025,87287aa4-727e-48c0-8b7d-92c9f35cc257,1,97,ZFM-03329
sniffing,stim,0.6499999999999998,1209.2350533862248,334.61897279465256,87287aa4-727e-48c0-8b7d-92c9f35cc257,1,97,ZFM-03329
sniffing,stim,0.7499999999999998,1190.8623001758112,316.24621958423904,87287aa4-727e-48c0-8b7d-92c9f35cc257,1,97,ZFM-03329
sniffing,stim,0.8499999999999998,1136.8606018237233,262.2445212321511,87287aa4-727e-48c0-8b7d-92c9f35cc257,1,97,ZFM-03329
sniffing,stim,0.9499999999999997,1109.4868973284927,234.87081673692046,87287aa4-727e-48c0-8b7d-92c9f35cc257,1,97,ZFM-03329
sniffing,stim,1.0499999999999996,1083.8836824938562,209.267601902284,87287aa4-727e-48c0-8b7d-92c9f35cc257,1,97,ZFM-03329
sniffing,stim,1.1499999999999997,1055.852455215631,181.23637462405873,87287aa4-727e-48c0-8b7d-92c9f35cc257,1,97,ZFM-03329
sniffing,stim,1.2499999999999998,989.3843484393427,114.76826784777052,87287aa4-727e-48c0-8b7d-92c9f35cc257,1,97,ZFM-03329
sniffing,stim,1.3499999999999996,914.4545061452039,39.83842555363174,87287aa4-727e-48c0-8b7d-92c9f35cc257,1,97,ZFM-03329
sniffing,stim,1.4499999999999995,966.0265342829712,91.41045369139897,87287aa4-727e-48c0-8b7d-92c9f35cc257,1,97,ZFM-03329
sniffing,stim,1.5499999999999996,1068.5704329013258,193.95435230975363,87287aa4-727e-48c0-8b7d-92c9f35cc257,1,97,ZFM-03329
sniffing,stim,1.6499999999999997,1147.5574850546595,272.94140446308734,87287aa4-727e-48c0-8b7d-92c9f35cc257,1,97,ZFM-03329
sniffing,stim,1.7499999999999996,1147.1287180322386,272.51263744066637,87287aa4-727e-48c0-8b7d-92c9f35cc257,1,97,ZFM-03329
sniffing,stim,1.8499999999999994,1141.7180293806357,267.1019487890635,87287aa4-727e-48c0-8b7d-92c9f35cc257,1,97,ZFM-03329
sniffing,stim,1.9499999999999995,1180.0848086569417,305.46872806536953,87287aa4-727e-48c0-8b7d-92c9f35cc257,1,97,ZFM-03329
sniffing,stim,2.0499999999999994,1217.2553978583637,342.6393172667915,87287aa4-727e-48c0-8b7d-92c9f35cc257,1,97,ZFM-03329
sniffing,stim,2.1499999999999995,1242.3156180137187,367.6995374221465,87287aa4-727e-48c0-8b7d-92c9f35cc257,1,97,ZFM-03329
sniffing,stim,2.249999999999999,1254.5165715382907,379.9004909467185,87287aa4-727e-48c0-8b7d-92c9f35cc257,1,97,ZFM-03329
sniffing,stim,2.349999999999999,1237.6143633319084,362.9982827403362,87287aa4-727e-48c0-8b7d-92c9f35cc257,1,97,ZFM-03329
sniffing,stim,2.4499999999999993,1255.0018548366058,380.38577424503364,87287aa4-727e-48c0-8b7d-92c9f35cc257,1,97,ZFM-03329
sniffing,stim,2.549999999999999,1255.6843521814378,381.0682715898656,87287aa4-727e-48c0-8b7d-92c9f35cc257,1,97,ZFM-03329
sniffing,stim,2.649999999999999,1277.1265889472154,402.5105083556432,87287aa4-727e-48c0-8b7d-92c9f35cc257,1,97,ZFM-03329
sniffing,stim,2.749999999999999,1269.677361432774,395.0612808412018,87287aa4-727e-48c0-8b7d-92c9f35cc257,1,97,ZFM-03329
sniffing,stim,2.849999999999999,1211.3694234396003,336.75334284802807,87287aa4-727e-48c0-8b7d-92c9f35cc257,1,97,ZFM-03329
sniffing,stim,2.9499999999999993,1185.6421094725697,311.0260288809975,87287aa4-727e-48c0-8b7d-92c9f35cc257,1,97,ZFM-03329
sniffing,stim,3.049999999999999,1166.3010164960867,291.68493590451453,87287aa4-727e-48c0-8b7d-92c9f35cc257,1,97,ZFM-03329
sniffing,stim,3.149999999999999,1191.8467440972724,317.23066350570025,87287aa4-727e-48c0-8b7d-92c9f35cc257,1,97,ZFM-03329
sniffing,stim,3.249999999999999,1211.5762421134918,336.96016152191964,87287aa4-727e-48c0-8b7d-92c9f35cc257,1,97,ZFM-03329
sniffing,stim,3.3499999999999988,1171.3737350252188,296.7576544336466,87287aa4-727e-48c0-8b7d-92c9f35cc257,1,97,ZFM-03329
sniffing,stim,3.449999999999999,1121.414072784231,246.79799219265874,87287aa4-727e-48c0-8b7d-92c9f35cc257,1,97,ZFM-03329
sniffing,stim,3.549999999999999,1116.3919648019987,241.7758842104265,87287aa4-727e-48c0-8b7d-92c9f35cc257,1,97,ZFM-03329
sniffing,stim,3.649999999999999,1140.6950451476162,266.07896455604396,87287aa4-727e-48c0-8b7d-92c9f35cc257,1,97,ZFM-03329
sniffing,stim,3.749999999999999,1179.290355452277,304.6742748607048,87287aa4-727e-48c0-8b7d-92c9f35cc257,1,97,ZFM-03329
sniffing,stim,3.8499999999999988,1206.847008239144,332.2309276475719,87287aa4-727e-48c0-8b7d-92c9f35cc257,1,97,ZFM-03329
sniffing,stim,3.949999999999999,1132.1030248317938,257.48694424022165,87287aa4-727e-48c0-8b7d-92c9f35cc257,1,97,ZFM-03329
sniffing,no_stim,-0.45,861.5036826008811,132.48666277667985,87287aa4-727e-48c0-8b7d-92c9f35cc257,1,56,ZFM-03329
sniffing,no_stim,-0.35000000000000003,761.1924383212964,32.175418497095166,87287aa4-727e-48c0-8b7d-92c9f35cc257,1,56,ZFM-03329
sniffing,no_stim,-0.25000000000000006,692.0016951879034,-37.01532463629792,87287aa4-727e-48c0-8b7d-92c9f35cc257,1,56,ZFM-03329
sniffing,no_stim,-0.15000000000000008,636.5057316996936,-92.5112881245077,87287aa4-727e-48c0-8b7d-92c9f35cc257,1,56,ZFM-03329
sniffing,no_stim,-0.050000000000000086,693.8815513112316,-35.135468512969624,87287aa4-727e-48c0-8b7d-92c9f35cc257,1,56,ZFM-03329
sniffing,no_stim,0.04999999999999989,940.5407229559147,211.52370313171343,87287aa4-727e-48c0-8b7d-92c9f35cc257,1,56,ZFM-03329
sniffing,no_stim,0.14999999999999986,1164.0788195001262,435.06179967592493,87287aa4-727e-48c0-8b7d-92c9f35cc257,1,56,ZFM-03329
sniffing,no_stim,0.24999999999999983,1244.943779450838,515.9267596266368,87287aa4-727e-48c0-8b7d-92c9f35cc257,1,56,ZFM-03329
sniffing,no_stim,0.3499999999999998,1092.866047159781,363.84902733557965,87287aa4-727e-48c0-8b7d-92c9f35cc257,1,56,ZFM-03329
sniffing,no_stim,0.4499999999999998,955.9273935301911,226.91037370598985,87287aa4-727e-48c0-8b7d-92c9f35cc257,1,56,ZFM-03329
sniffing,no_stim,0.5499999999999998,1027.9081211359114,298.89110131171014,87287aa4-727e-48c0-8b7d-92c9f35cc257,1,56,ZFM-03329
sniffing,no_stim,0.6499999999999998,1099.0649583426205,370.0479385184192,87287aa4-727e-48c0-8b7d-92c9f35cc257,1,56,ZFM-03329
sniffing,no_stim,0.7499999999999998,1146.3237640852653,417.30674426106407,87287aa4-727e-48c0-8b7d-92c9f35cc257,1,56,ZFM-03329
sniffing,no_stim,0.8499999999999998,1097.893114050839,368.87609422663763,87287aa4-727e-48c0-8b7d-92c9f35cc257,1,56,ZFM-03329
sniffing,no_stim,0.9499999999999997,1055.7922442972515,326.77522447305023,87287aa4-727e-48c0-8b7d-92c9f35cc257,1,56,ZFM-03329
sniffing,no_stim,1.0499999999999996,1083.9075426555237,354.8905228313224,87287aa4-727e-48c0-8b7d-92c9f35cc257,1,56,ZFM-03329
sniffing,no_stim,1.1499999999999997,1051.5856628701083,322.56864304590704,87287aa4-727e-48c0-8b7d-92c9f35cc257,1,56,ZFM-03329
sniffing,no_stim,1.2499999999999998,977.0523000419962,248.03528021779493,87287aa4-727e-48c0-8b7d-92c9f35cc257,1,56,ZFM-03329
sniffing,no_stim,1.3499999999999996,983.9683964692931,254.95137664509184,87287aa4-727e-48c0-8b7d-92c9f35cc257,1,56,ZFM-03329
sniffing,no_stim,1.4499999999999995,1046.8395953823306,317.8225755581293,87287aa4-727e-48c0-8b7d-92c9f35cc257,1,56,ZFM-03329
sniffing,no_stim,1.5499999999999996,1093.2611564023089,364.2441365781076,87287aa4-727e-48c0-8b7d-92c9f35cc257,1,56,ZFM-03329
sniffing,no_stim,1.6499999999999997,1113.4014750200472,384.38445519584593,87287aa4-727e-48c0-8b7d-92c9f35cc257,1,56,ZFM-03329
sniffing,no_stim,1.7499999999999996,1102.5589654396329,373.5419456154316,87287aa4-727e-48c0-8b7d-92c9f35cc257,1,56,ZFM-03329
sniffing,no_stim,1.8499999999999994,1080.6858493418201,351.66882951761886,87287aa4-727e-48c0-8b7d-92c9f35cc257,1,56,ZFM-03329
sniffing,no_stim,1.9499999999999995,1008.9621408277361,279.94512100353484,87287aa4-727e-48c0-8b7d-92c9f35cc257,1,56,ZFM-03329
sniffing,no_stim,2.0499999999999994,958.879539934437,229.86252011023578,87287aa4-727e-48c0-8b7d-92c9f35cc257,1,56,ZFM-03329
sniffing,no_stim,2.1499999999999995,1009.0410862718127,280.0240664476114,87287aa4-727e-48c0-8b7d-92c9f35cc257,1,56,ZFM-03329
sniffing,no_stim,2.249999999999999,1026.0407090598706,297.0236892356693,87287aa4-727e-48c0-8b7d-92c9f35cc257,1,56,ZFM-03329
sniffing,no_stim,2.349999999999999,967.5516466221985,238.53462679799725,87287aa4-727e-48c0-8b7d-92c9f35cc257,1,56,ZFM-03329
sniffing,no_stim,2.4499999999999993,852.8222406544725,123.8052208302712,87287aa4-727e-48c0-8b7d-92c9f35cc257,1,56,ZFM-03329
sniffing,no_stim,2.549999999999999,827.8456134514055,98.82859362720421,87287aa4-727e-48c0-8b7d-92c9f35cc257,1,56,ZFM-03329
sniffing,no_stim,2.649999999999999,862.6994111478223,133.682391323621,87287aa4-727e-48c0-8b7d-92c9f35cc257,1,56,ZFM-03329
sniffing,no_stim,2.749999999999999,873.9071184571659,144.89009863296462,87287aa4-727e-48c0-8b7d-92c9f35cc257,1,56,ZFM-03329
sniffing,no_stim,2.849999999999999,893.7817765645807,164.76475674037943,87287aa4-727e-48c0-8b7d-92c9f35cc257,1,56,ZFM-03329
sniffing,no_stim,2.9499999999999993,948.926306323873,219.90928649967168,87287aa4-727e-48c0-8b7d-92c9f35cc257,1,56,ZFM-03329
sniffing,no_stim,3.049999999999999,1016.5596003512818,287.54258052708053,87287aa4-727e-48c0-8b7d-92c9f35cc257,1,56,ZFM-03329
sniffing,no_stim,3.149999999999999,1012.2241568431219,283.20713701892066,87287aa4-727e-48c0-8b7d-92c9f35cc257,1,56,ZFM-03329
sniffing,no_stim,3.249999999999999,936.9543494031444,207.93732957894315,87287aa4-727e-48c0-8b7d-92c9f35cc257,1,56,ZFM-03329
sniffing,no_stim,3.3499999999999988,826.456393163592,97.43937333939073,87287aa4-727e-48c0-8b7d-92c9f35cc257,1,56,ZFM-03329
sniffing,no_stim,3.449999999999999,809.9112424267423,80.89422260254105,87287aa4-727e-48c0-8b7d-92c9f35cc257,1,56,ZFM-03329
sniffing,no_stim,3.549999999999999,846.2242360520535,117.2072162278522,87287aa4-727e-48c0-8b7d-92c9f35cc257,1,56,ZFM-03329
sniffing,no_stim,3.649999999999999,859.0101237325792,129.99310390837798,87287aa4-727e-48c0-8b7d-92c9f35cc257,1,56,ZFM-03329
sniffing,no_stim,3.749999999999999,860.8155400676029,131.79852024340164,87287aa4-727e-48c0-8b7d-92c9f35cc257,1,56,ZFM-03329
sniffing,no_stim,3.8499999999999988,876.2063944028241,147.18937457862285,87287aa4-727e-48c0-8b7d-92c9f35cc257,1,56,ZFM-03329
sniffing,no_stim,3.949999999999999,804.6158843210912,75.59886449688997,87287aa4-727e-48c0-8b7d-92c9f35cc257,1,56,ZFM-03329
sniffing,stim,-0.45,525.8036087374138,87.37440681971435,595c8ddd-a8e3-438d-9c31-62b2a07cc6cf,1,74,ZFM-03330
sniffing,stim,-0.35000000000000003,455.62593728303625,17.196735365336792,595c8ddd-a8e3-438d-9c31-62b2a07cc6cf,1,74,ZFM-03330
sniffing,stim,-0.25000000000000006,399.07290815437847,-39.35629376332099,595c8ddd-a8e3-438d-9c31-62b2a07cc6cf,1,74,ZFM-03330
sniffing,stim,-0.15000000000000008,389.6561660021818,-48.77303591551765,595c8ddd-a8e3-438d-9c31-62b2a07cc6cf,1,74,ZFM-03330
sniffing,stim,-0.050000000000000086,421.987389411487,-16.441812506212443,595c8ddd-a8e3-438d-9c31-62b2a07cc6cf,1,74,ZFM-03330
sniffing,stim,0.04999999999999989,502.991070021488,64.56186810378853,595c8ddd-a8e3-438d-9c31-62b2a07cc6cf,1,74,ZFM-03330
sniffing,stim,0.14999999999999986,600.7794338622671,162.3502319445676,595c8ddd-a8e3-438d-9c31-62b2a07cc6cf,1,74,ZFM-03330
sniffing,stim,0.24999999999999983,706.8405242443234,268.411322326624,595c8ddd-a8e3-438d-9c31-62b2a07cc6cf,1,74,ZFM-03330
sniffing,stim,0.3499999999999998,847.0910376146003,408.6618356969008,595c8ddd-a8e3-438d-9c31-62b2a07cc6cf,1,74,ZFM-03330
sniffing,stim,0.4499999999999998,965.1673007022066,526.7380987845072,595c8ddd-a8e3-438d-9c31-62b2a07cc6cf,1,74,ZFM-03330
sniffing,stim,0.5499999999999998,1049.2999779863364,610.870776068637,595c8ddd-a8e3-438d-9c31-62b2a07cc6cf,1,74,ZFM-03330
sniffing,stim,0.6499999999999998,1070.6469929111847,632.2177909934853,595c8ddd-a8e3-438d-9c31-62b2a07cc6cf,1,74,ZFM-03330
sniffing,stim,0.7499999999999998,1088.2455277901165,649.8163258724171,595c8ddd-a8e3-438d-9c31-62b2a07cc6cf,1,74,ZFM-03330
sniffing,stim,0.8499999999999998,1107.281984042974,668.8527821252746,595c8ddd-a8e3-438d-9c31-62b2a07cc6cf,1,74,ZFM-03330
sniffing,stim,0.9499999999999997,1120.0844005570154,681.655198639316,595c8ddd-a8e3-438d-9c31-62b2a07cc6cf,1,74,ZFM-03330
sniffing,stim,1.0499999999999996,1255.2987307609778,816.8695288432784,595c8ddd-a8e3-438d-9c31-62b2a07cc6cf,1,74,ZFM-03330
sniffing,stim,1.1499999999999997,1355.3026200793029,916.8734181616035,595c8ddd-a8e3-438d-9c31-62b2a07cc6cf,1,74,ZFM-03330
sniffing,stim,1.2499999999999998,1355.126418946644,916.6972170289446,595c8ddd-a8e3-438d-9c31-62b2a07cc6cf,1,74,ZFM-03330
sniffing,stim,1.3499999999999996,1274.5494308141429,836.1202288964435,595c8ddd-a8e3-438d-9c31-62b2a07cc6cf,1,74,ZFM-03330
sniffing,stim,1.4499999999999995,1193.8938622905362,755.4646603728368,595c8ddd-a8e3-438d-9c31-62b2a07cc6cf,1,74,ZFM-03330
sniffing,stim,1.5499999999999996,1186.703437845328,748.2742359276285,595c8ddd-a8e3-438d-9c31-62b2a07cc6cf,1,74,ZFM-03330
sniffing,stim,1.6499999999999997,1172.8186237237308,734.3894218060314,595c8ddd-a8e3-438d-9c31-62b2a07cc6cf,1,74,ZFM-03330
sniffing,stim,1.7499999999999996,1219.5861592191527,781.1569573014533,595c8ddd-a8e3-438d-9c31-62b2a07cc6cf,1,74,ZFM-03330
sniffing,stim,1.8499999999999994,1214.774888505371,776.3456865876717,595c8ddd-a8e3-438d-9c31-62b2a07cc6cf,1,74,ZFM-03330
sniffing,stim,1.9499999999999995,1204.7920580409657,766.3628561232663,595c8ddd-a8e3-438d-9c31-62b2a07cc6cf,1,74,ZFM-03330
sniffing,stim,2.0499999999999994,1216.257802583555,777.8286006658557,595c8ddd-a8e3-438d-9c31-62b2a07cc6cf,1,74,ZFM-03330
sniffing,stim,2.1499999999999995,1141.25031933617,702.8211174184705,595c8ddd-a8e3-438d-9c31-62b2a07cc6cf,1,74,ZFM-03330
sniffing,stim,2.249999999999999,1088.105878906803,649.6766769891035,595c8ddd-a8e3-438d-9c31-62b2a07cc6cf,1,74,ZFM-03330
sniffing,stim,2.349999999999999,1010.6573290913193,572.2281271736199,595c8ddd-a8e3-438d-9c31-62b2a07cc6cf,1,74,ZFM-03330
sniffing,stim,2.4499999999999993,960.7585724752056,522.3293705575061,595c8ddd-a8e3-438d-9c31-62b2a07cc6cf,1,74,ZFM-03330
sniffing,stim,2.549999999999999,893.8668102562809,455.43760833858147,595c8ddd-a8e3-438d-9c31-62b2a07cc6cf,1,74,ZFM-03330
sniffing,stim,2.649999999999999,868.4238102795385,429.9946083618391,595c8ddd-a8e3-438d-9c31-62b2a07cc6cf,1,74,ZFM-03330
sniffing,stim,2.749999999999999,846.4903235094843,408.0611215917848,595c8ddd-a8e3-438d-9c31-62b2a07cc6cf,1,74,ZFM-03330
sniffing,stim,2.849999999999999,821.7248760673734,383.29567414967397,595c8ddd-a8e3-438d-9c31-62b2a07cc6cf,1,74,ZFM-03330
sniffing,stim,2.9499999999999993,769.64482823789,331.21562632019055,595c8ddd-a8e3-438d-9c31-62b2a07cc6cf,1,74,ZFM-03330
sniffing,stim,3.049999999999999,701.2022015309235,262.77299961322404,595c8ddd-a8e3-438d-9c31-62b2a07cc6cf,1,74,ZFM-03330
sniffing,stim,3.149999999999999,659.0807511194799,220.65154920178048,595c8ddd-a8e3-438d-9c31-62b2a07cc6cf,1,74,ZFM-03330
sniffing,stim,3.249999999999999,641.8061297021536,203.37692778445415,595c8ddd-a8e3-438d-9c31-62b2a07cc6cf,1,74,ZFM-03330
sniffing,stim,3.3499999999999988,654.0541737516638,215.62497183396437,595c8ddd-a8e3-438d-9c31-62b2a07cc6cf,1,74,ZFM-03330
sniffing,stim,3.449999999999999,684.6808619487715,246.25166003107205,595c8ddd-a8e3-438d-9c31-62b2a07cc6cf,1,74,ZFM-03330
sniffing,stim,3.549999999999999,766.9711126298495,328.54191071215,595c8ddd-a8e3-438d-9c31-62b2a07cc6cf,1,74,ZFM-03330
sniffing,stim,3.649999999999999,808.3354688268028,369.9062669091033,595c8ddd-a8e3-438d-9c31-62b2a07cc6cf,1,74,ZFM-03330
sniffing,stim,3.749999999999999,809.8545856118179,371.42538369411847,595c8ddd-a8e3-438d-9c31-62b2a07cc6cf,1,74,ZFM-03330
sniffing,stim,3.8499999999999988,840.4644788341516,402.0352769164521,595c8ddd-a8e3-438d-9c31-62b2a07cc6cf,1,74,ZFM-03330
sniffing,stim,3.949999999999999,891.2398661451658,452.81066422746636,595c8ddd-a8e3-438d-9c31-62b2a07cc6cf,1,74,ZFM-03330
sniffing,no_stim,-0.45,553.2957099752517,72.85410336663864,595c8ddd-a8e3-438d-9c31-62b2a07cc6cf,1,43,ZFM-03330
sniffing,no_stim,-0.35000000000000003,467.72403423975953,-12.717572368853553,595c8ddd-a8e3-438d-9c31-62b2a07cc6cf,1,43,ZFM-03330
sniffing,no_stim,-0.25000000000000006,443.4278055370411,-37.013801071572004,595c8ddd-a8e3-438d-9c31-62b2a07cc6cf,1,43,ZFM-03330
sniffing,no_stim,-0.15000000000000008,445.60817822616724,-34.833428382445845,595c8ddd-a8e3-438d-9c31-62b2a07cc6cf,1,43,ZFM-03330
sniffing,no_stim,-0.050000000000000086,492.1523050648455,11.710698456232421,595c8ddd-a8e3-438d-9c31-62b2a07cc6cf,1,43,ZFM-03330
sniffing,no_stim,0.04999999999999989,566.8773216492293,86.43571504061623,595c8ddd-a8e3-438d-9c31-62b2a07cc6cf,1,43,ZFM-03330
sniffing,no_stim,0.14999999999999986,640.5180583942574,160.07645178564434,595c8ddd-a8e3-438d-9c31-62b2a07cc6cf,1,43,ZFM-03330
sniffing,no_stim,0.24999999999999983,712.5794681076819,232.13786149906883,595c8ddd-a8e3-438d-9c31-62b2a07cc6cf,1,43,ZFM-03330
sniffing,no_stim,0.3499999999999998,659.0398157038655,178.59820909525246,595c8ddd-a8e3-438d-9c31-62b2a07cc6cf,1,43,ZFM-03330
sniffing,no_stim,0.4499999999999998,606.8234703584686,126.38186374985554,595c8ddd-a8e3-438d-9c31-62b2a07cc6cf,1,43,ZFM-03330
sniffing,no_stim,0.5499999999999998,573.9745013848917,93.53289477627862,595c8ddd-a8e3-438d-9c31-62b2a07cc6cf,1,43,ZFM-03330
sniffing,no_stim,0.6499999999999998,555.1369286709157,74.69532206230264,595c8ddd-a8e3-438d-9c31-62b2a07cc6cf,1,43,ZFM-03330
sniffing,no_stim,0.7499999999999998,560.6535672896533,80.21196068104024,595c8ddd-a8e3-438d-9c31-62b2a07cc6cf,1,43,ZFM-03330
sniffing,no_stim,0.8499999999999998,550.8205406259502,70.37893401733714,595c8ddd-a8e3-438d-9c31-62b2a07cc6cf,1,43,ZFM-03330
sniffing,no_stim,0.9499999999999997,562.6105468280629,82.16894021944978,595c8ddd-a8e3-438d-9c31-62b2a07cc6cf,1,43,ZFM-03330
sniffing,no_stim,1.0499999999999996,640.7913556050593,160.34974899644618,595c8ddd-a8e3-438d-9c31-62b2a07cc6cf,1,43,ZFM-03330
sniffing,no_stim,1.1499999999999997,636.6764222316658,156.23481562305273,595c8ddd-a8e3-438d-9c31-62b2a07cc6cf,1,43,ZFM-03330
sniffing,no_stim,1.2499999999999998,584.0170528234768,103.57544621486369,595c8ddd-a8e3-438d-9c31-62b2a07cc6cf,1,43,ZFM-03330
sniffing,no_stim,1.3499999999999996,517.3994977205741,36.95789111196103,595c8ddd-a8e3-438d-9c31-62b2a07cc6cf,1,43,ZFM-03330
sniffing,no_stim,1.4499999999999995,579.3261053859746,98.88449877736156,595c8ddd-a8e3-438d-9c31-62b2a07cc6cf,1,43,ZFM-03330
sniffing,no_stim,1.5499999999999996,617.1086163838202,136.66700977520708,595c8ddd-a8e3-438d-9c31-62b2a07cc6cf,1,43,ZFM-03330
sniffing,no_stim,1.6499999999999997,594.046664883649,113.6050582750359,595c8ddd-a8e3-438d-9c31-62b2a07cc6cf,1,43,ZFM-03330
sniffing,no_stim,1.7499999999999996,521.1406141509144,40.69900754230133,595c8ddd-a8e3-438d-9c31-62b2a07cc6cf,1,43,ZFM-03330
sniffing,no_stim,1.8499999999999994,480.2694760997458,-0.17213050886726933,595c8ddd-a8e3-438d-9c31-62b2a07cc6cf,1,43,ZFM-03330
sniffing,no_stim,1.9499999999999995,513.2429740395711,32.80136743095801,595c8ddd-a8e3-438d-9c31-62b2a07cc6cf,1,43,ZFM-03330
sniffing,no_stim,2.0499999999999994,564.8329827860025,84.39137617738942,595c8ddd-a8e3-438d-9c31-62b2a07cc6cf,1,43,ZFM-03330
sniffing,no_stim,2.1499999999999995,571.7492961314867,91.30768952287366,595c8ddd-a8e3-438d-9c31-62b2a07cc6cf,1,43,ZFM-03330
sniffing,no_stim,2.249999999999999,503.16075210253035,22.719145493917267,595c8ddd-a8e3-438d-9c31-62b2a07cc6cf,1,43,ZFM-03330
sniffing,no_stim,2.349999999999999,485.2734441364143,4.831837527801213,595c8ddd-a8e3-438d-9c31-62b2a07cc6cf,1,43,ZFM-03330
sniffing,no_stim,2.4499999999999993,505.4328893724614,24.99128276384829,595c8ddd-a8e3-438d-9c31-62b2a07cc6cf,1,43,ZFM-03330
sniffing,no_stim,2.549999999999999,531.1505653456304,50.708958737017326,595c8ddd-a8e3-438d-9c31-62b2a07cc6cf,1,43,ZFM-03330
sniffing,no_stim,2.649999999999999,523.3961719374352,42.95456532882207,595c8ddd-a8e3-438d-9c31-62b2a07cc6cf,1,43,ZFM-03330
sniffing,no_stim,2.749999999999999,501.65677252422654,21.215165915613454,595c8ddd-a8e3-438d-9c31-62b2a07cc6cf,1,43,ZFM-03330
sniffing,no_stim,2.849999999999999,502.4078514970549,21.966244888441793,595c8ddd-a8e3-438d-9c31-62b2a07cc6cf,1,43,ZFM-03330
sniffing,no_stim,2.9499999999999993,497.03460622795956,16.59299961934647,595c8ddd-a8e3-438d-9c31-62b2a07cc6cf,1,43,ZFM-03330
sniffing,no_stim,3.049999999999999,529.7080411571345,49.26643454852143,595c8ddd-a8e3-438d-9c31-62b2a07cc6cf,1,43,ZFM-03330
sniffing,no_stim,3.149999999999999,587.5280042619792,107.08639765336608,595c8ddd-a8e3-438d-9c31-62b2a07cc6cf,1,43,ZFM-03330
sniffing,no_stim,3.249999999999999,632.5975921520735,152.15598554346042,595c8ddd-a8e3-438d-9c31-62b2a07cc6cf,1,43,ZFM-03330
sniffing,no_stim,3.3499999999999988,615.4497611088808,135.00815450026772,595c8ddd-a8e3-438d-9c31-62b2a07cc6cf,1,43,ZFM-03330
sniffing,no_stim,3.449999999999999,559.7203059600398,79.27869935142672,595c8ddd-a8e3-438d-9c31-62b2a07cc6cf,1,43,ZFM-03330
sniffing,no_stim,3.549999999999999,472.11878325326705,-8.322823355346031,595c8ddd-a8e3-438d-9c31-62b2a07cc6cf,1,43,ZFM-03330
sniffing,no_stim,3.649999999999999,463.8184697058174,-16.623136902795693,595c8ddd-a8e3-438d-9c31-62b2a07cc6cf,1,43,ZFM-03330
sniffing,no_stim,3.749999999999999,536.9331297037115,56.491523095098444,595c8ddd-a8e3-438d-9c31-62b2a07cc6cf,1,43,ZFM-03330
sniffing,no_stim,3.8499999999999988,604.2188803222292,123.77727371361613,595c8ddd-a8e3-438d-9c31-62b2a07cc6cf,1,43,ZFM-03330
sniffing,no_stim,3.949999999999999,642.0519333817726,161.61032677315956,595c8ddd-a8e3-438d-9c31-62b2a07cc6cf,1,43,ZFM-03330
sniffing,stim,-0.45,606.3839677954321,163.24515403798807,8e1bcbcb-43a3-4e08-8bdd-295255de6bb8,0,28,ZFM-03332
sniffing,stim,-0.35000000000000003,478.90644684139204,35.767633083948,8e1bcbcb-43a3-4e08-8bdd-295255de6bb8,0,28,ZFM-03332
sniffing,stim,-0.25000000000000006,384.52681873246064,-58.6119950249834,8e1bcbcb-43a3-4e08-8bdd-295255de6bb8,0,28,ZFM-03332
sniffing,stim,-0.15000000000000008,367.23304017095205,-75.90577358649199,8e1bcbcb-43a3-4e08-8bdd-295255de6bb8,0,28,ZFM-03332
sniffing,stim,-0.050000000000000086,378.64379524698325,-64.4950185104608,8e1bcbcb-43a3-4e08-8bdd-295255de6bb8,0,28,ZFM-03332
sniffing,stim,0.04999999999999989,458.22805727715905,15.089243519715012,8e1bcbcb-43a3-4e08-8bdd-295255de6bb8,0,28,ZFM-03332
sniffing,stim,0.14999999999999986,522.5775793193955,79.43876556195141,8e1bcbcb-43a3-4e08-8bdd-295255de6bb8,0,28,ZFM-03332
sniffing,stim,0.24999999999999983,507.32850493340067,64.18969117595663,8e1bcbcb-43a3-4e08-8bdd-295255de6bb8,0,28,ZFM-03332
sniffing,stim,0.3499999999999998,528.9998642539093,85.86105049646528,8e1bcbcb-43a3-4e08-8bdd-295255de6bb8,0,28,ZFM-03332
sniffing,stim,0.4499999999999998,681.991996963322,238.85318320587794,8e1bcbcb-43a3-4e08-8bdd-295255de6bb8,0,28,ZFM-03332
sniffing,stim,0.5499999999999998,864.8820627716781,421.74324901423404,8e1bcbcb-43a3-4e08-8bdd-295255de6bb8,0,28,ZFM-03332
sniffing,stim,0.6499999999999998,920.5428973331665,477.40408357572244,8e1bcbcb-43a3-4e08-8bdd-295255de6bb8,0,28,ZFM-03332
sniffing,stim,0.7499999999999998,899.8512411172744,456.7124273598304,8e1bcbcb-43a3-4e08-8bdd-295255de6bb8,0,28,ZFM-03332
sniffing,stim,0.8499999999999998,895.8308820131499,452.69206825570586,8e1bcbcb-43a3-4e08-8bdd-295255de6bb8,0,28,ZFM-03332
sniffing,stim,0.9499999999999997,962.7359566318272,519.5971428743832,8e1bcbcb-43a3-4e08-8bdd-295255de6bb8,0,28,ZFM-03332
sniffing,stim,1.0499999999999996,995.8666522850981,552.7278385276541,8e1bcbcb-43a3-4e08-8bdd-295255de6bb8,0,28,ZFM-03332
sniffing,stim,1.1499999999999997,911.8276852081517,468.68887145070767,8e1bcbcb-43a3-4e08-8bdd-295255de6bb8,0,28,ZFM-03332
sniffing,stim,1.2499999999999998,777.1611363006634,334.0223225432194,8e1bcbcb-43a3-4e08-8bdd-295255de6bb8,0,28,ZFM-03332
sniffing,stim,1.3499999999999996,702.1375888260538,258.9987750686098,8e1bcbcb-43a3-4e08-8bdd-295255de6bb8,0,28,ZFM-03332
sniffing,stim,1.4499999999999995,675.7388665025595,232.60005274511548,8e1bcbcb-43a3-4e08-8bdd-295255de6bb8,0,28,ZFM-03332
sniffing,stim,1.5499999999999996,607.453922545371,164.315108787927,8e1bcbcb-43a3-4e08-8bdd-295255de6bb8,0,28,ZFM-03332
sniffing,stim,1.6499999999999997,557.4442339090286,114.3054201515846,8e1bcbcb-43a3-4e08-8bdd-295255de6bb8,0,28,ZFM-03332
sniffing,stim,1.7499999999999996,491.767151615532,48.628337858087946,8e1bcbcb-43a3-4e08-8bdd-295255de6bb8,0,28,ZFM-03332
sniffing,stim,1.8499999999999994,488.78839594734603,45.64958218990199,8e1bcbcb-43a3-4e08-8bdd-295255de6bb8,0,28,ZFM-03332
sniffing,stim,1.9499999999999995,457.644055443925,14.505241686480986,8e1bcbcb-43a3-4e08-8bdd-295255de6bb8,0,28,ZFM-03332
sniffing,stim,2.0499999999999994,411.6507407871719,-31.48807297027213,8e1bcbcb-43a3-4e08-8bdd-295255de6bb8,0,28,ZFM-03332
sniffing,stim,2.1499999999999995,398.0531159332125,-45.085697824231545,8e1bcbcb-43a3-4e08-8bdd-295255de6bb8,0,28,ZFM-03332
sniffing,stim,2.249999999999999,428.6489328291755,-14.48988092826852,8e1bcbcb-43a3-4e08-8bdd-295255de6bb8,0,28,ZFM-03332
sniffing,stim,2.349999999999999,483.7610730036513,40.62225924620725,8e1bcbcb-43a3-4e08-8bdd-295255de6bb8,0,28,ZFM-03332
sniffing,stim,2.4499999999999993,529.7748541589154,86.6360404014714,8e1bcbcb-43a3-4e08-8bdd-295255de6bb8,0,28,ZFM-03332
sniffing,stim,2.549999999999999,528.1835043973718,85.04469063992781,8e1bcbcb-43a3-4e08-8bdd-295255de6bb8,0,28,ZFM-03332
sniffing,stim,2.649999999999999,566.1095424413032,122.97072868385919,8e1bcbcb-43a3-4e08-8bdd-295255de6bb8,0,28,ZFM-03332
sniffing,stim,2.749999999999999,566.4411406446676,123.30232688722356,8e1bcbcb-43a3-4e08-8bdd-295255de6bb8,0,28,ZFM-03332
sniffing,stim,2.849999999999999,610.4816173864208,167.34280362897675,8e1bcbcb-43a3-4e08-8bdd-295255de6bb8,0,28,ZFM-03332
sniffing,stim,2.9499999999999993,595.6396118195047,152.50079806206065,8e1bcbcb-43a3-4e08-8bdd-295255de6bb8,0,28,ZFM-03332
sniffing,stim,3.049999999999999,667.7293092198797,224.59049546243568,8e1bcbcb-43a3-4e08-8bdd-295255de6bb8,0,28,ZFM-03332
sniffing,stim,3.149999999999999,725.3604051951139,282.2215914376699,8e1bcbcb-43a3-4e08-8bdd-295255de6bb8,0,28,ZFM-03332
sniffing,stim,3.249999999999999,707.7067375637051,264.5679238062611,8e1bcbcb-43a3-4e08-8bdd-295255de6bb8,0,28,ZFM-03332
sniffing,stim,3.3499999999999988,689.5833348712837,246.44452111383964,8e1bcbcb-43a3-4e08-8bdd-295255de6bb8,0,28,ZFM-03332
sniffing,stim,3.449999999999999,646.7153494088067,203.57653565136263,8e1bcbcb-43a3-4e08-8bdd-295255de6bb8,0,28,ZFM-03332
sniffing,stim,3.549999999999999,738.3278405359407,295.18902677849667,8e1bcbcb-43a3-4e08-8bdd-295255de6bb8,0,28,ZFM-03332
sniffing,stim,3.649999999999999,766.1287100905358,322.9898963330918,8e1bcbcb-43a3-4e08-8bdd-295255de6bb8,0,28,ZFM-03332
sniffing,stim,3.749999999999999,739.3153584751118,296.17654471766775,8e1bcbcb-43a3-4e08-8bdd-295255de6bb8,0,28,ZFM-03332
sniffing,stim,3.8499999999999988,711.2266131295319,268.08779937208783,8e1bcbcb-43a3-4e08-8bdd-295255de6bb8,0,28,ZFM-03332
sniffing,stim,3.949999999999999,630.0721796286572,186.93336587121314,8e1bcbcb-43a3-4e08-8bdd-295255de6bb8,0,28,ZFM-03332
sniffing,no_stim,-0.45,531.0503934001267,54.23967138366487,8e1bcbcb-43a3-4e08-8bdd-295255de6bb8,0,37,ZFM-03332
sniffing,no_stim,-0.35000000000000003,456.48615087030527,-20.324571146156586,8e1bcbcb-43a3-4e08-8bdd-295255de6bb8,0,37,ZFM-03332
sniffing,no_stim,-0.25000000000000006,389.2428382095391,-87.56788380692274,8e1bcbcb-43a3-4e08-8bdd-295255de6bb8,0,37,ZFM-03332
sniffing,no_stim,-0.15000000000000008,432.4397612452521,-44.37096077120975,8e1bcbcb-43a3-4e08-8bdd-295255de6bb8,0,37,ZFM-03332
sniffing,no_stim,-0.050000000000000086,574.8344663570863,98.02374434062443,8e1bcbcb-43a3-4e08-8bdd-295255de6bb8,0,37,ZFM-03332
sniffing,no_stim,0.04999999999999989,751.736426118338,274.9257041018762,8e1bcbcb-43a3-4e08-8bdd-295255de6bb8,0,37,ZFM-03332
sniffing,no_stim,0.14999999999999986,805.9765807525417,329.1658587360799,8e1bcbcb-43a3-4e08-8bdd-295255de6bb8,0,37,ZFM-03332
sniffing,no_stim,0.24999999999999983,738.65574117853,261.8450191620681,8e1bcbcb-43a3-4e08-8bdd-295255de6bb8,0,37,ZFM-03332
sniffing,no_stim,0.3499999999999998,707.4691156116012,230.65839359513933,8e1bcbcb-43a3-4e08-8bdd-295255de6bb8,0,37,ZFM-03332
sniffing,no_stim,0.4499999999999998,669.3047971757678,192.49407515930596,8e1bcbcb-43a3-4e08-8bdd-295255de6bb8,0,37,ZFM-03332
sniffing,no_stim,0.5499999999999998,675.7563698089673,198.94564779250544,8e1bcbcb-43a3-4e08-8bdd-295255de6bb8,0,37,ZFM-03332
sniffing,no_stim,0.6499999999999998,642.1962889490158,165.3855669325539,8e1bcbcb-43a3-4e08-8bdd-295255de6bb8,0,37,ZFM-03332
sniffing,no_stim,0.7499999999999998,607.8997734177218,131.08905140125995,8e1bcbcb-43a3-4e08-8bdd-295255de6bb8,0,37,ZFM-03332
sniffing,no_stim,0.8499999999999998,651.7782673410129,174.96754532455105,8e1bcbcb-43a3-4e08-8bdd-295255de6bb8,0,37,ZFM-03332
sniffing,no_stim,0.9499999999999997,684.5790038704998,207.76828185403798,8e1bcbcb-43a3-4e08-8bdd-295255de6bb8,0,37,ZFM-03332
sniffing,no_stim,1.0499999999999996,751.9762196910236,275.1654976745618,8e1bcbcb-43a3-4e08-8bdd-295255de6bb8,0,37,ZFM-03332
sniffing,no_stim,1.1499999999999997,769.0726782114584,292.26195619499657,8e1bcbcb-43a3-4e08-8bdd-295255de6bb8,0,37,ZFM-03332
sniffing,no_stim,1.2499999999999998,741.9038138057958,265.093091789334,8e1bcbcb-43a3-4e08-8bdd-295255de6bb8,0,37,ZFM-03332
sniffing,no_stim,1.3499999999999996,690.050580723931,213.23985870746918,8e1bcbcb-43a3-4e08-8bdd-295255de6bb8,0,37,ZFM-03332
sniffing,no_stim,1.4499999999999995,616.6063435486703,139.7956215322085,8e1bcbcb-43a3-4e08-8bdd-295255de6bb8,0,37,ZFM-03332
sniffing,no_stim,1.5499999999999996,634.1201458044852,157.30942378802337,8e1bcbcb-43a3-4e08-8bdd-295255de6bb8,0,37,ZFM-03332
sniffing,no_stim,1.6499999999999997,685.2657306937305,208.4550086772686,8e1bcbcb-43a3-4e08-8bdd-295255de6bb8,0,37,ZFM-03332
sniffing,no_stim,1.7499999999999996,658.935982424342,182.12526040788015,8e1bcbcb-43a3-4e08-8bdd-295255de6bb8,0,37,ZFM-03332
sniffing,no_stim,1.8499999999999994,582.2387435068964,105.42802149043456,8e1bcbcb-43a3-4e08-8bdd-295255de6bb8,0,37,ZFM-03332
sniffing,no_stim,1.9499999999999995,510.0817291165796,33.27100710011774,8e1bcbcb-43a3-4e08-8bdd-295255de6bb8,0,37,ZFM-03332
sniffing,no_stim,2.0499999999999994,498.8907841398991,22.080062123437244,8e1bcbcb-43a3-4e08-8bdd-295255de6bb8,0,37,ZFM-03332
sniffing,no_stim,2.1499999999999995,514.2288497393632,37.418127722901374,8e1bcbcb-43a3-4e08-8bdd-295255de6bb8,0,37,ZFM-03332
sniffing,no_stim,2.249999999999999,537.2784250066484,60.467702990186524,8e1bcbcb-43a3-4e08-8bdd-295255de6bb8,0,37,ZFM-03332
sniffing,no_stim,2.349999999999999,513.5232745854297,36.71255256896785,8e1bcbcb-43a3-4e08-8bdd-295255de6bb8,0,37,ZFM-03332
sniffing,no_stim,2.4499999999999993,521.1599745737935,44.34925255733168,8e1bcbcb-43a3-4e08-8bdd-295255de6bb8,0,37,ZFM-03332
sniffing,no_stim,2.549999999999999,589.2945956988649,112.48387368240304,8e1bcbcb-43a3-4e08-8bdd-295255de6bb8,0,37,ZFM-03332
sniffing,no_stim,2.649999999999999,656.9692264349221,180.15850441846027,8e1bcbcb-43a3-4e08-8bdd-295255de6bb8,0,37,ZFM-03332
sniffing,no_stim,2.749999999999999,715.5310408483875,238.72031883192568,8e1bcbcb-43a3-4e08-8bdd-295255de6bb8,0,37,ZFM-03332
sniffing,no_stim,2.849999999999999,732.874733784347,256.0640117678851,8e1bcbcb-43a3-4e08-8bdd-295255de6bb8,0,37,ZFM-03332
sniffing,no_stim,2.9499999999999993,722.4846925766769,245.67397056021508,8e1bcbcb-43a3-4e08-8bdd-295255de6bb8,0,37,ZFM-03332
sniffing,no_stim,3.049999999999999,618.1094011855323,141.29867916907045,8e1bcbcb-43a3-4e08-8bdd-295255de6bb8,0,37,ZFM-03332
sniffing,no_stim,3.149999999999999,613.055807895907,136.24508587944518,8e1bcbcb-43a3-4e08-8bdd-295255de6bb8,0,37,ZFM-03332
sniffing,no_stim,3.249999999999999,686.681514319516,209.8707923030542,8e1bcbcb-43a3-4e08-8bdd-295255de6bb8,0,37,ZFM-03332
sniffing,no_stim,3.3499999999999988,711.7263239080706,234.9156018916088,8e1bcbcb-43a3-4e08-8bdd-295255de6bb8,0,37,ZFM-03332
sniffing,no_stim,3.449999999999999,664.993076437381,188.18235442091913,8e1bcbcb-43a3-4e08-8bdd-295255de6bb8,0,37,ZFM-03332
sniffing,no_stim,3.549999999999999,656.0458633860426,179.23514136958073,8e1bcbcb-43a3-4e08-8bdd-295255de6bb8,0,37,ZFM-03332
sniffing,no_stim,3.649999999999999,702.3981847721514,225.5874627556895,8e1bcbcb-43a3-4e08-8bdd-295255de6bb8,0,37,ZFM-03332
sniffing,no_stim,3.749999999999999,705.1236533833132,228.3129313668514,8e1bcbcb-43a3-4e08-8bdd-295255de6bb8,0,37,ZFM-03332
sniffing,no_stim,3.8499999999999988,621.7579914297283,144.9472694132665,8e1bcbcb-43a3-4e08-8bdd-295255de6bb8,0,37,ZFM-03332
sniffing,no_stim,3.949999999999999,565.5116626844826,88.70094066802079,8e1bcbcb-43a3-4e08-8bdd-295255de6bb8,0,37,ZFM-03332
sniffing,stim,-0.45,482.7383275698226,98.94439097593664,e3261da8-3d99-4cca-aabc-ef51ed2e5abc,1,38,ZFM-03330
sniffing,stim,-0.35000000000000003,449.51942109796437,65.7254845040784,e3261da8-3d99-4cca-aabc-ef51ed2e5abc,1,38,ZFM-03330
sniffing,stim,-0.25000000000000006,356.71812047551686,-27.07581611836912,e3261da8-3d99-4cca-aabc-ef51ed2e5abc,1,38,ZFM-03330
sniffing,stim,-0.15000000000000008,319.4045397067269,-64.38939688715908,e3261da8-3d99-4cca-aabc-ef51ed2e5abc,1,38,ZFM-03330
sniffing,stim,-0.050000000000000086,310.5892741193994,-73.20466247448655,e3261da8-3d99-4cca-aabc-ef51ed2e5abc,1,38,ZFM-03330
sniffing,stim,0.04999999999999989,354.74157660282106,-29.052359991064918,e3261da8-3d99-4cca-aabc-ef51ed2e5abc,1,38,ZFM-03330
sniffing,stim,0.14999999999999986,395.99712629144955,12.203189697563573,e3261da8-3d99-4cca-aabc-ef51ed2e5abc,1,38,ZFM-03330
sniffing,stim,0.24999999999999983,514.9401096918473,131.1461730979613,e3261da8-3d99-4cca-aabc-ef51ed2e5abc,1,38,ZFM-03330
sniffing,stim,0.3499999999999998,677.7953499262153,294.0014133323293,e3261da8-3d99-4cca-aabc-ef51ed2e5abc,1,38,ZFM-03330
sniffing,stim,0.4499999999999998,991.9477610203993,608.1538244265133,e3261da8-3d99-4cca-aabc-ef51ed2e5abc,1,38,ZFM-03330
sniffing,stim,0.5499999999999998,1289.204024945186,905.4100883512999,e3261da8-3d99-4cca-aabc-ef51ed2e5abc,1,38,ZFM-03330
sniffing,stim,0.6499999999999998,1486.9048776662082,1103.1109410723222,e3261da8-3d99-4cca-aabc-ef51ed2e5abc,1,38,ZFM-03330
sniffing,stim,0.7499999999999998,1484.5168068837684,1100.7228702898824,e3261da8-3d99-4cca-aabc-ef51ed2e5abc,1,38,ZFM-03330
sniffing,stim,0.8499999999999998,1332.4271856282783,948.6332490343923,e3261da8-3d99-4cca-aabc-ef51ed2e5abc,1,38,ZFM-03330
sniffing,stim,0.9499999999999997,1216.0997277602555,832.3057911663695,e3261da8-3d99-4cca-aabc-ef51ed2e5abc,1,38,ZFM-03330
sniffing,stim,1.0499999999999996,1229.1492128214315,845.3552762275456,e3261da8-3d99-4cca-aabc-ef51ed2e5abc,1,38,ZFM-03330
sniffing,stim,1.1499999999999997,1233.632165232859,849.8382286389731,e3261da8-3d99-4cca-aabc-ef51ed2e5abc,1,38,ZFM-03330
sniffing,stim,1.2499999999999998,1196.6080358432866,812.8140992494007,e3261da8-3d99-4cca-aabc-ef51ed2e5abc,1,38,ZFM-03330
sniffing,stim,1.3499999999999996,1074.639361986779,690.845425392893,e3261da8-3d99-4cca-aabc-ef51ed2e5abc,1,38,ZFM-03330
sniffing,stim,1.4499999999999995,933.6224211942505,549.8284846003645,e3261da8-3d99-4cca-aabc-ef51ed2e5abc,1,38,ZFM-03330
sniffing,stim,1.5499999999999996,847.5548830153473,463.7609464214613,e3261da8-3d99-4cca-aabc-ef51ed2e5abc,1,38,ZFM-03330
sniffing,stim,1.6499999999999997,921.846060789008,538.052124195122,e3261da8-3d99-4cca-aabc-ef51ed2e5abc,1,38,ZFM-03330
sniffing,stim,1.7499999999999996,1045.1137174185865,661.3197808247005,e3261da8-3d99-4cca-aabc-ef51ed2e5abc,1,38,ZFM-03330
sniffing,stim,1.8499999999999994,1187.3507733651054,803.5568367712194,e3261da8-3d99-4cca-aabc-ef51ed2e5abc,1,38,ZFM-03330
sniffing,stim,1.9499999999999995,1330.6585824508945,946.8646458570086,e3261da8-3d99-4cca-aabc-ef51ed2e5abc,1,38,ZFM-03330
sniffing,stim,2.0499999999999994,1390.5480138736195,1006.7540772797336,e3261da8-3d99-4cca-aabc-ef51ed2e5abc,1,38,ZFM-03330
sniffing,stim,2.1499999999999995,1225.3116389756049,841.5177023817189,e3261da8-3d99-4cca-aabc-ef51ed2e5abc,1,38,ZFM-03330
sniffing,stim,2.249999999999999,1097.3186306007535,713.5246940068675,e3261da8-3d99-4cca-aabc-ef51ed2e5abc,1,38,ZFM-03330
sniffing,stim,2.349999999999999,1024.4957641697831,640.7018275758971,e3261da8-3d99-4cca-aabc-ef51ed2e5abc,1,38,ZFM-03330
sniffing,stim,2.4499999999999993,1021.2364042723775,637.4424676784915,e3261da8-3d99-4cca-aabc-ef51ed2e5abc,1,38,ZFM-03330
sniffing,stim,2.549999999999999,970.7620176790753,586.9680810851893,e3261da8-3d99-4cca-aabc-ef51ed2e5abc,1,38,ZFM-03330
sniffing,stim,2.649999999999999,868.6445908224817,484.8506542285958,e3261da8-3d99-4cca-aabc-ef51ed2e5abc,1,38,ZFM-03330
sniffing,stim,2.749999999999999,773.8520710460249,390.0581344521389,e3261da8-3d99-4cca-aabc-ef51ed2e5abc,1,38,ZFM-03330
sniffing,stim,2.849999999999999,676.1855562944028,292.3916197005168,e3261da8-3d99-4cca-aabc-ef51ed2e5abc,1,38,ZFM-03330
sniffing,stim,2.9499999999999993,656.1064587385188,272.3125221446328,e3261da8-3d99-4cca-aabc-ef51ed2e5abc,1,38,ZFM-03330
sniffing,stim,3.049999999999999,681.4712251050537,297.6772885111677,e3261da8-3d99-4cca-aabc-ef51ed2e5abc,1,38,ZFM-03330
sniffing,stim,3.149999999999999,737.9692915263179,354.1753549324319,e3261da8-3d99-4cca-aabc-ef51ed2e5abc,1,38,ZFM-03330
sniffing,stim,3.249999999999999,747.0377276028961,363.2437910090101,e3261da8-3d99-4cca-aabc-ef51ed2e5abc,1,38,ZFM-03330
sniffing,stim,3.3499999999999988,749.8561218520574,366.06218525817144,e3261da8-3d99-4cca-aabc-ef51ed2e5abc,1,38,ZFM-03330
sniffing,stim,3.449999999999999,783.3760877219245,399.5821511280385,e3261da8-3d99-4cca-aabc-ef51ed2e5abc,1,38,ZFM-03330
sniffing,stim,3.549999999999999,784.4612282741197,400.6672916802337,e3261da8-3d99-4cca-aabc-ef51ed2e5abc,1,38,ZFM-03330
sniffing,stim,3.649999999999999,788.2106964403549,404.41675984646895,e3261da8-3d99-4cca-aabc-ef51ed2e5abc,1,38,ZFM-03330
sniffing,stim,3.749999999999999,792.5027282749637,408.70879168107774,e3261da8-3d99-4cca-aabc-ef51ed2e5abc,1,38,ZFM-03330
sniffing,stim,3.8499999999999988,787.2166688589132,403.4227322650272,e3261da8-3d99-4cca-aabc-ef51ed2e5abc,1,38,ZFM-03330
sniffing,stim,3.949999999999999,785.3417933290331,401.5478567351471,e3261da8-3d99-4cca-aabc-ef51ed2e5abc,1,38,ZFM-03330
sniffing,no_stim,-0.45,634.9726820409795,14.409264899293817,e3261da8-3d99-4cca-aabc-ef51ed2e5abc,1,30,ZFM-03330
sniffing,no_stim,-0.35000000000000003,656.8319598163542,36.26854267466854,e3261da8-3d99-4cca-aabc-ef51ed2e5abc,1,30,ZFM-03330
sniffing,no_stim,-0.25000000000000006,638.6493938392559,18.08597669757023,e3261da8-3d99-4cca-aabc-ef51ed2e5abc,1,30,ZFM-03330
sniffing,no_stim,-0.15000000000000008,570.9180935139891,-49.6453236276966,e3261da8-3d99-4cca-aabc-ef51ed2e5abc,1,30,ZFM-03330
sniffing,no_stim,-0.050000000000000086,601.4449564978494,-19.11846064383633,e3261da8-3d99-4cca-aabc-ef51ed2e5abc,1,30,ZFM-03330
sniffing,no_stim,0.04999999999999989,693.5576540451872,72.99423690350147,e3261da8-3d99-4cca-aabc-ef51ed2e5abc,1,30,ZFM-03330
sniffing,no_stim,0.14999999999999986,812.5467790929815,191.98336195129582,e3261da8-3d99-4cca-aabc-ef51ed2e5abc,1,30,ZFM-03330
sniffing,no_stim,0.24999999999999983,937.447742711994,316.8843255703083,e3261da8-3d99-4cca-aabc-ef51ed2e5abc,1,30,ZFM-03330
sniffing,no_stim,0.3499999999999998,918.871767018936,298.3083498772503,e3261da8-3d99-4cca-aabc-ef51ed2e5abc,1,30,ZFM-03330
sniffing,no_stim,0.4499999999999998,808.7611835817069,188.19776644002116,e3261da8-3d99-4cca-aabc-ef51ed2e5abc,1,30,ZFM-03330
sniffing,no_stim,0.5499999999999998,676.3598022426099,55.796385100924226,e3261da8-3d99-4cca-aabc-ef51ed2e5abc,1,30,ZFM-03330
sniffing,no_stim,0.6499999999999998,594.0558028024712,-26.507614339214456,e3261da8-3d99-4cca-aabc-ef51ed2e5abc,1,30,ZFM-03330
sniffing,no_stim,0.7499999999999998,593.3968817776295,-27.166535364056244,e3261da8-3d99-4cca-aabc-ef51ed2e5abc,1,30,ZFM-03330
sniffing,no_stim,0.8499999999999998,558.6141066472804,-61.94931049440527,e3261da8-3d99-4cca-aabc-ef51ed2e5abc,1,30,ZFM-03330
sniffing,no_stim,0.9499999999999997,580.3725137340788,-40.190903407606925,e3261da8-3d99-4cca-aabc-ef51ed2e5abc,1,30,ZFM-03330
sniffing,no_stim,1.0499999999999996,623.7567408710368,3.19332372935105,e3261da8-3d99-4cca-aabc-ef51ed2e5abc,1,30,ZFM-03330
sniffing,no_stim,1.1499999999999997,660.6507441883994,40.08732704671365,e3261da8-3d99-4cca-aabc-ef51ed2e5abc,1,30,ZFM-03330
sniffing,no_stim,1.2499999999999998,651.1526735236057,30.589256381919995,e3261da8-3d99-4cca-aabc-ef51ed2e5abc,1,30,ZFM-03330
sniffing,no_stim,1.3499999999999996,696.1235649649005,75.56014782321483,e3261da8-3d99-4cca-aabc-ef51ed2e5abc,1,30,ZFM-03330
sniffing,no_stim,1.4499999999999995,718.7470178556356,98.18360071394989,e3261da8-3d99-4cca-aabc-ef51ed2e5abc,1,30,ZFM-03330
sniffing,no_stim,1.5499999999999996,756.4464006637721,135.88298352208642,e3261da8-3d99-4cca-aabc-ef51ed2e5abc,1,30,ZFM-03330
sniffing,no_stim,1.6499999999999997,754.1699073014413,133.6064901597556,e3261da8-3d99-4cca-aabc-ef51ed2e5abc,1,30,ZFM-03330
sniffing,no_stim,1.7499999999999996,777.2250033229228,156.6615861812371,e3261da8-3d99-4cca-aabc-ef51ed2e5abc,1,30,ZFM-03330
sniffing,no_stim,1.8499999999999994,854.1040285663461,233.54061142466037,e3261da8-3d99-4cca-aabc-ef51ed2e5abc,1,30,ZFM-03330
sniffing,no_stim,1.9499999999999995,897.2768246474423,276.71340750575655,e3261da8-3d99-4cca-aabc-ef51ed2e5abc,1,30,ZFM-03330
sniffing,no_stim,2.0499999999999994,920.6746064808541,300.1111893391684,e3261da8-3d99-4cca-aabc-ef51ed2e5abc,1,30,ZFM-03330
sniffing,no_stim,2.1499999999999995,900.955029734409,280.3916125927233,e3261da8-3d99-4cca-aabc-ef51ed2e5abc,1,30,ZFM-03330
sniffing,no_stim,2.249999999999999,894.2500772167713,273.68666007508557,e3261da8-3d99-4cca-aabc-ef51ed2e5abc,1,30,ZFM-03330
sniffing,no_stim,2.349999999999999,904.3004713528513,283.7370542111656,e3261da8-3d99-4cca-aabc-ef51ed2e5abc,1,30,ZFM-03330
sniffing,no_stim,2.4499999999999993,834.9521944936919,214.38877735200617,e3261da8-3d99-4cca-aabc-ef51ed2e5abc,1,30,ZFM-03330
sniffing,no_stim,2.549999999999999,746.4348318090979,125.87141466741218,e3261da8-3d99-4cca-aabc-ef51ed2e5abc,1,30,ZFM-03330
sniffing,no_stim,2.649999999999999,661.9510031732751,41.38758603158942,e3261da8-3d99-4cca-aabc-ef51ed2e5abc,1,30,ZFM-03330
sniffing,no_stim,2.749999999999999,720.1910016794995,99.62758453781385,e3261da8-3d99-4cca-aabc-ef51ed2e5abc,1,30,ZFM-03330
sniffing,no_stim,2.849999999999999,793.6004046778784,173.03698753619267,e3261da8-3d99-4cca-aabc-ef51ed2e5abc,1,30,ZFM-03330
sniffing,no_stim,2.9499999999999993,786.0366693253637,165.47325218367803,e3261da8-3d99-4cca-aabc-ef51ed2e5abc,1,30,ZFM-03330
sniffing,no_stim,3.049999999999999,721.0882810602378,100.52486391855211,e3261da8-3d99-4cca-aabc-ef51ed2e5abc,1,30,ZFM-03330
sniffing,no_stim,3.149999999999999,649.0524208070303,28.489003665344626,e3261da8-3d99-4cca-aabc-ef51ed2e5abc,1,30,ZFM-03330
sniffing,no_stim,3.249999999999999,667.574506992292,47.011089850606254,e3261da8-3d99-4cca-aabc-ef51ed2e5abc,1,30,ZFM-03330
sniffing,no_stim,3.3499999999999988,674.4954816193116,53.932064477625886,e3261da8-3d99-4cca-aabc-ef51ed2e5abc,1,30,ZFM-03330
sniffing,no_stim,3.449999999999999,651.0597904040648,30.496373262379052,e3261da8-3d99-4cca-aabc-ef51ed2e5abc,1,30,ZFM-03330
sniffing,no_stim,3.549999999999999,607.974948730421,-12.588468411264671,e3261da8-3d99-4cca-aabc-ef51ed2e5abc,1,30,ZFM-03330
sniffing,no_stim,3.649999999999999,557.5025215212795,-63.0608956204062,e3261da8-3d99-4cca-aabc-ef51ed2e5abc,1,30,ZFM-03330
sniffing,no_stim,3.749999999999999,563.6199841106014,-56.94343303108428,e3261da8-3d99-4cca-aabc-ef51ed2e5abc,1,30,ZFM-03330
sniffing,no_stim,3.8499999999999988,547.2256721659321,-73.3377449757536,e3261da8-3d99-4cca-aabc-ef51ed2e5abc,1,30,ZFM-03330
sniffing,no_stim,3.949999999999999,557.809473174829,-62.753943966856696,e3261da8-3d99-4cca-aabc-ef51ed2e5abc,1,30,ZFM-03330
sniffing,stim,-0.45,926.9720566968319,143.2546919945471,91987e95-33ef-4af8-a2a9-377d26a97a52,0,31,ZFM-03332
sniffing,stim,-0.35000000000000003,822.067964549052,38.35059984676718,91987e95-33ef-4af8-a2a9-377d26a97a52,0,31,ZFM-03332
sniffing,stim,-0.25000000000000006,717.5316602466695,-66.18570445561534,91987e95-33ef-4af8-a2a9-377d26a97a52,0,31,ZFM-03332
sniffing,stim,-0.15000000000000008,733.9316572986789,-49.7857074036059,91987e95-33ef-4af8-a2a9-377d26a97a52,0,31,ZFM-03332
sniffing,stim,-0.050000000000000086,718.0834847201911,-65.63387998209373,91987e95-33ef-4af8-a2a9-377d26a97a52,0,31,ZFM-03332
sniffing,stim,0.04999999999999989,777.1322733690524,-6.585091333232413,91987e95-33ef-4af8-a2a9-377d26a97a52,0,31,ZFM-03332
sniffing,stim,0.14999999999999986,876.0320337375847,92.31466903529986,91987e95-33ef-4af8-a2a9-377d26a97a52,0,31,ZFM-03332
sniffing,stim,0.24999999999999983,945.7146940099109,161.99732930762605,91987e95-33ef-4af8-a2a9-377d26a97a52,0,31,ZFM-03332
sniffing,stim,0.3499999999999998,992.9006381659606,209.18327346367573,91987e95-33ef-4af8-a2a9-377d26a97a52,0,31,ZFM-03332
sniffing,stim,0.4499999999999998,880.5212353083054,96.80387060602061,91987e95-33ef-4af8-a2a9-377d26a97a52,0,31,ZFM-03332
sniffing,stim,0.5499999999999998,845.2234043000733,61.50603959778846,91987e95-33ef-4af8-a2a9-377d26a97a52,0,31,ZFM-03332
sniffing,stim,0.6499999999999998,862.0359483242472,78.31858362196238,91987e95-33ef-4af8-a2a9-377d26a97a52,0,31,ZFM-03332
sniffing,stim,0.7499999999999998,841.4703288959864,57.75296419370159,91987e95-33ef-4af8-a2a9-377d26a97a52,0,31,ZFM-03332
sniffing,stim,0.8499999999999998,860.9524470922992,77.23508239001433,91987e95-33ef-4af8-a2a9-377d26a97a52,0,31,ZFM-03332
sniffing,stim,0.9499999999999997,849.8344651151435,66.11710041285869,91987e95-33ef-4af8-a2a9-377d26a97a52,0,31,ZFM-03332
sniffing,stim,1.0499999999999996,924.940407937456,141.2230432351712,91987e95-33ef-4af8-a2a9-377d26a97a52,0,31,ZFM-03332
sniffing,stim,1.1499999999999997,928.7367548787488,145.01939017646396,91987e95-33ef-4af8-a2a9-377d26a97a52,0,31,ZFM-03332
sniffing,stim,1.2499999999999998,817.3848075508698,33.66744284858498,91987e95-33ef-4af8-a2a9-377d26a97a52,0,31,ZFM-03332
sniffing,stim,1.3499999999999996,782.0708682490513,-1.646496453233567,91987e95-33ef-4af8-a2a9-377d26a97a52,0,31,ZFM-03332
sniffing,stim,1.4499999999999995,762.5782523187896,-21.139112383495217,91987e95-33ef-4af8-a2a9-377d26a97a52,0,31,ZFM-03332
sniffing,stim,1.5499999999999996,730.1441029806847,-53.57326172160015,91987e95-33ef-4af8-a2a9-377d26a97a52,0,31,ZFM-03332
sniffing,stim,1.6499999999999997,654.7368177187068,-128.98054698357805,91987e95-33ef-4af8-a2a9-377d26a97a52,0,31,ZFM-03332
sniffing,stim,1.7499999999999996,550.4119063421062,-233.3054583601786,91987e95-33ef-4af8-a2a9-377d26a97a52,0,31,ZFM-03332
sniffing,stim,1.8499999999999994,507.25531100747907,-276.4620536948058,91987e95-33ef-4af8-a2a9-377d26a97a52,0,31,ZFM-03332
sniffing,stim,1.9499999999999995,612.634707364293,-171.0826573379918,91987e95-33ef-4af8-a2a9-377d26a97a52,0,31,ZFM-03332
sniffing,stim,2.0499999999999994,742.4552032083751,-41.26216149390973,91987e95-33ef-4af8-a2a9-377d26a97a52,0,31,ZFM-03332
sniffing,stim,2.1499999999999995,829.8726769348004,46.1553122325156,91987e95-33ef-4af8-a2a9-377d26a97a52,0,31,ZFM-03332
sniffing,stim,2.249999999999999,848.9341185205773,65.21675381829243,91987e95-33ef-4af8-a2a9-377d26a97a52,0,31,ZFM-03332
sniffing,stim,2.349999999999999,829.5188302822252,45.80146557994033,91987e95-33ef-4af8-a2a9-377d26a97a52,0,31,ZFM-03332
sniffing,stim,2.4499999999999993,840.0496185526388,56.332253850353936,91987e95-33ef-4af8-a2a9-377d26a97a52,0,31,ZFM-03332
sniffing,stim,2.549999999999999,833.049218409218,49.3318537069332,91987e95-33ef-4af8-a2a9-377d26a97a52,0,31,ZFM-03332
sniffing,stim,2.649999999999999,875.5023949858315,91.78503028354669,91987e95-33ef-4af8-a2a9-377d26a97a52,0,31,ZFM-03332
sniffing,stim,2.749999999999999,898.8355609867697,115.11819628448484,91987e95-33ef-4af8-a2a9-377d26a97a52,0,31,ZFM-03332
sniffing,stim,2.849999999999999,913.8774830310349,130.16011832875006,91987e95-33ef-4af8-a2a9-377d26a97a52,0,31,ZFM-03332
sniffing,stim,2.9499999999999993,902.3405794112338,118.62321470894892,91987e95-33ef-4af8-a2a9-377d26a97a52,0,31,ZFM-03332
sniffing,stim,3.049999999999999,925.3243479255876,141.6069832233028,91987e95-33ef-4af8-a2a9-377d26a97a52,0,31,ZFM-03332
sniffing,stim,3.149999999999999,972.1803430432744,188.4629783409896,91987e95-33ef-4af8-a2a9-377d26a97a52,0,31,ZFM-03332
sniffing,stim,3.249999999999999,1019.3630487616012,235.6456840593164,91987e95-33ef-4af8-a2a9-377d26a97a52,0,31,ZFM-03332
sniffing,stim,3.3499999999999988,989.2006620380166,205.48329733573178,91987e95-33ef-4af8-a2a9-377d26a97a52,0,31,ZFM-03332
sniffing,stim,3.449999999999999,897.7055154986222,113.98815079633732,91987e95-33ef-4af8-a2a9-377d26a97a52,0,31,ZFM-03332
sniffing,stim,3.549999999999999,802.6614680840545,18.94410338176965,91987e95-33ef-4af8-a2a9-377d26a97a52,0,31,ZFM-03332
sniffing,stim,3.649999999999999,737.0027275393409,-46.71463716294397,91987e95-33ef-4af8-a2a9-377d26a97a52,0,31,ZFM-03332
sniffing,stim,3.749999999999999,795.121695253967,11.404330551682165,91987e95-33ef-4af8-a2a9-377d26a97a52,0,31,ZFM-03332
sniffing,stim,3.8499999999999988,888.9885299435645,105.27116524127962,91987e95-33ef-4af8-a2a9-377d26a97a52,0,31,ZFM-03332
sniffing,stim,3.949999999999999,965.8170395435649,182.09967484128003,91987e95-33ef-4af8-a2a9-377d26a97a52,0,31,ZFM-03332
sniffing,no_stim,-0.45,724.7432871084015,4.376626703922511,91987e95-33ef-4af8-a2a9-377d26a97a52,0,34,ZFM-03332
sniffing,no_stim,-0.35000000000000003,745.7988867134967,25.432226309017665,91987e95-33ef-4af8-a2a9-377d26a97a52,0,34,ZFM-03332
sniffing,no_stim,-0.25000000000000006,774.6662386547371,54.29957825025804,91987e95-33ef-4af8-a2a9-377d26a97a52,0,34,ZFM-03332
sniffing,no_stim,-0.15000000000000008,746.1436077946747,25.776947390195687,91987e95-33ef-4af8-a2a9-377d26a97a52,0,34,ZFM-03332
sniffing,no_stim,-0.050000000000000086,610.4812817510857,-109.88537865339333,91987e95-33ef-4af8-a2a9-377d26a97a52,0,34,ZFM-03332
sniffing,no_stim,0.04999999999999989,570.9690700883106,-149.39759031616848,91987e95-33ef-4af8-a2a9-377d26a97a52,0,34,ZFM-03332
sniffing,no_stim,0.14999999999999986,578.4266129131928,-141.94004749128624,91987e95-33ef-4af8-a2a9-377d26a97a52,0,34,ZFM-03332
sniffing,no_stim,0.24999999999999983,653.8866454876143,-66.48001491686477,91987e95-33ef-4af8-a2a9-377d26a97a52,0,34,ZFM-03332
sniffing,no_stim,0.3499999999999998,768.1028678234816,47.73620741900254,91987e95-33ef-4af8-a2a9-377d26a97a52,0,34,ZFM-03332
sniffing,no_stim,0.4499999999999998,924.4441490473627,204.07748864288362,91987e95-33ef-4af8-a2a9-377d26a97a52,0,34,ZFM-03332
sniffing,no_stim,0.5499999999999998,1018.526067825124,298.1594074206449,91987e95-33ef-4af8-a2a9-377d26a97a52,0,34,ZFM-03332
sniffing,no_stim,0.6499999999999998,1001.8914453376381,281.524784933159,91987e95-33ef-4af8-a2a9-377d26a97a52,0,34,ZFM-03332
sniffing,no_stim,0.7499999999999998,901.1048216200882,180.73816121560913,91987e95-33ef-4af8-a2a9-377d26a97a52,0,34,ZFM-03332
sniffing,no_stim,0.8499999999999998,791.1952799252808,70.8286195208018,91987e95-33ef-4af8-a2a9-377d26a97a52,0,34,ZFM-03332
sniffing,no_stim,0.9499999999999997,785.7041223206625,65.33746191618343,91987e95-33ef-4af8-a2a9-377d26a97a52,0,34,ZFM-03332
sniffing,no_stim,1.0499999999999996,797.6127160986716,77.24605569419259,91987e95-33ef-4af8-a2a9-377d26a97a52,0,34,ZFM-03332
sniffing,no_stim,1.1499999999999997,851.5625472233502,131.19588681887114,91987e95-33ef-4af8-a2a9-377d26a97a52,0,34,ZFM-03332
sniffing,no_stim,1.2499999999999998,898.91578453075,178.54912412627095,91987e95-33ef-4af8-a2a9-377d26a97a52,0,34,ZFM-03332
sniffing,no_stim,1.3499999999999996,878.6765076695094,158.30984726503038,91987e95-33ef-4af8-a2a9-377d26a97a52,0,34,ZFM-03332
sniffing,no_stim,1.4499999999999995,890.3976541933542,170.0309937888752,91987e95-33ef-4af8-a2a9-377d26a97a52,0,34,ZFM-03332
sniffing,no_stim,1.5499999999999996,993.8722158028596,273.5055553983806,91987e95-33ef-4af8-a2a9-377d26a97a52,0,34,ZFM-03332
sniffing,no_stim,1.6499999999999997,1019.1261700394597,298.75950963498065,91987e95-33ef-4af8-a2a9-377d26a97a52,0,34,ZFM-03332
sniffing,no_stim,1.7499999999999996,1067.3147824297353,346.9481220252562,91987e95-33ef-4af8-a2a9-377d26a97a52,0,34,ZFM-03332
sniffing,no_stim,1.8499999999999994,978.9228491948097,258.5561887903307,91987e95-33ef-4af8-a2a9-377d26a97a52,0,34,ZFM-03332
sniffing,no_stim,1.9499999999999995,907.6258252271188,187.25916482263972,91987e95-33ef-4af8-a2a9-377d26a97a52,0,34,ZFM-03332
sniffing,no_stim,2.0499999999999994,899.2524852038936,178.88582479941454,91987e95-33ef-4af8-a2a9-377d26a97a52,0,34,ZFM-03332
sniffing,no_stim,2.1499999999999995,984.1819926847741,263.815332280295,91987e95-33ef-4af8-a2a9-377d26a97a52,0,34,ZFM-03332
sniffing,no_stim,2.249999999999999,1100.2785345781394,379.9118741736604,91987e95-33ef-4af8-a2a9-377d26a97a52,0,34,ZFM-03332
sniffing,no_stim,2.349999999999999,1112.813848012058,392.44718760757905,91987e95-33ef-4af8-a2a9-377d26a97a52,0,34,ZFM-03332
sniffing,no_stim,2.4499999999999993,1173.3055929013253,452.9389324968463,91987e95-33ef-4af8-a2a9-377d26a97a52,0,34,ZFM-03332
sniffing,no_stim,2.549999999999999,1118.6721064386093,398.3054460341302,91987e95-33ef-4af8-a2a9-377d26a97a52,0,34,ZFM-03332
sniffing,no_stim,2.649999999999999,1043.0417057230543,322.67504531857526,91987e95-33ef-4af8-a2a9-377d26a97a52,0,34,ZFM-03332
sniffing,no_stim,2.749999999999999,898.2526480832544,177.88598767877534,91987e95-33ef-4af8-a2a9-377d26a97a52,0,34,ZFM-03332
sniffing,no_stim,2.849999999999999,903.357270094918,182.990609690439,91987e95-33ef-4af8-a2a9-377d26a97a52,0,34,ZFM-03332
sniffing,no_stim,2.9499999999999993,960.0655846399303,239.69892423545127,91987e95-33ef-4af8-a2a9-377d26a97a52,0,34,ZFM-03332
sniffing,no_stim,3.049999999999999,904.7584352020853,184.39177479760622,91987e95-33ef-4af8-a2a9-377d26a97a52,0,34,ZFM-03332
sniffing,no_stim,3.149999999999999,876.4520622666287,156.08540186214964,91987e95-33ef-4af8-a2a9-377d26a97a52,0,34,ZFM-03332
sniffing,no_stim,3.249999999999999,812.4611825683811,92.09452216390207,91987e95-33ef-4af8-a2a9-377d26a97a52,0,34,ZFM-03332
sniffing,no_stim,3.3499999999999988,835.9318353660275,115.56517496154845,91987e95-33ef-4af8-a2a9-377d26a97a52,0,34,ZFM-03332
sniffing,no_stim,3.449999999999999,870.9326478125735,150.56598740809443,91987e95-33ef-4af8-a2a9-377d26a97a52,0,34,ZFM-03332
sniffing,no_stim,3.549999999999999,910.8542668579202,190.48760645344112,91987e95-33ef-4af8-a2a9-377d26a97a52,0,34,ZFM-03332
sniffing,no_stim,3.649999999999999,914.1484694959962,193.78180909151718,91987e95-33ef-4af8-a2a9-377d26a97a52,0,34,ZFM-03332
sniffing,no_stim,3.749999999999999,862.2536023023249,141.88694189784587,91987e95-33ef-4af8-a2a9-377d26a97a52,0,34,ZFM-03332
sniffing,no_stim,3.8499999999999988,710.6527143820916,-9.713946022387404,91987e95-33ef-4af8-a2a9-377d26a97a52,0,34,ZFM-03332
sniffing,no_stim,3.949999999999999,647.1388036559118,-73.2278567485672,91987e95-33ef-4af8-a2a9-377d26a97a52,0,34,ZFM-03332
sniffing,stim,-0.45,569.9328486388803,118.33699486091598,5244890d-9353-4cfe-a18e-23481883e3a4,1,101,ZFM-03330
sniffing,stim,-0.35000000000000003,472.21209300041903,20.616239222454738,5244890d-9353-4cfe-a18e-23481883e3a4,1,101,ZFM-03330
sniffing,stim,-0.25000000000000006,423.9901002858447,-27.605753492119618,5244890d-9353-4cfe-a18e-23481883e3a4,1,101,ZFM-03330
sniffing,stim,-0.15000000000000008,394.78214048396376,-56.813713294000536,5244890d-9353-4cfe-a18e-23481883e3a4,1,101,ZFM-03330
sniffing,stim,-0.050000000000000086,397.06208648071384,-54.53376729725045,5244890d-9353-4cfe-a18e-23481883e3a4,1,101,ZFM-03330
sniffing,stim,0.04999999999999989,472.8088723250802,21.213018547115894,5244890d-9353-4cfe-a18e-23481883e3a4,1,101,ZFM-03330
sniffing,stim,0.14999999999999986,569.8104850447905,118.21463126682625,5244890d-9353-4cfe-a18e-23481883e3a4,1,101,ZFM-03330
sniffing,stim,0.24999999999999983,709.2484150904418,257.6525613124775,5244890d-9353-4cfe-a18e-23481883e3a4,1,101,ZFM-03330
sniffing,stim,0.3499999999999998,912.3571690631974,460.7613152852331,5244890d-9353-4cfe-a18e-23481883e3a4,1,101,ZFM-03330
sniffing,stim,0.4499999999999998,1112.306566893597,660.7107131156326,5244890d-9353-4cfe-a18e-23481883e3a4,1,101,ZFM-03330
sniffing,stim,0.5499999999999998,1207.2500872088785,755.6542334309142,5244890d-9353-4cfe-a18e-23481883e3a4,1,101,ZFM-03330
sniffing,stim,0.6499999999999998,1148.6504052136827,697.0545514357184,5244890d-9353-4cfe-a18e-23481883e3a4,1,101,ZFM-03330
sniffing,stim,0.7499999999999998,1110.2590462212627,658.6631924432984,5244890d-9353-4cfe-a18e-23481883e3a4,1,101,ZFM-03330
sniffing,stim,0.8499999999999998,1141.1316608657478,689.5358070877835,5244890d-9353-4cfe-a18e-23481883e3a4,1,101,ZFM-03330
sniffing,stim,0.9499999999999997,1157.3594987593833,705.763644981419,5244890d-9353-4cfe-a18e-23481883e3a4,1,101,ZFM-03330
sniffing,stim,1.0499999999999996,1117.9849596350857,666.3891058571214,5244890d-9353-4cfe-a18e-23481883e3a4,1,101,ZFM-03330
sniffing,stim,1.1499999999999997,1091.0423599328471,639.4465061548829,5244890d-9353-4cfe-a18e-23481883e3a4,1,101,ZFM-03330
sniffing,stim,1.2499999999999998,1108.4149030699384,656.8190492919741,5244890d-9353-4cfe-a18e-23481883e3a4,1,101,ZFM-03330
sniffing,stim,1.3499999999999996,1112.2525936034153,660.656739825451,5244890d-9353-4cfe-a18e-23481883e3a4,1,101,ZFM-03330
sniffing,stim,1.4499999999999995,1074.334854176052,622.7390003980877,5244890d-9353-4cfe-a18e-23481883e3a4,1,101,ZFM-03330
sniffing,stim,1.5499999999999996,1032.4543421086032,580.8584883306389,5244890d-9353-4cfe-a18e-23481883e3a4,1,101,ZFM-03330
sniffing,stim,1.6499999999999997,1011.5597195799454,559.9638658019811,5244890d-9353-4cfe-a18e-23481883e3a4,1,101,ZFM-03330
sniffing,stim,1.7499999999999996,1016.5298242142899,564.9339704363256,5244890d-9353-4cfe-a18e-23481883e3a4,1,101,ZFM-03330
sniffing,stim,1.8499999999999994,1020.5152271061085,568.9193733281442,5244890d-9353-4cfe-a18e-23481883e3a4,1,101,ZFM-03330
sniffing,stim,1.9499999999999995,1011.6762702967378,560.0804165187735,5244890d-9353-4cfe-a18e-23481883e3a4,1,101,ZFM-03330
sniffing,stim,2.0499999999999994,974.856825042943,523.2609712649787,5244890d-9353-4cfe-a18e-23481883e3a4,1,101,ZFM-03330
sniffing,stim,2.1499999999999995,916.7893704751772,465.1935166972129,5244890d-9353-4cfe-a18e-23481883e3a4,1,101,ZFM-03330
sniffing,stim,2.249999999999999,875.7062119074862,424.11035812952196,5244890d-9353-4cfe-a18e-23481883e3a4,1,101,ZFM-03330
sniffing,stim,2.349999999999999,859.0983996359412,407.5025458579769,5244890d-9353-4cfe-a18e-23481883e3a4,1,101,ZFM-03330
sniffing,stim,2.4499999999999993,872.4019987980239,420.8061450200596,5244890d-9353-4cfe-a18e-23481883e3a4,1,101,ZFM-03330
sniffing,stim,2.549999999999999,866.7582294722991,415.16237569433486,5244890d-9353-4cfe-a18e-23481883e3a4,1,101,ZFM-03330
sniffing,stim,2.649999999999999,849.3693320636379,397.7734782856736,5244890d-9353-4cfe-a18e-23481883e3a4,1,101,ZFM-03330
sniffing,stim,2.749999999999999,852.8897624625403,401.29390868457597,5244890d-9353-4cfe-a18e-23481883e3a4,1,101,ZFM-03330
sniffing,stim,2.849999999999999,908.9387064023603,457.34285262439596,5244890d-9353-4cfe-a18e-23481883e3a4,1,101,ZFM-03330
sniffing,stim,2.9499999999999993,945.9744892477082,494.3786354697439,5244890d-9353-4cfe-a18e-23481883e3a4,1,101,ZFM-03330
sniffing,stim,3.049999999999999,896.5999433766474,445.0040895986831,5244890d-9353-4cfe-a18e-23481883e3a4,1,101,ZFM-03330
sniffing,stim,3.149999999999999,834.7546195675873,383.158765789623,5244890d-9353-4cfe-a18e-23481883e3a4,1,101,ZFM-03330
sniffing,stim,3.249999999999999,818.3257639126795,366.72991013471517,5244890d-9353-4cfe-a18e-23481883e3a4,1,101,ZFM-03330
sniffing,stim,3.3499999999999988,810.0135563737092,358.4177025957449,5244890d-9353-4cfe-a18e-23481883e3a4,1,101,ZFM-03330
sniffing,stim,3.449999999999999,785.536931207369,333.9410774294047,5244890d-9353-4cfe-a18e-23481883e3a4,1,101,ZFM-03330
sniffing,stim,3.549999999999999,694.9218368754132,243.3259830974489,5244890d-9353-4cfe-a18e-23481883e3a4,1,101,ZFM-03330
sniffing,stim,3.649999999999999,646.5773247408338,194.98147096286948,5244890d-9353-4cfe-a18e-23481883e3a4,1,101,ZFM-03330
sniffing,stim,3.749999999999999,678.2743716696996,226.67851789173528,5244890d-9353-4cfe-a18e-23481883e3a4,1,101,ZFM-03330
sniffing,stim,3.8499999999999988,690.9720534459688,239.37619966800446,5244890d-9353-4cfe-a18e-23481883e3a4,1,101,ZFM-03330
sniffing,stim,3.949999999999999,673.5160237030855,221.92016992512117,5244890d-9353-4cfe-a18e-23481883e3a4,1,101,ZFM-03330
sniffing,no_stim,-0.45,624.7040077989707,78.52889950160761,5244890d-9353-4cfe-a18e-23481883e3a4,1,123,ZFM-03330
sniffing,no_stim,-0.35000000000000003,559.2603187489252,13.085210451562148,5244890d-9353-4cfe-a18e-23481883e3a4,1,123,ZFM-03330
sniffing,no_stim,-0.25000000000000006,535.6224374475865,-10.552670849776518,5244890d-9353-4cfe-a18e-23481883e3a4,1,123,ZFM-03330
sniffing,no_stim,-0.15000000000000008,516.2060206776513,-29.969087619711786,5244890d-9353-4cfe-a18e-23481883e3a4,1,123,ZFM-03330
sniffing,no_stim,-0.050000000000000086,495.08275681368167,-51.0923514836814,5244890d-9353-4cfe-a18e-23481883e3a4,1,123,ZFM-03330
sniffing,no_stim,0.04999999999999989,555.2997656701199,9.124657372756815,5244890d-9353-4cfe-a18e-23481883e3a4,1,123,ZFM-03330
sniffing,no_stim,0.14999999999999986,615.9258128679922,69.75070457062918,5244890d-9353-4cfe-a18e-23481883e3a4,1,123,ZFM-03330
sniffing,no_stim,0.24999999999999983,643.132053709784,96.95694541242096,5244890d-9353-4cfe-a18e-23481883e3a4,1,123,ZFM-03330
sniffing,no_stim,0.3499999999999998,606.8061261305894,60.63101783322634,5244890d-9353-4cfe-a18e-23481883e3a4,1,123,ZFM-03330
sniffing,no_stim,0.4499999999999998,578.6736677694227,32.49855947205958,5244890d-9353-4cfe-a18e-23481883e3a4,1,123,ZFM-03330
sniffing,no_stim,0.5499999999999998,581.6370844915195,35.46197619415648,5244890d-9353-4cfe-a18e-23481883e3a4,1,123,ZFM-03330
sniffing,no_stim,0.6499999999999998,568.1320421875146,21.956933890151504,5244890d-9353-4cfe-a18e-23481883e3a4,1,123,ZFM-03330
sniffing,no_stim,0.7499999999999998,562.5531279259203,16.37801962855724,5244890d-9353-4cfe-a18e-23481883e3a4,1,123,ZFM-03330
sniffing,no_stim,0.8499999999999998,560.5202420795679,14.345133782204812,5244890d-9353-4cfe-a18e-23481883e3a4,1,123,ZFM-03330
sniffing,no_stim,0.9499999999999997,551.9984038264289,5.823295529065831,5244890d-9353-4cfe-a18e-23481883e3a4,1,123,ZFM-03330
sniffing,no_stim,1.0499999999999996,569.5385637522048,23.363455454841755,5244890d-9353-4cfe-a18e-23481883e3a4,1,123,ZFM-03330
sniffing,no_stim,1.1499999999999997,581.5558327591306,35.3807244617675,5244890d-9353-4cfe-a18e-23481883e3a4,1,123,ZFM-03330
sniffing,no_stim,1.2499999999999998,581.1744017691244,34.99929347176135,5244890d-9353-4cfe-a18e-23481883e3a4,1,123,ZFM-03330
sniffing,no_stim,1.3499999999999996,563.547769300886,17.37266100352292,5244890d-9353-4cfe-a18e-23481883e3a4,1,123,ZFM-03330
sniffing,no_stim,1.4499999999999995,555.5224777098981,9.347369412535045,5244890d-9353-4cfe-a18e-23481883e3a4,1,123,ZFM-03330
sniffing,no_stim,1.5499999999999996,570.5939449227503,24.418836625387257,5244890d-9353-4cfe-a18e-23481883e3a4,1,123,ZFM-03330
sniffing,no_stim,1.6499999999999997,594.3782231787259,48.20311488136281,5244890d-9353-4cfe-a18e-23481883e3a4,1,123,ZFM-03330
sniffing,no_stim,1.7499999999999996,633.6296280795749,87.45451978221183,5244890d-9353-4cfe-a18e-23481883e3a4,1,123,ZFM-03330
sniffing,no_stim,1.8499999999999994,649.1141821177308,102.93907382036775,5244890d-9353-4cfe-a18e-23481883e3a4,1,123,ZFM-03330
sniffing,no_stim,1.9499999999999995,680.2056525337966,134.03054423643357,5244890d-9353-4cfe-a18e-23481883e3a4,1,123,ZFM-03330
sniffing,no_stim,2.0499999999999994,701.0493263495747,154.87421805221163,5244890d-9353-4cfe-a18e-23481883e3a4,1,123,ZFM-03330
sniffing,no_stim,2.1499999999999995,753.4077572130603,207.23264891569727,5244890d-9353-4cfe-a18e-23481883e3a4,1,123,ZFM-03330
sniffing,no_stim,2.249999999999999,783.8895659901686,237.71445769280558,5244890d-9353-4cfe-a18e-23481883e3a4,1,123,ZFM-03330
sniffing,no_stim,2.349999999999999,790.5633198136654,244.38821151630236,5244890d-9353-4cfe-a18e-23481883e3a4,1,123,ZFM-03330
sniffing,no_stim,2.4499999999999993,784.7380523085735,238.56294401121045,5244890d-9353-4cfe-a18e-23481883e3a4,1,123,ZFM-03330
sniffing,no_stim,2.549999999999999,771.9643048810015,225.7891965836384,5244890d-9353-4cfe-a18e-23481883e3a4,1,123,ZFM-03330
sniffing,no_stim,2.649999999999999,795.5140375389692,249.33892924160614,5244890d-9353-4cfe-a18e-23481883e3a4,1,123,ZFM-03330
sniffing,no_stim,2.749999999999999,804.1434927317407,257.96838443437764,5244890d-9353-4cfe-a18e-23481883e3a4,1,123,ZFM-03330
sniffing,no_stim,2.849999999999999,775.1869183474008,229.01181005003775,5244890d-9353-4cfe-a18e-23481883e3a4,1,123,ZFM-03330
sniffing,no_stim,2.9499999999999993,770.0362568038524,223.86114850648937,5244890d-9353-4cfe-a18e-23481883e3a4,1,123,ZFM-03330
sniffing,no_stim,3.049999999999999,777.4765183517559,231.30141005439282,5244890d-9353-4cfe-a18e-23481883e3a4,1,123,ZFM-03330
sniffing,no_stim,3.149999999999999,770.7661688605813,224.5910605632182,5244890d-9353-4cfe-a18e-23481883e3a4,1,123,ZFM-03330
sniffing,no_stim,3.249999999999999,773.5557244028622,227.38061610549914,5244890d-9353-4cfe-a18e-23481883e3a4,1,123,ZFM-03330
sniffing,no_stim,3.3499999999999988,783.6116041128735,237.4364958155104,5244890d-9353-4cfe-a18e-23481883e3a4,1,123,ZFM-03330
sniffing,no_stim,3.449999999999999,829.4561474443287,283.28103914696567,5244890d-9353-4cfe-a18e-23481883e3a4,1,123,ZFM-03330
sniffing,no_stim,3.549999999999999,851.1454984373837,304.97039014002064,5244890d-9353-4cfe-a18e-23481883e3a4,1,123,ZFM-03330
sniffing,no_stim,3.649999999999999,804.5154323567731,258.34032405941,5244890d-9353-4cfe-a18e-23481883e3a4,1,123,ZFM-03330
sniffing,no_stim,3.749999999999999,766.0072070230145,219.83209872565146,5244890d-9353-4cfe-a18e-23481883e3a4,1,123,ZFM-03330
sniffing,no_stim,3.8499999999999988,756.1576465747123,209.98253827734925,5244890d-9353-4cfe-a18e-23481883e3a4,1,123,ZFM-03330
sniffing,no_stim,3.949999999999999,737.6592885912326,191.48418029386949,5244890d-9353-4cfe-a18e-23481883e3a4,1,123,ZFM-03330
sniffing,stim,-0.45,1016.7524954097497,176.84463349566386,7ab26936-81b3-482d-a60f-538e2e325f1e,1,45,ZFM-03330
sniffing,stim,-0.35000000000000003,915.7216985855503,75.8138366714644,7ab26936-81b3-482d-a60f-538e2e325f1e,1,45,ZFM-03330
sniffing,stim,-0.25000000000000006,833.0395181871971,-6.868343726888725,7ab26936-81b3-482d-a60f-538e2e325f1e,1,45,ZFM-03330
sniffing,stim,-0.15000000000000008,727.3482930974756,-112.5595688166103,7ab26936-81b3-482d-a60f-538e2e325f1e,1,45,ZFM-03330
sniffing,stim,-0.050000000000000086,706.6773042904563,-133.23055762362958,7ab26936-81b3-482d-a60f-538e2e325f1e,1,45,ZFM-03330
sniffing,stim,0.04999999999999989,787.9825296499089,-51.92533226417697,7ab26936-81b3-482d-a60f-538e2e325f1e,1,45,ZFM-03330
sniffing,stim,0.14999999999999986,961.4727625896296,121.56490067554375,7ab26936-81b3-482d-a60f-538e2e325f1e,1,45,ZFM-03330
sniffing,stim,0.24999999999999983,1088.5362206301998,248.6283587161139,7ab26936-81b3-482d-a60f-538e2e325f1e,1,45,ZFM-03330
sniffing,stim,0.3499999999999998,1193.8693592486181,353.9614973345323,7ab26936-81b3-482d-a60f-538e2e325f1e,1,45,ZFM-03330
sniffing,stim,0.4499999999999998,1292.488113474097,452.5802515600111,7ab26936-81b3-482d-a60f-538e2e325f1e,1,45,ZFM-03330
sniffing,stim,0.5499999999999998,1339.3996340482947,499.4917721342089,7ab26936-81b3-482d-a60f-538e2e325f1e,1,45,ZFM-03330
sniffing,stim,0.6499999999999998,1378.5328834387144,538.6250215246286,7ab26936-81b3-482d-a60f-538e2e325f1e,1,45,ZFM-03330
sniffing,stim,0.7499999999999998,1471.48981084125,631.581948927164,7ab26936-81b3-482d-a60f-538e2e325f1e,1,45,ZFM-03330
sniffing,stim,0.8499999999999998,1501.325681533021,661.4178196189351,7ab26936-81b3-482d-a60f-538e2e325f1e,1,45,ZFM-03330
sniffing,stim,0.9499999999999997,1527.24683981703,687.3389779029441,7ab26936-81b3-482d-a60f-538e2e325f1e,1,45,ZFM-03330
sniffing,stim,1.0499999999999996,1528.1564575084521,688.2485955943663,7ab26936-81b3-482d-a60f-538e2e325f1e,1,45,ZFM-03330
sniffing,stim,1.1499999999999997,1429.966658883214,590.0587969691281,7ab26936-81b3-482d-a60f-538e2e325f1e,1,45,ZFM-03330
sniffing,stim,1.2499999999999998,1267.5742039580628,427.6663420439769,7ab26936-81b3-482d-a60f-538e2e325f1e,1,45,ZFM-03330
sniffing,stim,1.3499999999999996,1230.2554578089323,390.34759589484645,7ab26936-81b3-482d-a60f-538e2e325f1e,1,45,ZFM-03330
sniffing,stim,1.4499999999999995,1249.5625546977517,409.65469278366584,7ab26936-81b3-482d-a60f-538e2e325f1e,1,45,ZFM-03330
sniffing,stim,1.5499999999999996,1297.42272034773,457.51485843364424,7ab26936-81b3-482d-a60f-538e2e325f1e,1,45,ZFM-03330
sniffing,stim,1.6499999999999997,1262.90723568562,422.9993737715341,7ab26936-81b3-482d-a60f-538e2e325f1e,1,45,ZFM-03330
sniffing,stim,1.7499999999999996,1258.3754662902727,418.46760437618684,7ab26936-81b3-482d-a60f-538e2e325f1e,1,45,ZFM-03330
sniffing,stim,1.8499999999999994,1211.4850438785213,371.57718196443545,7ab26936-81b3-482d-a60f-538e2e325f1e,1,45,ZFM-03330
sniffing,stim,1.9499999999999995,1202.3960454444864,362.48818353040053,7ab26936-81b3-482d-a60f-538e2e325f1e,1,45,ZFM-03330
sniffing,stim,2.0499999999999994,1218.3349703503059,378.42710843622,7ab26936-81b3-482d-a60f-538e2e325f1e,1,45,ZFM-03330
sniffing,stim,2.1499999999999995,1199.4698471422387,359.5619852281528,7ab26936-81b3-482d-a60f-538e2e325f1e,1,45,ZFM-03330
sniffing,stim,2.249999999999999,1150.437202092063,310.52934017797713,7ab26936-81b3-482d-a60f-538e2e325f1e,1,45,ZFM-03330
sniffing,stim,2.349999999999999,1095.996733434924,256.0888715208381,7ab26936-81b3-482d-a60f-538e2e325f1e,1,45,ZFM-03330
sniffing,stim,2.4499999999999993,1105.0503262376074,265.1424643235215,7ab26936-81b3-482d-a60f-538e2e325f1e,1,45,ZFM-03330
sniffing,stim,2.549999999999999,1133.6285434153722,293.7206815012863,7ab26936-81b3-482d-a60f-538e2e325f1e,1,45,ZFM-03330
sniffing,stim,2.649999999999999,1177.4165198398396,337.5086579257537,7ab26936-81b3-482d-a60f-538e2e325f1e,1,45,ZFM-03330
sniffing,stim,2.749999999999999,1175.97316523633,336.0653033222442,7ab26936-81b3-482d-a60f-538e2e325f1e,1,45,ZFM-03330
sniffing,stim,2.849999999999999,1155.8269563372285,315.9190944231426,7ab26936-81b3-482d-a60f-538e2e325f1e,1,45,ZFM-03330
sniffing,stim,2.9499999999999993,1131.5697504982686,291.66188858418275,7ab26936-81b3-482d-a60f-538e2e325f1e,1,45,ZFM-03330
sniffing,stim,3.049999999999999,1147.0140179241146,307.1061560100287,7ab26936-81b3-482d-a60f-538e2e325f1e,1,45,ZFM-03330
sniffing,stim,3.149999999999999,1133.4623468406496,293.55448492656376,7ab26936-81b3-482d-a60f-538e2e325f1e,1,45,ZFM-03330
sniffing,stim,3.249999999999999,1175.1698057563626,335.26194384227676,7ab26936-81b3-482d-a60f-538e2e325f1e,1,45,ZFM-03330
sniffing,stim,3.3499999999999988,1166.4118492578505,326.5039873437646,7ab26936-81b3-482d-a60f-538e2e325f1e,1,45,ZFM-03330
sniffing,stim,3.449999999999999,1228.5307435733016,388.62288165921575,7ab26936-81b3-482d-a60f-538e2e325f1e,1,45,ZFM-03330
sniffing,stim,3.549999999999999,1233.853679258112,393.94581734402607,7ab26936-81b3-482d-a60f-538e2e325f1e,1,45,ZFM-03330
sniffing,stim,3.649999999999999,1196.316536663517,356.40867474943104,7ab26936-81b3-482d-a60f-538e2e325f1e,1,45,ZFM-03330
sniffing,stim,3.749999999999999,1164.7072998608478,324.79943794676194,7ab26936-81b3-482d-a60f-538e2e325f1e,1,45,ZFM-03330
sniffing,stim,3.8499999999999988,1111.1728030231677,271.26494110908186,7ab26936-81b3-482d-a60f-538e2e325f1e,1,45,ZFM-03330
sniffing,stim,3.949999999999999,1028.4999843021162,188.59212238803036,7ab26936-81b3-482d-a60f-538e2e325f1e,1,45,ZFM-03330
sniffing,no_stim,-0.45,417.3426916387622,29.4336066810518,7ab26936-81b3-482d-a60f-538e2e325f1e,1,33,ZFM-03330
sniffing,no_stim,-0.35000000000000003,364.2093984015238,-23.699686556186577,7ab26936-81b3-482d-a60f-538e2e325f1e,1,33,ZFM-03330
sniffing,no_stim,-0.25000000000000006,392.2504067407084,4.341321782998023,7ab26936-81b3-482d-a60f-538e2e325f1e,1,33,ZFM-03330
sniffing,no_stim,-0.15000000000000008,388.3927631232293,0.4836781655189384,7ab26936-81b3-482d-a60f-538e2e325f1e,1,33,ZFM-03330
sniffing,no_stim,-0.050000000000000086,377.35016488432836,-10.558920073382012,7ab26936-81b3-482d-a60f-538e2e325f1e,1,33,ZFM-03330
sniffing,no_stim,0.04999999999999989,393.36977482688667,5.460689869176292,7ab26936-81b3-482d-a60f-538e2e325f1e,1,33,ZFM-03330
sniffing,no_stim,0.14999999999999986,443.0973857228047,55.18830076509431,7ab26936-81b3-482d-a60f-538e2e325f1e,1,33,ZFM-03330
sniffing,no_stim,0.24999999999999983,459.65271967343796,71.74363471572758,7ab26936-81b3-482d-a60f-538e2e325f1e,1,33,ZFM-03330
sniffing,no_stim,0.3499999999999998,434.35952947384726,46.45044451613688,7ab26936-81b3-482d-a60f-538e2e325f1e,1,33,ZFM-03330
sniffing,no_stim,0.4499999999999998,402.77136065523456,14.862275697524183,7ab26936-81b3-482d-a60f-538e2e325f1e,1,33,ZFM-03330
sniffing,no_stim,0.5499999999999998,407.00178135887927,19.092696401168894,7ab26936-81b3-482d-a60f-538e2e325f1e,1,33,ZFM-03330
sniffing,no_stim,0.6499999999999998,434.42909260314633,46.52000764543595,7ab26936-81b3-482d-a60f-538e2e325f1e,1,33,ZFM-03330
sniffing,no_stim,0.7499999999999998,469.84414941179665,81.93506445408627,7ab26936-81b3-482d-a60f-538e2e325f1e,1,33,ZFM-03330
sniffing,no_stim,0.8499999999999998,446.8096501383032,58.90056518059282,7ab26936-81b3-482d-a60f-538e2e325f1e,1,33,ZFM-03330
sniffing,no_stim,0.9499999999999997,427.0812270887628,39.1721421310524,7ab26936-81b3-482d-a60f-538e2e325f1e,1,33,ZFM-03330
sniffing,no_stim,1.0499999999999996,393.4025349276485,5.493449969938126,7ab26936-81b3-482d-a60f-538e2e325f1e,1,33,ZFM-03330
sniffing,no_stim,1.1499999999999997,383.82824573176845,-4.080839225941929,7ab26936-81b3-482d-a60f-538e2e325f1e,1,33,ZFM-03330
sniffing,no_stim,1.2499999999999998,392.42209303047343,4.513008072763057,7ab26936-81b3-482d-a60f-538e2e325f1e,1,33,ZFM-03330
sniffing,no_stim,1.3499999999999996,392.10234668195517,4.193261724244792,7ab26936-81b3-482d-a60f-538e2e325f1e,1,33,ZFM-03330
sniffing,no_stim,1.4499999999999995,426.3007387828373,38.39165382512692,7ab26936-81b3-482d-a60f-538e2e325f1e,1,33,ZFM-03330
sniffing,no_stim,1.5499999999999996,443.0770744221552,55.167989464444815,7ab26936-81b3-482d-a60f-538e2e325f1e,1,33,ZFM-03330
sniffing,no_stim,1.6499999999999997,481.0765068706851,93.1674219129747,7ab26936-81b3-482d-a60f-538e2e325f1e,1,33,ZFM-03330
sniffing,no_stim,1.7499999999999996,468.8429408926759,80.93385593496555,7ab26936-81b3-482d-a60f-538e2e325f1e,1,33,ZFM-03330
sniffing,no_stim,1.8499999999999994,428.93744223401217,41.02835727630179,7ab26936-81b3-482d-a60f-538e2e325f1e,1,33,ZFM-03330
sniffing,no_stim,1.9499999999999995,374.18831368639053,-13.720771271319848,7ab26936-81b3-482d-a60f-538e2e325f1e,1,33,ZFM-03330
sniffing,no_stim,2.0499999999999994,329.23016281729116,-58.67892214041922,7ab26936-81b3-482d-a60f-538e2e325f1e,1,33,ZFM-03330
sniffing,no_stim,2.1499999999999995,295.76022953119514,-92.14885542651524,7ab26936-81b3-482d-a60f-538e2e325f1e,1,33,ZFM-03330
sniffing,no_stim,2.249999999999999,307.9186694649596,-79.9904154927508,7ab26936-81b3-482d-a60f-538e2e325f1e,1,33,ZFM-03330
sniffing,no_stim,2.349999999999999,333.5411960612718,-54.36788889643856,7ab26936-81b3-482d-a60f-538e2e325f1e,1,33,ZFM-03330
sniffing,no_stim,2.4499999999999993,312.3929537614258,-75.51613119628456,7ab26936-81b3-482d-a60f-538e2e325f1e,1,33,ZFM-03330
sniffing,no_stim,2.549999999999999,339.035362818717,-48.8737221389934,7ab26936-81b3-482d-a60f-538e2e325f1e,1,33,ZFM-03330
sniffing,no_stim,2.649999999999999,393.19978444120505,5.290699483494677,7ab26936-81b3-482d-a60f-538e2e325f1e,1,33,ZFM-03330
sniffing,no_stim,2.749999999999999,417.36867014054656,29.45958518283618,7ab26936-81b3-482d-a60f-538e2e325f1e,1,33,ZFM-03330
sniffing,no_stim,2.849999999999999,382.96728601860355,-4.941798939106832,7ab26936-81b3-482d-a60f-538e2e325f1e,1,33,ZFM-03330
sniffing,no_stim,2.9499999999999993,352.88133799206474,-35.02774696564563,7ab26936-81b3-482d-a60f-538e2e325f1e,1,33,ZFM-03330
sniffing,no_stim,3.049999999999999,386.3228377265905,-1.5862472311198985,7ab26936-81b3-482d-a60f-538e2e325f1e,1,33,ZFM-03330
sniffing,no_stim,3.149999999999999,438.62313208196616,50.714047124255785,7ab26936-81b3-482d-a60f-538e2e325f1e,1,33,ZFM-03330
sniffing,no_stim,3.249999999999999,464.7697769409309,76.86069198322053,7ab26936-81b3-482d-a60f-538e2e325f1e,1,33,ZFM-03330
sniffing,no_stim,3.3499999999999988,451.1316028357489,63.2225178780385,7ab26936-81b3-482d-a60f-538e2e325f1e,1,33,ZFM-03330
sniffing,no_stim,3.449999999999999,384.19661216491494,-3.712472792795438,7ab26936-81b3-482d-a60f-538e2e325f1e,1,33,ZFM-03330
sniffing,no_stim,3.549999999999999,350.73607016322995,-37.17301479448042,7ab26936-81b3-482d-a60f-538e2e325f1e,1,33,ZFM-03330
sniffing,no_stim,3.649999999999999,364.8482208120542,-23.060864145656183,7ab26936-81b3-482d-a60f-538e2e325f1e,1,33,ZFM-03330
sniffing,no_stim,3.749999999999999,358.95188982614945,-28.957195131560923,7ab26936-81b3-482d-a60f-538e2e325f1e,1,33,ZFM-03330
sniffing,no_stim,3.8499999999999988,312.20962776295704,-75.69945719475334,7ab26936-81b3-482d-a60f-538e2e325f1e,1,33,ZFM-03330
sniffing,no_stim,3.949999999999999,313.1357831377255,-74.77330181998485,7ab26936-81b3-482d-a60f-538e2e325f1e,1,33,ZFM-03330
sniffing,stim,-0.45,478.333567920607,73.36151167373339,40d3fa8b-3c47-4146-ad7a-c38dc7323e4e,1,88,ZFM-02601
sniffing,stim,-0.35000000000000003,449.43731241139466,44.465256164521065,40d3fa8b-3c47-4146-ad7a-c38dc7323e4e,1,88,ZFM-02601
sniffing,stim,-0.25000000000000006,391.00854373584207,-13.963512511031524,40d3fa8b-3c47-4146-ad7a-c38dc7323e4e,1,88,ZFM-02601
sniffing,stim,-0.15000000000000008,355.3784924280051,-49.59356381886852,40d3fa8b-3c47-4146-ad7a-c38dc7323e4e,1,88,ZFM-02601
sniffing,stim,-0.050000000000000086,350.7023647385192,-54.26969150835441,40d3fa8b-3c47-4146-ad7a-c38dc7323e4e,1,88,ZFM-02601
sniffing,stim,0.04999999999999989,385.8021398735771,-19.169916373296473,40d3fa8b-3c47-4146-ad7a-c38dc7323e4e,1,88,ZFM-02601
sniffing,stim,0.14999999999999986,418.59564306857305,13.623586821699462,40d3fa8b-3c47-4146-ad7a-c38dc7323e4e,1,88,ZFM-02601
sniffing,stim,0.24999999999999983,463.24659356486063,58.27453731798704,40d3fa8b-3c47-4146-ad7a-c38dc7323e4e,1,88,ZFM-02601
sniffing,stim,0.3499999999999998,507.48837698456515,102.51632073769156,40d3fa8b-3c47-4146-ad7a-c38dc7323e4e,1,88,ZFM-02601
sniffing,stim,0.4499999999999998,548.0370354069934,143.06497916011978,40d3fa8b-3c47-4146-ad7a-c38dc7323e4e,1,88,ZFM-02601
sniffing,stim,0.5499999999999998,587.060492591326,182.08843634445242,40d3fa8b-3c47-4146-ad7a-c38dc7323e4e,1,88,ZFM-02601
sniffing,stim,0.6499999999999998,611.0333353779487,206.06127913107508,40d3fa8b-3c47-4146-ad7a-c38dc7323e4e,1,88,ZFM-02601
sniffing,stim,0.7499999999999998,610.8651260818575,205.89306983498392,40d3fa8b-3c47-4146-ad7a-c38dc7323e4e,1,88,ZFM-02601
sniffing,stim,0.8499999999999998,567.3617667714591,162.3897105245855,40d3fa8b-3c47-4146-ad7a-c38dc7323e4e,1,88,ZFM-02601
sniffing,stim,0.9499999999999997,521.8965962164898,116.9245399696162,40d3fa8b-3c47-4146-ad7a-c38dc7323e4e,1,88,ZFM-02601
sniffing,stim,1.0499999999999996,538.911762482375,133.93970623550143,40d3fa8b-3c47-4146-ad7a-c38dc7323e4e,1,88,ZFM-02601
sniffing,stim,1.1499999999999997,585.4512422914447,180.47918604457112,40d3fa8b-3c47-4146-ad7a-c38dc7323e4e,1,88,ZFM-02601
sniffing,stim,1.2499999999999998,580.9956123611541,176.02355611428055,40d3fa8b-3c47-4146-ad7a-c38dc7323e4e,1,88,ZFM-02601
sniffing,stim,1.3499999999999996,553.8769221556576,148.90486590878396,40d3fa8b-3c47-4146-ad7a-c38dc7323e4e,1,88,ZFM-02601
sniffing,stim,1.4499999999999995,541.1915767522637,136.2195205053901,40d3fa8b-3c47-4146-ad7a-c38dc7323e4e,1,88,ZFM-02601
sniffing,stim,1.5499999999999996,555.4031599066382,150.43110365976457,40d3fa8b-3c47-4146-ad7a-c38dc7323e4e,1,88,ZFM-02601
sniffing,stim,1.6499999999999997,575.3541276901017,170.38207144322809,40d3fa8b-3c47-4146-ad7a-c38dc7323e4e,1,88,ZFM-02601
sniffing,stim,1.7499999999999996,599.3175245123979,194.3454682655243,40d3fa8b-3c47-4146-ad7a-c38dc7323e4e,1,88,ZFM-02601
sniffing,stim,1.8499999999999994,593.7486090031042,188.77655275623061,40d3fa8b-3c47-4146-ad7a-c38dc7323e4e,1,88,ZFM-02601
sniffing,stim,1.9499999999999995,557.458133205698,152.4860769588244,40d3fa8b-3c47-4146-ad7a-c38dc7323e4e,1,88,ZFM-02601
sniffing,stim,2.0499999999999994,543.0081120922156,138.036055845342,40d3fa8b-3c47-4146-ad7a-c38dc7323e4e,1,88,ZFM-02601
sniffing,stim,2.1499999999999995,545.1989247037128,140.2268684568392,40d3fa8b-3c47-4146-ad7a-c38dc7323e4e,1,88,ZFM-02601
sniffing,stim,2.249999999999999,532.8493456980824,127.87728945120881,40d3fa8b-3c47-4146-ad7a-c38dc7323e4e,1,88,ZFM-02601
sniffing,stim,2.349999999999999,510.2471862534237,105.27513000655011,40d3fa8b-3c47-4146-ad7a-c38dc7323e4e,1,88,ZFM-02601
sniffing,stim,2.4499999999999993,481.44933789370987,76.47728164683627,40d3fa8b-3c47-4146-ad7a-c38dc7323e4e,1,88,ZFM-02601
sniffing,stim,2.549999999999999,479.74875997910954,74.77670373223594,40d3fa8b-3c47-4146-ad7a-c38dc7323e4e,1,88,ZFM-02601
sniffing,stim,2.649999999999999,469.7544220623036,64.78236581543001,40d3fa8b-3c47-4146-ad7a-c38dc7323e4e,1,88,ZFM-02601
sniffing,stim,2.749999999999999,468.5077392003539,63.53568295348032,40d3fa8b-3c47-4146-ad7a-c38dc7323e4e,1,88,ZFM-02601
sniffing,stim,2.849999999999999,461.1325665440041,56.160510297130486,40d3fa8b-3c47-4146-ad7a-c38dc7323e4e,1,88,ZFM-02601
sniffing,stim,2.9499999999999993,463.0086334809845,58.036577234110894,40d3fa8b-3c47-4146-ad7a-c38dc7323e4e,1,88,ZFM-02601
sniffing,stim,3.049999999999999,481.3524080390367,76.38035179216308,40d3fa8b-3c47-4146-ad7a-c38dc7323e4e,1,88,ZFM-02601
sniffing,stim,3.149999999999999,487.67308856422693,82.70103231735334,40d3fa8b-3c47-4146-ad7a-c38dc7323e4e,1,88,ZFM-02601
sniffing,stim,3.249999999999999,476.5985793610702,71.62652311419663,40d3fa8b-3c47-4146-ad7a-c38dc7323e4e,1,88,ZFM-02601
sniffing,stim,3.3499999999999988,462.1420447102049,57.16998846333132,40d3fa8b-3c47-4146-ad7a-c38dc7323e4e,1,88,ZFM-02601
sniffing,stim,3.449999999999999,453.5591615159923,48.587105269118695,40d3fa8b-3c47-4146-ad7a-c38dc7323e4e,1,88,ZFM-02601
sniffing,stim,3.549999999999999,455.00669961389667,50.03464336702308,40d3fa8b-3c47-4146-ad7a-c38dc7323e4e,1,88,ZFM-02601
sniffing,stim,3.649999999999999,458.77257563847985,53.80051939160626,40d3fa8b-3c47-4146-ad7a-c38dc7323e4e,1,88,ZFM-02601
sniffing,stim,3.749999999999999,468.9093724145734,63.937316167699805,40d3fa8b-3c47-4146-ad7a-c38dc7323e4e,1,88,ZFM-02601
sniffing,stim,3.8499999999999988,519.2520586929583,114.28000244608467,40d3fa8b-3c47-4146-ad7a-c38dc7323e4e,1,88,ZFM-02601
sniffing,stim,3.949999999999999,529.3049249526983,124.33286870582475,40d3fa8b-3c47-4146-ad7a-c38dc7323e4e,1,88,ZFM-02601
sniffing,no_stim,-0.45,408.0680305568987,19.48217271223217,40d3fa8b-3c47-4146-ad7a-c38dc7323e4e,1,120,ZFM-02601
sniffing,no_stim,-0.35000000000000003,412.5628632401593,23.977005395492768,40d3fa8b-3c47-4146-ad7a-c38dc7323e4e,1,120,ZFM-02601
sniffing,no_stim,-0.25000000000000006,405.12026932498463,16.534411480318113,40d3fa8b-3c47-4146-ad7a-c38dc7323e4e,1,120,ZFM-02601
sniffing,no_stim,-0.15000000000000008,369.4859143467836,-19.09994349788292,40d3fa8b-3c47-4146-ad7a-c38dc7323e4e,1,120,ZFM-02601
sniffing,no_stim,-0.050000000000000086,347.6922117545064,-40.89364609016013,40d3fa8b-3c47-4146-ad7a-c38dc7323e4e,1,120,ZFM-02601
sniffing,no_stim,0.04999999999999989,371.7763948576694,-16.80946298699712,40d3fa8b-3c47-4146-ad7a-c38dc7323e4e,1,120,ZFM-02601
sniffing,no_stim,0.14999999999999986,404.46987738876913,15.884019544102614,40d3fa8b-3c47-4146-ad7a-c38dc7323e4e,1,120,ZFM-02601
sniffing,no_stim,0.24999999999999983,460.9922018059511,72.40634396128456,40d3fa8b-3c47-4146-ad7a-c38dc7323e4e,1,120,ZFM-02601
sniffing,no_stim,0.3499999999999998,513.179089456314,124.59323161164752,40d3fa8b-3c47-4146-ad7a-c38dc7323e4e,1,120,ZFM-02601
sniffing,no_stim,0.4499999999999998,538.3950876274918,149.80922978282524,40d3fa8b-3c47-4146-ad7a-c38dc7323e4e,1,120,ZFM-02601
sniffing,no_stim,0.5499999999999998,554.4814444521654,165.8955866074989,40d3fa8b-3c47-4146-ad7a-c38dc7323e4e,1,120,ZFM-02601
sniffing,no_stim,0.6499999999999998,573.1790381312104,184.59318028654388,40d3fa8b-3c47-4146-ad7a-c38dc7323e4e,1,120,ZFM-02601
sniffing,no_stim,0.7499999999999998,589.8483354866069,201.26247764194034,40d3fa8b-3c47-4146-ad7a-c38dc7323e4e,1,120,ZFM-02601
sniffing,no_stim,0.8499999999999998,587.6387918597113,199.0529340150448,40d3fa8b-3c47-4146-ad7a-c38dc7323e4e,1,120,ZFM-02601
sniffing,no_stim,0.9499999999999997,557.9667774401497,169.3809195954832,40d3fa8b-3c47-4146-ad7a-c38dc7323e4e,1,120,ZFM-02601
sniffing,no_stim,1.0499999999999996,545.16966773576,156.58380989109344,40d3fa8b-3c47-4146-ad7a-c38dc7323e4e,1,120,ZFM-02601
sniffing,no_stim,1.1499999999999997,517.7328425228851,129.1469846782186,40d3fa8b-3c47-4146-ad7a-c38dc7323e4e,1,120,ZFM-02601
sniffing,no_stim,1.2499999999999998,496.4631051510572,107.8772473063907,40d3fa8b-3c47-4146-ad7a-c38dc7323e4e,1,120,ZFM-02601
sniffing,no_stim,1.3499999999999996,467.32117800150434,78.73532015683782,40d3fa8b-3c47-4146-ad7a-c38dc7323e4e,1,120,ZFM-02601
sniffing,no_stim,1.4499999999999995,452.1475195953817,63.56166175071519,40d3fa8b-3c47-4146-ad7a-c38dc7323e4e,1,120,ZFM-02601
sniffing,no_stim,1.5499999999999996,471.2339531738335,82.648095329167,40d3fa8b-3c47-4146-ad7a-c38dc7323e4e,1,120,ZFM-02601
sniffing,no_stim,1.6499999999999997,492.9638115208726,104.37795367620606,40d3fa8b-3c47-4146-ad7a-c38dc7323e4e,1,120,ZFM-02601
sniffing,no_stim,1.7499999999999996,504.619579121636,116.03372127696946,40d3fa8b-3c47-4146-ad7a-c38dc7323e4e,1,120,ZFM-02601
sniffing,no_stim,1.8499999999999994,491.44111627496574,102.85525843029922,40d3fa8b-3c47-4146-ad7a-c38dc7323e4e,1,120,ZFM-02601
sniffing,no_stim,1.9499999999999995,480.9402910003345,92.354433155668,40d3fa8b-3c47-4146-ad7a-c38dc7323e4e,1,120,ZFM-02601
sniffing,no_stim,2.0499999999999994,458.26829653018024,69.68243868551372,40d3fa8b-3c47-4146-ad7a-c38dc7323e4e,1,120,ZFM-02601
sniffing,no_stim,2.1499999999999995,435.26052691128467,46.67466906661815,40d3fa8b-3c47-4146-ad7a-c38dc7323e4e,1,120,ZFM-02601
sniffing,no_stim,2.249999999999999,416.9020961278763,28.31623828320977,40d3fa8b-3c47-4146-ad7a-c38dc7323e4e,1,120,ZFM-02601
sniffing,no_stim,2.349999999999999,415.21496154340355,26.629103698737026,40d3fa8b-3c47-4146-ad7a-c38dc7323e4e,1,120,ZFM-02601
sniffing,no_stim,2.4499999999999993,449.4536037070458,60.86774586237925,40d3fa8b-3c47-4146-ad7a-c38dc7323e4e,1,120,ZFM-02601
sniffing,no_stim,2.549999999999999,455.30927206295803,66.72341421829151,40d3fa8b-3c47-4146-ad7a-c38dc7323e4e,1,120,ZFM-02601
sniffing,no_stim,2.649999999999999,445.419228631148,56.83337078648145,40d3fa8b-3c47-4146-ad7a-c38dc7323e4e,1,120,ZFM-02601
sniffing,no_stim,2.749999999999999,415.8684860160245,27.282628171358,40d3fa8b-3c47-4146-ad7a-c38dc7323e4e,1,120,ZFM-02601
sniffing,no_stim,2.849999999999999,406.9988002369492,18.412942392282673,40d3fa8b-3c47-4146-ad7a-c38dc7323e4e,1,120,ZFM-02601
sniffing,no_stim,2.9499999999999993,401.9865670581847,13.400709213518155,40d3fa8b-3c47-4146-ad7a-c38dc7323e4e,1,120,ZFM-02601
sniffing,no_stim,3.049999999999999,394.9785613006471,6.392703455980552,40d3fa8b-3c47-4146-ad7a-c38dc7323e4e,1,120,ZFM-02601
sniffing,no_stim,3.149999999999999,383.36508932454115,-5.220768520125375,40d3fa8b-3c47-4146-ad7a-c38dc7323e4e,1,120,ZFM-02601
sniffing,no_stim,3.249999999999999,384.84219372820365,-3.743664116462867,40d3fa8b-3c47-4146-ad7a-c38dc7323e4e,1,120,ZFM-02601
sniffing,no_stim,3.3499999999999988,401.17856030215864,12.592702457492123,40d3fa8b-3c47-4146-ad7a-c38dc7323e4e,1,120,ZFM-02601
sniffing,no_stim,3.449999999999999,402.2142780082205,13.628420163553983,40d3fa8b-3c47-4146-ad7a-c38dc7323e4e,1,120,ZFM-02601
sniffing,no_stim,3.549999999999999,401.86006005397036,13.274202209303837,40d3fa8b-3c47-4146-ad7a-c38dc7323e4e,1,120,ZFM-02601
sniffing,no_stim,3.649999999999999,410.21142659353063,21.62556874886411,40d3fa8b-3c47-4146-ad7a-c38dc7323e4e,1,120,ZFM-02601
sniffing,no_stim,3.749999999999999,407.30185736890246,18.71599952423594,40d3fa8b-3c47-4146-ad7a-c38dc7323e4e,1,120,ZFM-02601
sniffing,no_stim,3.8499999999999988,399.40036400342575,10.81450615875923,40d3fa8b-3c47-4146-ad7a-c38dc7323e4e,1,120,ZFM-02601
sniffing,no_stim,3.949999999999999,395.7027389396353,7.1168810949687895,40d3fa8b-3c47-4146-ad7a-c38dc7323e4e,1,120,ZFM-02601
sniffing,stim,-0.45,550.2937862737891,47.52247226500032,53771a15-33be-4a62-a779-a8c609b742e2,1,74,ZFM-02601
sniffing,stim,-0.35000000000000003,539.9169642370888,37.145650228299985,53771a15-33be-4a62-a779-a8c609b742e2,1,74,ZFM-02601
sniffing,stim,-0.25000000000000006,510.9666121639626,8.195298155173816,53771a15-33be-4a62-a779-a8c609b742e2,1,74,ZFM-02601
sniffing,stim,-0.15000000000000008,473.54329928959595,-29.228014719192856,53771a15-33be-4a62-a779-a8c609b742e2,1,74,ZFM-02601
sniffing,stim,-0.050000000000000086,439.13590807950783,-63.63540592928098,53771a15-33be-4a62-a779-a8c609b742e2,1,74,ZFM-02601
sniffing,stim,0.04999999999999989,484.21902213388427,-18.55229187490454,53771a15-33be-4a62-a779-a8c609b742e2,1,74,ZFM-02601
sniffing,stim,0.14999999999999986,545.2624215022496,42.49110749346079,53771a15-33be-4a62-a779-a8c609b742e2,1,74,ZFM-02601
sniffing,stim,0.24999999999999983,577.4609372129719,74.68962320418308,53771a15-33be-4a62-a779-a8c609b742e2,1,74,ZFM-02601
sniffing,stim,0.3499999999999998,565.6615265881808,62.89021257939197,53771a15-33be-4a62-a779-a8c609b742e2,1,74,ZFM-02601
sniffing,stim,0.4499999999999998,546.2924206551053,43.52110664631647,53771a15-33be-4a62-a779-a8c609b742e2,1,74,ZFM-02601
sniffing,stim,0.5499999999999998,586.4073102256382,83.63599621684938,53771a15-33be-4a62-a779-a8c609b742e2,1,74,ZFM-02601
sniffing,stim,0.6499999999999998,642.3459874141121,139.57467340532327,53771a15-33be-4a62-a779-a8c609b742e2,1,74,ZFM-02601
sniffing,stim,0.7499999999999998,690.7535924235302,187.98227841474142,53771a15-33be-4a62-a779-a8c609b742e2,1,74,ZFM-02601
sniffing,stim,0.8499999999999998,698.7562518973051,195.9849378885163,53771a15-33be-4a62-a779-a8c609b742e2,1,74,ZFM-02601
sniffing,stim,0.9499999999999997,679.497207402042,176.72589339325322,53771a15-33be-4a62-a779-a8c609b742e2,1,74,ZFM-02601
sniffing,stim,1.0499999999999996,643.2028606346944,140.43154662590558,53771a15-33be-4a62-a779-a8c609b742e2,1,74,ZFM-02601
sniffing,stim,1.1499999999999997,591.8662984241496,89.09498441536078,53771a15-33be-4a62-a779-a8c609b742e2,1,74,ZFM-02601
sniffing,stim,1.2499999999999998,543.3807808512337,40.609466842444874,53771a15-33be-4a62-a779-a8c609b742e2,1,74,ZFM-02601
sniffing,stim,1.3499999999999996,520.3380018089191,17.566687800130296,53771a15-33be-4a62-a779-a8c609b742e2,1,74,ZFM-02601
sniffing,stim,1.4499999999999995,521.7117721645503,18.94045815576152,53771a15-33be-4a62-a779-a8c609b742e2,1,74,ZFM-02601
sniffing,stim,1.5499999999999996,528.7646658667975,25.99335185800868,53771a15-33be-4a62-a779-a8c609b742e2,1,74,ZFM-02601
sniffing,stim,1.6499999999999997,546.0132321681127,43.241918159323916,53771a15-33be-4a62-a779-a8c609b742e2,1,74,ZFM-02601
sniffing,stim,1.7499999999999996,557.2021223554699,54.43080834668109,53771a15-33be-4a62-a779-a8c609b742e2,1,74,ZFM-02601
sniffing,stim,1.8499999999999994,543.7379694661514,40.966655457362606,53771a15-33be-4a62-a779-a8c609b742e2,1,74,ZFM-02601
sniffing,stim,1.9499999999999995,534.085859923799,31.31454591501023,53771a15-33be-4a62-a779-a8c609b742e2,1,74,ZFM-02601
sniffing,stim,2.0499999999999994,524.4168423878215,21.64552837903267,53771a15-33be-4a62-a779-a8c609b742e2,1,74,ZFM-02601
sniffing,stim,2.1499999999999995,542.495968814295,39.72465480550619,53771a15-33be-4a62-a779-a8c609b742e2,1,74,ZFM-02601
sniffing,stim,2.249999999999999,565.6158575888275,62.844543580038646,53771a15-33be-4a62-a779-a8c609b742e2,1,74,ZFM-02601
sniffing,stim,2.349999999999999,568.3482417083153,65.5769276995265,53771a15-33be-4a62-a779-a8c609b742e2,1,74,ZFM-02601
sniffing,stim,2.4499999999999993,546.8961353749887,44.12482136619991,53771a15-33be-4a62-a779-a8c609b742e2,1,74,ZFM-02601
sniffing,stim,2.549999999999999,499.01331572294214,-3.757998285846668,53771a15-33be-4a62-a779-a8c609b742e2,1,74,ZFM-02601
sniffing,stim,2.649999999999999,503.1530362529904,0.3817222442015691,53771a15-33be-4a62-a779-a8c609b742e2,1,74,ZFM-02601
sniffing,stim,2.749999999999999,502.05736339903484,-0.7139506097539652,53771a15-33be-4a62-a779-a8c609b742e2,1,74,ZFM-02601
sniffing,stim,2.849999999999999,494.173147023268,-8.598166985520834,53771a15-33be-4a62-a779-a8c609b742e2,1,74,ZFM-02601
sniffing,stim,2.9499999999999993,482.33279964206696,-20.438514366721847,53771a15-33be-4a62-a779-a8c609b742e2,1,74,ZFM-02601
sniffing,stim,3.049999999999999,502.25467832158324,-0.5166356872055644,53771a15-33be-4a62-a779-a8c609b742e2,1,74,ZFM-02601
sniffing,stim,3.149999999999999,534.3740231776501,31.60270916886128,53771a15-33be-4a62-a779-a8c609b742e2,1,74,ZFM-02601
sniffing,stim,3.249999999999999,549.9004179737035,47.12910396491469,53771a15-33be-4a62-a779-a8c609b742e2,1,74,ZFM-02601
sniffing,stim,3.3499999999999988,547.6794452618157,44.90813125302685,53771a15-33be-4a62-a779-a8c609b742e2,1,74,ZFM-02601
sniffing,stim,3.449999999999999,535.8114558938352,33.04014188504635,53771a15-33be-4a62-a779-a8c609b742e2,1,74,ZFM-02601
sniffing,stim,3.549999999999999,491.38789588031943,-11.383418128469373,53771a15-33be-4a62-a779-a8c609b742e2,1,74,ZFM-02601
sniffing,stim,3.649999999999999,474.7927553994112,-27.978558609377615,53771a15-33be-4a62-a779-a8c609b742e2,1,74,ZFM-02601
sniffing,stim,3.749999999999999,463.3937216668996,-39.377592341889226,53771a15-33be-4a62-a779-a8c609b742e2,1,74,ZFM-02601
sniffing,stim,3.8499999999999988,437.9577401097998,-64.81357389898903,53771a15-33be-4a62-a779-a8c609b742e2,1,74,ZFM-02601
sniffing,stim,3.949999999999999,417.58569288488127,-85.18562112390754,53771a15-33be-4a62-a779-a8c609b742e2,1,74,ZFM-02601
sniffing,no_stim,-0.45,561.5429656545112,36.75340252525359,53771a15-33be-4a62-a779-a8c609b742e2,1,63,ZFM-02601
sniffing,no_stim,-0.35000000000000003,546.824718786749,22.035155657491373,53771a15-33be-4a62-a779-a8c609b742e2,1,63,ZFM-02601
sniffing,no_stim,-0.25000000000000006,523.0284082555844,-1.761154873673263,53771a15-33be-4a62-a779-a8c609b742e2,1,63,ZFM-02601
sniffing,no_stim,-0.15000000000000008,500.9818306043737,-23.80773252488393,53771a15-33be-4a62-a779-a8c609b742e2,1,63,ZFM-02601
sniffing,no_stim,-0.050000000000000086,491.56989234507,-33.219670784187656,53771a15-33be-4a62-a779-a8c609b742e2,1,63,ZFM-02601
sniffing,no_stim,0.04999999999999989,508.18146909744013,-16.60809403181753,53771a15-33be-4a62-a779-a8c609b742e2,1,63,ZFM-02601
sniffing,no_stim,0.14999999999999986,514.9154678030652,-9.874095326192446,53771a15-33be-4a62-a779-a8c609b742e2,1,63,ZFM-02601
sniffing,no_stim,0.24999999999999983,500.6736030589784,-24.115960070279243,53771a15-33be-4a62-a779-a8c609b742e2,1,63,ZFM-02601
sniffing,no_stim,0.3499999999999998,497.70225190061126,-27.0873112286464,53771a15-33be-4a62-a779-a8c609b742e2,1,63,ZFM-02601
sniffing,no_stim,0.4499999999999998,571.9910299002539,47.20146677099626,53771a15-33be-4a62-a779-a8c609b742e2,1,63,ZFM-02601
sniffing,no_stim,0.5499999999999998,621.9401030458455,97.15053991658783,53771a15-33be-4a62-a779-a8c609b742e2,1,63,ZFM-02601
sniffing,no_stim,0.6499999999999998,640.2840906385611,115.49452750930345,53771a15-33be-4a62-a779-a8c609b742e2,1,63,ZFM-02601
sniffing,no_stim,0.7499999999999998,653.1107799304272,128.3212168011695,53771a15-33be-4a62-a779-a8c609b742e2,1,63,ZFM-02601
sniffing,no_stim,0.8499999999999998,655.1217300496875,130.3321669204298,53771a15-33be-4a62-a779-a8c609b742e2,1,63,ZFM-02601
sniffing,no_stim,0.9499999999999997,632.6657286030804,107.87616547382277,53771a15-33be-4a62-a779-a8c609b742e2,1,63,ZFM-02601
sniffing,no_stim,1.0499999999999996,583.1865105287997,58.396947399542,53771a15-33be-4a62-a779-a8c609b742e2,1,63,ZFM-02601
sniffing,no_stim,1.1499999999999997,543.4451967133542,18.655633584096563,53771a15-33be-4a62-a779-a8c609b742e2,1,63,ZFM-02601
sniffing,no_stim,1.2499999999999998,524.716636398822,-0.07292673043571085,53771a15-33be-4a62-a779-a8c609b742e2,1,63,ZFM-02601
sniffing,no_stim,1.3499999999999996,520.9993725327665,-3.7901905964911293,53771a15-33be-4a62-a779-a8c609b742e2,1,63,ZFM-02601
sniffing,no_stim,1.4499999999999995,536.5311632167313,11.741600087473671,53771a15-33be-4a62-a779-a8c609b742e2,1,63,ZFM-02601
sniffing,no_stim,1.5499999999999996,548.6956584377662,23.906095308508498,53771a15-33be-4a62-a779-a8c609b742e2,1,63,ZFM-02601
sniffing,no_stim,1.6499999999999997,532.9863619486647,8.196798819407036,53771a15-33be-4a62-a779-a8c609b742e2,1,63,ZFM-02601
sniffing,no_stim,1.7499999999999996,528.3807965763364,3.5912334470787073,53771a15-33be-4a62-a779-a8c609b742e2,1,63,ZFM-02601
sniffing,no_stim,1.8499999999999994,525.7869746680867,0.9974115388290556,53771a15-33be-4a62-a779-a8c609b742e2,1,63,ZFM-02601
sniffing,no_stim,1.9499999999999995,508.3134213646243,-16.476141764633383,53771a15-33be-4a62-a779-a8c609b742e2,1,63,ZFM-02601
sniffing,no_stim,2.0499999999999994,487.8642709760099,-36.92529215324777,53771a15-33be-4a62-a779-a8c609b742e2,1,63,ZFM-02601
sniffing,no_stim,2.1499999999999995,494.4516593642016,-30.33790376505607,53771a15-33be-4a62-a779-a8c609b742e2,1,63,ZFM-02601
sniffing,no_stim,2.249999999999999,477.49764334381126,-47.291919785446396,53771a15-33be-4a62-a779-a8c609b742e2,1,63,ZFM-02601
sniffing,no_stim,2.349999999999999,432.3797270809478,-92.40983604830984,53771a15-33be-4a62-a779-a8c609b742e2,1,63,ZFM-02601
sniffing,no_stim,2.4499999999999993,398.7998226775848,-125.98974045167284,53771a15-33be-4a62-a779-a8c609b742e2,1,63,ZFM-02601
sniffing,no_stim,2.549999999999999,396.3663157808024,-128.42324734845528,53771a15-33be-4a62-a779-a8c609b742e2,1,63,ZFM-02601
sniffing,no_stim,2.649999999999999,398.94140670690217,-125.84815642235549,53771a15-33be-4a62-a779-a8c609b742e2,1,63,ZFM-02601
sniffing,no_stim,2.749999999999999,403.9386639767377,-120.85089915251996,53771a15-33be-4a62-a779-a8c609b742e2,1,63,ZFM-02601
sniffing,no_stim,2.849999999999999,433.23596536473684,-91.55359776452082,53771a15-33be-4a62-a779-a8c609b742e2,1,63,ZFM-02601
sniffing,no_stim,2.9499999999999993,461.6106306111823,-63.178932518075385,53771a15-33be-4a62-a779-a8c609b742e2,1,63,ZFM-02601
sniffing,no_stim,3.049999999999999,477.7743540607314,-47.01520906852625,53771a15-33be-4a62-a779-a8c609b742e2,1,63,ZFM-02601
sniffing,no_stim,3.149999999999999,463.42523307853315,-61.364330050724504,53771a15-33be-4a62-a779-a8c609b742e2,1,63,ZFM-02601
sniffing,no_stim,3.249999999999999,457.9436390097264,-66.84592411953128,53771a15-33be-4a62-a779-a8c609b742e2,1,63,ZFM-02601
sniffing,no_stim,3.3499999999999988,454.147462788253,-70.64210034100466,53771a15-33be-4a62-a779-a8c609b742e2,1,63,ZFM-02601
sniffing,no_stim,3.449999999999999,433.6681324961235,-91.12143063313414,53771a15-33be-4a62-a779-a8c609b742e2,1,63,ZFM-02601
sniffing,no_stim,3.549999999999999,406.4506641274281,-118.33889900182953,53771a15-33be-4a62-a779-a8c609b742e2,1,63,ZFM-02601
sniffing,no_stim,3.649999999999999,358.6654152110875,-166.12414791817014,53771a15-33be-4a62-a779-a8c609b742e2,1,63,ZFM-02601
sniffing,no_stim,3.749999999999999,317.1734060101894,-207.61615711906825,53771a15-33be-4a62-a779-a8c609b742e2,1,63,ZFM-02601
sniffing,no_stim,3.8499999999999988,311.35233801609195,-213.4372251131657,53771a15-33be-4a62-a779-a8c609b742e2,1,63,ZFM-02601
sniffing,no_stim,3.949999999999999,364.65872954406706,-160.1308335851906,53771a15-33be-4a62-a779-a8c609b742e2,1,63,ZFM-02601
sniffing,stim,-0.45,507.5433970855384,68.61313277048146,865496ae-3206-4974-af44-2cff2f7023f2,1,356,ZFM-02600
sniffing,stim,-0.35000000000000003,447.80877382557804,8.878509510521098,865496ae-3206-4974-af44-2cff2f7023f2,1,356,ZFM-02600
sniffing,stim,-0.25000000000000006,416.4344573467003,-22.495806968356646,865496ae-3206-4974-af44-2cff2f7023f2,1,356,ZFM-02600
sniffing,stim,-0.15000000000000008,408.7302343362003,-30.200029978856662,865496ae-3206-4974-af44-2cff2f7023f2,1,356,ZFM-02600
sniffing,stim,-0.050000000000000086,414.13445898126747,-24.795805333789474,865496ae-3206-4974-af44-2cff2f7023f2,1,356,ZFM-02600
sniffing,stim,0.04999999999999989,495.3922599298026,56.46199561474566,865496ae-3206-4974-af44-2cff2f7023f2,1,356,ZFM-02600
sniffing,stim,0.14999999999999986,699.4233651212157,260.4931008061588,865496ae-3206-4974-af44-2cff2f7023f2,1,356,ZFM-02600
sniffing,stim,0.24999999999999983,930.6404317138351,491.7101673987782,865496ae-3206-4974-af44-2cff2f7023f2,1,356,ZFM-02600
sniffing,stim,0.3499999999999998,1049.9322151237468,611.0019508086898,865496ae-3206-4974-af44-2cff2f7023f2,1,356,ZFM-02600
sniffing,stim,0.4499999999999998,1039.6478162110448,600.7175518959878,865496ae-3206-4974-af44-2cff2f7023f2,1,356,ZFM-02600
sniffing,stim,0.5499999999999998,990.8960732986859,551.9658089836289,865496ae-3206-4974-af44-2cff2f7023f2,1,356,ZFM-02600
sniffing,stim,0.6499999999999998,956.6426968279568,517.7124325128998,865496ae-3206-4974-af44-2cff2f7023f2,1,356,ZFM-02600
sniffing,stim,0.7499999999999998,908.3104190772086,469.3801547621517,865496ae-3206-4974-af44-2cff2f7023f2,1,356,ZFM-02600
sniffing,stim,0.8499999999999998,874.1314458593853,435.20118154432834,865496ae-3206-4974-af44-2cff2f7023f2,1,356,ZFM-02600
sniffing,stim,0.9499999999999997,885.8843153237535,446.9540510086966,865496ae-3206-4974-af44-2cff2f7023f2,1,356,ZFM-02600
sniffing,stim,1.0499999999999996,916.619933242097,477.68966892704003,865496ae-3206-4974-af44-2cff2f7023f2,1,356,ZFM-02600
sniffing,stim,1.1499999999999997,964.4475727673704,525.5173084523135,865496ae-3206-4974-af44-2cff2f7023f2,1,356,ZFM-02600
sniffing,stim,1.2499999999999998,1012.929454752374,573.9991904373171,865496ae-3206-4974-af44-2cff2f7023f2,1,356,ZFM-02600
sniffing,stim,1.3499999999999996,1078.4414517671962,639.5111874521392,865496ae-3206-4974-af44-2cff2f7023f2,1,356,ZFM-02600
sniffing,stim,1.4499999999999995,1155.5084635757491,716.5781992606921,865496ae-3206-4974-af44-2cff2f7023f2,1,356,ZFM-02600
sniffing,stim,1.5499999999999996,1228.9732517837842,790.0429874687272,865496ae-3206-4974-af44-2cff2f7023f2,1,356,ZFM-02600
sniffing,stim,1.6499999999999997,1299.1396884205005,860.2094241054435,865496ae-3206-4974-af44-2cff2f7023f2,1,356,ZFM-02600
sniffing,stim,1.7499999999999996,1345.091632098186,906.161367783129,865496ae-3206-4974-af44-2cff2f7023f2,1,356,ZFM-02600
sniffing,stim,1.8499999999999994,1420.581258683706,981.650994368649,865496ae-3206-4974-af44-2cff2f7023f2,1,356,ZFM-02600
sniffing,stim,1.9499999999999995,1481.4231017224347,1042.4928374073777,865496ae-3206-4974-af44-2cff2f7023f2,1,356,ZFM-02600
sniffing,stim,2.0499999999999994,1512.7958517214179,1073.8655874063609,865496ae-3206-4974-af44-2cff2f7023f2,1,356,ZFM-02600
sniffing,stim,2.1499999999999995,1462.6123645081516,1023.6821001930946,865496ae-3206-4974-af44-2cff2f7023f2,1,356,ZFM-02600
sniffing,stim,2.249999999999999,1404.475984702799,965.545720387742,865496ae-3206-4974-af44-2cff2f7023f2,1,356,ZFM-02600
sniffing,stim,2.349999999999999,1334.1763656767769,895.2461013617199,865496ae-3206-4974-af44-2cff2f7023f2,1,356,ZFM-02600
sniffing,stim,2.4499999999999993,1233.1232416053606,794.1929772903036,865496ae-3206-4974-af44-2cff2f7023f2,1,356,ZFM-02600
sniffing,stim,2.549999999999999,1119.3208342206585,680.3905699056015,865496ae-3206-4974-af44-2cff2f7023f2,1,356,ZFM-02600
sniffing,stim,2.649999999999999,1041.8147400925288,602.8844757774718,865496ae-3206-4974-af44-2cff2f7023f2,1,356,ZFM-02600
sniffing,stim,2.749999999999999,949.3556607055014,510.4253963904444,865496ae-3206-4974-af44-2cff2f7023f2,1,356,ZFM-02600
sniffing,stim,2.849999999999999,876.6191104562198,437.68884614116286,865496ae-3206-4974-af44-2cff2f7023f2,1,356,ZFM-02600
sniffing,stim,2.9499999999999993,813.931632564871,375.0013682498141,865496ae-3206-4974-af44-2cff2f7023f2,1,356,ZFM-02600
sniffing,stim,3.049999999999999,779.4724504058594,340.54218609080243,865496ae-3206-4974-af44-2cff2f7023f2,1,356,ZFM-02600
sniffing,stim,3.149999999999999,753.3634697719307,314.43320545687374,865496ae-3206-4974-af44-2cff2f7023f2,1,356,ZFM-02600
sniffing,stim,3.249999999999999,702.825117950499,263.8948536354421,865496ae-3206-4974-af44-2cff2f7023f2,1,356,ZFM-02600
sniffing,stim,3.3499999999999988,655.449837366914,216.5195730518571,865496ae-3206-4974-af44-2cff2f7023f2,1,356,ZFM-02600
sniffing,stim,3.449999999999999,618.4873059551352,179.55704164007824,865496ae-3206-4974-af44-2cff2f7023f2,1,356,ZFM-02600
sniffing,stim,3.549999999999999,629.6644887406046,190.73422442554767,865496ae-3206-4974-af44-2cff2f7023f2,1,356,ZFM-02600
sniffing,stim,3.649999999999999,660.4112909535311,221.48102663847413,865496ae-3206-4974-af44-2cff2f7023f2,1,356,ZFM-02600
sniffing,stim,3.749999999999999,699.5760802710802,260.6458159560232,865496ae-3206-4974-af44-2cff2f7023f2,1,356,ZFM-02600
sniffing,stim,3.8499999999999988,731.9833258566213,293.0530615415643,865496ae-3206-4974-af44-2cff2f7023f2,1,356,ZFM-02600
sniffing,stim,3.949999999999999,777.009160532468,338.078896217411,865496ae-3206-4974-af44-2cff2f7023f2,1,356,ZFM-02600
sniffing,no_stim,-0.45,463.43868594652764,51.52876048228762,865496ae-3206-4974-af44-2cff2f7023f2,1,330,ZFM-02600
sniffing,no_stim,-0.35000000000000003,424.7964270074911,12.886501543251086,865496ae-3206-4974-af44-2cff2f7023f2,1,330,ZFM-02600
sniffing,no_stim,-0.25000000000000006,401.84726309465395,-10.062662369586064,865496ae-3206-4974-af44-2cff2f7023f2,1,330,ZFM-02600
sniffing,no_stim,-0.15000000000000008,382.10845585115203,-29.80146961308799,865496ae-3206-4974-af44-2cff2f7023f2,1,330,ZFM-02600
sniffing,no_stim,-0.050000000000000086,387.3587954213752,-24.551130042864827,865496ae-3206-4974-af44-2cff2f7023f2,1,330,ZFM-02600
sniffing,no_stim,0.04999999999999989,481.03815049961383,69.12822503537382,865496ae-3206-4974-af44-2cff2f7023f2,1,330,ZFM-02600
sniffing,no_stim,0.14999999999999986,666.166390934057,254.25646546981693,865496ae-3206-4974-af44-2cff2f7023f2,1,330,ZFM-02600
sniffing,no_stim,0.24999999999999983,828.1804980715291,416.27057260728907,865496ae-3206-4974-af44-2cff2f7023f2,1,330,ZFM-02600
sniffing,no_stim,0.3499999999999998,877.4586937132597,465.54876824901964,865496ae-3206-4974-af44-2cff2f7023f2,1,330,ZFM-02600
sniffing,no_stim,0.4499999999999998,863.1392770328353,451.22935156859523,865496ae-3206-4974-af44-2cff2f7023f2,1,330,ZFM-02600
sniffing,no_stim,0.5499999999999998,857.8047895703697,445.8948641061297,865496ae-3206-4974-af44-2cff2f7023f2,1,330,ZFM-02600
sniffing,no_stim,0.6499999999999998,856.6480801042559,444.73815464001586,865496ae-3206-4974-af44-2cff2f7023f2,1,330,ZFM-02600
sniffing,no_stim,0.7499999999999998,837.2530345776686,425.34310911342857,865496ae-3206-4974-af44-2cff2f7023f2,1,330,ZFM-02600
sniffing,no_stim,0.8499999999999998,835.529960150257,423.620034686017,865496ae-3206-4974-af44-2cff2f7023f2,1,330,ZFM-02600
sniffing,no_stim,0.9499999999999997,833.7851269804211,421.87520151618105,865496ae-3206-4974-af44-2cff2f7023f2,1,330,ZFM-02600
sniffing,no_stim,1.0499999999999996,868.8331032353321,456.9231777710921,865496ae-3206-4974-af44-2cff2f7023f2,1,330,ZFM-02600
sniffing,no_stim,1.1499999999999997,908.0966819912588,496.1867565270188,865496ae-3206-4974-af44-2cff2f7023f2,1,330,ZFM-02600
sniffing,no_stim,1.2499999999999998,978.1537860078257,566.2438605435857,865496ae-3206-4974-af44-2cff2f7023f2,1,330,ZFM-02600
sniffing,no_stim,1.3499999999999996,1078.215464119375,666.3055386551349,865496ae-3206-4974-af44-2cff2f7023f2,1,330,ZFM-02600
sniffing,no_stim,1.4499999999999995,1163.1094659095647,751.1995404453247,865496ae-3206-4974-af44-2cff2f7023f2,1,330,ZFM-02600
sniffing,no_stim,1.5499999999999996,1225.177668971769,813.267743507529,865496ae-3206-4974-af44-2cff2f7023f2,1,330,ZFM-02600
sniffing,no_stim,1.6499999999999997,1233.7343042449666,821.8243787807265,865496ae-3206-4974-af44-2cff2f7023f2,1,330,ZFM-02600
sniffing,no_stim,1.7499999999999996,1244.526214235504,832.6162887712641,865496ae-3206-4974-af44-2cff2f7023f2,1,330,ZFM-02600
sniffing,no_stim,1.8499999999999994,1267.1181608681816,855.2082354039416,865496ae-3206-4974-af44-2cff2f7023f2,1,330,ZFM-02600
sniffing,no_stim,1.9499999999999995,1295.8543668330092,883.9444413687692,865496ae-3206-4974-af44-2cff2f7023f2,1,330,ZFM-02600
sniffing,no_stim,2.0499999999999994,1302.944140598464,891.0342151342239,865496ae-3206-4974-af44-2cff2f7023f2,1,330,ZFM-02600
sniffing,no_stim,2.1499999999999995,1252.7608833343938,840.8509578701538,865496ae-3206-4974-af44-2cff2f7023f2,1,330,ZFM-02600
sniffing,no_stim,2.249999999999999,1156.4136014463743,744.5036759821343,865496ae-3206-4974-af44-2cff2f7023f2,1,330,ZFM-02600
sniffing,no_stim,2.349999999999999,1069.1560824482638,657.2461569840237,865496ae-3206-4974-af44-2cff2f7023f2,1,330,ZFM-02600
sniffing,no_stim,2.4499999999999993,1011.0715749137958,599.1616494495557,865496ae-3206-4974-af44-2cff2f7023f2,1,330,ZFM-02600
sniffing,no_stim,2.549999999999999,962.0683009232426,550.1583754590026,865496ae-3206-4974-af44-2cff2f7023f2,1,330,ZFM-02600
sniffing,no_stim,2.649999999999999,886.9686890357128,475.0587635714728,865496ae-3206-4974-af44-2cff2f7023f2,1,330,ZFM-02600
sniffing,no_stim,2.749999999999999,817.057090072612,405.147164608372,865496ae-3206-4974-af44-2cff2f7023f2,1,330,ZFM-02600
sniffing,no_stim,2.849999999999999,779.7281664180803,367.81824095384025,865496ae-3206-4974-af44-2cff2f7023f2,1,330,ZFM-02600
sniffing,no_stim,2.9499999999999993,743.9381119107376,332.02818644649756,865496ae-3206-4974-af44-2cff2f7023f2,1,330,ZFM-02600
sniffing,no_stim,3.049999999999999,711.6978018106931,299.7878763464531,865496ae-3206-4974-af44-2cff2f7023f2,1,330,ZFM-02600
sniffing,no_stim,3.149999999999999,661.6090715151562,249.69914605091617,865496ae-3206-4974-af44-2cff2f7023f2,1,330,ZFM-02600
sniffing,no_stim,3.249999999999999,637.8672236848619,225.95729822062185,865496ae-3206-4974-af44-2cff2f7023f2,1,330,ZFM-02600
sniffing,no_stim,3.3499999999999988,631.766288892345,219.85636342810494,865496ae-3206-4974-af44-2cff2f7023f2,1,330,ZFM-02600
sniffing,no_stim,3.449999999999999,639.7396938629569,227.82976839871685,865496ae-3206-4974-af44-2cff2f7023f2,1,330,ZFM-02600
sniffing,no_stim,3.549999999999999,646.599151833,234.68922636875993,865496ae-3206-4974-af44-2cff2f7023f2,1,330,ZFM-02600
sniffing,no_stim,3.649999999999999,647.7876153017629,235.8776898375229,865496ae-3206-4974-af44-2cff2f7023f2,1,330,ZFM-02600
sniffing,no_stim,3.749999999999999,662.8003500312847,250.89042456704465,865496ae-3206-4974-af44-2cff2f7023f2,1,330,ZFM-02600
sniffing,no_stim,3.8499999999999988,694.5950752207459,282.6851497565059,865496ae-3206-4974-af44-2cff2f7023f2,1,330,ZFM-02600
sniffing,no_stim,3.949999999999999,739.0379369988295,327.1280115345895,865496ae-3206-4974-af44-2cff2f7023f2,1,330,ZFM-02600
sniffing,stim,-0.45,392.11426920368143,39.731490641123514,0d24afce-9d3c-449e-ac9f-577eefefbd7e,1,470,ZFM-02600
sniffing,stim,-0.35000000000000003,339.94580322022733,-12.436975342330584,0d24afce-9d3c-449e-ac9f-577eefefbd7e,1,470,ZFM-02600
sniffing,stim,-0.25000000000000006,327.17745094585126,-25.205327616706654,0d24afce-9d3c-449e-ac9f-577eefefbd7e,1,470,ZFM-02600
sniffing,stim,-0.15000000000000008,333.91458246662955,-18.468196095928363,0d24afce-9d3c-449e-ac9f-577eefefbd7e,1,470,ZFM-02600
sniffing,stim,-0.050000000000000086,368.7617869763998,16.37900841384186,0d24afce-9d3c-449e-ac9f-577eefefbd7e,1,470,ZFM-02600
sniffing,stim,0.04999999999999989,481.1372381081905,128.75445954563259,0d24afce-9d3c-449e-ac9f-577eefefbd7e,1,470,ZFM-02600
sniffing,stim,0.14999999999999986,652.0973586351109,299.714580072553,0d24afce-9d3c-449e-ac9f-577eefefbd7e,1,470,ZFM-02600
sniffing,stim,0.24999999999999983,749.5582187418037,397.17544017924575,0d24afce-9d3c-449e-ac9f-577eefefbd7e,1,470,ZFM-02600
sniffing,stim,0.3499999999999998,739.196970549062,386.8141919865041,0d24afce-9d3c-449e-ac9f-577eefefbd7e,1,470,ZFM-02600
sniffing,stim,0.4499999999999998,685.7373428995504,333.3545643369925,0d24afce-9d3c-449e-ac9f-577eefefbd7e,1,470,ZFM-02600
sniffing,stim,0.5499999999999998,660.5332736334831,308.15049507092516,0d24afce-9d3c-449e-ac9f-577eefefbd7e,1,470,ZFM-02600
sniffing,stim,0.6499999999999998,646.2987228993641,293.91594433680615,0d24afce-9d3c-449e-ac9f-577eefefbd7e,1,470,ZFM-02600
sniffing,stim,0.7499999999999998,619.1480596019427,266.7652810393848,0d24afce-9d3c-449e-ac9f-577eefefbd7e,1,470,ZFM-02600
sniffing,stim,0.8499999999999998,635.4508095893776,283.0680310268197,0d24afce-9d3c-449e-ac9f-577eefefbd7e,1,470,ZFM-02600
sniffing,stim,0.9499999999999997,696.3610424511486,343.9782638885907,0d24afce-9d3c-449e-ac9f-577eefefbd7e,1,470,ZFM-02600
sniffing,stim,1.0499999999999996,772.2610835858017,419.87830502324374,0d24afce-9d3c-449e-ac9f-577eefefbd7e,1,470,ZFM-02600
sniffing,stim,1.1499999999999997,842.9614831589698,490.5787045964119,0d24afce-9d3c-449e-ac9f-577eefefbd7e,1,470,ZFM-02600
sniffing,stim,1.2499999999999998,904.0961337092983,551.7133551467405,0d24afce-9d3c-449e-ac9f-577eefefbd7e,1,470,ZFM-02600
sniffing,stim,1.3499999999999996,936.0789681417183,583.6961895791603,0d24afce-9d3c-449e-ac9f-577eefefbd7e,1,470,ZFM-02600
sniffing,stim,1.4499999999999995,986.175158936293,633.7923803737351,0d24afce-9d3c-449e-ac9f-577eefefbd7e,1,470,ZFM-02600
sniffing,stim,1.5499999999999996,1050.0748142970951,697.6920357345373,0d24afce-9d3c-449e-ac9f-577eefefbd7e,1,470,ZFM-02600
sniffing,stim,1.6499999999999997,1077.9457382799912,725.5629597174334,0d24afce-9d3c-449e-ac9f-577eefefbd7e,1,470,ZFM-02600
sniffing,stim,1.7499999999999996,1050.6822738663263,698.2994953037685,0d24afce-9d3c-449e-ac9f-577eefefbd7e,1,470,ZFM-02600
sniffing,stim,1.8499999999999994,1003.3154601552875,650.9326815927295,0d24afce-9d3c-449e-ac9f-577eefefbd7e,1,470,ZFM-02600
sniffing,stim,1.9499999999999995,976.5528667747462,624.1700882121884,0d24afce-9d3c-449e-ac9f-577eefefbd7e,1,470,ZFM-02600
sniffing,stim,2.0499999999999994,959.9180983327507,607.5353197701927,0d24afce-9d3c-449e-ac9f-577eefefbd7e,1,470,ZFM-02600
sniffing,stim,2.1499999999999995,909.3795480293627,556.9967694668048,0d24afce-9d3c-449e-ac9f-577eefefbd7e,1,470,ZFM-02600
sniffing,stim,2.249999999999999,855.4608492200093,503.0780706574514,0d24afce-9d3c-449e-ac9f-577eefefbd7e,1,470,ZFM-02600
sniffing,stim,2.349999999999999,815.5467456661246,463.1639671035667,0d24afce-9d3c-449e-ac9f-577eefefbd7e,1,470,ZFM-02600
sniffing,stim,2.4499999999999993,795.7801711279271,443.3973925653692,0d24afce-9d3c-449e-ac9f-577eefefbd7e,1,470,ZFM-02600
sniffing,stim,2.549999999999999,768.2461519466796,415.86337338412164,0d24afce-9d3c-449e-ac9f-577eefefbd7e,1,470,ZFM-02600
sniffing,stim,2.649999999999999,753.6954517186844,401.31267315612644,0d24afce-9d3c-449e-ac9f-577eefefbd7e,1,470,ZFM-02600
sniffing,stim,2.749999999999999,724.9347011906882,372.5519226281303,0d24afce-9d3c-449e-ac9f-577eefefbd7e,1,470,ZFM-02600
sniffing,stim,2.849999999999999,691.1357141441933,338.7529355816354,0d24afce-9d3c-449e-ac9f-577eefefbd7e,1,470,ZFM-02600
sniffing,stim,2.9499999999999993,661.1385338224654,308.7557552599075,0d24afce-9d3c-449e-ac9f-577eefefbd7e,1,470,ZFM-02600
sniffing,stim,3.049999999999999,643.0039403968457,290.62116183428776,0d24afce-9d3c-449e-ac9f-577eefefbd7e,1,470,ZFM-02600
sniffing,stim,3.149999999999999,641.3154970202924,288.93271845773444,0d24afce-9d3c-449e-ac9f-577eefefbd7e,1,470,ZFM-02600
sniffing,stim,3.249999999999999,634.0696388535825,281.68686029102463,0d24afce-9d3c-449e-ac9f-577eefefbd7e,1,470,ZFM-02600
sniffing,stim,3.3499999999999988,634.3518138231535,281.9690352605956,0d24afce-9d3c-449e-ac9f-577eefefbd7e,1,470,ZFM-02600
sniffing,stim,3.449999999999999,644.6097795636459,292.227001001088,0d24afce-9d3c-449e-ac9f-577eefefbd7e,1,470,ZFM-02600
sniffing,stim,3.549999999999999,632.191263095484,279.8084845329261,0d24afce-9d3c-449e-ac9f-577eefefbd7e,1,470,ZFM-02600
sniffing,stim,3.649999999999999,619.006146903622,266.6233683410641,0d24afce-9d3c-449e-ac9f-577eefefbd7e,1,470,ZFM-02600
sniffing,stim,3.749999999999999,624.9943095869894,272.6115310244315,0d24afce-9d3c-449e-ac9f-577eefefbd7e,1,470,ZFM-02600
sniffing,stim,3.8499999999999988,652.0624027482096,299.6796241856517,0d24afce-9d3c-449e-ac9f-577eefefbd7e,1,470,ZFM-02600
sniffing,stim,3.949999999999999,667.8296410438852,315.4468624813273,0d24afce-9d3c-449e-ac9f-577eefefbd7e,1,470,ZFM-02600
sniffing,no_stim,-0.45,412.6117226914384,27.252142183472927,0d24afce-9d3c-449e-ac9f-577eefefbd7e,1,396,ZFM-02600
sniffing,no_stim,-0.35000000000000003,390.9508903057087,5.591309797743236,0d24afce-9d3c-449e-ac9f-577eefefbd7e,1,396,ZFM-02600
sniffing,no_stim,-0.25000000000000006,372.7222188393661,-12.63736166859934,0d24afce-9d3c-449e-ac9f-577eefefbd7e,1,396,ZFM-02600
sniffing,no_stim,-0.15000000000000008,366.2976160709533,-19.061964437012136,0d24afce-9d3c-449e-ac9f-577eefefbd7e,1,396,ZFM-02600
sniffing,no_stim,-0.050000000000000086,384.21545463236083,-1.1441258756046295,0d24afce-9d3c-449e-ac9f-577eefefbd7e,1,396,ZFM-02600
sniffing,no_stim,0.04999999999999989,462.20745944557694,76.84787893761148,0d24afce-9d3c-449e-ac9f-577eefefbd7e,1,396,ZFM-02600
sniffing,no_stim,0.14999999999999986,590.7544679256545,205.394887417689,0d24afce-9d3c-449e-ac9f-577eefefbd7e,1,396,ZFM-02600
sniffing,no_stim,0.24999999999999983,661.8768187662452,276.5172382582797,0d24afce-9d3c-449e-ac9f-577eefefbd7e,1,396,ZFM-02600
sniffing,no_stim,0.3499999999999998,645.3810906178311,260.02151010986563,0d24afce-9d3c-449e-ac9f-577eefefbd7e,1,396,ZFM-02600
sniffing,no_stim,0.4499999999999998,590.0500563816206,204.69047587365515,0d24afce-9d3c-449e-ac9f-577eefefbd7e,1,396,ZFM-02600
sniffing,no_stim,0.5499999999999998,553.7971791386216,168.4375986306561,0d24afce-9d3c-449e-ac9f-577eefefbd7e,1,396,ZFM-02600
sniffing,no_stim,0.6499999999999998,536.5829088040076,151.22332829604215,0d24afce-9d3c-449e-ac9f-577eefefbd7e,1,396,ZFM-02600
sniffing,no_stim,0.7499999999999998,557.5263564633117,172.16677595534622,0d24afce-9d3c-449e-ac9f-577eefefbd7e,1,396,ZFM-02600
sniffing,no_stim,0.8499999999999998,616.2146976299875,230.85511712202208,0d24afce-9d3c-449e-ac9f-577eefefbd7e,1,396,ZFM-02600
sniffing,no_stim,0.9499999999999997,691.8340927331473,306.4745122251818,0d24afce-9d3c-449e-ac9f-577eefefbd7e,1,396,ZFM-02600
sniffing,no_stim,1.0499999999999996,776.2787664619461,390.9191859539807,0d24afce-9d3c-449e-ac9f-577eefefbd7e,1,396,ZFM-02600
sniffing,no_stim,1.1499999999999997,855.58955588623,470.2299753782645,0d24afce-9d3c-449e-ac9f-577eefefbd7e,1,396,ZFM-02600
sniffing,no_stim,1.2499999999999998,938.024191041349,552.6646105333836,0d24afce-9d3c-449e-ac9f-577eefefbd7e,1,396,ZFM-02600
sniffing,no_stim,1.3499999999999996,992.1978223901201,606.8382418821546,0d24afce-9d3c-449e-ac9f-577eefefbd7e,1,396,ZFM-02600
sniffing,no_stim,1.4499999999999995,1033.7815186650166,648.4219381570512,0d24afce-9d3c-449e-ac9f-577eefefbd7e,1,396,ZFM-02600
sniffing,no_stim,1.5499999999999996,1062.3617594976538,677.0021789896883,0d24afce-9d3c-449e-ac9f-577eefefbd7e,1,396,ZFM-02600
sniffing,no_stim,1.6499999999999997,1076.4941804037207,691.1345998957553,0d24afce-9d3c-449e-ac9f-577eefefbd7e,1,396,ZFM-02600
sniffing,no_stim,1.7499999999999996,1070.3382081424663,684.9786276345009,0d24afce-9d3c-449e-ac9f-577eefefbd7e,1,396,ZFM-02600
sniffing,no_stim,1.8499999999999994,1039.6328584330868,654.2732779251213,0d24afce-9d3c-449e-ac9f-577eefefbd7e,1,396,ZFM-02600
sniffing,no_stim,1.9499999999999995,988.4277932703574,603.0682127623919,0d24afce-9d3c-449e-ac9f-577eefefbd7e,1,396,ZFM-02600
sniffing,no_stim,2.0499999999999994,921.2521159171251,535.8925354091597,0d24afce-9d3c-449e-ac9f-577eefefbd7e,1,396,ZFM-02600
sniffing,no_stim,2.1499999999999995,885.7868816845594,500.4273011765939,0d24afce-9d3c-449e-ac9f-577eefefbd7e,1,396,ZFM-02600
sniffing,no_stim,2.249999999999999,863.699865638814,478.34028513084854,0d24afce-9d3c-449e-ac9f-577eefefbd7e,1,396,ZFM-02600
sniffing,no_stim,2.349999999999999,836.6349131018295,451.27533259386405,0d24afce-9d3c-449e-ac9f-577eefefbd7e,1,396,ZFM-02600
sniffing,no_stim,2.4499999999999993,799.8468645238186,414.4872840158531,0d24afce-9d3c-449e-ac9f-577eefefbd7e,1,396,ZFM-02600
sniffing,no_stim,2.549999999999999,745.7671527893087,360.4075722813433,0d24afce-9d3c-449e-ac9f-577eefefbd7e,1,396,ZFM-02600
sniffing,no_stim,2.649999999999999,694.3295138178725,308.969933309907,0d24afce-9d3c-449e-ac9f-577eefefbd7e,1,396,ZFM-02600
sniffing,no_stim,2.749999999999999,649.8945396386753,264.5349591307098,0d24afce-9d3c-449e-ac9f-577eefefbd7e,1,396,ZFM-02600
sniffing,no_stim,2.849999999999999,629.5893143164101,244.22973380844462,0d24afce-9d3c-449e-ac9f-577eefefbd7e,1,396,ZFM-02600
sniffing,no_stim,2.9499999999999993,612.8177028881032,227.45812238013775,0d24afce-9d3c-449e-ac9f-577eefefbd7e,1,396,ZFM-02600
sniffing,no_stim,3.049999999999999,589.5682266739104,204.20864616594497,0d24afce-9d3c-449e-ac9f-577eefefbd7e,1,396,ZFM-02600
sniffing,no_stim,3.149999999999999,576.1930194772365,190.83343896927101,0d24afce-9d3c-449e-ac9f-577eefefbd7e,1,396,ZFM-02600
sniffing,no_stim,3.249999999999999,586.4149086553974,201.05532814743196,0d24afce-9d3c-449e-ac9f-577eefefbd7e,1,396,ZFM-02600
sniffing,no_stim,3.3499999999999988,602.1427428487863,216.7831623408208,0d24afce-9d3c-449e-ac9f-577eefefbd7e,1,396,ZFM-02600
sniffing,no_stim,3.449999999999999,611.9198088757,226.56022836773457,0d24afce-9d3c-449e-ac9f-577eefefbd7e,1,396,ZFM-02600
sniffing,no_stim,3.549999999999999,621.1390723095477,235.77949180158225,0d24afce-9d3c-449e-ac9f-577eefefbd7e,1,396,ZFM-02600
sniffing,no_stim,3.649999999999999,633.4154002413421,248.05581973337667,0d24afce-9d3c-449e-ac9f-577eefefbd7e,1,396,ZFM-02600
sniffing,no_stim,3.749999999999999,664.2604524384607,278.9008719304952,0d24afce-9d3c-449e-ac9f-577eefefbd7e,1,396,ZFM-02600
sniffing,no_stim,3.8499999999999988,689.4831725432396,304.1235920352741,0d24afce-9d3c-449e-ac9f-577eefefbd7e,1,396,ZFM-02600
sniffing,no_stim,3.949999999999999,698.594865127627,313.23528461966157,0d24afce-9d3c-449e-ac9f-577eefefbd7e,1,396,ZFM-02600
sniffing,stim,-0.45,529.2334338247061,23.09484262648016,c8f68575-e5a8-4960-a690-0149c5c4683f,1,309,ZFM-02600
sniffing,stim,-0.35000000000000003,513.3042552661875,7.165664067961529,c8f68575-e5a8-4960-a690-0149c5c4683f,1,309,ZFM-02600
sniffing,stim,-0.25000000000000006,497.1755900622036,-8.963001136022399,c8f68575-e5a8-4960-a690-0149c5c4683f,1,309,ZFM-02600
sniffing,stim,-0.15000000000000008,489.0774310911665,-17.061160107059493,c8f68575-e5a8-4960-a690-0149c5c4683f,1,309,ZFM-02600
sniffing,stim,-0.050000000000000086,501.90224574686624,-4.236345451359739,c8f68575-e5a8-4960-a690-0149c5c4683f,1,309,ZFM-02600
sniffing,stim,0.04999999999999989,606.4300213673675,100.29143016914156,c8f68575-e5a8-4960-a690-0149c5c4683f,1,309,ZFM-02600
sniffing,stim,0.14999999999999986,766.1472418594965,260.0086506612705,c8f68575-e5a8-4960-a690-0149c5c4683f,1,309,ZFM-02600
sniffing,stim,0.24999999999999983,869.4154418282952,363.27685063006925,c8f68575-e5a8-4960-a690-0149c5c4683f,1,309,ZFM-02600
sniffing,stim,0.3499999999999998,810.7362892642949,304.5976980660689,c8f68575-e5a8-4960-a690-0149c5c4683f,1,309,ZFM-02600
sniffing,stim,0.4499999999999998,703.6635273548408,197.52493615661479,c8f68575-e5a8-4960-a690-0149c5c4683f,1,309,ZFM-02600
sniffing,stim,0.5499999999999998,656.5947877353278,150.45619653710185,c8f68575-e5a8-4960-a690-0149c5c4683f,1,309,ZFM-02600
sniffing,stim,0.6499999999999998,651.6739012348411,145.5353100366151,c8f68575-e5a8-4960-a690-0149c5c4683f,1,309,ZFM-02600
sniffing,stim,0.7499999999999998,655.5113022769364,149.37271107871038,c8f68575-e5a8-4960-a690-0149c5c4683f,1,309,ZFM-02600
sniffing,stim,0.8499999999999998,681.2242577266932,175.0856665284672,c8f68575-e5a8-4960-a690-0149c5c4683f,1,309,ZFM-02600
sniffing,stim,0.9499999999999997,704.7985885236723,198.65999732544628,c8f68575-e5a8-4960-a690-0149c5c4683f,1,309,ZFM-02600
sniffing,stim,1.0499999999999996,760.6786843890766,254.5400931908506,c8f68575-e5a8-4960-a690-0149c5c4683f,1,309,ZFM-02600
sniffing,stim,1.1499999999999997,809.7957498257244,303.65715862749846,c8f68575-e5a8-4960-a690-0149c5c4683f,1,309,ZFM-02600
sniffing,stim,1.2499999999999998,874.0637231808682,367.92513198264226,c8f68575-e5a8-4960-a690-0149c5c4683f,1,309,ZFM-02600
sniffing,stim,1.3499999999999996,936.4492676936115,430.31067649538556,c8f68575-e5a8-4960-a690-0149c5c4683f,1,309,ZFM-02600
sniffing,stim,1.4499999999999995,968.4647175458203,462.32612634759437,c8f68575-e5a8-4960-a690-0149c5c4683f,1,309,ZFM-02600
sniffing,stim,1.5499999999999996,1014.2718793195951,508.1332881213691,c8f68575-e5a8-4960-a690-0149c5c4683f,1,309,ZFM-02600
sniffing,stim,1.6499999999999997,1044.1318465236634,537.9932553254374,c8f68575-e5a8-4960-a690-0149c5c4683f,1,309,ZFM-02600
sniffing,stim,1.7499999999999996,1077.7264937456289,571.5879025474029,c8f68575-e5a8-4960-a690-0149c5c4683f,1,309,ZFM-02600
sniffing,stim,1.8499999999999994,1080.8839046177086,574.7453134194826,c8f68575-e5a8-4960-a690-0149c5c4683f,1,309,ZFM-02600
sniffing,stim,1.9499999999999995,1074.8440478737257,568.7054566754997,c8f68575-e5a8-4960-a690-0149c5c4683f,1,309,ZFM-02600
sniffing,stim,2.0499999999999994,1044.7552778434665,538.6166866452405,c8f68575-e5a8-4960-a690-0149c5c4683f,1,309,ZFM-02600
sniffing,stim,2.1499999999999995,1023.8719128333903,517.7333216351643,c8f68575-e5a8-4960-a690-0149c5c4683f,1,309,ZFM-02600
sniffing,stim,2.249999999999999,992.119001582869,485.98041038464305,c8f68575-e5a8-4960-a690-0149c5c4683f,1,309,ZFM-02600
sniffing,stim,2.349999999999999,947.2863787497196,441.1477875514936,c8f68575-e5a8-4960-a690-0149c5c4683f,1,309,ZFM-02600
sniffing,stim,2.4499999999999993,906.3854654611403,400.2468742629143,c8f68575-e5a8-4960-a690-0149c5c4683f,1,309,ZFM-02600
sniffing,stim,2.549999999999999,871.684231714944,365.545640516718,c8f68575-e5a8-4960-a690-0149c5c4683f,1,309,ZFM-02600
sniffing,stim,2.649999999999999,831.4426326248422,325.3040414266162,c8f68575-e5a8-4960-a690-0149c5c4683f,1,309,ZFM-02600
sniffing,stim,2.749999999999999,786.1013420785324,279.96275088030643,c8f68575-e5a8-4960-a690-0149c5c4683f,1,309,ZFM-02600
sniffing,stim,2.849999999999999,750.1333713407057,243.99478014247973,c8f68575-e5a8-4960-a690-0149c5c4683f,1,309,ZFM-02600
sniffing,stim,2.9499999999999993,737.3365060180535,231.19791481982747,c8f68575-e5a8-4960-a690-0149c5c4683f,1,309,ZFM-02600
sniffing,stim,3.049999999999999,719.0570536203754,212.91846242214945,c8f68575-e5a8-4960-a690-0149c5c4683f,1,309,ZFM-02600
sniffing,stim,3.149999999999999,712.9017188845376,206.76312768631158,c8f68575-e5a8-4960-a690-0149c5c4683f,1,309,ZFM-02600
sniffing,stim,3.249999999999999,725.3705533363246,219.23196213809865,c8f68575-e5a8-4960-a690-0149c5c4683f,1,309,ZFM-02600
sniffing,stim,3.3499999999999988,762.3453787719986,256.20678757377266,c8f68575-e5a8-4960-a690-0149c5c4683f,1,309,ZFM-02600
sniffing,stim,3.449999999999999,776.0093812379525,269.87079003972656,c8f68575-e5a8-4960-a690-0149c5c4683f,1,309,ZFM-02600
sniffing,stim,3.549999999999999,783.6295067944292,277.4909155962032,c8f68575-e5a8-4960-a690-0149c5c4683f,1,309,ZFM-02600
sniffing,stim,3.649999999999999,794.146592975005,288.008001776779,c8f68575-e5a8-4960-a690-0149c5c4683f,1,309,ZFM-02600
sniffing,stim,3.749999999999999,821.1694582790184,315.0308670807924,c8f68575-e5a8-4960-a690-0149c5c4683f,1,309,ZFM-02600
sniffing,stim,3.8499999999999988,846.0185614406556,339.87997024242964,c8f68575-e5a8-4960-a690-0149c5c4683f,1,309,ZFM-02600
sniffing,stim,3.949999999999999,860.6514407634311,354.5128495652051,c8f68575-e5a8-4960-a690-0149c5c4683f,1,309,ZFM-02600
sniffing,no_stim,-0.45,506.4729030018813,18.103036200238876,c8f68575-e5a8-4960-a690-0149c5c4683f,1,345,ZFM-02600
sniffing,no_stim,-0.35000000000000003,465.8118623473766,-22.55800445426587,c8f68575-e5a8-4960-a690-0149c5c4683f,1,345,ZFM-02600
sniffing,no_stim,-0.25000000000000006,452.27772752495105,-36.0921392766914,c8f68575-e5a8-4960-a690-0149c5c4683f,1,345,ZFM-02600
sniffing,no_stim,-0.15000000000000008,466.22575112585287,-22.14411567578958,c8f68575-e5a8-4960-a690-0149c5c4683f,1,345,ZFM-02600
sniffing,no_stim,-0.050000000000000086,551.0610900081505,62.69122320650803,c8f68575-e5a8-4960-a690-0149c5c4683f,1,345,ZFM-02600
sniffing,no_stim,0.04999999999999989,659.2192708266838,170.84940402504134,c8f68575-e5a8-4960-a690-0149c5c4683f,1,345,ZFM-02600
sniffing,no_stim,0.14999999999999986,777.4604324545923,289.0905656529498,c8f68575-e5a8-4960-a690-0149c5c4683f,1,345,ZFM-02600
sniffing,no_stim,0.24999999999999983,816.9472282797326,328.57736147809015,c8f68575-e5a8-4960-a690-0149c5c4683f,1,345,ZFM-02600
sniffing,no_stim,0.3499999999999998,771.8962490264875,283.526382224845,c8f68575-e5a8-4960-a690-0149c5c4683f,1,345,ZFM-02600
sniffing,no_stim,0.4499999999999998,735.2755531929985,246.90568639135603,c8f68575-e5a8-4960-a690-0149c5c4683f,1,345,ZFM-02600
sniffing,no_stim,0.5499999999999998,704.4167872665506,216.04692046490817,c8f68575-e5a8-4960-a690-0149c5c4683f,1,345,ZFM-02600
sniffing,no_stim,0.6499999999999998,681.869687084109,193.4998202824666,c8f68575-e5a8-4960-a690-0149c5c4683f,1,345,ZFM-02600
sniffing,no_stim,0.7499999999999998,669.812690937678,181.44282413603554,c8f68575-e5a8-4960-a690-0149c5c4683f,1,345,ZFM-02600
sniffing,no_stim,0.8499999999999998,682.1135781275141,193.74371132587163,c8f68575-e5a8-4960-a690-0149c5c4683f,1,345,ZFM-02600
sniffing,no_stim,0.9499999999999997,722.0273126996028,233.65744589796037,c8f68575-e5a8-4960-a690-0149c5c4683f,1,345,ZFM-02600
sniffing,no_stim,1.0499999999999996,760.7767421374231,272.4068753357806,c8f68575-e5a8-4960-a690-0149c5c4683f,1,345,ZFM-02600
sniffing,no_stim,1.1499999999999997,810.3817009724734,322.0118341708309,c8f68575-e5a8-4960-a690-0149c5c4683f,1,345,ZFM-02600
sniffing,no_stim,1.2499999999999998,868.1323834989741,379.7625166973317,c8f68575-e5a8-4960-a690-0149c5c4683f,1,345,ZFM-02600
sniffing,no_stim,1.3499999999999996,902.520690130723,414.15082332908054,c8f68575-e5a8-4960-a690-0149c5c4683f,1,345,ZFM-02600
sniffing,no_stim,1.4499999999999995,950.6460807018809,462.2762139002385,c8f68575-e5a8-4960-a690-0149c5c4683f,1,345,ZFM-02600
sniffing,no_stim,1.5499999999999996,1017.5429113194058,529.1730445177634,c8f68575-e5a8-4960-a690-0149c5c4683f,1,345,ZFM-02600
sniffing,no_stim,1.6499999999999997,1044.1022278823177,555.7323610806752,c8f68575-e5a8-4960-a690-0149c5c4683f,1,345,ZFM-02600
sniffing,no_stim,1.7499999999999996,1024.2701348143414,535.9002680126989,c8f68575-e5a8-4960-a690-0149c5c4683f,1,345,ZFM-02600
sniffing,no_stim,1.8499999999999994,993.5402001155162,505.17033331387375,c8f68575-e5a8-4960-a690-0149c5c4683f,1,345,ZFM-02600
sniffing,no_stim,1.9499999999999995,978.4623890861766,490.09252228453414,c8f68575-e5a8-4960-a690-0149c5c4683f,1,345,ZFM-02600
sniffing,no_stim,2.0499999999999994,968.5367028624158,480.1668360607734,c8f68575-e5a8-4960-a690-0149c5c4683f,1,345,ZFM-02600
sniffing,no_stim,2.1499999999999995,952.0957579578177,463.72589115617524,c8f68575-e5a8-4960-a690-0149c5c4683f,1,345,ZFM-02600
sniffing,no_stim,2.249999999999999,935.8382709699931,447.4684041683507,c8f68575-e5a8-4960-a690-0149c5c4683f,1,345,ZFM-02600
sniffing,no_stim,2.349999999999999,937.3008367416047,448.93096993996227,c8f68575-e5a8-4960-a690-0149c5c4683f,1,345,ZFM-02600
sniffing,no_stim,2.4499999999999993,912.5571793911959,424.1873125895534,c8f68575-e5a8-4960-a690-0149c5c4683f,1,345,ZFM-02600
sniffing,no_stim,2.549999999999999,888.0016300381099,399.6317632364674,c8f68575-e5a8-4960-a690-0149c5c4683f,1,345,ZFM-02600
sniffing,no_stim,2.649999999999999,841.1855318348767,352.8156650332342,c8f68575-e5a8-4960-a690-0149c5c4683f,1,345,ZFM-02600
sniffing,no_stim,2.749999999999999,817.2089330031715,328.8390662015291,c8f68575-e5a8-4960-a690-0149c5c4683f,1,345,ZFM-02600
sniffing,no_stim,2.849999999999999,794.0704902187653,305.7006234171228,c8f68575-e5a8-4960-a690-0149c5c4683f,1,345,ZFM-02600
sniffing,no_stim,2.9499999999999993,766.5210312722207,278.1511644705783,c8f68575-e5a8-4960-a690-0149c5c4683f,1,345,ZFM-02600
sniffing,no_stim,3.049999999999999,728.1613623892822,239.79149558763976,c8f68575-e5a8-4960-a690-0149c5c4683f,1,345,ZFM-02600
sniffing,no_stim,3.149999999999999,706.2689796533708,217.89911285172838,c8f68575-e5a8-4960-a690-0149c5c4683f,1,345,ZFM-02600
sniffing,no_stim,3.249999999999999,719.7509533587172,231.38108655707475,c8f68575-e5a8-4960-a690-0149c5c4683f,1,345,ZFM-02600
sniffing,no_stim,3.3499999999999988,769.2987937167253,280.92892691508285,c8f68575-e5a8-4960-a690-0149c5c4683f,1,345,ZFM-02600
sniffing,no_stim,3.449999999999999,815.53549156431,327.1656247626675,c8f68575-e5a8-4960-a690-0149c5c4683f,1,345,ZFM-02600
sniffing,no_stim,3.549999999999999,822.0209247109066,333.6510579092641,c8f68575-e5a8-4960-a690-0149c5c4683f,1,345,ZFM-02600
sniffing,no_stim,3.649999999999999,777.3585575312532,288.9886907296107,c8f68575-e5a8-4960-a690-0149c5c4683f,1,345,ZFM-02600
sniffing,no_stim,3.749999999999999,750.2073709657195,261.8375041640771,c8f68575-e5a8-4960-a690-0149c5c4683f,1,345,ZFM-02600
sniffing,no_stim,3.8499999999999988,763.8293543220138,275.4594875203714,c8f68575-e5a8-4960-a690-0149c5c4683f,1,345,ZFM-02600
sniffing,no_stim,3.949999999999999,792.305070139091,303.9352033374485,c8f68575-e5a8-4960-a690-0149c5c4683f,1,345,ZFM-02600
sniffing,stim,-0.45,463.50736533748346,38.88095153630354,5b7e1b65-b844-4fe8-b19e-1c3175290a63,1,354,ZFM-02600
sniffing,stim,-0.35000000000000003,423.67413202208417,-0.9522817790957561,5b7e1b65-b844-4fe8-b19e-1c3175290a63,1,354,ZFM-02600
sniffing,stim,-0.25000000000000006,403.1234142705196,-21.502999530660304,5b7e1b65-b844-4fe8-b19e-1c3175290a63,1,354,ZFM-02600
sniffing,stim,-0.15000000000000008,394.2095139711315,-30.416899830048408,5b7e1b65-b844-4fe8-b19e-1c3175290a63,1,354,ZFM-02600
sniffing,stim,-0.050000000000000086,438.61764340468125,13.991229603501324,5b7e1b65-b844-4fe8-b19e-1c3175290a63,1,354,ZFM-02600
sniffing,stim,0.04999999999999989,581.1019989016871,156.4755851005072,5b7e1b65-b844-4fe8-b19e-1c3175290a63,1,354,ZFM-02600
sniffing,stim,0.14999999999999986,733.3206167523168,308.6942029511369,5b7e1b65-b844-4fe8-b19e-1c3175290a63,1,354,ZFM-02600
sniffing,stim,0.24999999999999983,786.1422232894221,361.51580948824216,5b7e1b65-b844-4fe8-b19e-1c3175290a63,1,354,ZFM-02600
sniffing,stim,0.3499999999999998,718.0173604750261,293.39094667384614,5b7e1b65-b844-4fe8-b19e-1c3175290a63,1,354,ZFM-02600
sniffing,stim,0.4499999999999998,660.1438875951799,235.51747379399995,5b7e1b65-b844-4fe8-b19e-1c3175290a63,1,354,ZFM-02600
sniffing,stim,0.5499999999999998,663.8742929698675,239.24787916868758,5b7e1b65-b844-4fe8-b19e-1c3175290a63,1,354,ZFM-02600
sniffing,stim,0.6499999999999998,684.7282262351321,260.10181243395215,5b7e1b65-b844-4fe8-b19e-1c3175290a63,1,354,ZFM-02600
sniffing,stim,0.7499999999999998,675.1155878424639,250.489174041284,5b7e1b65-b844-4fe8-b19e-1c3175290a63,1,354,ZFM-02600
sniffing,stim,0.8499999999999998,672.0040569820361,247.37764318085618,5b7e1b65-b844-4fe8-b19e-1c3175290a63,1,354,ZFM-02600
sniffing,stim,0.9499999999999997,690.5420876257841,265.9156738246042,5b7e1b65-b844-4fe8-b19e-1c3175290a63,1,354,ZFM-02600
sniffing,stim,1.0499999999999996,716.4425188567023,291.8161050555224,5b7e1b65-b844-4fe8-b19e-1c3175290a63,1,354,ZFM-02600
sniffing,stim,1.1499999999999997,749.211364638492,324.5849508373121,5b7e1b65-b844-4fe8-b19e-1c3175290a63,1,354,ZFM-02600
sniffing,stim,1.2499999999999998,787.5787548553537,362.9523410541738,5b7e1b65-b844-4fe8-b19e-1c3175290a63,1,354,ZFM-02600
sniffing,stim,1.3499999999999996,839.9229174799841,415.2965036788042,5b7e1b65-b844-4fe8-b19e-1c3175290a63,1,354,ZFM-02600
sniffing,stim,1.4499999999999995,894.4140185093455,469.7876047081656,5b7e1b65-b844-4fe8-b19e-1c3175290a63,1,354,ZFM-02600
sniffing,stim,1.5499999999999996,937.2417803826407,512.6153665814609,5b7e1b65-b844-4fe8-b19e-1c3175290a63,1,354,ZFM-02600
sniffing,stim,1.6499999999999997,972.5402365849177,547.9138227837377,5b7e1b65-b844-4fe8-b19e-1c3175290a63,1,354,ZFM-02600
sniffing,stim,1.7499999999999996,995.5431693513793,570.9167555501995,5b7e1b65-b844-4fe8-b19e-1c3175290a63,1,354,ZFM-02600
sniffing,stim,1.8499999999999994,1003.711956689404,579.0855428882242,5b7e1b65-b844-4fe8-b19e-1c3175290a63,1,354,ZFM-02600
sniffing,stim,1.9499999999999995,1002.1855875399384,577.5591737387585,5b7e1b65-b844-4fe8-b19e-1c3175290a63,1,354,ZFM-02600
sniffing,stim,2.0499999999999994,992.8806139630798,568.2542001618999,5b7e1b65-b844-4fe8-b19e-1c3175290a63,1,354,ZFM-02600
sniffing,stim,2.1499999999999995,954.9774076915058,530.350993890326,5b7e1b65-b844-4fe8-b19e-1c3175290a63,1,354,ZFM-02600
sniffing,stim,2.249999999999999,926.6279462078232,502.0015324066433,5b7e1b65-b844-4fe8-b19e-1c3175290a63,1,354,ZFM-02600
sniffing,stim,2.349999999999999,900.7473925237498,476.1209787225699,5b7e1b65-b844-4fe8-b19e-1c3175290a63,1,354,ZFM-02600
sniffing,stim,2.4499999999999993,872.4613031882901,447.8348893871102,5b7e1b65-b844-4fe8-b19e-1c3175290a63,1,354,ZFM-02600
sniffing,stim,2.549999999999999,823.3261249871697,398.69971118598977,5b7e1b65-b844-4fe8-b19e-1c3175290a63,1,354,ZFM-02600
sniffing,stim,2.649999999999999,784.0116700553884,359.3852562542085,5b7e1b65-b844-4fe8-b19e-1c3175290a63,1,354,ZFM-02600
sniffing,stim,2.749999999999999,746.0434513067319,321.41703750555195,5b7e1b65-b844-4fe8-b19e-1c3175290a63,1,354,ZFM-02600
sniffing,stim,2.849999999999999,694.7972257104968,270.1708119093169,5b7e1b65-b844-4fe8-b19e-1c3175290a63,1,354,ZFM-02600
sniffing,stim,2.9499999999999993,655.4450360284056,230.81862222722572,5b7e1b65-b844-4fe8-b19e-1c3175290a63,1,354,ZFM-02600
sniffing,stim,3.049999999999999,631.3948230219024,206.7684092207225,5b7e1b65-b844-4fe8-b19e-1c3175290a63,1,354,ZFM-02600
sniffing,stim,3.149999999999999,632.7683238610008,208.14191005982087,5b7e1b65-b844-4fe8-b19e-1c3175290a63,1,354,ZFM-02600
sniffing,stim,3.249999999999999,618.8115382522155,194.18512445103562,5b7e1b65-b844-4fe8-b19e-1c3175290a63,1,354,ZFM-02600
sniffing,stim,3.3499999999999988,614.153995194943,189.5275813937631,5b7e1b65-b844-4fe8-b19e-1c3175290a63,1,354,ZFM-02600
sniffing,stim,3.449999999999999,611.7022411625592,187.07582736137925,5b7e1b65-b844-4fe8-b19e-1c3175290a63,1,354,ZFM-02600
sniffing,stim,3.549999999999999,627.885179528474,203.25876572729413,5b7e1b65-b844-4fe8-b19e-1c3175290a63,1,354,ZFM-02600
sniffing,stim,3.649999999999999,659.5271718014335,234.90075800025357,5b7e1b65-b844-4fe8-b19e-1c3175290a63,1,354,ZFM-02600
sniffing,stim,3.749999999999999,701.1397536431103,276.5133398419304,5b7e1b65-b844-4fe8-b19e-1c3175290a63,1,354,ZFM-02600
sniffing,stim,3.8499999999999988,714.9970644980178,290.3706506968379,5b7e1b65-b844-4fe8-b19e-1c3175290a63,1,354,ZFM-02600
sniffing,stim,3.949999999999999,730.4782510603834,305.8518372592035,5b7e1b65-b844-4fe8-b19e-1c3175290a63,1,354,ZFM-02600
sniffing,no_stim,-0.45,444.968895033092,22.794434989106094,5b7e1b65-b844-4fe8-b19e-1c3175290a63,1,342,ZFM-02600
sniffing,no_stim,-0.35000000000000003,424.3887250481562,2.2142650041702723,5b7e1b65-b844-4fe8-b19e-1c3175290a63,1,342,ZFM-02600
sniffing,no_stim,-0.25000000000000006,412.2817178385983,-9.892742205387606,5b7e1b65-b844-4fe8-b19e-1c3175290a63,1,342,ZFM-02600
sniffing,no_stim,-0.15000000000000008,401.57107820928127,-20.603381834704635,5b7e1b65-b844-4fe8-b19e-1c3175290a63,1,342,ZFM-02600
sniffing,no_stim,-0.050000000000000086,427.66188409080183,5.487424046815931,5b7e1b65-b844-4fe8-b19e-1c3175290a63,1,342,ZFM-02600
sniffing,no_stim,0.04999999999999989,513.8711997045639,91.69673966057798,5b7e1b65-b844-4fe8-b19e-1c3175290a63,1,342,ZFM-02600
sniffing,no_stim,0.14999999999999986,658.889407938531,236.7149478945451,5b7e1b65-b844-4fe8-b19e-1c3175290a63,1,342,ZFM-02600
sniffing,no_stim,0.24999999999999983,730.8921212287588,308.7176611847729,5b7e1b65-b844-4fe8-b19e-1c3175290a63,1,342,ZFM-02600
sniffing,no_stim,0.3499999999999998,702.0423384826297,279.8678784386438,5b7e1b65-b844-4fe8-b19e-1c3175290a63,1,342,ZFM-02600
sniffing,no_stim,0.4499999999999998,638.7134812659764,216.53902122199048,5b7e1b65-b844-4fe8-b19e-1c3175290a63,1,342,ZFM-02600
sniffing,no_stim,0.5499999999999998,641.3450361671781,219.17057612319223,5b7e1b65-b844-4fe8-b19e-1c3175290a63,1,342,ZFM-02600
sniffing,no_stim,0.6499999999999998,660.3584581774038,238.1839981334179,5b7e1b65-b844-4fe8-b19e-1c3175290a63,1,342,ZFM-02600
sniffing,no_stim,0.7499999999999998,664.9182787617852,242.74381871779934,5b7e1b65-b844-4fe8-b19e-1c3175290a63,1,342,ZFM-02600
sniffing,no_stim,0.8499999999999998,675.4640001487734,253.28954010478748,5b7e1b65-b844-4fe8-b19e-1c3175290a63,1,342,ZFM-02600
sniffing,no_stim,0.9499999999999997,727.3986272531943,305.22416720920836,5b7e1b65-b844-4fe8-b19e-1c3175290a63,1,342,ZFM-02600
sniffing,no_stim,1.0499999999999996,772.0314921790289,349.85703213504297,5b7e1b65-b844-4fe8-b19e-1c3175290a63,1,342,ZFM-02600
sniffing,no_stim,1.1499999999999997,799.5775243548585,377.4030643108726,5b7e1b65-b844-4fe8-b19e-1c3175290a63,1,342,ZFM-02600
sniffing,no_stim,1.2499999999999998,823.9966193434149,401.82215929942896,5b7e1b65-b844-4fe8-b19e-1c3175290a63,1,342,ZFM-02600
sniffing,no_stim,1.3499999999999996,858.1433599552709,435.96889991128495,5b7e1b65-b844-4fe8-b19e-1c3175290a63,1,342,ZFM-02600
sniffing,no_stim,1.4499999999999995,907.2221654863279,485.04770544234196,5b7e1b65-b844-4fe8-b19e-1c3175290a63,1,342,ZFM-02600
sniffing,no_stim,1.5499999999999996,922.5263155653076,500.35185552132174,5b7e1b65-b844-4fe8-b19e-1c3175290a63,1,342,ZFM-02600
sniffing,no_stim,1.6499999999999997,926.4624359602575,504.2879759162716,5b7e1b65-b844-4fe8-b19e-1c3175290a63,1,342,ZFM-02600
sniffing,no_stim,1.7499999999999996,921.0009902433503,498.8265301993644,5b7e1b65-b844-4fe8-b19e-1c3175290a63,1,342,ZFM-02600
sniffing,no_stim,1.8499999999999994,905.2276081047557,483.05314806076984,5b7e1b65-b844-4fe8-b19e-1c3175290a63,1,342,ZFM-02600
sniffing,no_stim,1.9499999999999995,895.1026102923284,472.92815024834255,5b7e1b65-b844-4fe8-b19e-1c3175290a63,1,342,ZFM-02600
sniffing,no_stim,2.0499999999999994,883.7936157029803,461.61915565899443,5b7e1b65-b844-4fe8-b19e-1c3175290a63,1,342,ZFM-02600
sniffing,no_stim,2.1499999999999995,853.8839859553955,431.70952591140957,5b7e1b65-b844-4fe8-b19e-1c3175290a63,1,342,ZFM-02600
sniffing,no_stim,2.249999999999999,822.0729745247332,399.89851448074734,5b7e1b65-b844-4fe8-b19e-1c3175290a63,1,342,ZFM-02600
sniffing,no_stim,2.349999999999999,784.2026760479698,362.0282160039839,5b7e1b65-b844-4fe8-b19e-1c3175290a63,1,342,ZFM-02600
sniffing,no_stim,2.4499999999999993,748.6775861890615,326.50312614507556,5b7e1b65-b844-4fe8-b19e-1c3175290a63,1,342,ZFM-02600
sniffing,no_stim,2.549999999999999,728.3685090844774,306.1940490404915,5b7e1b65-b844-4fe8-b19e-1c3175290a63,1,342,ZFM-02600
sniffing,no_stim,2.649999999999999,715.6897854566395,293.51532541265357,5b7e1b65-b844-4fe8-b19e-1c3175290a63,1,342,ZFM-02600
sniffing,no_stim,2.749999999999999,698.172273277825,275.99781323383905,5b7e1b65-b844-4fe8-b19e-1c3175290a63,1,342,ZFM-02600
sniffing,no_stim,2.849999999999999,674.6714820221839,252.497021978198,5b7e1b65-b844-4fe8-b19e-1c3175290a63,1,342,ZFM-02600
sniffing,no_stim,2.9499999999999993,657.8985357592037,235.7240757152178,5b7e1b65-b844-4fe8-b19e-1c3175290a63,1,342,ZFM-02600
sniffing,no_stim,3.049999999999999,633.3925317027451,211.21807165875924,5b7e1b65-b844-4fe8-b19e-1c3175290a63,1,342,ZFM-02600
sniffing,no_stim,3.149999999999999,612.888097506737,190.71363746275114,5b7e1b65-b844-4fe8-b19e-1c3175290a63,1,342,ZFM-02600
sniffing,no_stim,3.249999999999999,606.7879679087071,184.61350786472116,5b7e1b65-b844-4fe8-b19e-1c3175290a63,1,342,ZFM-02600
sniffing,no_stim,3.3499999999999988,615.4256347740867,193.2511747301008,5b7e1b65-b844-4fe8-b19e-1c3175290a63,1,342,ZFM-02600
sniffing,no_stim,3.449999999999999,618.5706707939963,196.39621075001043,5b7e1b65-b844-4fe8-b19e-1c3175290a63,1,342,ZFM-02600
sniffing,no_stim,3.549999999999999,599.9589787661049,177.784518722119,5b7e1b65-b844-4fe8-b19e-1c3175290a63,1,342,ZFM-02600
sniffing,no_stim,3.649999999999999,597.3772541974256,175.2027941534397,5b7e1b65-b844-4fe8-b19e-1c3175290a63,1,342,ZFM-02600
sniffing,no_stim,3.749999999999999,614.2170799213161,192.0426198773302,5b7e1b65-b844-4fe8-b19e-1c3175290a63,1,342,ZFM-02600
sniffing,no_stim,3.8499999999999988,653.0624108773839,230.88795083339795,5b7e1b65-b844-4fe8-b19e-1c3175290a63,1,342,ZFM-02600
sniffing,no_stim,3.949999999999999,664.3884052212317,242.21394517724576,5b7e1b65-b844-4fe8-b19e-1c3175290a63,1,342,ZFM-02600
sniffing,stim,-0.45,1534.0866932614392,381.3211097822466,91e629f5-f161-44e4-8dd0-15954c602f02,0,55,ZFM-02181
sniffing,stim,-0.35000000000000003,1235.080428831926,82.3148453527333,91e629f5-f161-44e4-8dd0-15954c602f02,0,55,ZFM-02181
sniffing,stim,-0.25000000000000006,1031.4711633058266,-121.294420173366,91e629f5-f161-44e4-8dd0-15954c602f02,0,55,ZFM-02181
sniffing,stim,-0.15000000000000008,987.8166078029153,-164.9489756762773,91e629f5-f161-44e4-8dd0-15954c602f02,0,55,ZFM-02181
sniffing,stim,-0.050000000000000086,975.3730241938568,-177.39255928533578,91e629f5-f161-44e4-8dd0-15954c602f02,0,55,ZFM-02181
sniffing,stim,0.04999999999999989,954.2705327112549,-198.49505076793776,91e629f5-f161-44e4-8dd0-15954c602f02,0,55,ZFM-02181
sniffing,stim,0.14999999999999986,939.1506894346808,-213.61489404451186,91e629f5-f161-44e4-8dd0-15954c602f02,0,55,ZFM-02181
sniffing,stim,0.24999999999999983,984.3046282172623,-168.46095526193028,91e629f5-f161-44e4-8dd0-15954c602f02,0,55,ZFM-02181
sniffing,stim,0.3499999999999998,1057.4191935173785,-95.34638996181411,91e629f5-f161-44e4-8dd0-15954c602f02,0,55,ZFM-02181
sniffing,stim,0.4499999999999998,1118.8910731863582,-33.87451029283443,91e629f5-f161-44e4-8dd0-15954c602f02,0,55,ZFM-02181
sniffing,stim,0.5499999999999998,1105.9187193034077,-46.84686417578496,91e629f5-f161-44e4-8dd0-15954c602f02,0,55,ZFM-02181
sniffing,stim,0.6499999999999998,1048.6836172801093,-104.08196619908335,91e629f5-f161-44e4-8dd0-15954c602f02,0,55,ZFM-02181
sniffing,stim,0.7499999999999998,992.2728664679204,-160.49271701127225,91e629f5-f161-44e4-8dd0-15954c602f02,0,55,ZFM-02181
sniffing,stim,0.8499999999999998,1042.2865205545147,-110.47906292467792,91e629f5-f161-44e4-8dd0-15954c602f02,0,55,ZFM-02181
sniffing,stim,0.9499999999999997,1076.12154316829,-76.64404031090271,91e629f5-f161-44e4-8dd0-15954c602f02,0,55,ZFM-02181
sniffing,stim,1.0499999999999996,1071.1558419027617,-81.6097415764309,91e629f5-f161-44e4-8dd0-15954c602f02,0,55,ZFM-02181
sniffing,stim,1.1499999999999997,1128.7622374308928,-24.003346048299818,91e629f5-f161-44e4-8dd0-15954c602f02,0,55,ZFM-02181
sniffing,stim,1.2499999999999998,1079.9650262205173,-72.80055725867533,91e629f5-f161-44e4-8dd0-15954c602f02,0,55,ZFM-02181
sniffing,stim,1.3499999999999996,1050.4118477571958,-102.35373572199683,91e629f5-f161-44e4-8dd0-15954c602f02,0,55,ZFM-02181
sniffing,stim,1.4499999999999995,1005.525493748918,-147.24008973027458,91e629f5-f161-44e4-8dd0-15954c602f02,0,55,ZFM-02181
sniffing,stim,1.5499999999999996,1008.6375779988003,-144.1280054803923,91e629f5-f161-44e4-8dd0-15954c602f02,0,55,ZFM-02181
sniffing,stim,1.6499999999999997,1136.1796621194949,-16.58592135969775,91e629f5-f161-44e4-8dd0-15954c602f02,0,55,ZFM-02181
sniffing,stim,1.7499999999999996,1284.1432001932526,131.37761671405997,91e629f5-f161-44e4-8dd0-15954c602f02,0,55,ZFM-02181
sniffing,stim,1.8499999999999994,1322.6457034103062,169.88011993111354,91e629f5-f161-44e4-8dd0-15954c602f02,0,55,ZFM-02181
sniffing,stim,1.9499999999999995,1219.4643922059126,66.69880872672002,91e629f5-f161-44e4-8dd0-15954c602f02,0,55,ZFM-02181
sniffing,stim,2.0499999999999994,1258.944691527184,106.17910804799135,91e629f5-f161-44e4-8dd0-15954c602f02,0,55,ZFM-02181
sniffing,stim,2.1499999999999995,1390.5121596658682,237.7465761866756,91e629f5-f161-44e4-8dd0-15954c602f02,0,55,ZFM-02181
sniffing,stim,2.249999999999999,1562.5238222127507,409.7582387335581,91e629f5-f161-44e4-8dd0-15954c602f02,0,55,ZFM-02181
sniffing,stim,2.349999999999999,1581.4160401848726,428.65045670567997,91e629f5-f161-44e4-8dd0-15954c602f02,0,55,ZFM-02181
sniffing,stim,2.4499999999999993,1482.283856586149,329.5182731069565,91e629f5-f161-44e4-8dd0-15954c602f02,0,55,ZFM-02181
sniffing,stim,2.549999999999999,1308.7102465218845,155.9446630426919,91e629f5-f161-44e4-8dd0-15954c602f02,0,55,ZFM-02181
sniffing,stim,2.649999999999999,1134.3923671779812,-18.373216301211414,91e629f5-f161-44e4-8dd0-15954c602f02,0,55,ZFM-02181
sniffing,stim,2.749999999999999,1036.2107002409334,-116.55488323825921,91e629f5-f161-44e4-8dd0-15954c602f02,0,55,ZFM-02181
sniffing,stim,2.849999999999999,1010.5263701838243,-142.23921329536836,91e629f5-f161-44e4-8dd0-15954c602f02,0,55,ZFM-02181
sniffing,stim,2.9499999999999993,1000.9937189644527,-151.77186451473995,91e629f5-f161-44e4-8dd0-15954c602f02,0,55,ZFM-02181
sniffing,stim,3.049999999999999,1078.2568308508164,-74.50875262837621,91e629f5-f161-44e4-8dd0-15954c602f02,0,55,ZFM-02181
sniffing,stim,3.149999999999999,1136.6357557830809,-16.12982769611176,91e629f5-f161-44e4-8dd0-15954c602f02,0,55,ZFM-02181
sniffing,stim,3.249999999999999,1242.8072623421915,90.04167886299888,91e629f5-f161-44e4-8dd0-15954c602f02,0,55,ZFM-02181
sniffing,stim,3.3499999999999988,1244.447755166893,91.68217168770047,91e629f5-f161-44e4-8dd0-15954c602f02,0,55,ZFM-02181
sniffing,stim,3.449999999999999,1229.998603392359,77.23301991316634,91e629f5-f161-44e4-8dd0-15954c602f02,0,55,ZFM-02181
sniffing,stim,3.549999999999999,1174.9979498682924,22.232366389099752,91e629f5-f161-44e4-8dd0-15954c602f02,0,55,ZFM-02181
sniffing,stim,3.649999999999999,1040.8073725875518,-111.95821089164087,91e629f5-f161-44e4-8dd0-15954c602f02,0,55,ZFM-02181
sniffing,stim,3.749999999999999,907.1176659951587,-245.64791748403388,91e629f5-f161-44e4-8dd0-15954c602f02,0,55,ZFM-02181
sniffing,stim,3.8499999999999988,785.1200117212308,-367.6455717579619,91e629f5-f161-44e4-8dd0-15954c602f02,0,55,ZFM-02181
sniffing,stim,3.949999999999999,823.0158551864176,-329.749728292775,91e629f5-f161-44e4-8dd0-15954c602f02,0,55,ZFM-02181
sniffing,no_stim,-0.45,1350.482590208257,240.617401097026,91e629f5-f161-44e4-8dd0-15954c602f02,0,72,ZFM-02181
sniffing,no_stim,-0.35000000000000003,1186.3233038287542,76.45811471752313,91e629f5-f161-44e4-8dd0-15954c602f02,0,72,ZFM-02181
sniffing,no_stim,-0.25000000000000006,1075.6246956680907,-34.240493443140394,91e629f5-f161-44e4-8dd0-15954c602f02,0,72,ZFM-02181
sniffing,no_stim,-0.15000000000000008,994.7640159064376,-115.10117320479344,91e629f5-f161-44e4-8dd0-15954c602f02,0,72,ZFM-02181
sniffing,no_stim,-0.050000000000000086,942.1313399446161,-167.73384916661496,91e629f5-f161-44e4-8dd0-15954c602f02,0,72,ZFM-02181
sniffing,no_stim,0.04999999999999989,895.1451018952796,-214.72008721595148,91e629f5-f161-44e4-8dd0-15954c602f02,0,72,ZFM-02181
sniffing,no_stim,0.14999999999999986,891.8291216039556,-218.03606750727545,91e629f5-f161-44e4-8dd0-15954c602f02,0,72,ZFM-02181
sniffing,no_stim,0.24999999999999983,933.1972880889267,-176.66790102230436,91e629f5-f161-44e4-8dd0-15954c602f02,0,72,ZFM-02181
sniffing,no_stim,0.3499999999999998,1054.9538942739082,-54.911294837322885,91e629f5-f161-44e4-8dd0-15954c602f02,0,72,ZFM-02181
sniffing,no_stim,0.4499999999999998,1164.1496313356447,54.284442224413624,91e629f5-f161-44e4-8dd0-15954c602f02,0,72,ZFM-02181
sniffing,no_stim,0.5499999999999998,1268.8227148449462,158.9575257337151,91e629f5-f161-44e4-8dd0-15954c602f02,0,72,ZFM-02181
sniffing,no_stim,0.6499999999999998,1270.7872997029099,160.9221105916788,91e629f5-f161-44e4-8dd0-15954c602f02,0,72,ZFM-02181
sniffing,no_stim,0.7499999999999998,1270.2646446665597,160.3994555553286,91e629f5-f161-44e4-8dd0-15954c602f02,0,72,ZFM-02181
sniffing,no_stim,0.8499999999999998,1274.304735141088,164.43954602985696,91e629f5-f161-44e4-8dd0-15954c602f02,0,72,ZFM-02181
sniffing,no_stim,0.9499999999999997,1275.506726406846,165.64153729561485,91e629f5-f161-44e4-8dd0-15954c602f02,0,72,ZFM-02181
sniffing,no_stim,1.0499999999999996,1246.5478041066676,136.68261499543655,91e629f5-f161-44e4-8dd0-15954c602f02,0,72,ZFM-02181
sniffing,no_stim,1.1499999999999997,1243.300912649382,133.43572353815102,91e629f5-f161-44e4-8dd0-15954c602f02,0,72,ZFM-02181
sniffing,no_stim,1.2499999999999998,1254.8188695205088,144.9536804092777,91e629f5-f161-44e4-8dd0-15954c602f02,0,72,ZFM-02181
sniffing,no_stim,1.3499999999999996,1246.5603900023982,136.69520089116713,91e629f5-f161-44e4-8dd0-15954c602f02,0,72,ZFM-02181
sniffing,no_stim,1.4499999999999995,1197.5469913241805,87.68180221294938,91e629f5-f161-44e4-8dd0-15954c602f02,0,72,ZFM-02181
sniffing,no_stim,1.5499999999999996,1161.7369632848001,51.871774173569065,91e629f5-f161-44e4-8dd0-15954c602f02,0,72,ZFM-02181
sniffing,no_stim,1.6499999999999997,1279.7577228533712,169.89253374214013,91e629f5-f161-44e4-8dd0-15954c602f02,0,72,ZFM-02181
sniffing,no_stim,1.7499999999999996,1368.2630321023648,258.39784299113376,91e629f5-f161-44e4-8dd0-15954c602f02,0,72,ZFM-02181
sniffing,no_stim,1.8499999999999994,1485.702495545569,375.83730643433796,91e629f5-f161-44e4-8dd0-15954c602f02,0,72,ZFM-02181
sniffing,no_stim,1.9499999999999995,1560.642404314748,450.777215203517,91e629f5-f161-44e4-8dd0-15954c602f02,0,72,ZFM-02181
sniffing,no_stim,2.0499999999999994,1560.974699869069,451.1095107578378,91e629f5-f161-44e4-8dd0-15954c602f02,0,72,ZFM-02181
sniffing,no_stim,2.1499999999999995,1617.952196966505,508.0870078552739,91e629f5-f161-44e4-8dd0-15954c602f02,0,72,ZFM-02181
sniffing,no_stim,2.249999999999999,1554.063136485394,444.1979473741628,91e629f5-f161-44e4-8dd0-15954c602f02,0,72,ZFM-02181
sniffing,no_stim,2.349999999999999,1511.8440611893252,401.9788720780941,91e629f5-f161-44e4-8dd0-15954c602f02,0,72,ZFM-02181
sniffing,no_stim,2.4499999999999993,1435.5857928732944,325.7206037620633,91e629f5-f161-44e4-8dd0-15954c602f02,0,72,ZFM-02181
sniffing,no_stim,2.549999999999999,1375.7681694139544,265.90298030272334,91e629f5-f161-44e4-8dd0-15954c602f02,0,72,ZFM-02181
sniffing,no_stim,2.649999999999999,1392.0205873688915,282.1553982576604,91e629f5-f161-44e4-8dd0-15954c602f02,0,72,ZFM-02181
sniffing,no_stim,2.749999999999999,1509.6458142824292,399.78062517119815,91e629f5-f161-44e4-8dd0-15954c602f02,0,72,ZFM-02181
sniffing,no_stim,2.849999999999999,1642.690586309704,532.825397198473,91e629f5-f161-44e4-8dd0-15954c602f02,0,72,ZFM-02181
sniffing,no_stim,2.9499999999999993,1695.0512560064271,585.1860668951961,91e629f5-f161-44e4-8dd0-15954c602f02,0,72,ZFM-02181
sniffing,no_stim,3.049999999999999,1681.6621114330821,571.7969223218511,91e629f5-f161-44e4-8dd0-15954c602f02,0,72,ZFM-02181
sniffing,no_stim,3.149999999999999,1545.8648616744483,435.99967256321725,91e629f5-f161-44e4-8dd0-15954c602f02,0,72,ZFM-02181
sniffing,no_stim,3.249999999999999,1510.1799038085644,400.31471469733333,91e629f5-f161-44e4-8dd0-15954c602f02,0,72,ZFM-02181
sniffing,no_stim,3.3499999999999988,1519.8292891314845,409.96410002025345,91e629f5-f161-44e4-8dd0-15954c602f02,0,72,ZFM-02181
sniffing,no_stim,3.449999999999999,1529.6770285550406,419.8118394438095,91e629f5-f161-44e4-8dd0-15954c602f02,0,72,ZFM-02181
sniffing,no_stim,3.549999999999999,1471.7618267197822,361.89663760855115,91e629f5-f161-44e4-8dd0-15954c602f02,0,72,ZFM-02181
sniffing,no_stim,3.649999999999999,1398.4398663636869,288.5746772524558,91e629f5-f161-44e4-8dd0-15954c602f02,0,72,ZFM-02181
sniffing,no_stim,3.749999999999999,1339.2483620609742,229.38317294974308,91e629f5-f161-44e4-8dd0-15954c602f02,0,72,ZFM-02181
sniffing,no_stim,3.8499999999999988,1275.3429317336204,165.47774262238931,91e629f5-f161-44e4-8dd0-15954c602f02,0,72,ZFM-02181
sniffing,no_stim,3.949999999999999,1217.0899159596852,107.22472684845411,91e629f5-f161-44e4-8dd0-15954c602f02,0,72,ZFM-02181
sniffing,stim,-0.45,1245.0900865655303,184.2980565488392,299bf322-e039-4444-8f04-67fde247ae5e,0,92,ZFM-02181
sniffing,stim,-0.35000000000000003,1123.9375217407576,63.14549172406646,299bf322-e039-4444-8f04-67fde247ae5e,0,92,ZFM-02181
sniffing,stim,-0.25000000000000006,1033.1993122763884,-27.59271774030276,299bf322-e039-4444-8f04-67fde247ae5e,0,92,ZFM-02181
sniffing,stim,-0.15000000000000008,970.4253485659359,-90.36668145075521,299bf322-e039-4444-8f04-67fde247ae5e,0,92,ZFM-02181
sniffing,stim,-0.050000000000000086,931.307880934844,-129.48414908184714,299bf322-e039-4444-8f04-67fde247ae5e,0,92,ZFM-02181
sniffing,stim,0.04999999999999989,907.855526470924,-152.9365035457671,299bf322-e039-4444-8f04-67fde247ae5e,0,92,ZFM-02181
sniffing,stim,0.14999999999999986,888.2554628843438,-172.53656713234727,299bf322-e039-4444-8f04-67fde247ae5e,0,92,ZFM-02181
sniffing,stim,0.24999999999999983,827.2753218980159,-233.51670811867518,299bf322-e039-4444-8f04-67fde247ae5e,0,92,ZFM-02181
sniffing,stim,0.3499999999999998,780.9232259618952,-279.8688040547959,299bf322-e039-4444-8f04-67fde247ae5e,0,92,ZFM-02181
sniffing,stim,0.4499999999999998,770.8436004571429,-289.94842955954823,299bf322-e039-4444-8f04-67fde247ae5e,0,92,ZFM-02181
sniffing,stim,0.5499999999999998,790.6019689692625,-270.19006104742857,299bf322-e039-4444-8f04-67fde247ae5e,0,92,ZFM-02181
sniffing,stim,0.6499999999999998,828.2693679569858,-232.52266205970534,299bf322-e039-4444-8f04-67fde247ae5e,0,92,ZFM-02181
sniffing,stim,0.7499999999999998,882.4707437642936,-178.3212862523975,299bf322-e039-4444-8f04-67fde247ae5e,0,92,ZFM-02181
sniffing,stim,0.8499999999999998,872.0327874197509,-188.75924259694023,299bf322-e039-4444-8f04-67fde247ae5e,0,92,ZFM-02181
sniffing,stim,0.9499999999999997,840.2028297971377,-220.5892002195534,299bf322-e039-4444-8f04-67fde247ae5e,0,92,ZFM-02181
sniffing,stim,1.0499999999999996,812.8197681917478,-247.9722618249433,299bf322-e039-4444-8f04-67fde247ae5e,0,92,ZFM-02181
sniffing,stim,1.1499999999999997,793.8547023978269,-266.9373276188642,299bf322-e039-4444-8f04-67fde247ae5e,0,92,ZFM-02181
sniffing,stim,1.2499999999999998,811.3952628216036,-249.39676719508748,299bf322-e039-4444-8f04-67fde247ae5e,0,92,ZFM-02181
sniffing,stim,1.3499999999999996,822.8146979851815,-237.9773320315096,299bf322-e039-4444-8f04-67fde247ae5e,0,92,ZFM-02181
sniffing,stim,1.4499999999999995,797.4946341146693,-263.2973959020218,299bf322-e039-4444-8f04-67fde247ae5e,0,92,ZFM-02181
sniffing,stim,1.5499999999999996,778.3460592223814,-282.4459707943097,299bf322-e039-4444-8f04-67fde247ae5e,0,92,ZFM-02181
sniffing,stim,1.6499999999999997,730.0677744025493,-330.72425561414184,299bf322-e039-4444-8f04-67fde247ae5e,0,92,ZFM-02181
sniffing,stim,1.7499999999999996,781.1209136467121,-279.671116369979,299bf322-e039-4444-8f04-67fde247ae5e,0,92,ZFM-02181
sniffing,stim,1.8499999999999994,829.8858662652295,-230.90616375146158,299bf322-e039-4444-8f04-67fde247ae5e,0,92,ZFM-02181
sniffing,stim,1.9499999999999995,870.2385719428836,-190.55345807380752,299bf322-e039-4444-8f04-67fde247ae5e,0,92,ZFM-02181
sniffing,stim,2.0499999999999994,893.1553608299389,-167.63666918675221,299bf322-e039-4444-8f04-67fde247ae5e,0,92,ZFM-02181
sniffing,stim,2.1499999999999995,918.5996572697246,-142.1923727469665,299bf322-e039-4444-8f04-67fde247ae5e,0,92,ZFM-02181
sniffing,stim,2.249999999999999,962.5583338718529,-98.23369614483818,299bf322-e039-4444-8f04-67fde247ae5e,0,92,ZFM-02181
sniffing,stim,2.349999999999999,978.2484445476188,-82.54358546907235,299bf322-e039-4444-8f04-67fde247ae5e,0,92,ZFM-02181
sniffing,stim,2.4499999999999993,986.4001494556056,-74.39188056108549,299bf322-e039-4444-8f04-67fde247ae5e,0,92,ZFM-02181
sniffing,stim,2.549999999999999,993.5944089373163,-67.19762107937481,299bf322-e039-4444-8f04-67fde247ae5e,0,92,ZFM-02181
sniffing,stim,2.649999999999999,1020.2825403270416,-40.50948968964951,299bf322-e039-4444-8f04-67fde247ae5e,0,92,ZFM-02181
sniffing,stim,2.749999999999999,1040.3435349439615,-20.448495072729656,299bf322-e039-4444-8f04-67fde247ae5e,0,92,ZFM-02181
sniffing,stim,2.849999999999999,1027.136300280281,-33.655729736410194,299bf322-e039-4444-8f04-67fde247ae5e,0,92,ZFM-02181
sniffing,stim,2.9499999999999993,1049.988152527034,-10.803877489657225,299bf322-e039-4444-8f04-67fde247ae5e,0,92,ZFM-02181
sniffing,stim,3.049999999999999,1082.3520485069325,21.56001849024142,299bf322-e039-4444-8f04-67fde247ae5e,0,92,ZFM-02181
sniffing,stim,3.149999999999999,1067.635906750352,6.8438767336608635,299bf322-e039-4444-8f04-67fde247ae5e,0,92,ZFM-02181
sniffing,stim,3.249999999999999,1058.597564205365,-2.194465811326154,299bf322-e039-4444-8f04-67fde247ae5e,0,92,ZFM-02181
sniffing,stim,3.3499999999999988,1110.847988266464,50.05595824977286,299bf322-e039-4444-8f04-67fde247ae5e,0,92,ZFM-02181
sniffing,stim,3.449999999999999,1107.4066300977745,46.61460008108338,299bf322-e039-4444-8f04-67fde247ae5e,0,92,ZFM-02181
sniffing,stim,3.549999999999999,1070.4042639241889,9.612233907497739,299bf322-e039-4444-8f04-67fde247ae5e,0,92,ZFM-02181
sniffing,stim,3.649999999999999,1026.591178042994,-34.20085197369713,299bf322-e039-4444-8f04-67fde247ae5e,0,92,ZFM-02181
sniffing,stim,3.749999999999999,980.134299043963,-80.65773097272813,299bf322-e039-4444-8f04-67fde247ae5e,0,92,ZFM-02181
sniffing,stim,3.8499999999999988,1019.3237296320564,-41.468300384634745,299bf322-e039-4444-8f04-67fde247ae5e,0,92,ZFM-02181
sniffing,stim,3.949999999999999,1052.4288848189642,-8.363145197726908,299bf322-e039-4444-8f04-67fde247ae5e,0,92,ZFM-02181
sniffing,no_stim,-0.45,1151.4454347716714,57.35642709798526,299bf322-e039-4444-8f04-67fde247ae5e,0,111,ZFM-02181
sniffing,no_stim,-0.35000000000000003,1092.6294593730686,-1.4595483006175982,299bf322-e039-4444-8f04-67fde247ae5e,0,111,ZFM-02181
sniffing,no_stim,-0.25000000000000006,1072.5219273833802,-21.567080290305967,299bf322-e039-4444-8f04-67fde247ae5e,0,111,ZFM-02181
sniffing,no_stim,-0.15000000000000008,1079.4392323299785,-14.649775343707688,299bf322-e039-4444-8f04-67fde247ae5e,0,111,ZFM-02181
sniffing,no_stim,-0.050000000000000086,1074.408984510332,-19.680023163354235,299bf322-e039-4444-8f04-67fde247ae5e,0,111,ZFM-02181
sniffing,no_stim,0.04999999999999989,994.3398667572294,-99.74914091645678,299bf322-e039-4444-8f04-67fde247ae5e,0,111,ZFM-02181
sniffing,no_stim,0.14999999999999986,908.4562082188239,-185.63279945486227,299bf322-e039-4444-8f04-67fde247ae5e,0,111,ZFM-02181
sniffing,no_stim,0.24999999999999983,881.6576548248352,-212.43135284885102,299bf322-e039-4444-8f04-67fde247ae5e,0,111,ZFM-02181
sniffing,no_stim,0.3499999999999998,939.6587839718203,-154.43022370186588,299bf322-e039-4444-8f04-67fde247ae5e,0,111,ZFM-02181
sniffing,no_stim,0.4499999999999998,1000.9827710397458,-93.1062366339404,299bf322-e039-4444-8f04-67fde247ae5e,0,111,ZFM-02181
sniffing,no_stim,0.5499999999999998,1023.5779175118937,-70.51109016179248,299bf322-e039-4444-8f04-67fde247ae5e,0,111,ZFM-02181
sniffing,no_stim,0.6499999999999998,1049.6027944063087,-44.48621326737748,299bf322-e039-4444-8f04-67fde247ae5e,0,111,ZFM-02181
sniffing,no_stim,0.7499999999999998,1109.8244242121843,15.735416538498157,299bf322-e039-4444-8f04-67fde247ae5e,0,111,ZFM-02181
sniffing,no_stim,0.8499999999999998,1148.408255481456,54.3192478077699,299bf322-e039-4444-8f04-67fde247ae5e,0,111,ZFM-02181
sniffing,no_stim,0.9499999999999997,1082.193383451669,-11.895624222017204,299bf322-e039-4444-8f04-67fde247ae5e,0,111,ZFM-02181
sniffing,no_stim,1.0499999999999996,1009.9024116793903,-84.18659599429589,299bf322-e039-4444-8f04-67fde247ae5e,0,111,ZFM-02181
sniffing,no_stim,1.1499999999999997,957.2222537096985,-136.86675396398766,299bf322-e039-4444-8f04-67fde247ae5e,0,111,ZFM-02181
sniffing,no_stim,1.2499999999999998,981.6772042140686,-112.41180345961754,299bf322-e039-4444-8f04-67fde247ae5e,0,111,ZFM-02181
sniffing,no_stim,1.3499999999999996,980.0671431851039,-114.02186448858231,299bf322-e039-4444-8f04-67fde247ae5e,0,111,ZFM-02181
sniffing,no_stim,1.4499999999999995,999.2194808899404,-94.86952678374575,299bf322-e039-4444-8f04-67fde247ae5e,0,111,ZFM-02181
sniffing,no_stim,1.5499999999999996,1010.3333833835222,-83.75562429016395,299bf322-e039-4444-8f04-67fde247ae5e,0,111,ZFM-02181
sniffing,no_stim,1.6499999999999997,1006.0278232301988,-88.06118444348738,299bf322-e039-4444-8f04-67fde247ae5e,0,111,ZFM-02181
sniffing,no_stim,1.7499999999999996,1008.2906714335888,-85.79833624009734,299bf322-e039-4444-8f04-67fde247ae5e,0,111,ZFM-02181
sniffing,no_stim,1.8499999999999994,1012.2215616174149,-81.86744605627132,299bf322-e039-4444-8f04-67fde247ae5e,0,111,ZFM-02181
sniffing,no_stim,1.9499999999999995,1063.7964454946868,-30.292562178999333,299bf322-e039-4444-8f04-67fde247ae5e,0,111,ZFM-02181
sniffing,no_stim,2.0499999999999994,1110.333769042606,16.244761368919853,299bf322-e039-4444-8f04-67fde247ae5e,0,111,ZFM-02181
sniffing,no_stim,2.1499999999999995,1160.8595666956728,66.77055902198663,299bf322-e039-4444-8f04-67fde247ae5e,0,111,ZFM-02181
sniffing,no_stim,2.249999999999999,1222.2803812356328,128.19137356194665,299bf322-e039-4444-8f04-67fde247ae5e,0,111,ZFM-02181
sniffing,no_stim,2.349999999999999,1252.5115317509133,158.42252407722708,299bf322-e039-4444-8f04-67fde247ae5e,0,111,ZFM-02181
sniffing,no_stim,2.4499999999999993,1252.404939020207,158.31593134652076,299bf322-e039-4444-8f04-67fde247ae5e,0,111,ZFM-02181
sniffing,no_stim,2.549999999999999,1206.399806788774,112.31079911508778,299bf322-e039-4444-8f04-67fde247ae5e,0,111,ZFM-02181
sniffing,no_stim,2.649999999999999,1204.2148990996402,110.12589142595402,299bf322-e039-4444-8f04-67fde247ae5e,0,111,ZFM-02181
sniffing,no_stim,2.749999999999999,1213.5800440137764,119.4910363400902,299bf322-e039-4444-8f04-67fde247ae5e,0,111,ZFM-02181
sniffing,no_stim,2.849999999999999,1234.032006415491,139.9429987418048,299bf322-e039-4444-8f04-67fde247ae5e,0,111,ZFM-02181
sniffing,no_stim,2.9499999999999993,1224.5817307202544,130.49272304656824,299bf322-e039-4444-8f04-67fde247ae5e,0,111,ZFM-02181
sniffing,no_stim,3.049999999999999,1195.021641321133,100.93263364744689,299bf322-e039-4444-8f04-67fde247ae5e,0,111,ZFM-02181
sniffing,no_stim,3.149999999999999,1191.662950585985,97.57394291229889,299bf322-e039-4444-8f04-67fde247ae5e,0,111,ZFM-02181
sniffing,no_stim,3.249999999999999,1153.1998064281008,59.110798754414645,299bf322-e039-4444-8f04-67fde247ae5e,0,111,ZFM-02181
sniffing,no_stim,3.3499999999999988,1130.0212210575476,35.93221338386138,299bf322-e039-4444-8f04-67fde247ae5e,0,111,ZFM-02181
sniffing,no_stim,3.449999999999999,1095.545787800069,1.4567801263829097,299bf322-e039-4444-8f04-67fde247ae5e,0,111,ZFM-02181
sniffing,no_stim,3.549999999999999,1123.0508766705677,28.96186899688155,299bf322-e039-4444-8f04-67fde247ae5e,0,111,ZFM-02181
sniffing,no_stim,3.649999999999999,1190.775634381311,96.68662670762478,299bf322-e039-4444-8f04-67fde247ae5e,0,111,ZFM-02181
sniffing,no_stim,3.749999999999999,1174.5358668837916,80.44685921010546,299bf322-e039-4444-8f04-67fde247ae5e,0,111,ZFM-02181
sniffing,no_stim,3.8499999999999988,1147.0898951129632,53.000887439276994,299bf322-e039-4444-8f04-67fde247ae5e,0,111,ZFM-02181
sniffing,no_stim,3.949999999999999,1118.5684298236883,24.479422150002165,299bf322-e039-4444-8f04-67fde247ae5e,0,111,ZFM-02181
