measure,condition,time,value,baseline_subtracted,eid,expression,n_events,subject
whisking,stim,-0.45,119.46154405073295,-40.771186780022845,dfa58635-10b6-48d2-b77b-c4022ad0899a,1,344,ZFM-05170
whisking,stim,-0.35000000000000003,114.18687341959473,-46.045857411161066,dfa58635-10b6-48d2-b77b-c4022ad0899a,1,344,ZFM-05170
whisking,stim,-0.25000000000000006,136.86812560701776,-23.36460522373804,dfa58635-10b6-48d2-b77b-c4022ad0899a,1,344,ZFM-05170
whisking,stim,-0.15000000000000008,179.10055003438916,18.86781920363336,dfa58635-10b6-48d2-b77b-c4022ad0899a,1,344,ZFM-05170
whisking,stim,-0.050000000000000086,251.54656104204443,91.31383021128863,dfa58635-10b6-48d2-b77b-c4022ad0899a,1,344,ZFM-05170
whisking,stim,0.04999999999999989,385.61559145538246,225.38286062462666,dfa58635-10b6-48d2-b77b-c4022ad0899a,1,344,ZFM-05170
whisking,stim,0.14999999999999986,516.8377329084152,356.6050020776594,dfa58635-10b6-48d2-b77b-c4022ad0899a,1,344,ZFM-05170
whisking,stim,0.24999999999999983,590.1998980464074,429.96716721565156,dfa58635-10b6-48d2-b77b-c4022ad0899a,1,344,ZFM-05170
whisking,stim,0.3499999999999998,599.451565519581,439.21883468882515,dfa58635-10b6-48d2-b77b-c4022ad0899a,1,344,ZFM-05170
whisking,stim,0.4499999999999998,605.079483205553,444.8467523747971,dfa58635-10b6-48d2-b77b-c4022ad0899a,1,344,ZFM-05170
whisking,stim,0.5499999999999998,636.1293019566494,475.8965711258936,dfa58635-10b6-48d2-b77b-c4022ad0899a,1,344,ZFM-05170
whisking,stim,0.6499999999999998,662.7546297388467,502.52189890809086,dfa58635-10b6-48d2-b77b-c4022ad0899a,1,344,ZFM-05170
whisking,stim,0.7499999999999998,678.3552090573971,518.1224782266413,dfa58635-10b6-48d2-b77b-c4022ad0899a,1,344,ZFM-05170
whisking,stim,0.8499999999999998,686.1929044708635,525.9601736401077,dfa58635-10b6-48d2-b77b-c4022ad0899a,1,344,ZFM-05170
whisking,stim,0.9499999999999997,694.3198062810455,534.0870754502897,dfa58635-10b6-48d2-b77b-c4022ad0899a,1,344,ZFM-05170
whisking,stim,1.0499999999999996,702.2106154406107,541.9778846098549,dfa58635-10b6-48d2-b77b-c4022ad0899a,1,344,ZFM-05170
whisking,stim,1.1499999999999997,703.3995809818827,543.1668501511268,dfa58635-10b6-48d2-b77b-c4022ad0899a,1,344,ZFM-05170
whisking,stim,1.2499999999999998,696.8463035012921,536.6135726705363,dfa58635-10b6-48d2-b77b-c4022ad0899a,1,344,ZFM-05170
whisking,stim,1.3499999999999996,690.8156678502947,530.5829370195389,dfa58635-10b6-48d2-b77b-c4022ad0899a,1,344,ZFM-05170
whisking,stim,1.4499999999999995,682.9471157680553,522.7143849372994,dfa58635-10b6-48d2-b77b-c4022ad0899a,1,344,ZFM-05170
whisking,stim,1.5499999999999996,676.7681458438725,516.5354150131167,dfa58635-10b6-48d2-b77b-c4022ad0899a,1,344,ZFM-05170
whisking,stim,1.6499999999999997,666.1755484154139,505.9428175846581,dfa58635-10b6-48d2-b77b-c4022ad0899a,1,344,ZFM-05170
whisking,stim,1.7499999999999996,651.6265816192392,491.3938507884834,dfa58635-10b6-48d2-b77b-c4022ad0899a,1,344,ZFM-05170
whisking,stim,1.8499999999999994,631.9244942976047,471.6917634668489,dfa58635-10b6-48d2-b77b-c4022ad0899a,1,344,ZFM-05170
whisking,stim,1.9499999999999995,607.1325976317399,446.8998668009841,dfa58635-10b6-48d2-b77b-c4022ad0899a,1,344,ZFM-05170
whisking,stim,2.0499999999999994,589.2448315894172,429.0121007586614,dfa58635-10b6-48d2-b77b-c4022ad0899a,1,344,ZFM-05170
whisking,stim,2.1499999999999995,573.2907143561173,413.05798352536146,dfa58635-10b6-48d2-b77b-c4022ad0899a,1,344,ZFM-05170
whisking,stim,2.249999999999999,552.5210135769273,392.2882827461715,dfa58635-10b6-48d2-b77b-c4022ad0899a,1,344,ZFM-05170
whisking,stim,2.349999999999999,526.5718821608149,366.33915133005905,dfa58635-10b6-48d2-b77b-c4022ad0899a,1,344,ZFM-05170
whisking,stim,2.4499999999999993,501.9388610269508,341.706130196195,dfa58635-10b6-48d2-b77b-c4022ad0899a,1,344,ZFM-05170
whisking,stim,2.549999999999999,484.5004673083682,324.2677364776124,dfa58635-10b6-48d2-b77b-c4022ad0899a,1,344,ZFM-05170
whisking,stim,2.649999999999999,469.6012255318294,309.3684947010736,dfa58635-10b6-48d2-b77b-c4022ad0899a,1,344,ZFM-05170
whisking,stim,2.749999999999999,451.39298351811516,291.1602526873594,dfa58635-10b6-48d2-b77b-c4022ad0899a,1,344,ZFM-05170
whisking,stim,2.849999999999999,435.0559509194299,274.82322008867413,dfa58635-10b6-48d2-b77b-c4022ad0899a,1,344,ZFM-05170
whisking,stim,2.9499999999999993,421.81931600725216,261.5865851764963,dfa58635-10b6-48d2-b77b-c4022ad0899a,1,344,ZFM-05170
whisking,stim,3.049999999999999,411.830586441476,251.5978556107202,dfa58635-10b6-48d2-b77b-c4022ad0899a,1,344,ZFM-05170
whisking,stim,3.149999999999999,409.15326885907695,248.92053802832115,dfa58635-10b6-48d2-b77b-c4022ad0899a,1,344,ZFM-05170
whisking,stim,3.249999999999999,415.6294755887973,255.39674475804148,dfa58635-10b6-48d2-b77b-c4022ad0899a,1,344,ZFM-05170
whisking,stim,3.3499999999999988,423.94343638536543,263.7107055546096,dfa58635-10b6-48d2-b77b-c4022ad0899a,1,344,ZFM-05170
whisking,stim,3.449999999999999,429.31479075279185,269.082059922036,dfa58635-10b6-48d2-b77b-c4022ad0899a,1,344,ZFM-05170
whisking,stim,3.549999999999999,430.65898740398313,270.4262565732273,dfa58635-10b6-48d2-b77b-c4022ad0899a,1,344,ZFM-05170
whisking,stim,3.649999999999999,431.7367749765312,271.5040441457754,dfa58635-10b6-48d2-b77b-c4022ad0899a,1,344,ZFM-05170
whisking,stim,3.749999999999999,426.9269879247586,266.69425709400275,dfa58635-10b6-48d2-b77b-c4022ad0899a,1,344,ZFM-05170
whisking,stim,3.8499999999999988,429.4098233324294,269.17709250167366,dfa58635-10b6-48d2-b77b-c4022ad0899a,1,344,ZFM-05170
whisking,stim,3.949999999999999,439.2243037227783,278.99157289202253,dfa58635-10b6-48d2-b77b-c4022ad0899a,1,344,ZFM-05170
whisking,no_stim,-0.45,132.58343244336095,-36.12940332150896,dfa58635-10b6-48d2-b77b-c4022ad0899a,1,352,ZFM-05170
whisking,no_stim,-0.35000000000000003,125.66448476771438,-43.048350997155524,dfa58635-10b6-48d2-b77b-c4022ad0899a,1,352,ZFM-05170
whisking,no_stim,-0.25000000000000006,146.88958143234692,-21.823254332522993,dfa58635-10b6-48d2-b77b-c4022ad0899a,1,352,ZFM-05170
whisking,no_stim,-0.15000000000000008,185.19377237399638,16.480936609126474,dfa58635-10b6-48d2-b77b-c4022ad0899a,1,352,ZFM-05170
whisking,no_stim,-0.050000000000000086,253.23290780693088,84.52007204206097,dfa58635-10b6-48d2-b77b-c4022ad0899a,1,352,ZFM-05170
whisking,no_stim,0.04999999999999989,395.164296219651,226.4514604547811,dfa58635-10b6-48d2-b77b-c4022ad0899a,1,352,ZFM-05170
whisking,no_stim,0.14999999999999986,533.3063342828616,364.5934985179917,dfa58635-10b6-48d2-b77b-c4022ad0899a,1,352,ZFM-05170
whisking,no_stim,0.24999999999999983,615.0424054761338,446.3295697112639,dfa58635-10b6-48d2-b77b-c4022ad0899a,1,352,ZFM-05170
whisking,no_stim,0.3499999999999998,625.2516626901653,456.5388269252954,dfa58635-10b6-48d2-b77b-c4022ad0899a,1,352,ZFM-05170
whisking,no_stim,0.4499999999999998,626.2932768903463,457.5804411254764,dfa58635-10b6-48d2-b77b-c4022ad0899a,1,352,ZFM-05170
whisking,no_stim,0.5499999999999998,646.6906381923483,477.97780242747837,dfa58635-10b6-48d2-b77b-c4022ad0899a,1,352,ZFM-05170
whisking,no_stim,0.6499999999999998,663.2198273224743,494.5069915576044,dfa58635-10b6-48d2-b77b-c4022ad0899a,1,352,ZFM-05170
whisking,no_stim,0.7499999999999998,675.6808612774522,506.9680255125823,dfa58635-10b6-48d2-b77b-c4022ad0899a,1,352,ZFM-05170
whisking,no_stim,0.8499999999999998,685.9447853579776,517.2319495931076,dfa58635-10b6-48d2-b77b-c4022ad0899a,1,352,ZFM-05170
whisking,no_stim,0.9499999999999997,688.576793125645,519.8639573607752,dfa58635-10b6-48d2-b77b-c4022ad0899a,1,352,ZFM-05170
whisking,no_stim,1.0499999999999996,687.2105044760619,518.4976687111921,dfa58635-10b6-48d2-b77b-c4022ad0899a,1,352,ZFM-05170
whisking,no_stim,1.1499999999999997,681.9784090246785,513.2655732598087,dfa58635-10b6-48d2-b77b-c4022ad0899a,1,352,ZFM-05170
whisking,no_stim,1.2499999999999998,679.3043349081962,510.5914991433263,dfa58635-10b6-48d2-b77b-c4022ad0899a,1,352,ZFM-05170
whisking,no_stim,1.3499999999999996,674.479132803389,505.7662970385191,dfa58635-10b6-48d2-b77b-c4022ad0899a,1,352,ZFM-05170
whisking,no_stim,1.4499999999999995,660.0794615294003,491.3666257645304,dfa58635-10b6-48d2-b77b-c4022ad0899a,1,352,ZFM-05170
whisking,no_stim,1.5499999999999996,645.7212769547967,477.0084411899268,dfa58635-10b6-48d2-b77b-c4022ad0899a,1,352,ZFM-05170
whisking,no_stim,1.6499999999999997,630.5088921448595,461.7960563799896,dfa58635-10b6-48d2-b77b-c4022ad0899a,1,352,ZFM-05170
whisking,no_stim,1.7499999999999996,615.5541715011353,446.8413357362654,dfa58635-10b6-48d2-b77b-c4022ad0899a,1,352,ZFM-05170
whisking,no_stim,1.8499999999999994,595.1574811091203,426.44464534425043,dfa58635-10b6-48d2-b77b-c4022ad0899a,1,352,ZFM-05170
whisking,no_stim,1.9499999999999995,574.2089479065437,405.4961121416738,dfa58635-10b6-48d2-b77b-c4022ad0899a,1,352,ZFM-05170
whisking,no_stim,2.0499999999999994,552.722795644811,384.00995987994105,dfa58635-10b6-48d2-b77b-c4022ad0899a,1,352,ZFM-05170
whisking,no_stim,2.1499999999999995,536.9624935497462,368.2496577848763,dfa58635-10b6-48d2-b77b-c4022ad0899a,1,352,ZFM-05170
whisking,no_stim,2.249999999999999,527.4049239463501,358.6920881814802,dfa58635-10b6-48d2-b77b-c4022ad0899a,1,352,ZFM-05170
whisking,no_stim,2.349999999999999,516.2549909657114,347.5421552008415,dfa58635-10b6-48d2-b77b-c4022ad0899a,1,352,ZFM-05170
whisking,no_stim,2.4499999999999993,497.00431629115104,328.29148052628113,dfa58635-10b6-48d2-b77b-c4022ad0899a,1,352,ZFM-05170
whisking,no_stim,2.549999999999999,469.488392937078,300.7755571722081,dfa58635-10b6-48d2-b77b-c4022ad0899a,1,352,ZFM-05170
whisking,no_stim,2.649999999999999,444.1084085917774,275.3955728269075,dfa58635-10b6-48d2-b77b-c4022ad0899a,1,352,ZFM-05170
whisking,no_stim,2.749999999999999,427.6960905614411,258.9832547965712,dfa58635-10b6-48d2-b77b-c4022ad0899a,1,352,ZFM-05170
whisking,no_stim,2.849999999999999,416.50272406042933,247.78988829555942,dfa58635-10b6-48d2-b77b-c4022ad0899a,1,352,ZFM-05170
whisking,no_stim,2.9499999999999993,407.1055054099288,238.3926696450589,dfa58635-10b6-48d2-b77b-c4022ad0899a,1,352,ZFM-05170
whisking,no_stim,3.049999999999999,401.04627983629814,232.33344407142823,dfa58635-10b6-48d2-b77b-c4022ad0899a,1,352,ZFM-05170
whisking,no_stim,3.149999999999999,401.97058688158126,233.25775111671135,dfa58635-10b6-48d2-b77b-c4022ad0899a,1,352,ZFM-05170
whisking,no_stim,3.249999999999999,419.69935429708806,250.98651853221816,dfa58635-10b6-48d2-b77b-c4022ad0899a,1,352,ZFM-05170
whisking,no_stim,3.3499999999999988,434.0232371029324,265.3104013380625,dfa58635-10b6-48d2-b77b-c4022ad0899a,1,352,ZFM-05170
whisking,no_stim,3.449999999999999,445.9334047684095,277.2205690035396,dfa58635-10b6-48d2-b77b-c4022ad0899a,1,352,ZFM-05170
whisking,no_stim,3.549999999999999,451.05952741426063,282.3466916493907,dfa58635-10b6-48d2-b77b-c4022ad0899a,1,352,ZFM-05170
whisking,no_stim,3.649999999999999,459.29483002233576,290.58199425746585,dfa58635-10b6-48d2-b77b-c4022ad0899a,1,352,ZFM-05170
whisking,no_stim,3.749999999999999,474.4252253439185,305.7123895790486,dfa58635-10b6-48d2-b77b-c4022ad0899a,1,352,ZFM-05170
whisking,no_stim,3.8499999999999988,480.9139835216367,312.2011477567668,dfa58635-10b6-48d2-b77b-c4022ad0899a,1,352,ZFM-05170
whisking,no_stim,3.949999999999999,485.06416967101103,316.3513339061411,dfa58635-10b6-48d2-b77b-c4022ad0899a,1,352,ZFM-05170
whisking,stim,-0.45,168.0439531656031,-56.438639536058616,2d93903c-d02b-4e0d-9218-681f2884598d,1,304,ZFM-05170
whisking,stim,-0.35000000000000003,169.93416843620483,-54.5484242654569,2d93903c-d02b-4e0d-9218-681f2884598d,1,304,ZFM-05170
whisking,stim,-0.25000000000000006,195.0421579244644,-29.44043477719734,2d93903c-d02b-4e0d-9218-681f2884598d,1,304,ZFM-05170
whisking,stim,-0.15000000000000008,247.31606508286256,22.833472381200835,2d93903c-d02b-4e0d-9218-681f2884598d,1,304,ZFM-05170
whisking,stim,-0.050000000000000086,342.07661889917364,117.59402619751191,2d93903c-d02b-4e0d-9218-681f2884598d,1,304,ZFM-05170
whisking,stim,0.04999999999999989,492.00157174140526,267.5189790397435,2d93903c-d02b-4e0d-9218-681f2884598d,1,304,ZFM-05170
whisking,stim,0.14999999999999986,616.0369675192206,391.55437481755894,2d93903c-d02b-4e0d-9218-681f2884598d,1,304,ZFM-05170
whisking,stim,0.24999999999999983,673.1240034716942,448.6414107700325,2d93903c-d02b-4e0d-9218-681f2884598d,1,304,ZFM-05170
whisking,stim,0.3499999999999998,666.0714546124592,441.5888619107975,2d93903c-d02b-4e0d-9218-681f2884598d,1,304,ZFM-05170
whisking,stim,0.4499999999999998,670.5830480544577,446.10045535279596,2d93903c-d02b-4e0d-9218-681f2884598d,1,304,ZFM-05170
whisking,stim,0.5499999999999998,702.1715877234022,477.68899502174054,2d93903c-d02b-4e0d-9218-681f2884598d,1,304,ZFM-05170
whisking,stim,0.6499999999999998,729.502699113801,505.0201064121393,2d93903c-d02b-4e0d-9218-681f2884598d,1,304,ZFM-05170
whisking,stim,0.7499999999999998,746.4082493937485,521.9256566920868,2d93903c-d02b-4e0d-9218-681f2884598d,1,304,ZFM-05170
whisking,stim,0.8499999999999998,747.9615970525373,523.4790043508756,2d93903c-d02b-4e0d-9218-681f2884598d,1,304,ZFM-05170
whisking,stim,0.9499999999999997,750.0203817419169,525.5377890402552,2d93903c-d02b-4e0d-9218-681f2884598d,1,304,ZFM-05170
whisking,stim,1.0499999999999996,753.4007805407145,528.9181878390528,2d93903c-d02b-4e0d-9218-681f2884598d,1,304,ZFM-05170
whisking,stim,1.1499999999999997,758.9166842216872,534.4340915200255,2d93903c-d02b-4e0d-9218-681f2884598d,1,304,ZFM-05170
whisking,stim,1.2499999999999998,762.1452621948754,537.6626694932137,2d93903c-d02b-4e0d-9218-681f2884598d,1,304,ZFM-05170
whisking,stim,1.3499999999999996,763.0658111077473,538.5832184060856,2d93903c-d02b-4e0d-9218-681f2884598d,1,304,ZFM-05170
whisking,stim,1.4499999999999995,763.3627819865665,538.8801892849048,2d93903c-d02b-4e0d-9218-681f2884598d,1,304,ZFM-05170
whisking,stim,1.5499999999999996,759.2436441156782,534.7610514140165,2d93903c-d02b-4e0d-9218-681f2884598d,1,304,ZFM-05170
whisking,stim,1.6499999999999997,750.1282330325676,525.6456403309058,2d93903c-d02b-4e0d-9218-681f2884598d,1,304,ZFM-05170
whisking,stim,1.7499999999999996,736.3273729462055,511.8447802445438,2d93903c-d02b-4e0d-9218-681f2884598d,1,304,ZFM-05170
whisking,stim,1.8499999999999994,721.4117295005523,496.92913679889057,2d93903c-d02b-4e0d-9218-681f2884598d,1,304,ZFM-05170
whisking,stim,1.9499999999999995,711.3116589128176,486.8290662111559,2d93903c-d02b-4e0d-9218-681f2884598d,1,304,ZFM-05170
whisking,stim,2.0499999999999994,699.6706120155901,475.1880193139284,2d93903c-d02b-4e0d-9218-681f2884598d,1,304,ZFM-05170
whisking,stim,2.1499999999999995,683.2152827522656,458.7326900506039,2d93903c-d02b-4e0d-9218-681f2884598d,1,304,ZFM-05170
whisking,stim,2.249999999999999,660.3709761810583,435.88838347939657,2d93903c-d02b-4e0d-9218-681f2884598d,1,304,ZFM-05170
whisking,stim,2.349999999999999,642.9502473912322,418.4676546895705,2d93903c-d02b-4e0d-9218-681f2884598d,1,304,ZFM-05170
whisking,stim,2.4499999999999993,627.9730485142195,403.4904558125578,2d93903c-d02b-4e0d-9218-681f2884598d,1,304,ZFM-05170
whisking,stim,2.549999999999999,610.3779647722704,385.8953720706087,2d93903c-d02b-4e0d-9218-681f2884598d,1,304,ZFM-05170
whisking,stim,2.649999999999999,595.7006176641924,371.21802496253065,2d93903c-d02b-4e0d-9218-681f2884598d,1,304,ZFM-05170
whisking,stim,2.749999999999999,574.3047793575781,349.8221866559164,2d93903c-d02b-4e0d-9218-681f2884598d,1,304,ZFM-05170
whisking,stim,2.849999999999999,550.2734003162271,325.79080761456544,2d93903c-d02b-4e0d-9218-681f2884598d,1,304,ZFM-05170
whisking,stim,2.9499999999999993,528.010317304729,303.5277246030673,2d93903c-d02b-4e0d-9218-681f2884598d,1,304,ZFM-05170
whisking,stim,3.049999999999999,520.3160517500074,295.83345904834573,2d93903c-d02b-4e0d-9218-681f2884598d,1,304,ZFM-05170
whisking,stim,3.149999999999999,527.1182374556307,302.635644753969,2d93903c-d02b-4e0d-9218-681f2884598d,1,304,ZFM-05170
whisking,stim,3.249999999999999,535.0365251844189,310.5539324827572,2d93903c-d02b-4e0d-9218-681f2884598d,1,304,ZFM-05170
whisking,stim,3.3499999999999988,533.783729365089,309.3011366634273,2d93903c-d02b-4e0d-9218-681f2884598d,1,304,ZFM-05170
whisking,stim,3.449999999999999,522.2625681745095,297.7799754728478,2d93903c-d02b-4e0d-9218-681f2884598d,1,304,ZFM-05170
whisking,stim,3.549999999999999,507.675589988854,283.19299728719227,2d93903c-d02b-4e0d-9218-681f2884598d,1,304,ZFM-05170
whisking,stim,3.649999999999999,498.2112633924712,273.7286706908095,2d93903c-d02b-4e0d-9218-681f2884598d,1,304,ZFM-05170
whisking,stim,3.749999999999999,498.9796297192048,274.4970370175431,2d93903c-d02b-4e0d-9218-681f2884598d,1,304,ZFM-05170
whisking,stim,3.8499999999999988,501.8952418635707,277.4126491619089,2d93903c-d02b-4e0d-9218-681f2884598d,1,304,ZFM-05170
whisking,stim,3.949999999999999,503.2871709650269,278.8045782633652,2d93903c-d02b-4e0d-9218-681f2884598d,1,304,ZFM-05170
whisking,no_stim,-0.45,193.608990794883,-53.654716374083364,2d93903c-d02b-4e0d-9218-681f2884598d,1,378,ZFM-05170
whisking,no_stim,-0.35000000000000003,192.7700774033743,-54.49362976559206,2d93903c-d02b-4e0d-9218-681f2884598d,1,378,ZFM-05170
whisking,no_stim,-0.25000000000000006,219.33469405548328,-27.92901311348308,2d93903c-d02b-4e0d-9218-681f2884598d,1,378,ZFM-05170
whisking,no_stim,-0.15000000000000008,272.0230950616456,24.759387892679257,2d93903c-d02b-4e0d-9218-681f2884598d,1,378,ZFM-05170
whisking,no_stim,-0.050000000000000086,358.5816785294455,111.31797136047916,2d93903c-d02b-4e0d-9218-681f2884598d,1,378,ZFM-05170
whisking,no_stim,0.04999999999999989,493.87078711791173,246.60707994894537,2d93903c-d02b-4e0d-9218-681f2884598d,1,378,ZFM-05170
whisking,no_stim,0.14999999999999986,610.1587438895147,362.8950367205483,2d93903c-d02b-4e0d-9218-681f2884598d,1,378,ZFM-05170
whisking,no_stim,0.24999999999999983,675.8231940373329,428.55948686836655,2d93903c-d02b-4e0d-9218-681f2884598d,1,378,ZFM-05170
whisking,no_stim,0.3499999999999998,676.4488994030036,429.18519223403723,2d93903c-d02b-4e0d-9218-681f2884598d,1,378,ZFM-05170
whisking,no_stim,0.4499999999999998,678.7617209406222,431.4980137716559,2d93903c-d02b-4e0d-9218-681f2884598d,1,378,ZFM-05170
whisking,no_stim,0.5499999999999998,703.0408923229769,455.77718515401057,2d93903c-d02b-4e0d-9218-681f2884598d,1,378,ZFM-05170
whisking,no_stim,0.6499999999999998,723.7702212784016,476.5065141094352,2d93903c-d02b-4e0d-9218-681f2884598d,1,378,ZFM-05170
whisking,no_stim,0.7499999999999998,735.8486603653917,488.5849531964253,2d93903c-d02b-4e0d-9218-681f2884598d,1,378,ZFM-05170
whisking,no_stim,0.8499999999999998,735.8245388903666,488.5608317214003,2d93903c-d02b-4e0d-9218-681f2884598d,1,378,ZFM-05170
whisking,no_stim,0.9499999999999997,733.5177016369565,486.2539944679902,2d93903c-d02b-4e0d-9218-681f2884598d,1,378,ZFM-05170
whisking,no_stim,1.0499999999999996,731.7926706690515,484.5289635000852,2d93903c-d02b-4e0d-9218-681f2884598d,1,378,ZFM-05170
whisking,no_stim,1.1499999999999997,731.7626194902961,484.4989123213297,2d93903c-d02b-4e0d-9218-681f2884598d,1,378,ZFM-05170
whisking,no_stim,1.2499999999999998,730.5119181326717,483.24821096370533,2d93903c-d02b-4e0d-9218-681f2884598d,1,378,ZFM-05170
whisking,no_stim,1.3499999999999996,725.0260012916923,477.76229412272596,2d93903c-d02b-4e0d-9218-681f2884598d,1,378,ZFM-05170
whisking,no_stim,1.4499999999999995,715.1712035583198,467.90749638935347,2d93903c-d02b-4e0d-9218-681f2884598d,1,378,ZFM-05170
whisking,no_stim,1.5499999999999996,706.484419234397,459.2207120654307,2d93903c-d02b-4e0d-9218-681f2884598d,1,378,ZFM-05170
whisking,no_stim,1.6499999999999997,696.209282329741,448.94557516077464,2d93903c-d02b-4e0d-9218-681f2884598d,1,378,ZFM-05170
whisking,no_stim,1.7499999999999996,683.1082913303293,435.84458416136295,2d93903c-d02b-4e0d-9218-681f2884598d,1,378,ZFM-05170
whisking,no_stim,1.8499999999999994,670.6054627830691,423.3417556141028,2d93903c-d02b-4e0d-9218-681f2884598d,1,378,ZFM-05170
whisking,no_stim,1.9499999999999995,655.96981257938,408.70610541041367,2d93903c-d02b-4e0d-9218-681f2884598d,1,378,ZFM-05170
whisking,no_stim,2.0499999999999994,641.7825588134074,394.51885164444104,2d93903c-d02b-4e0d-9218-681f2884598d,1,378,ZFM-05170
whisking,no_stim,2.1499999999999995,622.0773410393383,374.813633870372,2d93903c-d02b-4e0d-9218-681f2884598d,1,378,ZFM-05170
whisking,no_stim,2.249999999999999,598.9445914261714,351.6808842572051,2d93903c-d02b-4e0d-9218-681f2884598d,1,378,ZFM-05170
whisking,no_stim,2.349999999999999,580.4356805574586,333.17197338849223,2d93903c-d02b-4e0d-9218-681f2884598d,1,378,ZFM-05170
whisking,no_stim,2.4499999999999993,565.1376770758558,317.87396990688944,2d93903c-d02b-4e0d-9218-681f2884598d,1,378,ZFM-05170
whisking,no_stim,2.549999999999999,549.4516206856116,302.18791351664527,2d93903c-d02b-4e0d-9218-681f2884598d,1,378,ZFM-05170
whisking,no_stim,2.649999999999999,535.6941727433418,288.4304655743755,2d93903c-d02b-4e0d-9218-681f2884598d,1,378,ZFM-05170
whisking,no_stim,2.749999999999999,523.1712837929881,275.9075766240218,2d93903c-d02b-4e0d-9218-681f2884598d,1,378,ZFM-05170
whisking,no_stim,2.849999999999999,520.7960890745087,273.53238190554237,2d93903c-d02b-4e0d-9218-681f2884598d,1,378,ZFM-05170
whisking,no_stim,2.9499999999999993,517.5075513543203,270.24384418535396,2d93903c-d02b-4e0d-9218-681f2884598d,1,378,ZFM-05170
whisking,no_stim,3.049999999999999,511.62409572545255,264.3603885564862,2d93903c-d02b-4e0d-9218-681f2884598d,1,378,ZFM-05170
whisking,no_stim,3.149999999999999,502.74368549183686,255.4799783228705,2d93903c-d02b-4e0d-9218-681f2884598d,1,378,ZFM-05170
whisking,no_stim,3.249999999999999,494.0951128968101,246.83140572784376,2d93903c-d02b-4e0d-9218-681f2884598d,1,378,ZFM-05170
whisking,no_stim,3.3499999999999988,493.02007230095785,245.7563651319915,2d93903c-d02b-4e0d-9218-681f2884598d,1,378,ZFM-05170
whisking,no_stim,3.449999999999999,492.1190467861441,244.85533961717775,2d93903c-d02b-4e0d-9218-681f2884598d,1,378,ZFM-05170
whisking,no_stim,3.549999999999999,495.4814697695026,248.21776260053625,2d93903c-d02b-4e0d-9218-681f2884598d,1,378,ZFM-05170
whisking,no_stim,3.649999999999999,500.53714889267854,253.27344172371218,2d93903c-d02b-4e0d-9218-681f2884598d,1,378,ZFM-05170
whisking,no_stim,3.749999999999999,502.7081702973671,255.4444631284007,2d93903c-d02b-4e0d-9218-681f2884598d,1,378,ZFM-05170
whisking,no_stim,3.8499999999999988,504.9269185119611,257.6632113429947,2d93903c-d02b-4e0d-9218-681f2884598d,1,378,ZFM-05170
whisking,no_stim,3.949999999999999,506.8344191903696,259.5707120214032,2d93903c-d02b-4e0d-9218-681f2884598d,1,378,ZFM-05170
whisking,stim,-0.45,113.10582350820222,-19.169233578523077,401dc15a-96d1-47a9-81f5-bebdfcd2465d,1,205,ZFM-05170
whisking,stim,-0.35000000000000003,105.66647102519562,-26.608586061529678,401dc15a-96d1-47a9-81f5-bebdfcd2465d,1,205,ZFM-05170
whisking,stim,-0.25000000000000006,115.61362405027229,-16.661433036453005,401dc15a-96d1-47a9-81f5-bebdfcd2465d,1,205,ZFM-05170
whisking,stim,-0.15000000000000008,134.85494153247598,2.579884445750679,401dc15a-96d1-47a9-81f5-bebdfcd2465d,1,205,ZFM-05170
whisking,stim,-0.050000000000000086,192.13442531748038,59.85936823075508,401dc15a-96d1-47a9-81f5-bebdfcd2465d,1,205,ZFM-05170
whisking,stim,0.04999999999999989,353.226312229341,220.95125514261568,401dc15a-96d1-47a9-81f5-bebdfcd2465d,1,205,ZFM-05170
whisking,stim,0.14999999999999986,540.5142665125212,408.23920942579593,401dc15a-96d1-47a9-81f5-bebdfcd2465d,1,205,ZFM-05170
whisking,stim,0.24999999999999983,671.8109630441743,539.535905957449,401dc15a-96d1-47a9-81f5-bebdfcd2465d,1,205,ZFM-05170
whisking,stim,0.3499999999999998,681.5918377782243,549.316780691499,401dc15a-96d1-47a9-81f5-bebdfcd2465d,1,205,ZFM-05170
whisking,stim,0.4499999999999998,676.4778978455985,544.2028407588732,401dc15a-96d1-47a9-81f5-bebdfcd2465d,1,205,ZFM-05170
whisking,stim,0.5499999999999998,691.6375242397111,559.3624671529858,401dc15a-96d1-47a9-81f5-bebdfcd2465d,1,205,ZFM-05170
whisking,stim,0.6499999999999998,717.2780118562845,585.0029547695592,401dc15a-96d1-47a9-81f5-bebdfcd2465d,1,205,ZFM-05170
whisking,stim,0.7499999999999998,733.9704021008863,601.695345014161,401dc15a-96d1-47a9-81f5-bebdfcd2465d,1,205,ZFM-05170
whisking,stim,0.8499999999999998,735.7678456215802,603.492788534855,401dc15a-96d1-47a9-81f5-bebdfcd2465d,1,205,ZFM-05170
whisking,stim,0.9499999999999997,729.2370561926463,596.961999105921,401dc15a-96d1-47a9-81f5-bebdfcd2465d,1,205,ZFM-05170
whisking,stim,1.0499999999999996,720.3732458066087,588.0981887198834,401dc15a-96d1-47a9-81f5-bebdfcd2465d,1,205,ZFM-05170
whisking,stim,1.1499999999999997,711.7577699791304,579.4827128924052,401dc15a-96d1-47a9-81f5-bebdfcd2465d,1,205,ZFM-05170
whisking,stim,1.2499999999999998,698.9708490656756,566.6957919789503,401dc15a-96d1-47a9-81f5-bebdfcd2465d,1,205,ZFM-05170
whisking,stim,1.3499999999999996,684.1350013990211,551.8599443122959,401dc15a-96d1-47a9-81f5-bebdfcd2465d,1,205,ZFM-05170
whisking,stim,1.4499999999999995,663.0338192670868,530.7587621803615,401dc15a-96d1-47a9-81f5-bebdfcd2465d,1,205,ZFM-05170
whisking,stim,1.5499999999999996,641.3220373173465,509.0469802306212,401dc15a-96d1-47a9-81f5-bebdfcd2465d,1,205,ZFM-05170
whisking,stim,1.6499999999999997,615.4418822085302,483.1668251218049,401dc15a-96d1-47a9-81f5-bebdfcd2465d,1,205,ZFM-05170
whisking,stim,1.7499999999999996,585.0241971135737,452.7491400268484,401dc15a-96d1-47a9-81f5-bebdfcd2465d,1,205,ZFM-05170
whisking,stim,1.8499999999999994,561.1266339131563,428.851576826431,401dc15a-96d1-47a9-81f5-bebdfcd2465d,1,205,ZFM-05170
whisking,stim,1.9499999999999995,540.2211882742033,407.94613118747804,401dc15a-96d1-47a9-81f5-bebdfcd2465d,1,205,ZFM-05170
whisking,stim,2.0499999999999994,531.6975950707149,399.4225379839896,401dc15a-96d1-47a9-81f5-bebdfcd2465d,1,205,ZFM-05170
whisking,stim,2.1499999999999995,515.0737000342572,382.7986429475319,401dc15a-96d1-47a9-81f5-bebdfcd2465d,1,205,ZFM-05170
whisking,stim,2.249999999999999,492.85041992601606,360.57536283929073,401dc15a-96d1-47a9-81f5-bebdfcd2465d,1,205,ZFM-05170
whisking,stim,2.349999999999999,464.5449368231183,332.269879736393,401dc15a-96d1-47a9-81f5-bebdfcd2465d,1,205,ZFM-05170
whisking,stim,2.4499999999999993,435.01271490610554,302.7376578193803,401dc15a-96d1-47a9-81f5-bebdfcd2465d,1,205,ZFM-05170
whisking,stim,2.549999999999999,411.9104226853079,279.63536559858255,401dc15a-96d1-47a9-81f5-bebdfcd2465d,1,205,ZFM-05170
whisking,stim,2.649999999999999,389.6834260289428,257.4083689422175,401dc15a-96d1-47a9-81f5-bebdfcd2465d,1,205,ZFM-05170
whisking,stim,2.749999999999999,378.07430490422286,245.79924781749756,401dc15a-96d1-47a9-81f5-bebdfcd2465d,1,205,ZFM-05170
whisking,stim,2.849999999999999,370.3517156637647,238.0766585770394,401dc15a-96d1-47a9-81f5-bebdfcd2465d,1,205,ZFM-05170
whisking,stim,2.9499999999999993,357.29984957796154,225.02479249123624,401dc15a-96d1-47a9-81f5-bebdfcd2465d,1,205,ZFM-05170
whisking,stim,3.049999999999999,347.41190182555243,215.13684473882714,401dc15a-96d1-47a9-81f5-bebdfcd2465d,1,205,ZFM-05170
whisking,stim,3.149999999999999,336.7358014038741,204.46074431714882,401dc15a-96d1-47a9-81f5-bebdfcd2465d,1,205,ZFM-05170
whisking,stim,3.249999999999999,338.29983367356925,206.02477658684396,401dc15a-96d1-47a9-81f5-bebdfcd2465d,1,205,ZFM-05170
whisking,stim,3.3499999999999988,342.4377539947023,210.162696907977,401dc15a-96d1-47a9-81f5-bebdfcd2465d,1,205,ZFM-05170
whisking,stim,3.449999999999999,348.94003019837027,216.66497311164497,401dc15a-96d1-47a9-81f5-bebdfcd2465d,1,205,ZFM-05170
whisking,stim,3.549999999999999,367.7342246072218,235.4591675204965,401dc15a-96d1-47a9-81f5-bebdfcd2465d,1,205,ZFM-05170
whisking,stim,3.649999999999999,385.2238716040897,252.9488145173644,401dc15a-96d1-47a9-81f5-bebdfcd2465d,1,205,ZFM-05170
whisking,stim,3.749999999999999,405.9131793667393,273.63812228001404,401dc15a-96d1-47a9-81f5-bebdfcd2465d,1,205,ZFM-05170
whisking,stim,3.8499999999999988,423.55018899707125,291.275131910346,401dc15a-96d1-47a9-81f5-bebdfcd2465d,1,205,ZFM-05170
whisking,stim,3.949999999999999,440.134208479081,307.85915139235567,401dc15a-96d1-47a9-81f5-bebdfcd2465d,1,205,ZFM-05170
whisking,no_stim,-0.45,146.0380707359443,-33.24444527950965,401dc15a-96d1-47a9-81f5-bebdfcd2465d,1,242,ZFM-05170
whisking,no_stim,-0.35000000000000003,148.95780482512345,-30.324711190330504,401dc15a-96d1-47a9-81f5-bebdfcd2465d,1,242,ZFM-05170
whisking,no_stim,-0.25000000000000006,166.92787590768876,-12.354640107765192,401dc15a-96d1-47a9-81f5-bebdfcd2465d,1,242,ZFM-05170
whisking,no_stim,-0.15000000000000008,185.04142348810845,5.758907472654499,401dc15a-96d1-47a9-81f5-bebdfcd2465d,1,242,ZFM-05170
whisking,no_stim,-0.050000000000000086,249.4474051204048,70.16488910495084,401dc15a-96d1-47a9-81f5-bebdfcd2465d,1,242,ZFM-05170
whisking,no_stim,0.04999999999999989,426.61974223610224,247.3372262206483,401dc15a-96d1-47a9-81f5-bebdfcd2465d,1,242,ZFM-05170
whisking,no_stim,0.14999999999999986,630.784919065482,451.502403050028,401dc15a-96d1-47a9-81f5-bebdfcd2465d,1,242,ZFM-05170
whisking,no_stim,0.24999999999999983,765.9053548801027,586.6228388646487,401dc15a-96d1-47a9-81f5-bebdfcd2465d,1,242,ZFM-05170
whisking,no_stim,0.3499999999999998,770.9137309103407,591.6312148948869,401dc15a-96d1-47a9-81f5-bebdfcd2465d,1,242,ZFM-05170
whisking,no_stim,0.4499999999999998,749.3491990913417,570.0666830758878,401dc15a-96d1-47a9-81f5-bebdfcd2465d,1,242,ZFM-05170
whisking,no_stim,0.5499999999999998,752.8194226268545,573.5369066114006,401dc15a-96d1-47a9-81f5-bebdfcd2465d,1,242,ZFM-05170
whisking,no_stim,0.6499999999999998,763.7602218696902,584.4777058542363,401dc15a-96d1-47a9-81f5-bebdfcd2465d,1,242,ZFM-05170
whisking,no_stim,0.7499999999999998,776.4941456483111,597.2116296328572,401dc15a-96d1-47a9-81f5-bebdfcd2465d,1,242,ZFM-05170
whisking,no_stim,0.8499999999999998,775.7375553259448,596.4550393104907,401dc15a-96d1-47a9-81f5-bebdfcd2465d,1,242,ZFM-05170
whisking,no_stim,0.9499999999999997,772.8542533056809,593.571737290227,401dc15a-96d1-47a9-81f5-bebdfcd2465d,1,242,ZFM-05170
whisking,no_stim,1.0499999999999996,763.4717571150221,584.1892410995681,401dc15a-96d1-47a9-81f5-bebdfcd2465d,1,242,ZFM-05170
whisking,no_stim,1.1499999999999997,749.3313869397372,570.0488709242832,401dc15a-96d1-47a9-81f5-bebdfcd2465d,1,242,ZFM-05170
whisking,no_stim,1.2499999999999998,724.7903172727905,545.5078012573365,401dc15a-96d1-47a9-81f5-bebdfcd2465d,1,242,ZFM-05170
whisking,no_stim,1.3499999999999996,699.4172053859555,520.1346893705015,401dc15a-96d1-47a9-81f5-bebdfcd2465d,1,242,ZFM-05170
whisking,no_stim,1.4499999999999995,669.7446235072395,490.4621074917855,401dc15a-96d1-47a9-81f5-bebdfcd2465d,1,242,ZFM-05170
whisking,no_stim,1.5499999999999996,633.7955481782569,454.513032162803,401dc15a-96d1-47a9-81f5-bebdfcd2465d,1,242,ZFM-05170
whisking,no_stim,1.6499999999999997,598.4141804711062,419.13166445565224,401dc15a-96d1-47a9-81f5-bebdfcd2465d,1,242,ZFM-05170
whisking,no_stim,1.7499999999999996,571.4482206190035,392.1657046035495,401dc15a-96d1-47a9-81f5-bebdfcd2465d,1,242,ZFM-05170
whisking,no_stim,1.8499999999999994,551.9207395554158,372.63822353996187,401dc15a-96d1-47a9-81f5-bebdfcd2465d,1,242,ZFM-05170
whisking,no_stim,1.9499999999999995,532.7729858835046,353.49046986805064,401dc15a-96d1-47a9-81f5-bebdfcd2465d,1,242,ZFM-05170
whisking,no_stim,2.0499999999999994,513.1443007699827,333.86178475452874,401dc15a-96d1-47a9-81f5-bebdfcd2465d,1,242,ZFM-05170
whisking,no_stim,2.1499999999999995,492.9414596026577,313.65894358720374,401dc15a-96d1-47a9-81f5-bebdfcd2465d,1,242,ZFM-05170
whisking,no_stim,2.249999999999999,473.024935961777,293.742419946323,401dc15a-96d1-47a9-81f5-bebdfcd2465d,1,242,ZFM-05170
whisking,no_stim,2.349999999999999,451.12350867828195,271.840992662828,401dc15a-96d1-47a9-81f5-bebdfcd2465d,1,242,ZFM-05170
whisking,no_stim,2.4499999999999993,434.2235448642373,254.94102884878333,401dc15a-96d1-47a9-81f5-bebdfcd2465d,1,242,ZFM-05170
whisking,no_stim,2.549999999999999,424.92975430698567,245.64723829153172,401dc15a-96d1-47a9-81f5-bebdfcd2465d,1,242,ZFM-05170
whisking,no_stim,2.649999999999999,422.2210117487879,242.93849573333392,401dc15a-96d1-47a9-81f5-bebdfcd2465d,1,242,ZFM-05170
whisking,no_stim,2.749999999999999,425.51627256547505,246.2337565500211,401dc15a-96d1-47a9-81f5-bebdfcd2465d,1,242,ZFM-05170
whisking,no_stim,2.849999999999999,426.1829423820934,246.90042636663946,401dc15a-96d1-47a9-81f5-bebdfcd2465d,1,242,ZFM-05170
whisking,no_stim,2.9499999999999993,420.5408870886108,241.25837107315687,401dc15a-96d1-47a9-81f5-bebdfcd2465d,1,242,ZFM-05170
whisking,no_stim,3.049999999999999,422.14749075815337,242.86497474269942,401dc15a-96d1-47a9-81f5-bebdfcd2465d,1,242,ZFM-05170
whisking,no_stim,3.149999999999999,431.5033472001062,252.22083118465224,401dc15a-96d1-47a9-81f5-bebdfcd2465d,1,242,ZFM-05170
whisking,no_stim,3.249999999999999,440.7107688029687,261.42825278751474,401dc15a-96d1-47a9-81f5-bebdfcd2465d,1,242,ZFM-05170
whisking,no_stim,3.3499999999999988,447.01292267409696,267.730406658643,401dc15a-96d1-47a9-81f5-bebdfcd2465d,1,242,ZFM-05170
whisking,no_stim,3.449999999999999,467.8034272421798,288.52091122672584,401dc15a-96d1-47a9-81f5-bebdfcd2465d,1,242,ZFM-05170
whisking,no_stim,3.549999999999999,493.14180528147665,313.8592892660227,401dc15a-96d1-47a9-81f5-bebdfcd2465d,1,242,ZFM-05170
whisking,no_stim,3.649999999999999,514.0641145349628,334.7815985195088,401dc15a-96d1-47a9-81f5-bebdfcd2465d,1,242,ZFM-05170
whisking,no_stim,3.749999999999999,527.3928377479846,348.1103217325306,401dc15a-96d1-47a9-81f5-bebdfcd2465d,1,242,ZFM-05170
whisking,no_stim,3.8499999999999988,541.7951966000386,362.51268058458464,401dc15a-96d1-47a9-81f5-bebdfcd2465d,1,242,ZFM-05170
whisking,no_stim,3.949999999999999,555.6417942528996,376.3592782374456,401dc15a-96d1-47a9-81f5-bebdfcd2465d,1,242,ZFM-05170
whisking,stim,-0.45,108.0651028174423,4.7673515126017065,54014195-8d46-4a06-a291-4761d1c98f10,1,283,ZFM-04811
whisking,stim,-0.35000000000000003,89.20685305337099,-14.090898251469596,54014195-8d46-4a06-a291-4761d1c98f10,1,283,ZFM-04811
whisking,stim,-0.25000000000000006,80.89650694130597,-22.401244363534616,54014195-8d46-4a06-a291-4761d1c98f10,1,283,ZFM-04811
whisking,stim,-0.15000000000000008,99.75887698300726,-3.538874321833333,54014195-8d46-4a06-a291-4761d1c98f10,1,283,ZFM-04811
whisking,stim,-0.050000000000000086,138.56141672907643,35.26366542423584,54014195-8d46-4a06-a291-4761d1c98f10,1,283,ZFM-04811
whisking,stim,0.04999999999999989,236.31032075792984,133.01256945308927,54014195-8d46-4a06-a291-4761d1c98f10,1,283,ZFM-04811
whisking,stim,0.14999999999999986,393.2141175232832,289.91636621844265,54014195-8d46-4a06-a291-4761d1c98f10,1,283,ZFM-04811
whisking,stim,0.24999999999999983,542.3778928518872,439.0801415470466,54014195-8d46-4a06-a291-4761d1c98f10,1,283,ZFM-04811
whisking,stim,0.3499999999999998,623.0239167682631,519.7261654634225,54014195-8d46-4a06-a291-4761d1c98f10,1,283,ZFM-04811
whisking,stim,0.4499999999999998,615.046893743891,511.74914243905044,54014195-8d46-4a06-a291-4761d1c98f10,1,283,ZFM-04811
whisking,stim,0.5499999999999998,604.0122794853925,500.7145281805519,54014195-8d46-4a06-a291-4761d1c98f10,1,283,ZFM-04811
whisking,stim,0.6499999999999998,600.6467113341005,497.3489600292599,54014195-8d46-4a06-a291-4761d1c98f10,1,283,ZFM-04811
whisking,stim,0.7499999999999998,602.5320213262095,499.2342700213689,54014195-8d46-4a06-a291-4761d1c98f10,1,283,ZFM-04811
whisking,stim,0.8499999999999998,604.073605504799,500.7758541999585,54014195-8d46-4a06-a291-4761d1c98f10,1,283,ZFM-04811
whisking,stim,0.9499999999999997,602.3179310314995,499.0201797266589,54014195-8d46-4a06-a291-4761d1c98f10,1,283,ZFM-04811
whisking,stim,1.0499999999999996,602.6160764471227,499.31832514228216,54014195-8d46-4a06-a291-4761d1c98f10,1,283,ZFM-04811
whisking,stim,1.1499999999999997,593.1874459137674,489.88969460892685,54014195-8d46-4a06-a291-4761d1c98f10,1,283,ZFM-04811
whisking,stim,1.2499999999999998,582.7568144990736,479.459063194233,54014195-8d46-4a06-a291-4761d1c98f10,1,283,ZFM-04811
whisking,stim,1.3499999999999996,577.0836863712902,473.78593506644967,54014195-8d46-4a06-a291-4761d1c98f10,1,283,ZFM-04811
whisking,stim,1.4499999999999995,578.9157337642202,475.6179824593797,54014195-8d46-4a06-a291-4761d1c98f10,1,283,ZFM-04811
whisking,stim,1.5499999999999996,589.6634501072143,486.36569880237374,54014195-8d46-4a06-a291-4761d1c98f10,1,283,ZFM-04811
whisking,stim,1.6499999999999997,596.7977613273771,493.5000100225365,54014195-8d46-4a06-a291-4761d1c98f10,1,283,ZFM-04811
whisking,stim,1.7499999999999996,603.9255426637128,500.62779135887223,54014195-8d46-4a06-a291-4761d1c98f10,1,283,ZFM-04811
whisking,stim,1.8499999999999994,608.5860440494441,505.28829274460355,54014195-8d46-4a06-a291-4761d1c98f10,1,283,ZFM-04811
whisking,stim,1.9499999999999995,612.5768842844197,509.2791329795792,54014195-8d46-4a06-a291-4761d1c98f10,1,283,ZFM-04811
whisking,stim,2.0499999999999994,610.2415849496088,506.9438336447682,54014195-8d46-4a06-a291-4761d1c98f10,1,283,ZFM-04811
whisking,stim,2.1499999999999995,595.8409454601281,492.5431941552875,54014195-8d46-4a06-a291-4761d1c98f10,1,283,ZFM-04811
whisking,stim,2.249999999999999,576.1141410316233,472.8163897267827,54014195-8d46-4a06-a291-4761d1c98f10,1,283,ZFM-04811
whisking,stim,2.349999999999999,556.3849417623184,453.0871904574778,54014195-8d46-4a06-a291-4761d1c98f10,1,283,ZFM-04811
whisking,stim,2.4499999999999993,540.8838901494711,437.5861388446305,54014195-8d46-4a06-a291-4761d1c98f10,1,283,ZFM-04811
whisking,stim,2.549999999999999,525.1635411096553,421.8657898048147,54014195-8d46-4a06-a291-4761d1c98f10,1,283,ZFM-04811
whisking,stim,2.649999999999999,508.28725570316203,404.98950439832146,54014195-8d46-4a06-a291-4761d1c98f10,1,283,ZFM-04811
whisking,stim,2.749999999999999,487.0391492085351,383.7413979036945,54014195-8d46-4a06-a291-4761d1c98f10,1,283,ZFM-04811
whisking,stim,2.849999999999999,467.25505450175143,363.95730319691086,54014195-8d46-4a06-a291-4761d1c98f10,1,283,ZFM-04811
whisking,stim,2.9499999999999993,447.7804311870258,344.4826798821852,54014195-8d46-4a06-a291-4761d1c98f10,1,283,ZFM-04811
whisking,stim,3.049999999999999,429.90269720108375,326.6049458962432,54014195-8d46-4a06-a291-4761d1c98f10,1,283,ZFM-04811
whisking,stim,3.149999999999999,408.22206522765407,304.9243139228135,54014195-8d46-4a06-a291-4761d1c98f10,1,283,ZFM-04811
whisking,stim,3.249999999999999,385.9003767997977,282.6026254949571,54014195-8d46-4a06-a291-4761d1c98f10,1,283,ZFM-04811
whisking,stim,3.3499999999999988,364.35146633970015,261.0537150348596,54014195-8d46-4a06-a291-4761d1c98f10,1,283,ZFM-04811
whisking,stim,3.449999999999999,343.72607562042805,240.42832431558747,54014195-8d46-4a06-a291-4761d1c98f10,1,283,ZFM-04811
whisking,stim,3.549999999999999,333.42034052075314,230.12258921591257,54014195-8d46-4a06-a291-4761d1c98f10,1,283,ZFM-04811
whisking,stim,3.649999999999999,335.61542874151246,232.3176774366719,54014195-8d46-4a06-a291-4761d1c98f10,1,283,ZFM-04811
whisking,stim,3.749999999999999,351.8447748485645,248.54702354372392,54014195-8d46-4a06-a291-4761d1c98f10,1,283,ZFM-04811
whisking,stim,3.8499999999999988,368.4414517966518,265.1437004918112,54014195-8d46-4a06-a291-4761d1c98f10,1,283,ZFM-04811
whisking,stim,3.949999999999999,389.9475387888297,286.64978748398914,54014195-8d46-4a06-a291-4761d1c98f10,1,283,ZFM-04811
whisking,no_stim,-0.45,91.02132011403408,-0.833433392462112,54014195-8d46-4a06-a291-4761d1c98f10,1,257,ZFM-04811
whisking,no_stim,-0.35000000000000003,75.25828449516534,-16.596469011330854,54014195-8d46-4a06-a291-4761d1c98f10,1,257,ZFM-04811
whisking,no_stim,-0.25000000000000006,72.25925455746665,-19.595498949029547,54014195-8d46-4a06-a291-4761d1c98f10,1,257,ZFM-04811
whisking,no_stim,-0.15000000000000008,89.54194436900771,-2.312809137488486,54014195-8d46-4a06-a291-4761d1c98f10,1,257,ZFM-04811
whisking,no_stim,-0.050000000000000086,131.19296399680715,39.338210490310956,54014195-8d46-4a06-a291-4761d1c98f10,1,257,ZFM-04811
whisking,no_stim,0.04999999999999989,240.79209519963516,148.93734169313896,54014195-8d46-4a06-a291-4761d1c98f10,1,257,ZFM-04811
whisking,no_stim,0.14999999999999986,406.69727963550326,314.84252612900707,54014195-8d46-4a06-a291-4761d1c98f10,1,257,ZFM-04811
whisking,no_stim,0.24999999999999983,557.9934568154864,466.1387033089902,54014195-8d46-4a06-a291-4761d1c98f10,1,257,ZFM-04811
whisking,no_stim,0.3499999999999998,628.6714250024919,536.8166714959957,54014195-8d46-4a06-a291-4761d1c98f10,1,257,ZFM-04811
whisking,no_stim,0.4499999999999998,614.4038099694371,522.5490564629409,54014195-8d46-4a06-a291-4761d1c98f10,1,257,ZFM-04811
whisking,no_stim,0.5499999999999998,597.1820362193307,505.3272827128345,54014195-8d46-4a06-a291-4761d1c98f10,1,257,ZFM-04811
whisking,no_stim,0.6499999999999998,592.3298163511948,500.47506284469864,54014195-8d46-4a06-a291-4761d1c98f10,1,257,ZFM-04811
whisking,no_stim,0.7499999999999998,599.4234591607772,507.56870565428096,54014195-8d46-4a06-a291-4761d1c98f10,1,257,ZFM-04811
whisking,no_stim,0.8499999999999998,601.5781192098441,509.7233657033479,54014195-8d46-4a06-a291-4761d1c98f10,1,257,ZFM-04811
whisking,no_stim,0.9499999999999997,598.247708488899,506.3929549824028,54014195-8d46-4a06-a291-4761d1c98f10,1,257,ZFM-04811
whisking,no_stim,1.0499999999999996,585.5368728200455,493.68211931354926,54014195-8d46-4a06-a291-4761d1c98f10,1,257,ZFM-04811
whisking,no_stim,1.1499999999999997,577.7886915631143,485.9339380566181,54014195-8d46-4a06-a291-4761d1c98f10,1,257,ZFM-04811
whisking,no_stim,1.2499999999999998,579.5811104838632,487.726356977367,54014195-8d46-4a06-a291-4761d1c98f10,1,257,ZFM-04811
whisking,no_stim,1.3499999999999996,584.1116211347404,492.2568676282442,54014195-8d46-4a06-a291-4761d1c98f10,1,257,ZFM-04811
whisking,no_stim,1.4499999999999995,598.7534794993347,506.89872599283854,54014195-8d46-4a06-a291-4761d1c98f10,1,257,ZFM-04811
whisking,no_stim,1.5499999999999996,618.8236863029571,526.9689327964609,54014195-8d46-4a06-a291-4761d1c98f10,1,257,ZFM-04811
whisking,no_stim,1.6499999999999997,638.8511083410262,546.99635483453,54014195-8d46-4a06-a291-4761d1c98f10,1,257,ZFM-04811
whisking,no_stim,1.7499999999999996,643.9497837119707,552.0950302054745,54014195-8d46-4a06-a291-4761d1c98f10,1,257,ZFM-04811
whisking,no_stim,1.8499999999999994,638.0289423717813,546.1741888652851,54014195-8d46-4a06-a291-4761d1c98f10,1,257,ZFM-04811
whisking,no_stim,1.9499999999999995,626.8543268750793,534.9995733685831,54014195-8d46-4a06-a291-4761d1c98f10,1,257,ZFM-04811
whisking,no_stim,2.0499999999999994,619.1812698870241,527.3265163805279,54014195-8d46-4a06-a291-4761d1c98f10,1,257,ZFM-04811
whisking,no_stim,2.1499999999999995,606.0457599699707,514.1910064634745,54014195-8d46-4a06-a291-4761d1c98f10,1,257,ZFM-04811
whisking,no_stim,2.249999999999999,586.6365050105851,494.7817515040889,54014195-8d46-4a06-a291-4761d1c98f10,1,257,ZFM-04811
whisking,no_stim,2.349999999999999,567.1230486736275,475.2682951671313,54014195-8d46-4a06-a291-4761d1c98f10,1,257,ZFM-04811
whisking,no_stim,2.4499999999999993,543.2799644804094,451.4252109739132,54014195-8d46-4a06-a291-4761d1c98f10,1,257,ZFM-04811
whisking,no_stim,2.549999999999999,517.1589572653786,425.3042037588824,54014195-8d46-4a06-a291-4761d1c98f10,1,257,ZFM-04811
whisking,no_stim,2.649999999999999,489.0321510531177,397.1773975466215,54014195-8d46-4a06-a291-4761d1c98f10,1,257,ZFM-04811
whisking,no_stim,2.749999999999999,459.60521054474265,367.75045703824645,54014195-8d46-4a06-a291-4761d1c98f10,1,257,ZFM-04811
whisking,no_stim,2.849999999999999,432.2760336465447,340.4212801400485,54014195-8d46-4a06-a291-4761d1c98f10,1,257,ZFM-04811
whisking,no_stim,2.9499999999999993,407.49961312637464,315.64485961987845,54014195-8d46-4a06-a291-4761d1c98f10,1,257,ZFM-04811
whisking,no_stim,3.049999999999999,382.8008116055807,290.9460580990845,54014195-8d46-4a06-a291-4761d1c98f10,1,257,ZFM-04811
whisking,no_stim,3.149999999999999,360.81516764702724,268.96041414053104,54014195-8d46-4a06-a291-4761d1c98f10,1,257,ZFM-04811
whisking,no_stim,3.249999999999999,341.51012475983686,249.65537125334066,54014195-8d46-4a06-a291-4761d1c98f10,1,257,ZFM-04811
whisking,no_stim,3.3499999999999988,331.43604548878966,239.58129198229346,54014195-8d46-4a06-a291-4761d1c98f10,1,257,ZFM-04811
whisking,no_stim,3.449999999999999,324.60669532370787,232.75194181721167,54014195-8d46-4a06-a291-4761d1c98f10,1,257,ZFM-04811
whisking,no_stim,3.549999999999999,318.5188050987458,226.66405159224962,54014195-8d46-4a06-a291-4761d1c98f10,1,257,ZFM-04811
whisking,no_stim,3.649999999999999,319.60527372827295,227.75052022177675,54014195-8d46-4a06-a291-4761d1c98f10,1,257,ZFM-04811
whisking,no_stim,3.749999999999999,327.4729114694179,235.6181579629217,54014195-8d46-4a06-a291-4761d1c98f10,1,257,ZFM-04811
whisking,no_stim,3.8499999999999988,350.56974144205924,258.71498793556304,54014195-8d46-4a06-a291-4761d1c98f10,1,257,ZFM-04811
whisking,no_stim,3.949999999999999,380.81460222093364,288.95984871443744,54014195-8d46-4a06-a291-4761d1c98f10,1,257,ZFM-04811
whisking,stim,-0.45,55.28281809374986,-6.3946336442751885,126cf6e8-fc3a-4fab-aad4-75772af0aa5d,1,229,ZFM-04811
whisking,stim,-0.35000000000000003,46.6538572422245,-15.023594495800552,126cf6e8-fc3a-4fab-aad4-75772af0aa5d,1,229,ZFM-04811
whisking,stim,-0.25000000000000006,47.749449500528776,-13.928002237496273,126cf6e8-fc3a-4fab-aad4-75772af0aa5d,1,229,ZFM-04811
whisking,stim,-0.15000000000000008,61.649018169441185,-0.028433568583864144,126cf6e8-fc3a-4fab-aad4-75772af0aa5d,1,229,ZFM-04811
whisking,stim,-0.050000000000000086,97.05211568418092,35.37466394615587,126cf6e8-fc3a-4fab-aad4-75772af0aa5d,1,229,ZFM-04811
whisking,stim,0.04999999999999989,188.1734859165921,126.49603417856707,126cf6e8-fc3a-4fab-aad4-75772af0aa5d,1,229,ZFM-04811
whisking,stim,0.14999999999999986,305.6252767291468,243.94782499112173,126cf6e8-fc3a-4fab-aad4-75772af0aa5d,1,229,ZFM-04811
whisking,stim,0.24999999999999983,390.89996882579356,329.2225170877685,126cf6e8-fc3a-4fab-aad4-75772af0aa5d,1,229,ZFM-04811
whisking,stim,0.3499999999999998,415.93401803589734,354.25656629787227,126cf6e8-fc3a-4fab-aad4-75772af0aa5d,1,229,ZFM-04811
whisking,stim,0.4499999999999998,402.2648968422934,340.58744510426834,126cf6e8-fc3a-4fab-aad4-75772af0aa5d,1,229,ZFM-04811
whisking,stim,0.5499999999999998,404.7168827856598,343.0394310476347,126cf6e8-fc3a-4fab-aad4-75772af0aa5d,1,229,ZFM-04811
whisking,stim,0.6499999999999998,409.9711345590298,348.2936828210047,126cf6e8-fc3a-4fab-aad4-75772af0aa5d,1,229,ZFM-04811
whisking,stim,0.7499999999999998,412.35200619102613,350.67455445300106,126cf6e8-fc3a-4fab-aad4-75772af0aa5d,1,229,ZFM-04811
whisking,stim,0.8499999999999998,409.1540308342311,347.476579096206,126cf6e8-fc3a-4fab-aad4-75772af0aa5d,1,229,ZFM-04811
whisking,stim,0.9499999999999997,410.29932671970715,348.6218749816821,126cf6e8-fc3a-4fab-aad4-75772af0aa5d,1,229,ZFM-04811
whisking,stim,1.0499999999999996,412.99407294229485,351.3166212042698,126cf6e8-fc3a-4fab-aad4-75772af0aa5d,1,229,ZFM-04811
whisking,stim,1.1499999999999997,409.53235798287034,347.85490624484527,126cf6e8-fc3a-4fab-aad4-75772af0aa5d,1,229,ZFM-04811
whisking,stim,1.2499999999999998,403.4011149957918,341.7236632577667,126cf6e8-fc3a-4fab-aad4-75772af0aa5d,1,229,ZFM-04811
whisking,stim,1.3499999999999996,399.5226591949851,337.84520745696005,126cf6e8-fc3a-4fab-aad4-75772af0aa5d,1,229,ZFM-04811
whisking,stim,1.4499999999999995,399.42909194183414,337.7516402038091,126cf6e8-fc3a-4fab-aad4-75772af0aa5d,1,229,ZFM-04811
whisking,stim,1.5499999999999996,395.5955139799277,333.91806224190265,126cf6e8-fc3a-4fab-aad4-75772af0aa5d,1,229,ZFM-04811
whisking,stim,1.6499999999999997,387.70510074086303,326.02764900283796,126cf6e8-fc3a-4fab-aad4-75772af0aa5d,1,229,ZFM-04811
whisking,stim,1.7499999999999996,379.9786311123203,318.3011793742952,126cf6e8-fc3a-4fab-aad4-75772af0aa5d,1,229,ZFM-04811
whisking,stim,1.8499999999999994,372.58235699676226,310.9049052587372,126cf6e8-fc3a-4fab-aad4-75772af0aa5d,1,229,ZFM-04811
whisking,stim,1.9499999999999995,364.5944347238208,302.91698298579576,126cf6e8-fc3a-4fab-aad4-75772af0aa5d,1,229,ZFM-04811
whisking,stim,2.0499999999999994,352.10546434019307,290.428012602168,126cf6e8-fc3a-4fab-aad4-75772af0aa5d,1,229,ZFM-04811
whisking,stim,2.1499999999999995,334.50324969598597,272.8257979579609,126cf6e8-fc3a-4fab-aad4-75772af0aa5d,1,229,ZFM-04811
whisking,stim,2.249999999999999,320.5347770405953,258.85732530257025,126cf6e8-fc3a-4fab-aad4-75772af0aa5d,1,229,ZFM-04811
whisking,stim,2.349999999999999,306.4417841110704,244.76433237304533,126cf6e8-fc3a-4fab-aad4-75772af0aa5d,1,229,ZFM-04811
whisking,stim,2.4499999999999993,291.6978888134214,230.02043707539636,126cf6e8-fc3a-4fab-aad4-75772af0aa5d,1,229,ZFM-04811
whisking,stim,2.549999999999999,270.32961800574026,208.65216626771522,126cf6e8-fc3a-4fab-aad4-75772af0aa5d,1,229,ZFM-04811
whisking,stim,2.649999999999999,253.50387715504417,191.82642541701912,126cf6e8-fc3a-4fab-aad4-75772af0aa5d,1,229,ZFM-04811
whisking,stim,2.749999999999999,243.10356970293867,181.42611796491363,126cf6e8-fc3a-4fab-aad4-75772af0aa5d,1,229,ZFM-04811
whisking,stim,2.849999999999999,234.70510185800373,173.0276501199787,126cf6e8-fc3a-4fab-aad4-75772af0aa5d,1,229,ZFM-04811
whisking,stim,2.9499999999999993,222.82125263342343,161.14380089539839,126cf6e8-fc3a-4fab-aad4-75772af0aa5d,1,229,ZFM-04811
whisking,stim,3.049999999999999,208.651011649989,146.97355991196395,126cf6e8-fc3a-4fab-aad4-75772af0aa5d,1,229,ZFM-04811
whisking,stim,3.149999999999999,199.06267355951385,137.3852218214888,126cf6e8-fc3a-4fab-aad4-75772af0aa5d,1,229,ZFM-04811
whisking,stim,3.249999999999999,196.0974292133305,134.41997747530547,126cf6e8-fc3a-4fab-aad4-75772af0aa5d,1,229,ZFM-04811
whisking,stim,3.3499999999999988,201.06630716544157,139.38885542741653,126cf6e8-fc3a-4fab-aad4-75772af0aa5d,1,229,ZFM-04811
whisking,stim,3.449999999999999,212.15827447306035,150.4808227350353,126cf6e8-fc3a-4fab-aad4-75772af0aa5d,1,229,ZFM-04811
whisking,stim,3.549999999999999,223.00009665727032,161.32264491924528,126cf6e8-fc3a-4fab-aad4-75772af0aa5d,1,229,ZFM-04811
whisking,stim,3.649999999999999,234.4203303235765,172.74287858555147,126cf6e8-fc3a-4fab-aad4-75772af0aa5d,1,229,ZFM-04811
whisking,stim,3.749999999999999,245.08536391672496,183.40791217869992,126cf6e8-fc3a-4fab-aad4-75772af0aa5d,1,229,ZFM-04811
whisking,stim,3.8499999999999988,257.10898071230685,195.4315289742818,126cf6e8-fc3a-4fab-aad4-75772af0aa5d,1,229,ZFM-04811
whisking,stim,3.949999999999999,268.2334604216728,206.55600868364778,126cf6e8-fc3a-4fab-aad4-75772af0aa5d,1,229,ZFM-04811
whisking,no_stim,-0.45,52.71323340912636,-0.4137007843178466,126cf6e8-fc3a-4fab-aad4-75772af0aa5d,1,257,ZFM-04811
whisking,no_stim,-0.35000000000000003,40.192385687171004,-12.934548506273202,126cf6e8-fc3a-4fab-aad4-75772af0aa5d,1,257,ZFM-04811
whisking,no_stim,-0.25000000000000006,36.37162581159872,-16.755308381845488,126cf6e8-fc3a-4fab-aad4-75772af0aa5d,1,257,ZFM-04811
whisking,no_stim,-0.15000000000000008,47.67912711135001,-5.447807082094194,126cf6e8-fc3a-4fab-aad4-75772af0aa5d,1,257,ZFM-04811
whisking,no_stim,-0.050000000000000086,88.67829894797492,35.55136475453072,126cf6e8-fc3a-4fab-aad4-75772af0aa5d,1,257,ZFM-04811
whisking,no_stim,0.04999999999999989,184.90711803090315,131.78018383745894,126cf6e8-fc3a-4fab-aad4-75772af0aa5d,1,257,ZFM-04811
whisking,no_stim,0.14999999999999986,303.8862424611348,250.7593082676906,126cf6e8-fc3a-4fab-aad4-75772af0aa5d,1,257,ZFM-04811
whisking,no_stim,0.24999999999999983,393.5555779096761,340.42864371623193,126cf6e8-fc3a-4fab-aad4-75772af0aa5d,1,257,ZFM-04811
whisking,no_stim,0.3499999999999998,427.4249942138083,374.2980600203641,126cf6e8-fc3a-4fab-aad4-75772af0aa5d,1,257,ZFM-04811
whisking,no_stim,0.4499999999999998,422.43540925407933,369.30847506063515,126cf6e8-fc3a-4fab-aad4-75772af0aa5d,1,257,ZFM-04811
whisking,no_stim,0.5499999999999998,426.6887660773161,373.5618318838719,126cf6e8-fc3a-4fab-aad4-75772af0aa5d,1,257,ZFM-04811
whisking,no_stim,0.6499999999999998,431.3278152546681,378.2008810612239,126cf6e8-fc3a-4fab-aad4-75772af0aa5d,1,257,ZFM-04811
whisking,no_stim,0.7499999999999998,435.5371907182721,382.4102565248279,126cf6e8-fc3a-4fab-aad4-75772af0aa5d,1,257,ZFM-04811
whisking,no_stim,0.8499999999999998,436.4945106739667,383.36757648052253,126cf6e8-fc3a-4fab-aad4-75772af0aa5d,1,257,ZFM-04811
whisking,no_stim,0.9499999999999997,434.7524080271517,381.62547383370753,126cf6e8-fc3a-4fab-aad4-75772af0aa5d,1,257,ZFM-04811
whisking,no_stim,1.0499999999999996,435.31703339912445,382.19009920568027,126cf6e8-fc3a-4fab-aad4-75772af0aa5d,1,257,ZFM-04811
whisking,no_stim,1.1499999999999997,434.39440612327815,381.26747192983396,126cf6e8-fc3a-4fab-aad4-75772af0aa5d,1,257,ZFM-04811
whisking,no_stim,1.2499999999999998,434.1495314664943,381.0225972730501,126cf6e8-fc3a-4fab-aad4-75772af0aa5d,1,257,ZFM-04811
whisking,no_stim,1.3499999999999996,434.57325338889115,381.44631919544696,126cf6e8-fc3a-4fab-aad4-75772af0aa5d,1,257,ZFM-04811
whisking,no_stim,1.4499999999999995,431.71646779237074,378.58953359892655,126cf6e8-fc3a-4fab-aad4-75772af0aa5d,1,257,ZFM-04811
whisking,no_stim,1.5499999999999996,421.1650206036608,368.03808641021664,126cf6e8-fc3a-4fab-aad4-75772af0aa5d,1,257,ZFM-04811
whisking,no_stim,1.6499999999999997,406.41605365372925,353.28911946028506,126cf6e8-fc3a-4fab-aad4-75772af0aa5d,1,257,ZFM-04811
whisking,no_stim,1.7499999999999996,392.54325059533346,339.4163164018893,126cf6e8-fc3a-4fab-aad4-75772af0aa5d,1,257,ZFM-04811
whisking,no_stim,1.8499999999999994,383.2422514121358,330.1153172186916,126cf6e8-fc3a-4fab-aad4-75772af0aa5d,1,257,ZFM-04811
whisking,no_stim,1.9499999999999995,375.08264704026845,321.95571284682427,126cf6e8-fc3a-4fab-aad4-75772af0aa5d,1,257,ZFM-04811
whisking,no_stim,2.0499999999999994,363.8388069894514,310.71187279600724,126cf6e8-fc3a-4fab-aad4-75772af0aa5d,1,257,ZFM-04811
whisking,no_stim,2.1499999999999995,349.57263782924355,296.44570363579936,126cf6e8-fc3a-4fab-aad4-75772af0aa5d,1,257,ZFM-04811
whisking,no_stim,2.249999999999999,334.6249635056988,281.49802931225463,126cf6e8-fc3a-4fab-aad4-75772af0aa5d,1,257,ZFM-04811
whisking,no_stim,2.349999999999999,318.7147260807419,265.5877918872977,126cf6e8-fc3a-4fab-aad4-75772af0aa5d,1,257,ZFM-04811
whisking,no_stim,2.4499999999999993,300.2571940089521,247.1302598155079,126cf6e8-fc3a-4fab-aad4-75772af0aa5d,1,257,ZFM-04811
whisking,no_stim,2.549999999999999,280.65000104353123,227.52306685008702,126cf6e8-fc3a-4fab-aad4-75772af0aa5d,1,257,ZFM-04811
whisking,no_stim,2.649999999999999,263.2858821271642,210.15894793372,126cf6e8-fc3a-4fab-aad4-75772af0aa5d,1,257,ZFM-04811
whisking,no_stim,2.749999999999999,252.02757852593967,198.90064433249546,126cf6e8-fc3a-4fab-aad4-75772af0aa5d,1,257,ZFM-04811
whisking,no_stim,2.849999999999999,243.2432115803175,190.1162773868733,126cf6e8-fc3a-4fab-aad4-75772af0aa5d,1,257,ZFM-04811
whisking,no_stim,2.9499999999999993,233.1002040565991,179.97326986315488,126cf6e8-fc3a-4fab-aad4-75772af0aa5d,1,257,ZFM-04811
whisking,no_stim,3.049999999999999,220.29211064203898,167.16517644859476,126cf6e8-fc3a-4fab-aad4-75772af0aa5d,1,257,ZFM-04811
whisking,no_stim,3.149999999999999,209.60646194635603,156.47952775291182,126cf6e8-fc3a-4fab-aad4-75772af0aa5d,1,257,ZFM-04811
whisking,no_stim,3.249999999999999,203.64228946472548,150.51535527128127,126cf6e8-fc3a-4fab-aad4-75772af0aa5d,1,257,ZFM-04811
whisking,no_stim,3.3499999999999988,199.231715246036,146.1047810525918,126cf6e8-fc3a-4fab-aad4-75772af0aa5d,1,257,ZFM-04811
whisking,no_stim,3.449999999999999,200.16278373534092,147.0358495418967,126cf6e8-fc3a-4fab-aad4-75772af0aa5d,1,257,ZFM-04811
whisking,no_stim,3.549999999999999,210.02104156268385,156.89410736923963,126cf6e8-fc3a-4fab-aad4-75772af0aa5d,1,257,ZFM-04811
whisking,no_stim,3.649999999999999,228.30417505994828,175.17724086650406,126cf6e8-fc3a-4fab-aad4-75772af0aa5d,1,257,ZFM-04811
whisking,no_stim,3.749999999999999,248.01289127543433,194.8859570819901,126cf6e8-fc3a-4fab-aad4-75772af0aa5d,1,257,ZFM-04811
whisking,no_stim,3.8499999999999988,259.3819805619382,206.25504636849396,126cf6e8-fc3a-4fab-aad4-75772af0aa5d,1,257,ZFM-04811
whisking,no_stim,3.949999999999999,265.1254200560493,211.99848586260507,126cf6e8-fc3a-4fab-aad4-75772af0aa5d,1,257,ZFM-04811
whisking,stim,-0.45,80.09194931046027,13.649800312289699,2ec37e95-4266-45ac-8a42-a1b2d5bc8b7e,1,214,ZFM-04811
whisking,stim,-0.35000000000000003,57.69666145567155,-8.745487542499014,2ec37e95-4266-45ac-8a42-a1b2d5bc8b7e,1,214,ZFM-04811
whisking,stim,-0.25000000000000006,52.80425970341077,-13.637889294759795,2ec37e95-4266-45ac-8a42-a1b2d5bc8b7e,1,214,ZFM-04811
whisking,stim,-0.15000000000000008,59.378044685987376,-7.06410431218319,2ec37e95-4266-45ac-8a42-a1b2d5bc8b7e,1,214,ZFM-04811
whisking,stim,-0.050000000000000086,82.2398298353229,15.797680837152328,2ec37e95-4266-45ac-8a42-a1b2d5bc8b7e,1,214,ZFM-04811
whisking,stim,0.04999999999999989,166.13500147575346,99.69285247758289,2ec37e95-4266-45ac-8a42-a1b2d5bc8b7e,1,214,ZFM-04811
whisking,stim,0.14999999999999986,302.32289442483415,235.88074542666357,2ec37e95-4266-45ac-8a42-a1b2d5bc8b7e,1,214,ZFM-04811
whisking,stim,0.24999999999999983,426.6682637140758,360.2261147159052,2ec37e95-4266-45ac-8a42-a1b2d5bc8b7e,1,214,ZFM-04811
whisking,stim,0.3499999999999998,487.85279564666945,421.41064664849887,2ec37e95-4266-45ac-8a42-a1b2d5bc8b7e,1,214,ZFM-04811
whisking,stim,0.4499999999999998,490.84195794138617,424.3998089432156,2ec37e95-4266-45ac-8a42-a1b2d5bc8b7e,1,214,ZFM-04811
whisking,stim,0.5499999999999998,500.4088719116142,433.9667229134436,2ec37e95-4266-45ac-8a42-a1b2d5bc8b7e,1,214,ZFM-04811
whisking,stim,0.6499999999999998,506.82388419946,440.3817352012894,2ec37e95-4266-45ac-8a42-a1b2d5bc8b7e,1,214,ZFM-04811
whisking,stim,0.7499999999999998,504.1064596778901,437.6643106797195,2ec37e95-4266-45ac-8a42-a1b2d5bc8b7e,1,214,ZFM-04811
whisking,stim,0.8499999999999998,494.78029340434597,428.3381444061754,2ec37e95-4266-45ac-8a42-a1b2d5bc8b7e,1,214,ZFM-04811
whisking,stim,0.9499999999999997,486.3628737141875,419.92072471601693,2ec37e95-4266-45ac-8a42-a1b2d5bc8b7e,1,214,ZFM-04811
whisking,stim,1.0499999999999996,486.9102758389747,420.46812684080413,2ec37e95-4266-45ac-8a42-a1b2d5bc8b7e,1,214,ZFM-04811
whisking,stim,1.1499999999999997,488.80852197256144,422.36637297439086,2ec37e95-4266-45ac-8a42-a1b2d5bc8b7e,1,214,ZFM-04811
whisking,stim,1.2499999999999998,484.57892035668976,418.1367713585192,2ec37e95-4266-45ac-8a42-a1b2d5bc8b7e,1,214,ZFM-04811
whisking,stim,1.3499999999999996,483.2268321908948,416.78468319272423,2ec37e95-4266-45ac-8a42-a1b2d5bc8b7e,1,214,ZFM-04811
whisking,stim,1.4499999999999995,484.57163907545146,418.1294900772809,2ec37e95-4266-45ac-8a42-a1b2d5bc8b7e,1,214,ZFM-04811
whisking,stim,1.5499999999999996,489.9049663064695,423.4628173082989,2ec37e95-4266-45ac-8a42-a1b2d5bc8b7e,1,214,ZFM-04811
whisking,stim,1.6499999999999997,490.77613634523533,424.33398734706475,2ec37e95-4266-45ac-8a42-a1b2d5bc8b7e,1,214,ZFM-04811
whisking,stim,1.7499999999999996,488.8802190112908,422.43807001312024,2ec37e95-4266-45ac-8a42-a1b2d5bc8b7e,1,214,ZFM-04811
whisking,stim,1.8499999999999994,484.37541888656733,417.93326988839675,2ec37e95-4266-45ac-8a42-a1b2d5bc8b7e,1,214,ZFM-04811
whisking,stim,1.9499999999999995,479.96957958277375,413.52743058460317,2ec37e95-4266-45ac-8a42-a1b2d5bc8b7e,1,214,ZFM-04811
whisking,stim,2.0499999999999994,478.5507237783762,412.10857478020563,2ec37e95-4266-45ac-8a42-a1b2d5bc8b7e,1,214,ZFM-04811
whisking,stim,2.1499999999999995,476.9493268208646,410.507177822694,2ec37e95-4266-45ac-8a42-a1b2d5bc8b7e,1,214,ZFM-04811
whisking,stim,2.249999999999999,467.3822698768837,400.9401208787131,2ec37e95-4266-45ac-8a42-a1b2d5bc8b7e,1,214,ZFM-04811
whisking,stim,2.349999999999999,446.07628398317325,379.6341349850027,2ec37e95-4266-45ac-8a42-a1b2d5bc8b7e,1,214,ZFM-04811
whisking,stim,2.4499999999999993,426.92408886352786,360.4819398653573,2ec37e95-4266-45ac-8a42-a1b2d5bc8b7e,1,214,ZFM-04811
whisking,stim,2.549999999999999,404.7102843851009,338.26813538693034,2ec37e95-4266-45ac-8a42-a1b2d5bc8b7e,1,214,ZFM-04811
whisking,stim,2.649999999999999,391.9069436469201,325.46479464874955,2ec37e95-4266-45ac-8a42-a1b2d5bc8b7e,1,214,ZFM-04811
whisking,stim,2.749999999999999,377.4793165051685,311.03716750699795,2ec37e95-4266-45ac-8a42-a1b2d5bc8b7e,1,214,ZFM-04811
whisking,stim,2.849999999999999,363.0015144790198,296.55936548084924,2ec37e95-4266-45ac-8a42-a1b2d5bc8b7e,1,214,ZFM-04811
whisking,stim,2.9499999999999993,345.3774237287659,278.9352747305953,2ec37e95-4266-45ac-8a42-a1b2d5bc8b7e,1,214,ZFM-04811
whisking,stim,3.049999999999999,323.18933742874816,256.7471884305776,2ec37e95-4266-45ac-8a42-a1b2d5bc8b7e,1,214,ZFM-04811
whisking,stim,3.149999999999999,303.3871824541884,236.94503345601782,2ec37e95-4266-45ac-8a42-a1b2d5bc8b7e,1,214,ZFM-04811
whisking,stim,3.249999999999999,278.8671152065926,212.424966208422,2ec37e95-4266-45ac-8a42-a1b2d5bc8b7e,1,214,ZFM-04811
whisking,stim,3.3499999999999988,262.92662368778815,196.48447468961757,2ec37e95-4266-45ac-8a42-a1b2d5bc8b7e,1,214,ZFM-04811
whisking,stim,3.449999999999999,253.16111658439684,186.71896758622626,2ec37e95-4266-45ac-8a42-a1b2d5bc8b7e,1,214,ZFM-04811
whisking,stim,3.549999999999999,256.3912027303644,189.94905373219382,2ec37e95-4266-45ac-8a42-a1b2d5bc8b7e,1,214,ZFM-04811
whisking,stim,3.649999999999999,267.1382995407909,200.69615054262033,2ec37e95-4266-45ac-8a42-a1b2d5bc8b7e,1,214,ZFM-04811
whisking,stim,3.749999999999999,278.3692529712922,211.92710397312163,2ec37e95-4266-45ac-8a42-a1b2d5bc8b7e,1,214,ZFM-04811
whisking,stim,3.8499999999999988,285.22618109516895,218.78403209699837,2ec37e95-4266-45ac-8a42-a1b2d5bc8b7e,1,214,ZFM-04811
whisking,stim,3.949999999999999,290.85326855767175,224.41111955950117,2ec37e95-4266-45ac-8a42-a1b2d5bc8b7e,1,214,ZFM-04811
whisking,no_stim,-0.45,87.20709557697367,11.042991329827174,2ec37e95-4266-45ac-8a42-a1b2d5bc8b7e,1,188,ZFM-04811
whisking,no_stim,-0.35000000000000003,66.93136897178367,-9.232735275362828,2ec37e95-4266-45ac-8a42-a1b2d5bc8b7e,1,188,ZFM-04811
whisking,no_stim,-0.25000000000000006,63.708685631711,-12.455418615435498,2ec37e95-4266-45ac-8a42-a1b2d5bc8b7e,1,188,ZFM-04811
whisking,no_stim,-0.15000000000000008,72.7122867762857,-3.451817470860803,2ec37e95-4266-45ac-8a42-a1b2d5bc8b7e,1,188,ZFM-04811
whisking,no_stim,-0.050000000000000086,90.26108427897844,14.096980031831947,2ec37e95-4266-45ac-8a42-a1b2d5bc8b7e,1,188,ZFM-04811
whisking,no_stim,0.04999999999999989,151.18478355647443,75.02067930932793,2ec37e95-4266-45ac-8a42-a1b2d5bc8b7e,1,188,ZFM-04811
whisking,no_stim,0.14999999999999986,260.4851624995093,184.32105825236277,2ec37e95-4266-45ac-8a42-a1b2d5bc8b7e,1,188,ZFM-04811
whisking,no_stim,0.24999999999999983,374.9757942319785,298.811689984832,2ec37e95-4266-45ac-8a42-a1b2d5bc8b7e,1,188,ZFM-04811
whisking,no_stim,0.3499999999999998,438.58166225844656,362.41755801130006,2ec37e95-4266-45ac-8a42-a1b2d5bc8b7e,1,188,ZFM-04811
whisking,no_stim,0.4499999999999998,446.3504046595344,370.1863004123879,2ec37e95-4266-45ac-8a42-a1b2d5bc8b7e,1,188,ZFM-04811
whisking,no_stim,0.5499999999999998,456.1200805673095,379.955976320163,2ec37e95-4266-45ac-8a42-a1b2d5bc8b7e,1,188,ZFM-04811
whisking,no_stim,0.6499999999999998,467.1110727538173,390.9469685066708,2ec37e95-4266-45ac-8a42-a1b2d5bc8b7e,1,188,ZFM-04811
whisking,no_stim,0.7499999999999998,478.0060128033392,401.8419085561927,2ec37e95-4266-45ac-8a42-a1b2d5bc8b7e,1,188,ZFM-04811
whisking,no_stim,0.8499999999999998,482.2739426721018,406.1098384249553,2ec37e95-4266-45ac-8a42-a1b2d5bc8b7e,1,188,ZFM-04811
whisking,no_stim,0.9499999999999997,480.0237296315561,403.8596253844096,2ec37e95-4266-45ac-8a42-a1b2d5bc8b7e,1,188,ZFM-04811
whisking,no_stim,1.0499999999999996,480.1896690917578,404.0255648446113,2ec37e95-4266-45ac-8a42-a1b2d5bc8b7e,1,188,ZFM-04811
whisking,no_stim,1.1499999999999997,481.2869304012234,405.1228261540769,2ec37e95-4266-45ac-8a42-a1b2d5bc8b7e,1,188,ZFM-04811
whisking,no_stim,1.2499999999999998,481.7957718284599,405.6316675813134,2ec37e95-4266-45ac-8a42-a1b2d5bc8b7e,1,188,ZFM-04811
whisking,no_stim,1.3499999999999996,480.17160797855786,404.00750373141136,2ec37e95-4266-45ac-8a42-a1b2d5bc8b7e,1,188,ZFM-04811
whisking,no_stim,1.4499999999999995,467.7775821392178,391.61347789207133,2ec37e95-4266-45ac-8a42-a1b2d5bc8b7e,1,188,ZFM-04811
whisking,no_stim,1.5499999999999996,460.16590526256573,384.00180101541923,2ec37e95-4266-45ac-8a42-a1b2d5bc8b7e,1,188,ZFM-04811
whisking,no_stim,1.6499999999999997,452.06868402878786,375.90457978164136,2ec37e95-4266-45ac-8a42-a1b2d5bc8b7e,1,188,ZFM-04811
whisking,no_stim,1.7499999999999996,449.3721501365013,373.2080458893548,2ec37e95-4266-45ac-8a42-a1b2d5bc8b7e,1,188,ZFM-04811
whisking,no_stim,1.8499999999999994,450.7725030379733,374.6083987908268,2ec37e95-4266-45ac-8a42-a1b2d5bc8b7e,1,188,ZFM-04811
whisking,no_stim,1.9499999999999995,454.26240493041547,378.098300683269,2ec37e95-4266-45ac-8a42-a1b2d5bc8b7e,1,188,ZFM-04811
whisking,no_stim,2.0499999999999994,451.4290464196003,375.2649421724538,2ec37e95-4266-45ac-8a42-a1b2d5bc8b7e,1,188,ZFM-04811
whisking,no_stim,2.1499999999999995,452.3311953790639,376.1670911319174,2ec37e95-4266-45ac-8a42-a1b2d5bc8b7e,1,188,ZFM-04811
whisking,no_stim,2.249999999999999,448.83662690707587,372.67252265992937,2ec37e95-4266-45ac-8a42-a1b2d5bc8b7e,1,188,ZFM-04811
whisking,no_stim,2.349999999999999,440.8706197900574,364.7065155429109,2ec37e95-4266-45ac-8a42-a1b2d5bc8b7e,1,188,ZFM-04811
whisking,no_stim,2.4499999999999993,417.1747040611506,341.0105998140041,2ec37e95-4266-45ac-8a42-a1b2d5bc8b7e,1,188,ZFM-04811
whisking,no_stim,2.549999999999999,396.2277328856914,320.0636286385449,2ec37e95-4266-45ac-8a42-a1b2d5bc8b7e,1,188,ZFM-04811
whisking,no_stim,2.649999999999999,384.7257226131596,308.5616183660131,2ec37e95-4266-45ac-8a42-a1b2d5bc8b7e,1,188,ZFM-04811
whisking,no_stim,2.749999999999999,376.38553348267055,300.22142923552406,2ec37e95-4266-45ac-8a42-a1b2d5bc8b7e,1,188,ZFM-04811
whisking,no_stim,2.849999999999999,367.873586743965,291.7094824968185,2ec37e95-4266-45ac-8a42-a1b2d5bc8b7e,1,188,ZFM-04811
whisking,no_stim,2.9499999999999993,357.5334339341372,281.3693296869907,2ec37e95-4266-45ac-8a42-a1b2d5bc8b7e,1,188,ZFM-04811
whisking,no_stim,3.049999999999999,346.83552136736864,270.67141712022215,2ec37e95-4266-45ac-8a42-a1b2d5bc8b7e,1,188,ZFM-04811
whisking,no_stim,3.149999999999999,328.469100566329,252.30499631918252,2ec37e95-4266-45ac-8a42-a1b2d5bc8b7e,1,188,ZFM-04811
whisking,no_stim,3.249999999999999,313.5026994440934,237.33859519694693,2ec37e95-4266-45ac-8a42-a1b2d5bc8b7e,1,188,ZFM-04811
whisking,no_stim,3.3499999999999988,296.8434067639118,220.6793025167653,2ec37e95-4266-45ac-8a42-a1b2d5bc8b7e,1,188,ZFM-04811
whisking,no_stim,3.449999999999999,284.91138318122375,208.74727893407726,2ec37e95-4266-45ac-8a42-a1b2d5bc8b7e,1,188,ZFM-04811
whisking,no_stim,3.549999999999999,273.96703938183543,197.80293513468894,2ec37e95-4266-45ac-8a42-a1b2d5bc8b7e,1,188,ZFM-04811
whisking,no_stim,3.649999999999999,275.50591227948667,199.34180803234017,2ec37e95-4266-45ac-8a42-a1b2d5bc8b7e,1,188,ZFM-04811
whisking,no_stim,3.749999999999999,283.8080857738095,207.64398152666303,2ec37e95-4266-45ac-8a42-a1b2d5bc8b7e,1,188,ZFM-04811
whisking,no_stim,3.8499999999999988,277.9680782056723,201.80397395852583,2ec37e95-4266-45ac-8a42-a1b2d5bc8b7e,1,188,ZFM-04811
whisking,no_stim,3.949999999999999,272.98082108886734,196.81671684172085,2ec37e95-4266-45ac-8a42-a1b2d5bc8b7e,1,188,ZFM-04811
whisking,stim,-0.45,85.56559593955194,14.463417481440615,a3b8947c-4fb1-43ef-a8df-c51fffe78c11,1,225,ZFM-04811
whisking,stim,-0.35000000000000003,61.91449052498713,-9.187687933124195,a3b8947c-4fb1-43ef-a8df-c51fffe78c11,1,225,ZFM-04811
whisking,stim,-0.25000000000000006,54.217045887965874,-16.88513257014545,a3b8947c-4fb1-43ef-a8df-c51fffe78c11,1,225,ZFM-04811
whisking,stim,-0.15000000000000008,65.3338334650511,-5.768344993060225,a3b8947c-4fb1-43ef-a8df-c51fffe78c11,1,225,ZFM-04811
whisking,stim,-0.050000000000000086,88.47992647300059,17.377748014889264,a3b8947c-4fb1-43ef-a8df-c51fffe78c11,1,225,ZFM-04811
whisking,stim,0.04999999999999989,157.64894567384917,86.54676721573784,a3b8947c-4fb1-43ef-a8df-c51fffe78c11,1,225,ZFM-04811
whisking,stim,0.14999999999999986,274.55348104579906,203.45130258768774,a3b8947c-4fb1-43ef-a8df-c51fffe78c11,1,225,ZFM-04811
whisking,stim,0.24999999999999983,392.3214161749698,321.21923771685846,a3b8947c-4fb1-43ef-a8df-c51fffe78c11,1,225,ZFM-04811
whisking,stim,0.3499999999999998,463.3787599909458,392.2765815328345,a3b8947c-4fb1-43ef-a8df-c51fffe78c11,1,225,ZFM-04811
whisking,stim,0.4499999999999998,475.7976165306412,404.6954380725299,a3b8947c-4fb1-43ef-a8df-c51fffe78c11,1,225,ZFM-04811
whisking,stim,0.5499999999999998,488.84477310417776,417.74259464606644,a3b8947c-4fb1-43ef-a8df-c51fffe78c11,1,225,ZFM-04811
whisking,stim,0.6499999999999998,502.38168806844305,431.27950961033173,a3b8947c-4fb1-43ef-a8df-c51fffe78c11,1,225,ZFM-04811
whisking,stim,0.7499999999999998,517.5192411988702,446.41706274075887,a3b8947c-4fb1-43ef-a8df-c51fffe78c11,1,225,ZFM-04811
whisking,stim,0.8499999999999998,517.5201287779778,446.41795031986646,a3b8947c-4fb1-43ef-a8df-c51fffe78c11,1,225,ZFM-04811
whisking,stim,0.9499999999999997,514.4834846623744,443.38130620426307,a3b8947c-4fb1-43ef-a8df-c51fffe78c11,1,225,ZFM-04811
whisking,stim,1.0499999999999996,510.01550122104516,438.91332276293383,a3b8947c-4fb1-43ef-a8df-c51fffe78c11,1,225,ZFM-04811
whisking,stim,1.1499999999999997,507.71474248376853,436.6125640256572,a3b8947c-4fb1-43ef-a8df-c51fffe78c11,1,225,ZFM-04811
whisking,stim,1.2499999999999998,504.5900623109222,433.48788385281085,a3b8947c-4fb1-43ef-a8df-c51fffe78c11,1,225,ZFM-04811
whisking,stim,1.3499999999999996,504.5302117780977,433.42803331998635,a3b8947c-4fb1-43ef-a8df-c51fffe78c11,1,225,ZFM-04811
whisking,stim,1.4499999999999995,501.44914219366404,430.3469637355527,a3b8947c-4fb1-43ef-a8df-c51fffe78c11,1,225,ZFM-04811
whisking,stim,1.5499999999999996,495.3763631539544,424.2741846958431,a3b8947c-4fb1-43ef-a8df-c51fffe78c11,1,225,ZFM-04811
whisking,stim,1.6499999999999997,488.44021936025274,417.3380409021414,a3b8947c-4fb1-43ef-a8df-c51fffe78c11,1,225,ZFM-04811
whisking,stim,1.7499999999999996,486.1596697225606,415.05749126444925,a3b8947c-4fb1-43ef-a8df-c51fffe78c11,1,225,ZFM-04811
whisking,stim,1.8499999999999994,483.53015739350127,412.42797893538994,a3b8947c-4fb1-43ef-a8df-c51fffe78c11,1,225,ZFM-04811
whisking,stim,1.9499999999999995,484.10529083132576,413.00311237321444,a3b8947c-4fb1-43ef-a8df-c51fffe78c11,1,225,ZFM-04811
whisking,stim,2.0499999999999994,482.64567195199106,411.54349349387974,a3b8947c-4fb1-43ef-a8df-c51fffe78c11,1,225,ZFM-04811
whisking,stim,2.1499999999999995,472.90692442679017,401.80474596867884,a3b8947c-4fb1-43ef-a8df-c51fffe78c11,1,225,ZFM-04811
whisking,stim,2.249999999999999,454.1996220634558,383.0974436053445,a3b8947c-4fb1-43ef-a8df-c51fffe78c11,1,225,ZFM-04811
whisking,stim,2.349999999999999,426.8410788193517,355.7389003612404,a3b8947c-4fb1-43ef-a8df-c51fffe78c11,1,225,ZFM-04811
whisking,stim,2.4499999999999993,401.2071923863729,330.1050139282616,a3b8947c-4fb1-43ef-a8df-c51fffe78c11,1,225,ZFM-04811
whisking,stim,2.549999999999999,378.49943251146556,307.39725405335423,a3b8947c-4fb1-43ef-a8df-c51fffe78c11,1,225,ZFM-04811
whisking,stim,2.649999999999999,359.7330919096023,288.630913451491,a3b8947c-4fb1-43ef-a8df-c51fffe78c11,1,225,ZFM-04811
whisking,stim,2.749999999999999,344.36306302606573,273.2608845679544,a3b8947c-4fb1-43ef-a8df-c51fffe78c11,1,225,ZFM-04811
whisking,stim,2.849999999999999,327.6454599220415,256.54328146393016,a3b8947c-4fb1-43ef-a8df-c51fffe78c11,1,225,ZFM-04811
whisking,stim,2.9499999999999993,309.5312128346328,238.42903437652149,a3b8947c-4fb1-43ef-a8df-c51fffe78c11,1,225,ZFM-04811
whisking,stim,3.049999999999999,291.30998606415613,220.2078076060448,a3b8947c-4fb1-43ef-a8df-c51fffe78c11,1,225,ZFM-04811
whisking,stim,3.149999999999999,276.90670344067667,205.80452498256534,a3b8947c-4fb1-43ef-a8df-c51fffe78c11,1,225,ZFM-04811
whisking,stim,3.249999999999999,274.74224512365726,203.64006666554593,a3b8947c-4fb1-43ef-a8df-c51fffe78c11,1,225,ZFM-04811
whisking,stim,3.3499999999999988,277.175580981435,206.0734025233237,a3b8947c-4fb1-43ef-a8df-c51fffe78c11,1,225,ZFM-04811
whisking,stim,3.449999999999999,282.1631833024763,211.06100484436496,a3b8947c-4fb1-43ef-a8df-c51fffe78c11,1,225,ZFM-04811
whisking,stim,3.549999999999999,285.4964738838372,214.3942954257259,a3b8947c-4fb1-43ef-a8df-c51fffe78c11,1,225,ZFM-04811
whisking,stim,3.649999999999999,291.63530430742634,220.533125849315,a3b8947c-4fb1-43ef-a8df-c51fffe78c11,1,225,ZFM-04811
whisking,stim,3.749999999999999,302.6611756914212,231.55899723330987,a3b8947c-4fb1-43ef-a8df-c51fffe78c11,1,225,ZFM-04811
whisking,stim,3.8499999999999988,315.5330914023619,244.43091294425057,a3b8947c-4fb1-43ef-a8df-c51fffe78c11,1,225,ZFM-04811
whisking,stim,3.949999999999999,326.7151979431422,255.61301948503086,a3b8947c-4fb1-43ef-a8df-c51fffe78c11,1,225,ZFM-04811
whisking,no_stim,-0.45,80.02644758106842,28.105134847710026,a3b8947c-4fb1-43ef-a8df-c51fffe78c11,1,177,ZFM-04811
whisking,no_stim,-0.35000000000000003,54.52886242001279,2.6075496866543943,a3b8947c-4fb1-43ef-a8df-c51fffe78c11,1,177,ZFM-04811
whisking,no_stim,-0.25000000000000006,43.84078847470705,-8.080524258651351,a3b8947c-4fb1-43ef-a8df-c51fffe78c11,1,177,ZFM-04811
whisking,no_stim,-0.15000000000000008,43.396757025610476,-8.524555707747922,a3b8947c-4fb1-43ef-a8df-c51fffe78c11,1,177,ZFM-04811
whisking,no_stim,-0.050000000000000086,37.81370816539325,-14.107604567965147,a3b8947c-4fb1-43ef-a8df-c51fffe78c11,1,177,ZFM-04811
whisking,no_stim,0.04999999999999989,72.878077283539,20.9567645501806,a3b8947c-4fb1-43ef-a8df-c51fffe78c11,1,177,ZFM-04811
whisking,no_stim,0.14999999999999986,200.57674518867606,148.65543245531765,a3b8947c-4fb1-43ef-a8df-c51fffe78c11,1,177,ZFM-04811
whisking,no_stim,0.24999999999999983,369.7237959852253,317.80248325186693,a3b8947c-4fb1-43ef-a8df-c51fffe78c11,1,177,ZFM-04811
whisking,no_stim,0.3499999999999998,504.4718291861855,452.55051645282714,a3b8947c-4fb1-43ef-a8df-c51fffe78c11,1,177,ZFM-04811
whisking,no_stim,0.4499999999999998,549.1129670277675,497.1916542944091,a3b8947c-4fb1-43ef-a8df-c51fffe78c11,1,177,ZFM-04811
whisking,no_stim,0.5499999999999998,565.982057943423,514.0607452100646,a3b8947c-4fb1-43ef-a8df-c51fffe78c11,1,177,ZFM-04811
whisking,no_stim,0.6499999999999998,575.782485554608,523.8611728212496,a3b8947c-4fb1-43ef-a8df-c51fffe78c11,1,177,ZFM-04811
whisking,no_stim,0.7499999999999998,579.6060685060836,527.6847557727252,a3b8947c-4fb1-43ef-a8df-c51fffe78c11,1,177,ZFM-04811
whisking,no_stim,0.8499999999999998,579.4376616387999,527.5163489054415,a3b8947c-4fb1-43ef-a8df-c51fffe78c11,1,177,ZFM-04811
whisking,no_stim,0.9499999999999997,572.6640545138688,520.7427417805104,a3b8947c-4fb1-43ef-a8df-c51fffe78c11,1,177,ZFM-04811
whisking,no_stim,1.0499999999999996,566.226222849449,514.3049101160906,a3b8947c-4fb1-43ef-a8df-c51fffe78c11,1,177,ZFM-04811
whisking,no_stim,1.1499999999999997,556.8541325139372,504.9328197805788,a3b8947c-4fb1-43ef-a8df-c51fffe78c11,1,177,ZFM-04811
whisking,no_stim,1.2499999999999998,550.8255679198511,498.9042551864927,a3b8947c-4fb1-43ef-a8df-c51fffe78c11,1,177,ZFM-04811
whisking,no_stim,1.3499999999999996,544.543714784879,492.62240205152057,a3b8947c-4fb1-43ef-a8df-c51fffe78c11,1,177,ZFM-04811
whisking,no_stim,1.4499999999999995,538.6864916215754,486.76517888821706,a3b8947c-4fb1-43ef-a8df-c51fffe78c11,1,177,ZFM-04811
whisking,no_stim,1.5499999999999996,526.2747640747216,474.3534513413632,a3b8947c-4fb1-43ef-a8df-c51fffe78c11,1,177,ZFM-04811
whisking,no_stim,1.6499999999999997,514.2445599628827,462.3232472295243,a3b8947c-4fb1-43ef-a8df-c51fffe78c11,1,177,ZFM-04811
whisking,no_stim,1.7499999999999996,507.8693924318475,455.9480796984891,a3b8947c-4fb1-43ef-a8df-c51fffe78c11,1,177,ZFM-04811
whisking,no_stim,1.8499999999999994,510.3357014432025,458.4143887098441,a3b8947c-4fb1-43ef-a8df-c51fffe78c11,1,177,ZFM-04811
whisking,no_stim,1.9499999999999995,504.66895512785334,452.74764239449496,a3b8947c-4fb1-43ef-a8df-c51fffe78c11,1,177,ZFM-04811
whisking,no_stim,2.0499999999999994,487.97457499291113,436.05326225955275,a3b8947c-4fb1-43ef-a8df-c51fffe78c11,1,177,ZFM-04811
whisking,no_stim,2.1499999999999995,472.33716317390963,420.41585044055125,a3b8947c-4fb1-43ef-a8df-c51fffe78c11,1,177,ZFM-04811
whisking,no_stim,2.249999999999999,456.6758552910329,404.75454255767454,a3b8947c-4fb1-43ef-a8df-c51fffe78c11,1,177,ZFM-04811
whisking,no_stim,2.349999999999999,436.6031932139842,384.6818804806258,a3b8947c-4fb1-43ef-a8df-c51fffe78c11,1,177,ZFM-04811
whisking,no_stim,2.4499999999999993,412.559080149886,360.6377674165276,a3b8947c-4fb1-43ef-a8df-c51fffe78c11,1,177,ZFM-04811
whisking,no_stim,2.549999999999999,377.1487531939362,325.22744046057784,a3b8947c-4fb1-43ef-a8df-c51fffe78c11,1,177,ZFM-04811
whisking,no_stim,2.649999999999999,349.8357578183258,297.91444508496744,a3b8947c-4fb1-43ef-a8df-c51fffe78c11,1,177,ZFM-04811
whisking,no_stim,2.749999999999999,325.4577342100687,273.5364214767103,a3b8947c-4fb1-43ef-a8df-c51fffe78c11,1,177,ZFM-04811
whisking,no_stim,2.849999999999999,306.96817894105476,255.04686620769635,a3b8947c-4fb1-43ef-a8df-c51fffe78c11,1,177,ZFM-04811
whisking,no_stim,2.9499999999999993,280.11196914122166,228.19065640786326,a3b8947c-4fb1-43ef-a8df-c51fffe78c11,1,177,ZFM-04811
whisking,no_stim,3.049999999999999,251.75516718592937,199.83385445257096,a3b8947c-4fb1-43ef-a8df-c51fffe78c11,1,177,ZFM-04811
whisking,no_stim,3.149999999999999,232.8031101275083,180.88179739414988,a3b8947c-4fb1-43ef-a8df-c51fffe78c11,1,177,ZFM-04811
whisking,no_stim,3.249999999999999,224.87233835788467,172.95102562452627,a3b8947c-4fb1-43ef-a8df-c51fffe78c11,1,177,ZFM-04811
whisking,no_stim,3.3499999999999988,216.77688016260524,164.85556742924683,a3b8947c-4fb1-43ef-a8df-c51fffe78c11,1,177,ZFM-04811
whisking,no_stim,3.449999999999999,206.6913266802111,154.77001394685269,a3b8947c-4fb1-43ef-a8df-c51fffe78c11,1,177,ZFM-04811
whisking,no_stim,3.549999999999999,196.91513213093054,144.99381939757214,a3b8947c-4fb1-43ef-a8df-c51fffe78c11,1,177,ZFM-04811
whisking,no_stim,3.649999999999999,204.34849145292628,152.42717871956788,a3b8947c-4fb1-43ef-a8df-c51fffe78c11,1,177,ZFM-04811
whisking,no_stim,3.749999999999999,225.9168335831026,173.9955208497442,a3b8947c-4fb1-43ef-a8df-c51fffe78c11,1,177,ZFM-04811
whisking,no_stim,3.8499999999999988,250.7044232086906,198.7831104753322,a3b8947c-4fb1-43ef-a8df-c51fffe78c11,1,177,ZFM-04811
whisking,no_stim,3.949999999999999,270.2660507509245,218.34473801756607,a3b8947c-4fb1-43ef-a8df-c51fffe78c11,1,177,ZFM-04811
whisking,stim,-0.45,80.04605027167425,25.879578358922906,cce8c6b0-2695-42d3-bc35-af35b4546c65,0,258,ZFM-04300
whisking,stim,-0.35000000000000003,61.79930834856228,7.632836435810937,cce8c6b0-2695-42d3-bc35-af35b4546c65,0,258,ZFM-04300
whisking,stim,-0.25000000000000006,49.69143220632156,-4.475039706429783,cce8c6b0-2695-42d3-bc35-af35b4546c65,0,258,ZFM-04300
whisking,stim,-0.15000000000000008,43.74138707492521,-10.425084837826134,cce8c6b0-2695-42d3-bc35-af35b4546c65,0,258,ZFM-04300
whisking,stim,-0.050000000000000086,35.554181662273386,-18.612290250477955,cce8c6b0-2695-42d3-bc35-af35b4546c65,0,258,ZFM-04300
whisking,stim,0.04999999999999989,70.712076759691,16.54560484693966,cce8c6b0-2695-42d3-bc35-af35b4546c65,0,258,ZFM-04300
whisking,stim,0.14999999999999986,182.3380219979479,128.17155008519654,cce8c6b0-2695-42d3-bc35-af35b4546c65,0,258,ZFM-04300
whisking,stim,0.24999999999999983,320.9577820038356,266.79131009108426,cce8c6b0-2695-42d3-bc35-af35b4546c65,0,258,ZFM-04300
whisking,stim,0.3499999999999998,413.9503280759936,359.78385616324226,cce8c6b0-2695-42d3-bc35-af35b4546c65,0,258,ZFM-04300
whisking,stim,0.4499999999999998,440.19856043379775,386.03208852104643,cce8c6b0-2695-42d3-bc35-af35b4546c65,0,258,ZFM-04300
whisking,stim,0.5499999999999998,468.86535057526504,414.6988786625137,cce8c6b0-2695-42d3-bc35-af35b4546c65,0,258,ZFM-04300
whisking,stim,0.6499999999999998,508.94848148321904,454.7820095704677,cce8c6b0-2695-42d3-bc35-af35b4546c65,0,258,ZFM-04300
whisking,stim,0.7499999999999998,540.857509414194,486.69103750144274,cce8c6b0-2695-42d3-bc35-af35b4546c65,0,258,ZFM-04300
whisking,stim,0.8499999999999998,558.2843759780008,504.11790406524943,cce8c6b0-2695-42d3-bc35-af35b4546c65,0,258,ZFM-04300
whisking,stim,0.9499999999999997,565.9114042492573,511.744932336506,cce8c6b0-2695-42d3-bc35-af35b4546c65,0,258,ZFM-04300
whisking,stim,1.0499999999999996,568.8248386975665,514.6583667848151,cce8c6b0-2695-42d3-bc35-af35b4546c65,0,258,ZFM-04300
whisking,stim,1.1499999999999997,568.5473927595644,514.3809208468131,cce8c6b0-2695-42d3-bc35-af35b4546c65,0,258,ZFM-04300
whisking,stim,1.2499999999999998,572.0461859194276,517.8797140066762,cce8c6b0-2695-42d3-bc35-af35b4546c65,0,258,ZFM-04300
whisking,stim,1.3499999999999996,578.8295932662044,524.663121353453,cce8c6b0-2695-42d3-bc35-af35b4546c65,0,258,ZFM-04300
whisking,stim,1.4499999999999995,580.8161806589138,526.6497087461624,cce8c6b0-2695-42d3-bc35-af35b4546c65,0,258,ZFM-04300
whisking,stim,1.5499999999999996,575.4372821980626,521.2708102853112,cce8c6b0-2695-42d3-bc35-af35b4546c65,0,258,ZFM-04300
whisking,stim,1.6499999999999997,566.1065710410253,511.94009912827397,cce8c6b0-2695-42d3-bc35-af35b4546c65,0,258,ZFM-04300
whisking,stim,1.7499999999999996,551.4881762887509,497.32170437599956,cce8c6b0-2695-42d3-bc35-af35b4546c65,0,258,ZFM-04300
whisking,stim,1.8499999999999994,534.6440131111702,480.4775411984189,cce8c6b0-2695-42d3-bc35-af35b4546c65,0,258,ZFM-04300
whisking,stim,1.9499999999999995,509.0734448973014,454.90697298455007,cce8c6b0-2695-42d3-bc35-af35b4546c65,0,258,ZFM-04300
whisking,stim,2.0499999999999994,479.7835077572883,425.617035844537,cce8c6b0-2695-42d3-bc35-af35b4546c65,0,258,ZFM-04300
whisking,stim,2.1499999999999995,450.6220699606277,396.4555980478764,cce8c6b0-2695-42d3-bc35-af35b4546c65,0,258,ZFM-04300
whisking,stim,2.249999999999999,422.7761723142102,368.6097004014589,cce8c6b0-2695-42d3-bc35-af35b4546c65,0,258,ZFM-04300
whisking,stim,2.349999999999999,396.0236280538507,341.8571561410994,cce8c6b0-2695-42d3-bc35-af35b4546c65,0,258,ZFM-04300
whisking,stim,2.4499999999999993,368.94873122891545,314.78225931616413,cce8c6b0-2695-42d3-bc35-af35b4546c65,0,258,ZFM-04300
whisking,stim,2.549999999999999,343.7690563755688,289.6025844628175,cce8c6b0-2695-42d3-bc35-af35b4546c65,0,258,ZFM-04300
whisking,stim,2.649999999999999,317.9438100160598,263.77733810330847,cce8c6b0-2695-42d3-bc35-af35b4546c65,0,258,ZFM-04300
whisking,stim,2.749999999999999,291.07887500599975,236.9124030932484,cce8c6b0-2695-42d3-bc35-af35b4546c65,0,258,ZFM-04300
whisking,stim,2.849999999999999,261.59520939568574,207.4287374829344,cce8c6b0-2695-42d3-bc35-af35b4546c65,0,258,ZFM-04300
whisking,stim,2.9499999999999993,231.51356147492606,177.34708956217472,cce8c6b0-2695-42d3-bc35-af35b4546c65,0,258,ZFM-04300
whisking,stim,3.049999999999999,204.8934643196554,150.72699240690406,cce8c6b0-2695-42d3-bc35-af35b4546c65,0,258,ZFM-04300
whisking,stim,3.149999999999999,183.81617317007775,129.6497012573264,cce8c6b0-2695-42d3-bc35-af35b4546c65,0,258,ZFM-04300
whisking,stim,3.249999999999999,167.85057252933404,113.6841006165827,cce8c6b0-2695-42d3-bc35-af35b4546c65,0,258,ZFM-04300
whisking,stim,3.3499999999999988,154.7432400168013,100.57676810404996,cce8c6b0-2695-42d3-bc35-af35b4546c65,0,258,ZFM-04300
whisking,stim,3.449999999999999,149.7928814741403,95.62640956138895,cce8c6b0-2695-42d3-bc35-af35b4546c65,0,258,ZFM-04300
whisking,stim,3.549999999999999,153.5220188033293,99.35554689057795,cce8c6b0-2695-42d3-bc35-af35b4546c65,0,258,ZFM-04300
whisking,stim,3.649999999999999,177.7196693095168,123.55319739676546,cce8c6b0-2695-42d3-bc35-af35b4546c65,0,258,ZFM-04300
whisking,stim,3.749999999999999,213.11831649549976,158.9518445827484,cce8c6b0-2695-42d3-bc35-af35b4546c65,0,258,ZFM-04300
whisking,stim,3.8499999999999988,248.86372908590195,194.6972571731506,cce8c6b0-2695-42d3-bc35-af35b4546c65,0,258,ZFM-04300
whisking,stim,3.949999999999999,275.064179221565,220.89770730881364,cce8c6b0-2695-42d3-bc35-af35b4546c65,0,258,ZFM-04300
whisking,no_stim,-0.45,112.36161550612117,38.9812827956236,cce8c6b0-2695-42d3-bc35-af35b4546c65,0,259,ZFM-04300
whisking,no_stim,-0.35000000000000003,87.57984777895366,14.199515068456094,cce8c6b0-2695-42d3-bc35-af35b4546c65,0,259,ZFM-04300
whisking,no_stim,-0.25000000000000006,65.46957722452034,-7.9107554859772335,cce8c6b0-2695-42d3-bc35-af35b4546c65,0,259,ZFM-04300
whisking,no_stim,-0.15000000000000008,52.95146351212833,-20.42886919836924,cce8c6b0-2695-42d3-bc35-af35b4546c65,0,259,ZFM-04300
whisking,no_stim,-0.050000000000000086,48.5391595307643,-24.841173179733268,cce8c6b0-2695-42d3-bc35-af35b4546c65,0,259,ZFM-04300
whisking,no_stim,0.04999999999999989,87.99093026420404,14.61059755370647,cce8c6b0-2695-42d3-bc35-af35b4546c65,0,259,ZFM-04300
whisking,no_stim,0.14999999999999986,190.224101283861,116.84376857336342,cce8c6b0-2695-42d3-bc35-af35b4546c65,0,259,ZFM-04300
whisking,no_stim,0.24999999999999983,317.86949336785636,244.4891606573588,cce8c6b0-2695-42d3-bc35-af35b4546c65,0,259,ZFM-04300
whisking,no_stim,0.3499999999999998,410.75376555617504,337.3734328456775,cce8c6b0-2695-42d3-bc35-af35b4546c65,0,259,ZFM-04300
whisking,no_stim,0.4499999999999998,446.18323093920276,372.8028982287052,cce8c6b0-2695-42d3-bc35-af35b4546c65,0,259,ZFM-04300
whisking,no_stim,0.5499999999999998,472.1542864678349,398.7739537573373,cce8c6b0-2695-42d3-bc35-af35b4546c65,0,259,ZFM-04300
whisking,no_stim,0.6499999999999998,504.41554056150954,431.035207851012,cce8c6b0-2695-42d3-bc35-af35b4546c65,0,259,ZFM-04300
whisking,no_stim,0.7499999999999998,530.8067029017276,457.42637019123003,cce8c6b0-2695-42d3-bc35-af35b4546c65,0,259,ZFM-04300
whisking,no_stim,0.8499999999999998,547.3850234367924,474.0046907262948,cce8c6b0-2695-42d3-bc35-af35b4546c65,0,259,ZFM-04300
whisking,no_stim,0.9499999999999997,555.7846578920036,482.404325181506,cce8c6b0-2695-42d3-bc35-af35b4546c65,0,259,ZFM-04300
whisking,no_stim,1.0499999999999996,564.1244230370013,490.74409032650374,cce8c6b0-2695-42d3-bc35-af35b4546c65,0,259,ZFM-04300
whisking,no_stim,1.1499999999999997,575.61450219951,502.2341694890124,cce8c6b0-2695-42d3-bc35-af35b4546c65,0,259,ZFM-04300
whisking,no_stim,1.2499999999999998,584.1439442172048,510.7636115067072,cce8c6b0-2695-42d3-bc35-af35b4546c65,0,259,ZFM-04300
whisking,no_stim,1.3499999999999996,592.1204842996337,518.7401515891362,cce8c6b0-2695-42d3-bc35-af35b4546c65,0,259,ZFM-04300
whisking,no_stim,1.4499999999999995,594.5780657255415,521.1977330150439,cce8c6b0-2695-42d3-bc35-af35b4546c65,0,259,ZFM-04300
whisking,no_stim,1.5499999999999996,594.9780040889425,521.5976713784449,cce8c6b0-2695-42d3-bc35-af35b4546c65,0,259,ZFM-04300
whisking,no_stim,1.6499999999999997,587.6911138194378,514.3107811089402,cce8c6b0-2695-42d3-bc35-af35b4546c65,0,259,ZFM-04300
whisking,no_stim,1.7499999999999996,571.6409663475216,498.26063363702406,cce8c6b0-2695-42d3-bc35-af35b4546c65,0,259,ZFM-04300
whisking,no_stim,1.8499999999999994,552.2486641431694,478.8683314326719,cce8c6b0-2695-42d3-bc35-af35b4546c65,0,259,ZFM-04300
whisking,no_stim,1.9499999999999995,532.2175095499869,458.8371768394893,cce8c6b0-2695-42d3-bc35-af35b4546c65,0,259,ZFM-04300
whisking,no_stim,2.0499999999999994,515.4891702513345,442.10883754083693,cce8c6b0-2695-42d3-bc35-af35b4546c65,0,259,ZFM-04300
whisking,no_stim,2.1499999999999995,500.1491551910986,426.76882248060105,cce8c6b0-2695-42d3-bc35-af35b4546c65,0,259,ZFM-04300
whisking,no_stim,2.249999999999999,481.576160733646,408.19582802314847,cce8c6b0-2695-42d3-bc35-af35b4546c65,0,259,ZFM-04300
whisking,no_stim,2.349999999999999,462.1792592694519,388.79892655895435,cce8c6b0-2695-42d3-bc35-af35b4546c65,0,259,ZFM-04300
whisking,no_stim,2.4499999999999993,438.8561456160154,365.47581290551784,cce8c6b0-2695-42d3-bc35-af35b4546c65,0,259,ZFM-04300
whisking,no_stim,2.549999999999999,415.0215897363664,341.64125702586887,cce8c6b0-2695-42d3-bc35-af35b4546c65,0,259,ZFM-04300
whisking,no_stim,2.649999999999999,387.15397051628696,313.7736378057894,cce8c6b0-2695-42d3-bc35-af35b4546c65,0,259,ZFM-04300
whisking,no_stim,2.749999999999999,358.6240781754622,285.24374546496466,cce8c6b0-2695-42d3-bc35-af35b4546c65,0,259,ZFM-04300
whisking,no_stim,2.849999999999999,335.0994814858906,261.719148775393,cce8c6b0-2695-42d3-bc35-af35b4546c65,0,259,ZFM-04300
whisking,no_stim,2.9499999999999993,316.99117126962267,243.6108385591251,cce8c6b0-2695-42d3-bc35-af35b4546c65,0,259,ZFM-04300
whisking,no_stim,3.049999999999999,304.46190775703894,231.0815750465414,cce8c6b0-2695-42d3-bc35-af35b4546c65,0,259,ZFM-04300
whisking,no_stim,3.149999999999999,290.1753341953181,216.79500148482055,cce8c6b0-2695-42d3-bc35-af35b4546c65,0,259,ZFM-04300
whisking,no_stim,3.249999999999999,272.8822103138948,199.50187760339725,cce8c6b0-2695-42d3-bc35-af35b4546c65,0,259,ZFM-04300
whisking,no_stim,3.3499999999999988,257.731044613628,184.35071190313045,cce8c6b0-2695-42d3-bc35-af35b4546c65,0,259,ZFM-04300
whisking,no_stim,3.449999999999999,248.08647509131308,174.7061423808155,cce8c6b0-2695-42d3-bc35-af35b4546c65,0,259,ZFM-04300
whisking,no_stim,3.549999999999999,245.51783266119432,172.13749995069674,cce8c6b0-2695-42d3-bc35-af35b4546c65,0,259,ZFM-04300
whisking,no_stim,3.649999999999999,254.07693592765233,180.69660321715475,cce8c6b0-2695-42d3-bc35-af35b4546c65,0,259,ZFM-04300
whisking,no_stim,3.749999999999999,271.8989351907136,198.51860248021603,cce8c6b0-2695-42d3-bc35-af35b4546c65,0,259,ZFM-04300
whisking,no_stim,3.8499999999999988,290.96508637050925,217.5847536600117,cce8c6b0-2695-42d3-bc35-af35b4546c65,0,259,ZFM-04300
whisking,no_stim,3.949999999999999,305.36596868709694,231.98563597659938,cce8c6b0-2695-42d3-bc35-af35b4546c65,0,259,ZFM-04300
whisking,stim,-0.45,89.02184947196176,21.419314030750755,2457a923-5efb-42ba-80c2-a83a5b659e28,0,292,ZFM-04300
whisking,stim,-0.35000000000000003,68.53741657296365,0.9348811317526469,2457a923-5efb-42ba-80c2-a83a5b659e28,0,292,ZFM-04300
whisking,stim,-0.25000000000000006,60.99606773791799,-6.6064677032930135,2457a923-5efb-42ba-80c2-a83a5b659e28,0,292,ZFM-04300
whisking,stim,-0.15000000000000008,60.60121200166779,-7.001323439543214,2457a923-5efb-42ba-80c2-a83a5b659e28,0,292,ZFM-04300
whisking,stim,-0.050000000000000086,58.85613142154383,-8.746404019667175,2457a923-5efb-42ba-80c2-a83a5b659e28,0,292,ZFM-04300
whisking,stim,0.04999999999999989,118.81163891579415,51.209103474583145,2457a923-5efb-42ba-80c2-a83a5b659e28,0,292,ZFM-04300
whisking,stim,0.14999999999999986,260.31956768083217,192.71703223962118,2457a923-5efb-42ba-80c2-a83a5b659e28,0,292,ZFM-04300
whisking,stim,0.24999999999999983,413.86986693944664,346.26733149823565,2457a923-5efb-42ba-80c2-a83a5b659e28,0,292,ZFM-04300
whisking,stim,0.3499999999999998,510.99887669244424,443.39634125123325,2457a923-5efb-42ba-80c2-a83a5b659e28,0,292,ZFM-04300
whisking,stim,0.4499999999999998,532.4404296308799,464.8378941896689,2457a923-5efb-42ba-80c2-a83a5b659e28,0,292,ZFM-04300
whisking,stim,0.5499999999999998,558.5450442088761,490.9425087676651,2457a923-5efb-42ba-80c2-a83a5b659e28,0,292,ZFM-04300
whisking,stim,0.6499999999999998,592.5258071909475,524.9232717497365,2457a923-5efb-42ba-80c2-a83a5b659e28,0,292,ZFM-04300
whisking,stim,0.7499999999999998,628.5096965717615,560.9071611305505,2457a923-5efb-42ba-80c2-a83a5b659e28,0,292,ZFM-04300
whisking,stim,0.8499999999999998,656.4376839080305,588.8351484668195,2457a923-5efb-42ba-80c2-a83a5b659e28,0,292,ZFM-04300
whisking,stim,0.9499999999999997,664.1085934365311,596.5060579953201,2457a923-5efb-42ba-80c2-a83a5b659e28,0,292,ZFM-04300
whisking,stim,1.0499999999999996,661.5187986723399,593.9162632311289,2457a923-5efb-42ba-80c2-a83a5b659e28,0,292,ZFM-04300
whisking,stim,1.1499999999999997,659.8541290077894,592.2515935665784,2457a923-5efb-42ba-80c2-a83a5b659e28,0,292,ZFM-04300
whisking,stim,1.2499999999999998,669.5769179245635,601.9743824833525,2457a923-5efb-42ba-80c2-a83a5b659e28,0,292,ZFM-04300
whisking,stim,1.3499999999999996,686.4443692931911,618.8418338519801,2457a923-5efb-42ba-80c2-a83a5b659e28,0,292,ZFM-04300
whisking,stim,1.4499999999999995,700.6488018045044,633.0462663632934,2457a923-5efb-42ba-80c2-a83a5b659e28,0,292,ZFM-04300
whisking,stim,1.5499999999999996,706.4841252169156,638.8815897757046,2457a923-5efb-42ba-80c2-a83a5b659e28,0,292,ZFM-04300
whisking,stim,1.6499999999999997,698.9865747038965,631.3840392626855,2457a923-5efb-42ba-80c2-a83a5b659e28,0,292,ZFM-04300
whisking,stim,1.7499999999999996,674.0855744716438,606.4830390304328,2457a923-5efb-42ba-80c2-a83a5b659e28,0,292,ZFM-04300
whisking,stim,1.8499999999999994,636.6062526242855,569.0037171830745,2457a923-5efb-42ba-80c2-a83a5b659e28,0,292,ZFM-04300
whisking,stim,1.9499999999999995,596.2463127252656,528.6437772840546,2457a923-5efb-42ba-80c2-a83a5b659e28,0,292,ZFM-04300
whisking,stim,2.0499999999999994,550.2158688836387,482.6133334424277,2457a923-5efb-42ba-80c2-a83a5b659e28,0,292,ZFM-04300
whisking,stim,2.1499999999999995,503.3382559108876,435.7357204696766,2457a923-5efb-42ba-80c2-a83a5b659e28,0,292,ZFM-04300
whisking,stim,2.249999999999999,447.55443144834027,379.9518960071293,2457a923-5efb-42ba-80c2-a83a5b659e28,0,292,ZFM-04300
whisking,stim,2.349999999999999,395.7499869289593,328.1474514877483,2457a923-5efb-42ba-80c2-a83a5b659e28,0,292,ZFM-04300
whisking,stim,2.4499999999999993,351.2848942103901,283.68235876917913,2457a923-5efb-42ba-80c2-a83a5b659e28,0,292,ZFM-04300
whisking,stim,2.549999999999999,314.7559536644379,247.15341822322694,2457a923-5efb-42ba-80c2-a83a5b659e28,0,292,ZFM-04300
whisking,stim,2.649999999999999,281.270622575216,213.66808713400502,2457a923-5efb-42ba-80c2-a83a5b659e28,0,292,ZFM-04300
whisking,stim,2.749999999999999,246.03432796499942,178.43179252378843,2457a923-5efb-42ba-80c2-a83a5b659e28,0,292,ZFM-04300
whisking,stim,2.849999999999999,217.5237696906973,149.9212342494863,2457a923-5efb-42ba-80c2-a83a5b659e28,0,292,ZFM-04300
whisking,stim,2.9499999999999993,196.19232203239392,128.58978659118293,2457a923-5efb-42ba-80c2-a83a5b659e28,0,292,ZFM-04300
whisking,stim,3.049999999999999,188.8488381385009,121.24630269728989,2457a923-5efb-42ba-80c2-a83a5b659e28,0,292,ZFM-04300
whisking,stim,3.149999999999999,187.62172236729052,120.01918692607951,2457a923-5efb-42ba-80c2-a83a5b659e28,0,292,ZFM-04300
whisking,stim,3.249999999999999,186.9247630348158,119.32222759360481,2457a923-5efb-42ba-80c2-a83a5b659e28,0,292,ZFM-04300
whisking,stim,3.3499999999999988,185.8035221120392,118.20098667082819,2457a923-5efb-42ba-80c2-a83a5b659e28,0,292,ZFM-04300
whisking,stim,3.449999999999999,192.4399236117927,124.83738817058169,2457a923-5efb-42ba-80c2-a83a5b659e28,0,292,ZFM-04300
whisking,stim,3.549999999999999,216.93148944406624,149.32895400285526,2457a923-5efb-42ba-80c2-a83a5b659e28,0,292,ZFM-04300
whisking,stim,3.649999999999999,253.53047492024072,185.9279394790297,2457a923-5efb-42ba-80c2-a83a5b659e28,0,292,ZFM-04300
whisking,stim,3.749999999999999,297.06367966537994,229.46114422416895,2457a923-5efb-42ba-80c2-a83a5b659e28,0,292,ZFM-04300
whisking,stim,3.8499999999999988,334.66961047994926,267.06707503873827,2457a923-5efb-42ba-80c2-a83a5b659e28,0,292,ZFM-04300
whisking,stim,3.949999999999999,365.6635765855083,298.0610411442973,2457a923-5efb-42ba-80c2-a83a5b659e28,0,292,ZFM-04300
whisking,no_stim,-0.45,93.22820169383823,26.189979183806898,2457a923-5efb-42ba-80c2-a83a5b659e28,0,270,ZFM-04300
whisking,no_stim,-0.35000000000000003,73.86188059945086,6.823658089419524,2457a923-5efb-42ba-80c2-a83a5b659e28,0,270,ZFM-04300
whisking,no_stim,-0.25000000000000006,62.153436618151346,-4.884785891879986,2457a923-5efb-42ba-80c2-a83a5b659e28,0,270,ZFM-04300
whisking,no_stim,-0.15000000000000008,56.16177532040206,-10.876447189629275,2457a923-5efb-42ba-80c2-a83a5b659e28,0,270,ZFM-04300
whisking,no_stim,-0.050000000000000086,49.78581831831418,-17.252404191717154,2457a923-5efb-42ba-80c2-a83a5b659e28,0,270,ZFM-04300
whisking,no_stim,0.04999999999999989,108.99855686433796,41.960334354306625,2457a923-5efb-42ba-80c2-a83a5b659e28,0,270,ZFM-04300
whisking,no_stim,0.14999999999999986,259.34420610024756,192.30598359021621,2457a923-5efb-42ba-80c2-a83a5b659e28,0,270,ZFM-04300
whisking,no_stim,0.24999999999999983,414.3611089022712,347.32288639223987,2457a923-5efb-42ba-80c2-a83a5b659e28,0,270,ZFM-04300
whisking,no_stim,0.3499999999999998,495.02426802986463,427.9860455198333,2457a923-5efb-42ba-80c2-a83a5b659e28,0,270,ZFM-04300
whisking,no_stim,0.4499999999999998,492.7534826971833,425.71526018715196,2457a923-5efb-42ba-80c2-a83a5b659e28,0,270,ZFM-04300
whisking,no_stim,0.5499999999999998,509.1357654233018,442.09754291327044,2457a923-5efb-42ba-80c2-a83a5b659e28,0,270,ZFM-04300
whisking,no_stim,0.6499999999999998,546.5686380298978,479.53041551986644,2457a923-5efb-42ba-80c2-a83a5b659e28,0,270,ZFM-04300
whisking,no_stim,0.7499999999999998,583.6548404491352,516.6166179391039,2457a923-5efb-42ba-80c2-a83a5b659e28,0,270,ZFM-04300
whisking,no_stim,0.8499999999999998,607.0231541726608,539.9849316626295,2457a923-5efb-42ba-80c2-a83a5b659e28,0,270,ZFM-04300
whisking,no_stim,0.9499999999999997,621.2571212664162,554.2188987563849,2457a923-5efb-42ba-80c2-a83a5b659e28,0,270,ZFM-04300
whisking,no_stim,1.0499999999999996,635.3819974103584,568.343774900327,2457a923-5efb-42ba-80c2-a83a5b659e28,0,270,ZFM-04300
whisking,no_stim,1.1499999999999997,650.8111847670984,583.7729622570671,2457a923-5efb-42ba-80c2-a83a5b659e28,0,270,ZFM-04300
whisking,no_stim,1.2499999999999998,662.9208302203429,595.8826077103115,2457a923-5efb-42ba-80c2-a83a5b659e28,0,270,ZFM-04300
whisking,no_stim,1.3499999999999996,669.6254896289519,602.5872671189205,2457a923-5efb-42ba-80c2-a83a5b659e28,0,270,ZFM-04300
whisking,no_stim,1.4499999999999995,668.8848772815392,601.8466547715078,2457a923-5efb-42ba-80c2-a83a5b659e28,0,270,ZFM-04300
whisking,no_stim,1.5499999999999996,654.528620033952,587.4903975239207,2457a923-5efb-42ba-80c2-a83a5b659e28,0,270,ZFM-04300
whisking,no_stim,1.6499999999999997,638.6375485844845,571.5993260744532,2457a923-5efb-42ba-80c2-a83a5b659e28,0,270,ZFM-04300
whisking,no_stim,1.7499999999999996,615.2425339876258,548.2043114775945,2457a923-5efb-42ba-80c2-a83a5b659e28,0,270,ZFM-04300
whisking,no_stim,1.8499999999999994,588.2894067187619,521.2511842087306,2457a923-5efb-42ba-80c2-a83a5b659e28,0,270,ZFM-04300
whisking,no_stim,1.9499999999999995,550.3975160181067,483.3592935080753,2457a923-5efb-42ba-80c2-a83a5b659e28,0,270,ZFM-04300
whisking,no_stim,2.0499999999999994,514.6631280563456,447.62490554631427,2457a923-5efb-42ba-80c2-a83a5b659e28,0,270,ZFM-04300
whisking,no_stim,2.1499999999999995,474.5456054735988,407.50738296356747,2457a923-5efb-42ba-80c2-a83a5b659e28,0,270,ZFM-04300
whisking,no_stim,2.249999999999999,438.2584792551286,371.22025674509723,2457a923-5efb-42ba-80c2-a83a5b659e28,0,270,ZFM-04300
whisking,no_stim,2.349999999999999,392.7410001319726,325.70277762194127,2457a923-5efb-42ba-80c2-a83a5b659e28,0,270,ZFM-04300
whisking,no_stim,2.4499999999999993,345.2040070498172,278.1657845397859,2457a923-5efb-42ba-80c2-a83a5b659e28,0,270,ZFM-04300
whisking,no_stim,2.549999999999999,307.40379293786316,240.3655704278318,2457a923-5efb-42ba-80c2-a83a5b659e28,0,270,ZFM-04300
whisking,no_stim,2.649999999999999,279.4794824076311,212.44125989759976,2457a923-5efb-42ba-80c2-a83a5b659e28,0,270,ZFM-04300
whisking,no_stim,2.749999999999999,261.4435746519168,194.40535214188543,2457a923-5efb-42ba-80c2-a83a5b659e28,0,270,ZFM-04300
whisking,no_stim,2.849999999999999,239.3274171083094,172.28919459827807,2457a923-5efb-42ba-80c2-a83a5b659e28,0,270,ZFM-04300
whisking,no_stim,2.9499999999999993,220.64009748032862,153.60187497029727,2457a923-5efb-42ba-80c2-a83a5b659e28,0,270,ZFM-04300
whisking,no_stim,3.049999999999999,210.47292189852436,143.43469938849302,2457a923-5efb-42ba-80c2-a83a5b659e28,0,270,ZFM-04300
whisking,no_stim,3.149999999999999,203.8065217035068,136.76829919347546,2457a923-5efb-42ba-80c2-a83a5b659e28,0,270,ZFM-04300
whisking,no_stim,3.249999999999999,201.04712815884923,134.00890564881792,2457a923-5efb-42ba-80c2-a83a5b659e28,0,270,ZFM-04300
whisking,no_stim,3.3499999999999988,203.01651956265752,135.9782970526262,2457a923-5efb-42ba-80c2-a83a5b659e28,0,270,ZFM-04300
whisking,no_stim,3.449999999999999,215.46987508613523,148.4316525761039,2457a923-5efb-42ba-80c2-a83a5b659e28,0,270,ZFM-04300
whisking,no_stim,3.549999999999999,236.55022534833054,169.51200283829922,2457a923-5efb-42ba-80c2-a83a5b659e28,0,270,ZFM-04300
whisking,no_stim,3.649999999999999,265.42568863526805,198.3874661252367,2457a923-5efb-42ba-80c2-a83a5b659e28,0,270,ZFM-04300
whisking,no_stim,3.749999999999999,290.58431477155625,223.5460922615249,2457a923-5efb-42ba-80c2-a83a5b659e28,0,270,ZFM-04300
whisking,no_stim,3.8499999999999988,311.9503703646185,244.91214785458715,2457a923-5efb-42ba-80c2-a83a5b659e28,0,270,ZFM-04300
whisking,no_stim,3.949999999999999,332.9960388919545,265.9578163819232,2457a923-5efb-42ba-80c2-a83a5b659e28,0,270,ZFM-04300
whisking,stim,-0.45,98.57084390056659,27.850395484536605,a456692f-5658-430f-b748-c864ace98b6c,0,283,ZFM-04300
whisking,stim,-0.35000000000000003,78.79721135835896,8.076762942328983,a456692f-5658-430f-b748-c864ace98b6c,0,283,ZFM-04300
whisking,stim,-0.25000000000000006,63.71930017986481,-7.001148236165172,a456692f-5658-430f-b748-c864ace98b6c,0,283,ZFM-04300
whisking,stim,-0.15000000000000008,57.834459035964684,-12.885989380065297,a456692f-5658-430f-b748-c864ace98b6c,0,283,ZFM-04300
whisking,stim,-0.050000000000000086,54.68042760539489,-16.04002081063509,a456692f-5658-430f-b748-c864ace98b6c,0,283,ZFM-04300
whisking,stim,0.04999999999999989,98.37581630782421,27.655367891794228,a456692f-5658-430f-b748-c864ace98b6c,0,283,ZFM-04300
whisking,stim,0.14999999999999986,220.91656397147668,150.19611555544668,a456692f-5658-430f-b748-c864ace98b6c,0,283,ZFM-04300
whisking,stim,0.24999999999999983,369.23330117121645,298.5128527551865,a456692f-5658-430f-b748-c864ace98b6c,0,283,ZFM-04300
whisking,stim,0.3499999999999998,471.42891238442934,400.70846396839937,a456692f-5658-430f-b748-c864ace98b6c,0,283,ZFM-04300
whisking,stim,0.4499999999999998,504.77335807828587,434.0529096622559,a456692f-5658-430f-b748-c864ace98b6c,0,283,ZFM-04300
whisking,stim,0.5499999999999998,532.4199691931634,461.69952077713344,a456692f-5658-430f-b748-c864ace98b6c,0,283,ZFM-04300
whisking,stim,0.6499999999999998,561.4740191238466,490.7535707078166,a456692f-5658-430f-b748-c864ace98b6c,0,283,ZFM-04300
whisking,stim,0.7499999999999998,576.9020447641931,506.1815963481631,a456692f-5658-430f-b748-c864ace98b6c,0,283,ZFM-04300
whisking,stim,0.8499999999999998,581.9025227212297,511.18207430519976,a456692f-5658-430f-b748-c864ace98b6c,0,283,ZFM-04300
whisking,stim,0.9499999999999997,588.5652141697213,517.8447657536914,a456692f-5658-430f-b748-c864ace98b6c,0,283,ZFM-04300
whisking,stim,1.0499999999999996,591.3531510213381,520.6327026053082,a456692f-5658-430f-b748-c864ace98b6c,0,283,ZFM-04300
whisking,stim,1.1499999999999997,593.4194194095925,522.6989709935625,a456692f-5658-430f-b748-c864ace98b6c,0,283,ZFM-04300
whisking,stim,1.2499999999999998,598.0661204294091,527.3456720133792,a456692f-5658-430f-b748-c864ace98b6c,0,283,ZFM-04300
whisking,stim,1.3499999999999996,605.6869193325986,534.9664709165686,a456692f-5658-430f-b748-c864ace98b6c,0,283,ZFM-04300
whisking,stim,1.4499999999999995,604.5908963636281,533.8704479475981,a456692f-5658-430f-b748-c864ace98b6c,0,283,ZFM-04300
whisking,stim,1.5499999999999996,592.4415935500679,521.7211451340379,a456692f-5658-430f-b748-c864ace98b6c,0,283,ZFM-04300
whisking,stim,1.6499999999999997,576.9324230346433,506.21197461861334,a456692f-5658-430f-b748-c864ace98b6c,0,283,ZFM-04300
whisking,stim,1.7499999999999996,563.0274817555096,492.30703333947963,a456692f-5658-430f-b748-c864ace98b6c,0,283,ZFM-04300
whisking,stim,1.8499999999999994,549.3932577874947,478.6728093714647,a456692f-5658-430f-b748-c864ace98b6c,0,283,ZFM-04300
whisking,stim,1.9499999999999995,533.7740799914634,463.0536315754334,a456692f-5658-430f-b748-c864ace98b6c,0,283,ZFM-04300
whisking,stim,2.0499999999999994,520.5907098346037,449.8702614185737,a456692f-5658-430f-b748-c864ace98b6c,0,283,ZFM-04300
whisking,stim,2.1499999999999995,501.6890572028791,430.96860878684913,a456692f-5658-430f-b748-c864ace98b6c,0,283,ZFM-04300
whisking,stim,2.249999999999999,473.0687036143513,402.34825519832134,a456692f-5658-430f-b748-c864ace98b6c,0,283,ZFM-04300
whisking,stim,2.349999999999999,436.9160514706536,366.19560305462363,a456692f-5658-430f-b748-c864ace98b6c,0,283,ZFM-04300
whisking,stim,2.4499999999999993,404.7894390996435,334.06899068361355,a456692f-5658-430f-b748-c864ace98b6c,0,283,ZFM-04300
whisking,stim,2.549999999999999,376.79374649227384,306.0732980762439,a456692f-5658-430f-b748-c864ace98b6c,0,283,ZFM-04300
whisking,stim,2.649999999999999,353.7055992727845,282.98515085675456,a456692f-5658-430f-b748-c864ace98b6c,0,283,ZFM-04300
whisking,stim,2.749999999999999,326.33822197161686,255.6177735555869,a456692f-5658-430f-b748-c864ace98b6c,0,283,ZFM-04300
whisking,stim,2.849999999999999,299.02453231238445,228.30408389635448,a456692f-5658-430f-b748-c864ace98b6c,0,283,ZFM-04300
whisking,stim,2.9499999999999993,268.285350638985,197.56490222295503,a456692f-5658-430f-b748-c864ace98b6c,0,283,ZFM-04300
whisking,stim,3.049999999999999,239.89977125589192,169.17932283986192,a456692f-5658-430f-b748-c864ace98b6c,0,283,ZFM-04300
whisking,stim,3.149999999999999,218.44037006733615,147.71992165130615,a456692f-5658-430f-b748-c864ace98b6c,0,283,ZFM-04300
whisking,stim,3.249999999999999,201.81740721780605,131.09695880177605,a456692f-5658-430f-b748-c864ace98b6c,0,283,ZFM-04300
whisking,stim,3.3499999999999988,192.29758967772503,121.57714126169505,a456692f-5658-430f-b748-c864ace98b6c,0,283,ZFM-04300
whisking,stim,3.449999999999999,185.80257881343047,115.08213039740049,a456692f-5658-430f-b748-c864ace98b6c,0,283,ZFM-04300
whisking,stim,3.549999999999999,184.0523060655944,113.33185764956441,a456692f-5658-430f-b748-c864ace98b6c,0,283,ZFM-04300
whisking,stim,3.649999999999999,186.40558467629754,115.68513626026756,a456692f-5658-430f-b748-c864ace98b6c,0,283,ZFM-04300
whisking,stim,3.749999999999999,198.26548545814217,127.54503704211218,a456692f-5658-430f-b748-c864ace98b6c,0,283,ZFM-04300
whisking,stim,3.8499999999999988,219.524936609085,148.80448819305502,a456692f-5658-430f-b748-c864ace98b6c,0,283,ZFM-04300
whisking,stim,3.949999999999999,249.57100743485103,178.85055901882106,a456692f-5658-430f-b748-c864ace98b6c,0,283,ZFM-04300
whisking,no_stim,-0.45,99.0322189115061,25.89033186376713,a456692f-5658-430f-b748-c864ace98b6c,0,241,ZFM-04300
whisking,no_stim,-0.35000000000000003,79.96816167144782,6.826274623708841,a456692f-5658-430f-b748-c864ace98b6c,0,241,ZFM-04300
whisking,no_stim,-0.25000000000000006,66.66060191271525,-6.481285135023725,a456692f-5658-430f-b748-c864ace98b6c,0,241,ZFM-04300
whisking,no_stim,-0.15000000000000008,62.18181526285258,-10.960071784886395,a456692f-5658-430f-b748-c864ace98b6c,0,241,ZFM-04300
whisking,no_stim,-0.050000000000000086,57.86663748017312,-15.275249567565858,a456692f-5658-430f-b748-c864ace98b6c,0,241,ZFM-04300
whisking,no_stim,0.04999999999999989,105.94988235296046,32.80799530522148,a456692f-5658-430f-b748-c864ace98b6c,0,241,ZFM-04300
whisking,no_stim,0.14999999999999986,235.51113376603965,162.36924671830067,a456692f-5658-430f-b748-c864ace98b6c,0,241,ZFM-04300
whisking,no_stim,0.24999999999999983,389.76162848431073,316.61974143657176,a456692f-5658-430f-b748-c864ace98b6c,0,241,ZFM-04300
whisking,no_stim,0.3499999999999998,494.9870836589842,421.8451966112452,a456692f-5658-430f-b748-c864ace98b6c,0,241,ZFM-04300
whisking,no_stim,0.4499999999999998,519.6255749555165,446.48368790777755,a456692f-5658-430f-b748-c864ace98b6c,0,241,ZFM-04300
whisking,no_stim,0.5499999999999998,546.1820404677883,473.0401534200493,a456692f-5658-430f-b748-c864ace98b6c,0,241,ZFM-04300
whisking,no_stim,0.6499999999999998,577.8731252600307,504.73123821229177,a456692f-5658-430f-b748-c864ace98b6c,0,241,ZFM-04300
whisking,no_stim,0.7499999999999998,607.9592280258432,534.8173409781043,a456692f-5658-430f-b748-c864ace98b6c,0,241,ZFM-04300
whisking,no_stim,0.8499999999999998,616.261989058587,543.1201020108481,a456692f-5658-430f-b748-c864ace98b6c,0,241,ZFM-04300
whisking,no_stim,0.9499999999999997,609.3643474072802,536.2224603595412,a456692f-5658-430f-b748-c864ace98b6c,0,241,ZFM-04300
whisking,no_stim,1.0499999999999996,604.5433796020012,531.4014925542622,a456692f-5658-430f-b748-c864ace98b6c,0,241,ZFM-04300
whisking,no_stim,1.1499999999999997,602.5304840831238,529.3885970353849,a456692f-5658-430f-b748-c864ace98b6c,0,241,ZFM-04300
whisking,no_stim,1.2499999999999998,599.6959053182068,526.5540182704679,a456692f-5658-430f-b748-c864ace98b6c,0,241,ZFM-04300
whisking,no_stim,1.3499999999999996,594.2170684117021,521.0751813639631,a456692f-5658-430f-b748-c864ace98b6c,0,241,ZFM-04300
whisking,no_stim,1.4499999999999995,586.9228642492548,513.7809772015157,a456692f-5658-430f-b748-c864ace98b6c,0,241,ZFM-04300
whisking,no_stim,1.5499999999999996,582.515753488798,509.3738664410591,a456692f-5658-430f-b748-c864ace98b6c,0,241,ZFM-04300
whisking,no_stim,1.6499999999999997,586.2807879595983,513.1389009118593,a456692f-5658-430f-b748-c864ace98b6c,0,241,ZFM-04300
whisking,no_stim,1.7499999999999996,587.6779895336518,514.5361024859128,a456692f-5658-430f-b748-c864ace98b6c,0,241,ZFM-04300
whisking,no_stim,1.8499999999999994,576.8847145239563,503.7428274762173,a456692f-5658-430f-b748-c864ace98b6c,0,241,ZFM-04300
whisking,no_stim,1.9499999999999995,552.7528527291398,479.61096568140084,a456692f-5658-430f-b748-c864ace98b6c,0,241,ZFM-04300
whisking,no_stim,2.0499999999999994,527.4816439629489,454.3397569152099,a456692f-5658-430f-b748-c864ace98b6c,0,241,ZFM-04300
whisking,no_stim,2.1499999999999995,498.9545853987926,425.8126983510536,a456692f-5658-430f-b748-c864ace98b6c,0,241,ZFM-04300
whisking,no_stim,2.249999999999999,464.1186957282806,390.97680868054164,a456692f-5658-430f-b748-c864ace98b6c,0,241,ZFM-04300
whisking,no_stim,2.349999999999999,431.4077307865539,358.2658437388149,a456692f-5658-430f-b748-c864ace98b6c,0,241,ZFM-04300
whisking,no_stim,2.4499999999999993,404.58703206035216,331.4451450126132,a456692f-5658-430f-b748-c864ace98b6c,0,241,ZFM-04300
whisking,no_stim,2.549999999999999,379.824320854632,306.682433806893,a456692f-5658-430f-b748-c864ace98b6c,0,241,ZFM-04300
whisking,no_stim,2.649999999999999,357.47889586118384,284.33700881344487,a456692f-5658-430f-b748-c864ace98b6c,0,241,ZFM-04300
whisking,no_stim,2.749999999999999,338.96333996534497,265.821452917606,a456692f-5658-430f-b748-c864ace98b6c,0,241,ZFM-04300
whisking,no_stim,2.849999999999999,317.87607408697613,244.73418703923716,a456692f-5658-430f-b748-c864ace98b6c,0,241,ZFM-04300
whisking,no_stim,2.9499999999999993,298.4995945767868,225.35770752904784,a456692f-5658-430f-b748-c864ace98b6c,0,241,ZFM-04300
whisking,no_stim,3.049999999999999,282.6882762306087,209.54638918286975,a456692f-5658-430f-b748-c864ace98b6c,0,241,ZFM-04300
whisking,no_stim,3.149999999999999,268.1403647261996,194.99847767846063,a456692f-5658-430f-b748-c864ace98b6c,0,241,ZFM-04300
whisking,no_stim,3.249999999999999,253.00735507789443,179.86546803015545,a456692f-5658-430f-b748-c864ace98b6c,0,241,ZFM-04300
whisking,no_stim,3.3499999999999988,234.00991246979584,160.86802542205686,a456692f-5658-430f-b748-c864ace98b6c,0,241,ZFM-04300
whisking,no_stim,3.449999999999999,222.9886179786683,149.8467309309293,a456692f-5658-430f-b748-c864ace98b6c,0,241,ZFM-04300
whisking,no_stim,3.549999999999999,218.56387249981958,145.4219854520806,a456692f-5658-430f-b748-c864ace98b6c,0,241,ZFM-04300
whisking,no_stim,3.649999999999999,222.39917688039876,149.25728983265978,a456692f-5658-430f-b748-c864ace98b6c,0,241,ZFM-04300
whisking,no_stim,3.749999999999999,243.57248573392533,170.43059868618636,a456692f-5658-430f-b748-c864ace98b6c,0,241,ZFM-04300
whisking,no_stim,3.8499999999999988,272.4875557568422,199.34566870910322,a456692f-5658-430f-b748-c864ace98b6c,0,241,ZFM-04300
whisking,no_stim,3.949999999999999,304.8585467170118,231.71665966927281,a456692f-5658-430f-b748-c864ace98b6c,0,241,ZFM-04300
whisking,stim,-0.45,159.21353603318065,16.600101902509834,7d962737-6858-4d85-9420-c83d20e3ff0a,0,88,ZFM-04300
whisking,stim,-0.35000000000000003,145.37929946168296,2.765865331012151,7d962737-6858-4d85-9420-c83d20e3ff0a,0,88,ZFM-04300
whisking,stim,-0.25000000000000006,145.26281057330638,2.649376442635571,7d962737-6858-4d85-9420-c83d20e3ff0a,0,88,ZFM-04300
whisking,stim,-0.15000000000000008,139.5943581947927,-3.0190759358781065,7d962737-6858-4d85-9420-c83d20e3ff0a,0,88,ZFM-04300
whisking,stim,-0.050000000000000086,123.61716639039142,-18.996267740279393,7d962737-6858-4d85-9420-c83d20e3ff0a,0,88,ZFM-04300
whisking,stim,0.04999999999999989,120.85828910794477,-21.75514502272604,7d962737-6858-4d85-9420-c83d20e3ff0a,0,88,ZFM-04300
whisking,stim,0.14999999999999986,171.09321103156367,28.47977690089286,7d962737-6858-4d85-9420-c83d20e3ff0a,0,88,ZFM-04300
whisking,stim,0.24999999999999983,236.53279325481438,93.91935912414357,7d962737-6858-4d85-9420-c83d20e3ff0a,0,88,ZFM-04300
whisking,stim,0.3499999999999998,288.1460411478879,145.5326070172171,7d962737-6858-4d85-9420-c83d20e3ff0a,0,88,ZFM-04300
whisking,stim,0.4499999999999998,311.0268842686719,168.41345013800108,7d962737-6858-4d85-9420-c83d20e3ff0a,0,88,ZFM-04300
whisking,stim,0.5499999999999998,323.2536952252461,180.64026109457527,7d962737-6858-4d85-9420-c83d20e3ff0a,0,88,ZFM-04300
whisking,stim,0.6499999999999998,336.0693472932748,193.455913162604,7d962737-6858-4d85-9420-c83d20e3ff0a,0,88,ZFM-04300
whisking,stim,0.7499999999999998,348.9328274413622,206.31939331069137,7d962737-6858-4d85-9420-c83d20e3ff0a,0,88,ZFM-04300
whisking,stim,0.8499999999999998,368.319803163289,225.7063690326182,7d962737-6858-4d85-9420-c83d20e3ff0a,0,88,ZFM-04300
whisking,stim,0.9499999999999997,389.08724360098654,246.47380947031573,7d962737-6858-4d85-9420-c83d20e3ff0a,0,88,ZFM-04300
whisking,stim,1.0499999999999996,390.34167193551986,247.72823780484904,7d962737-6858-4d85-9420-c83d20e3ff0a,0,88,ZFM-04300
whisking,stim,1.1499999999999997,385.4788532391639,242.8654191084931,7d962737-6858-4d85-9420-c83d20e3ff0a,0,88,ZFM-04300
whisking,stim,1.2499999999999998,378.6552507152795,236.0418165846087,7d962737-6858-4d85-9420-c83d20e3ff0a,0,88,ZFM-04300
whisking,stim,1.3499999999999996,383.160047835777,240.54661370510618,7d962737-6858-4d85-9420-c83d20e3ff0a,0,88,ZFM-04300
whisking,stim,1.4499999999999995,401.61459924364954,259.0011651129787,7d962737-6858-4d85-9420-c83d20e3ff0a,0,88,ZFM-04300
whisking,stim,1.5499999999999996,414.10247276624955,271.4890386355787,7d962737-6858-4d85-9420-c83d20e3ff0a,0,88,ZFM-04300
whisking,stim,1.6499999999999997,411.46060323719087,268.84716910652,7d962737-6858-4d85-9420-c83d20e3ff0a,0,88,ZFM-04300
whisking,stim,1.7499999999999996,393.3423802448522,250.7289461141814,7d962737-6858-4d85-9420-c83d20e3ff0a,0,88,ZFM-04300
whisking,stim,1.8499999999999994,378.57959489359837,235.96616076292756,7d962737-6858-4d85-9420-c83d20e3ff0a,0,88,ZFM-04300
whisking,stim,1.9499999999999995,360.7992765993861,218.18584246871526,7d962737-6858-4d85-9420-c83d20e3ff0a,0,88,ZFM-04300
whisking,stim,2.0499999999999994,345.97471227033884,203.36127813966803,7d962737-6858-4d85-9420-c83d20e3ff0a,0,88,ZFM-04300
whisking,stim,2.1499999999999995,331.2552479829748,188.641813852304,7d962737-6858-4d85-9420-c83d20e3ff0a,0,88,ZFM-04300
whisking,stim,2.249999999999999,326.1665086120904,183.5530744814196,7d962737-6858-4d85-9420-c83d20e3ff0a,0,88,ZFM-04300
whisking,stim,2.349999999999999,325.17839398766716,182.56495985699635,7d962737-6858-4d85-9420-c83d20e3ff0a,0,88,ZFM-04300
whisking,stim,2.4499999999999993,316.9989964536462,174.3855623229754,7d962737-6858-4d85-9420-c83d20e3ff0a,0,88,ZFM-04300
whisking,stim,2.549999999999999,311.8319445744064,169.2185104437356,7d962737-6858-4d85-9420-c83d20e3ff0a,0,88,ZFM-04300
whisking,stim,2.649999999999999,297.18601000936707,154.57257587869626,7d962737-6858-4d85-9420-c83d20e3ff0a,0,88,ZFM-04300
whisking,stim,2.749999999999999,284.7966345163121,142.1832003856413,7d962737-6858-4d85-9420-c83d20e3ff0a,0,88,ZFM-04300
whisking,stim,2.849999999999999,278.9940423799578,136.380608249287,7d962737-6858-4d85-9420-c83d20e3ff0a,0,88,ZFM-04300
whisking,stim,2.9499999999999993,277.04379502160685,134.43036089093604,7d962737-6858-4d85-9420-c83d20e3ff0a,0,88,ZFM-04300
whisking,stim,3.049999999999999,277.4128586693682,134.79942453869737,7d962737-6858-4d85-9420-c83d20e3ff0a,0,88,ZFM-04300
whisking,stim,3.149999999999999,266.64121955962844,124.02778542895763,7d962737-6858-4d85-9420-c83d20e3ff0a,0,88,ZFM-04300
whisking,stim,3.249999999999999,252.98172681565177,110.36829268498096,7d962737-6858-4d85-9420-c83d20e3ff0a,0,88,ZFM-04300
whisking,stim,3.3499999999999988,241.64903497160023,99.03560084092942,7d962737-6858-4d85-9420-c83d20e3ff0a,0,88,ZFM-04300
whisking,stim,3.449999999999999,236.54234009650096,93.92890596583015,7d962737-6858-4d85-9420-c83d20e3ff0a,0,88,ZFM-04300
whisking,stim,3.549999999999999,245.2689102415441,102.65547611087328,7d962737-6858-4d85-9420-c83d20e3ff0a,0,88,ZFM-04300
whisking,stim,3.649999999999999,254.08357232442185,111.47013819375104,7d962737-6858-4d85-9420-c83d20e3ff0a,0,88,ZFM-04300
whisking,stim,3.749999999999999,256.9574076155768,114.343973484906,7d962737-6858-4d85-9420-c83d20e3ff0a,0,88,ZFM-04300
whisking,stim,3.8499999999999988,246.9673582529407,104.35392412226989,7d962737-6858-4d85-9420-c83d20e3ff0a,0,88,ZFM-04300
whisking,stim,3.949999999999999,239.80690380176318,97.19346967109237,7d962737-6858-4d85-9420-c83d20e3ff0a,0,88,ZFM-04300
whisking,no_stim,-0.45,85.67648702374457,25.787901462679322,7d962737-6858-4d85-9420-c83d20e3ff0a,0,57,ZFM-04300
whisking,no_stim,-0.35000000000000003,69.54926707505032,9.660681513985075,7d962737-6858-4d85-9420-c83d20e3ff0a,0,57,ZFM-04300
whisking,no_stim,-0.25000000000000006,56.30341179474984,-3.585173766315407,7d962737-6858-4d85-9420-c83d20e3ff0a,0,57,ZFM-04300
whisking,no_stim,-0.15000000000000008,46.254814382505636,-13.633771178559613,7d962737-6858-4d85-9420-c83d20e3ff0a,0,57,ZFM-04300
whisking,no_stim,-0.050000000000000086,41.65894752927582,-18.229638031789428,7d962737-6858-4d85-9420-c83d20e3ff0a,0,57,ZFM-04300
whisking,no_stim,0.04999999999999989,45.62578463613289,-14.262800924932357,7d962737-6858-4d85-9420-c83d20e3ff0a,0,57,ZFM-04300
whisking,no_stim,0.14999999999999986,89.0865330230193,29.19794746195405,7d962737-6858-4d85-9420-c83d20e3ff0a,0,57,ZFM-04300
whisking,no_stim,0.24999999999999983,166.55289773107916,106.66431217001391,7d962737-6858-4d85-9420-c83d20e3ff0a,0,57,ZFM-04300
whisking,no_stim,0.3499999999999998,246.27760429056892,186.38901872950368,7d962737-6858-4d85-9420-c83d20e3ff0a,0,57,ZFM-04300
whisking,no_stim,0.4499999999999998,295.3949198768184,235.50633431575315,7d962737-6858-4d85-9420-c83d20e3ff0a,0,57,ZFM-04300
whisking,no_stim,0.5499999999999998,306.5913572147091,246.70277165364385,7d962737-6858-4d85-9420-c83d20e3ff0a,0,57,ZFM-04300
whisking,no_stim,0.6499999999999998,316.4859217470564,256.59733618599114,7d962737-6858-4d85-9420-c83d20e3ff0a,0,57,ZFM-04300
whisking,no_stim,0.7499999999999998,330.8058456744877,270.91726011342246,7d962737-6858-4d85-9420-c83d20e3ff0a,0,57,ZFM-04300
whisking,no_stim,0.8499999999999998,345.01481579576796,285.1262302347027,7d962737-6858-4d85-9420-c83d20e3ff0a,0,57,ZFM-04300
whisking,no_stim,0.9499999999999997,361.7693585072007,301.88077294613544,7d962737-6858-4d85-9420-c83d20e3ff0a,0,57,ZFM-04300
whisking,no_stim,1.0499999999999996,367.7524840448435,307.86389848377826,7d962737-6858-4d85-9420-c83d20e3ff0a,0,57,ZFM-04300
whisking,no_stim,1.1499999999999997,372.8445728202511,312.9559872591858,7d962737-6858-4d85-9420-c83d20e3ff0a,0,57,ZFM-04300
whisking,no_stim,1.2499999999999998,373.8225283280301,313.93394276696483,7d962737-6858-4d85-9420-c83d20e3ff0a,0,57,ZFM-04300
whisking,no_stim,1.3499999999999996,369.4970804528097,309.60849489174444,7d962737-6858-4d85-9420-c83d20e3ff0a,0,57,ZFM-04300
whisking,no_stim,1.4499999999999995,361.2025715087672,301.31398594770195,7d962737-6858-4d85-9420-c83d20e3ff0a,0,57,ZFM-04300
whisking,no_stim,1.5499999999999996,352.06786357449107,292.1792780134258,7d962737-6858-4d85-9420-c83d20e3ff0a,0,57,ZFM-04300
whisking,no_stim,1.6499999999999997,351.78261534416106,291.8940297830958,7d962737-6858-4d85-9420-c83d20e3ff0a,0,57,ZFM-04300
whisking,no_stim,1.7499999999999996,352.55777222652193,292.66918666545666,7d962737-6858-4d85-9420-c83d20e3ff0a,0,57,ZFM-04300
whisking,no_stim,1.8499999999999994,347.0472663126195,287.15868075155424,7d962737-6858-4d85-9420-c83d20e3ff0a,0,57,ZFM-04300
whisking,no_stim,1.9499999999999995,340.1725128387814,280.28392727771615,7d962737-6858-4d85-9420-c83d20e3ff0a,0,57,ZFM-04300
whisking,no_stim,2.0499999999999994,327.996313505163,268.10772794409775,7d962737-6858-4d85-9420-c83d20e3ff0a,0,57,ZFM-04300
whisking,no_stim,2.1499999999999995,321.99629808042806,262.1077125193628,7d962737-6858-4d85-9420-c83d20e3ff0a,0,57,ZFM-04300
whisking,no_stim,2.249999999999999,322.748465697923,262.8598801368577,7d962737-6858-4d85-9420-c83d20e3ff0a,0,57,ZFM-04300
whisking,no_stim,2.349999999999999,319.2874645398647,259.3988789787994,7d962737-6858-4d85-9420-c83d20e3ff0a,0,57,ZFM-04300
whisking,no_stim,2.4499999999999993,304.2513426296425,244.36275706857728,7d962737-6858-4d85-9420-c83d20e3ff0a,0,57,ZFM-04300
whisking,no_stim,2.549999999999999,282.6120859117137,222.72350035064844,7d962737-6858-4d85-9420-c83d20e3ff0a,0,57,ZFM-04300
whisking,no_stim,2.649999999999999,262.6597093411693,202.77112378010403,7d962737-6858-4d85-9420-c83d20e3ff0a,0,57,ZFM-04300
whisking,no_stim,2.749999999999999,247.58169164397125,187.693106082906,7d962737-6858-4d85-9420-c83d20e3ff0a,0,57,ZFM-04300
whisking,no_stim,2.849999999999999,229.9630331296776,170.07444756861236,7d962737-6858-4d85-9420-c83d20e3ff0a,0,57,ZFM-04300
whisking,no_stim,2.9499999999999993,212.93451472279023,153.04592916172498,7d962737-6858-4d85-9420-c83d20e3ff0a,0,57,ZFM-04300
whisking,no_stim,3.049999999999999,199.24758697163995,139.3590014105747,7d962737-6858-4d85-9420-c83d20e3ff0a,0,57,ZFM-04300
whisking,no_stim,3.149999999999999,183.17571639172047,123.28713083065523,7d962737-6858-4d85-9420-c83d20e3ff0a,0,57,ZFM-04300
whisking,no_stim,3.249999999999999,173.9335694458377,114.04498388477245,7d962737-6858-4d85-9420-c83d20e3ff0a,0,57,ZFM-04300
whisking,no_stim,3.3499999999999988,159.8874192390385,99.99883367797327,7d962737-6858-4d85-9420-c83d20e3ff0a,0,57,ZFM-04300
whisking,no_stim,3.449999999999999,152.88851036632374,92.9999248052585,7d962737-6858-4d85-9420-c83d20e3ff0a,0,57,ZFM-04300
whisking,no_stim,3.549999999999999,146.2582807732533,86.36969521218805,7d962737-6858-4d85-9420-c83d20e3ff0a,0,57,ZFM-04300
whisking,no_stim,3.649999999999999,159.13484423578413,99.24625867471889,7d962737-6858-4d85-9420-c83d20e3ff0a,0,57,ZFM-04300
whisking,no_stim,3.749999999999999,176.06988286677029,116.18129730570504,7d962737-6858-4d85-9420-c83d20e3ff0a,0,57,ZFM-04300
whisking,no_stim,3.8499999999999988,170.81476076887648,110.92617520781124,7d962737-6858-4d85-9420-c83d20e3ff0a,0,57,ZFM-04300
whisking,no_stim,3.949999999999999,155.1524257797462,95.26384021868097,7d962737-6858-4d85-9420-c83d20e3ff0a,0,57,ZFM-04300
whisking,stim,-0.45,153.09098836833155,28.912583721662216,ae4a54de-43c9-4eff-8a7d-bd2d05c5f993,1,341,ZFM-04083
whisking,stim,-0.35000000000000003,109.0223057173705,-15.156098929298835,ae4a54de-43c9-4eff-8a7d-bd2d05c5f993,1,341,ZFM-04083
whisking,stim,-0.25000000000000006,87.55988684413813,-36.6185178025312,ae4a54de-43c9-4eff-8a7d-bd2d05c5f993,1,341,ZFM-04083
whisking,stim,-0.15000000000000008,105.39863221136521,-18.779772435304125,ae4a54de-43c9-4eff-8a7d-bd2d05c5f993,1,341,ZFM-04083
whisking,stim,-0.050000000000000086,165.82021009214125,41.64180544547192,ae4a54de-43c9-4eff-8a7d-bd2d05c5f993,1,341,ZFM-04083
whisking,stim,0.04999999999999989,272.25791820211685,148.07951355544753,ae4a54de-43c9-4eff-8a7d-bd2d05c5f993,1,341,ZFM-04083
whisking,stim,0.14999999999999986,417.7802630458293,293.60185839916,ae4a54de-43c9-4eff-8a7d-bd2d05c5f993,1,341,ZFM-04083
whisking,stim,0.24999999999999983,569.875019670064,445.6966150233947,ae4a54de-43c9-4eff-8a7d-bd2d05c5f993,1,341,ZFM-04083
whisking,stim,0.3499999999999998,696.0190532928594,571.8406486461901,ae4a54de-43c9-4eff-8a7d-bd2d05c5f993,1,341,ZFM-04083
whisking,stim,0.4499999999999998,762.0456414718525,637.8672368251831,ae4a54de-43c9-4eff-8a7d-bd2d05c5f993,1,341,ZFM-04083
whisking,stim,0.5499999999999998,789.2705913532513,665.092186706582,ae4a54de-43c9-4eff-8a7d-bd2d05c5f993,1,341,ZFM-04083
whisking,stim,0.6499999999999998,801.193297410173,677.0148927635037,ae4a54de-43c9-4eff-8a7d-bd2d05c5f993,1,341,ZFM-04083
whisking,stim,0.7499999999999998,805.2290938683392,681.0506892216698,ae4a54de-43c9-4eff-8a7d-bd2d05c5f993,1,341,ZFM-04083
whisking,stim,0.8499999999999998,806.8220768469513,682.6436722002819,ae4a54de-43c9-4eff-8a7d-bd2d05c5f993,1,341,ZFM-04083
whisking,stim,0.9499999999999997,801.6542190595874,677.475814412918,ae4a54de-43c9-4eff-8a7d-bd2d05c5f993,1,341,ZFM-04083
whisking,stim,1.0499999999999996,795.6603456967125,671.4819410500431,ae4a54de-43c9-4eff-8a7d-bd2d05c5f993,1,341,ZFM-04083
whisking,stim,1.1499999999999997,794.6035999274098,670.4251952807405,ae4a54de-43c9-4eff-8a7d-bd2d05c5f993,1,341,ZFM-04083
whisking,stim,1.2499999999999998,792.4997337709469,668.3213291242776,ae4a54de-43c9-4eff-8a7d-bd2d05c5f993,1,341,ZFM-04083
whisking,stim,1.3499999999999996,782.3005456857334,658.122141039064,ae4a54de-43c9-4eff-8a7d-bd2d05c5f993,1,341,ZFM-04083
whisking,stim,1.4499999999999995,766.7915663896499,642.6131617429805,ae4a54de-43c9-4eff-8a7d-bd2d05c5f993,1,341,ZFM-04083
whisking,stim,1.5499999999999996,743.218463843552,619.0400591968826,ae4a54de-43c9-4eff-8a7d-bd2d05c5f993,1,341,ZFM-04083
whisking,stim,1.6499999999999997,720.0307450787506,595.8523404320812,ae4a54de-43c9-4eff-8a7d-bd2d05c5f993,1,341,ZFM-04083
whisking,stim,1.7499999999999996,700.2745257862897,576.0961211396203,ae4a54de-43c9-4eff-8a7d-bd2d05c5f993,1,341,ZFM-04083
whisking,stim,1.8499999999999994,677.5845712281572,553.4061665814878,ae4a54de-43c9-4eff-8a7d-bd2d05c5f993,1,341,ZFM-04083
whisking,stim,1.9499999999999995,645.7558535749126,521.5774489282433,ae4a54de-43c9-4eff-8a7d-bd2d05c5f993,1,341,ZFM-04083
whisking,stim,2.0499999999999994,602.772774275566,478.5943696288967,ae4a54de-43c9-4eff-8a7d-bd2d05c5f993,1,341,ZFM-04083
whisking,stim,2.1499999999999995,567.412190446445,443.2337857997757,ae4a54de-43c9-4eff-8a7d-bd2d05c5f993,1,341,ZFM-04083
whisking,stim,2.249999999999999,531.5345099427034,407.35610529603406,ae4a54de-43c9-4eff-8a7d-bd2d05c5f993,1,341,ZFM-04083
whisking,stim,2.349999999999999,506.9626502728121,382.78424562614276,ae4a54de-43c9-4eff-8a7d-bd2d05c5f993,1,341,ZFM-04083
whisking,stim,2.4499999999999993,483.75808422577217,359.57967957910284,ae4a54de-43c9-4eff-8a7d-bd2d05c5f993,1,341,ZFM-04083
whisking,stim,2.549999999999999,453.84087195701926,329.66246731034994,ae4a54de-43c9-4eff-8a7d-bd2d05c5f993,1,341,ZFM-04083
whisking,stim,2.649999999999999,416.4450503240635,292.2666456773942,ae4a54de-43c9-4eff-8a7d-bd2d05c5f993,1,341,ZFM-04083
whisking,stim,2.749999999999999,383.0282089302855,258.84980428361615,ae4a54de-43c9-4eff-8a7d-bd2d05c5f993,1,341,ZFM-04083
whisking,stim,2.849999999999999,366.32278866228177,242.14438401561245,ae4a54de-43c9-4eff-8a7d-bd2d05c5f993,1,341,ZFM-04083
whisking,stim,2.9499999999999993,356.137015621179,231.95861097450967,ae4a54de-43c9-4eff-8a7d-bd2d05c5f993,1,341,ZFM-04083
whisking,stim,3.049999999999999,347.68146643751976,223.50306179085044,ae4a54de-43c9-4eff-8a7d-bd2d05c5f993,1,341,ZFM-04083
whisking,stim,3.149999999999999,340.21643669843434,216.03803205176501,ae4a54de-43c9-4eff-8a7d-bd2d05c5f993,1,341,ZFM-04083
whisking,stim,3.249999999999999,336.72976834875203,212.5513637020827,ae4a54de-43c9-4eff-8a7d-bd2d05c5f993,1,341,ZFM-04083
whisking,stim,3.3499999999999988,343.4530739184873,219.27466927181797,ae4a54de-43c9-4eff-8a7d-bd2d05c5f993,1,341,ZFM-04083
whisking,stim,3.449999999999999,359.5804539527611,235.40204930609178,ae4a54de-43c9-4eff-8a7d-bd2d05c5f993,1,341,ZFM-04083
whisking,stim,3.549999999999999,383.769071967784,259.59066732111467,ae4a54de-43c9-4eff-8a7d-bd2d05c5f993,1,341,ZFM-04083
whisking,stim,3.649999999999999,416.32938877680766,292.15098413013834,ae4a54de-43c9-4eff-8a7d-bd2d05c5f993,1,341,ZFM-04083
whisking,stim,3.749999999999999,450.1668514180399,325.9884467713706,ae4a54de-43c9-4eff-8a7d-bd2d05c5f993,1,341,ZFM-04083
whisking,stim,3.8499999999999988,478.277658780991,354.09925413432165,ae4a54de-43c9-4eff-8a7d-bd2d05c5f993,1,341,ZFM-04083
whisking,stim,3.949999999999999,498.2984162222783,374.120011575609,ae4a54de-43c9-4eff-8a7d-bd2d05c5f993,1,341,ZFM-04083
whisking,no_stim,-0.45,161.52297568205395,36.49495822991638,ae4a54de-43c9-4eff-8a7d-bd2d05c5f993,1,363,ZFM-04083
whisking,no_stim,-0.35000000000000003,106.87485400345017,-18.15316344868741,ae4a54de-43c9-4eff-8a7d-bd2d05c5f993,1,363,ZFM-04083
whisking,no_stim,-0.25000000000000006,81.81511000151154,-43.212907450626034,ae4a54de-43c9-4eff-8a7d-bd2d05c5f993,1,363,ZFM-04083
whisking,no_stim,-0.15000000000000008,102.16456058474937,-22.86345686738821,ae4a54de-43c9-4eff-8a7d-bd2d05c5f993,1,363,ZFM-04083
whisking,no_stim,-0.050000000000000086,172.76258698892286,47.73456953678529,ae4a54de-43c9-4eff-8a7d-bd2d05c5f993,1,363,ZFM-04083
whisking,no_stim,0.04999999999999989,299.4436172231548,174.41559977101718,ae4a54de-43c9-4eff-8a7d-bd2d05c5f993,1,363,ZFM-04083
whisking,no_stim,0.14999999999999986,460.5793254378386,335.551307985701,ae4a54de-43c9-4eff-8a7d-bd2d05c5f993,1,363,ZFM-04083
whisking,no_stim,0.24999999999999983,608.2939859700268,483.26596851788923,ae4a54de-43c9-4eff-8a7d-bd2d05c5f993,1,363,ZFM-04083
whisking,no_stim,0.3499999999999998,713.8395417030655,588.811524250928,ae4a54de-43c9-4eff-8a7d-bd2d05c5f993,1,363,ZFM-04083
whisking,no_stim,0.4499999999999998,759.2081350701887,634.1801176180512,ae4a54de-43c9-4eff-8a7d-bd2d05c5f993,1,363,ZFM-04083
whisking,no_stim,0.5499999999999998,775.7855430208471,650.7575255687095,ae4a54de-43c9-4eff-8a7d-bd2d05c5f993,1,363,ZFM-04083
whisking,no_stim,0.6499999999999998,769.195277733878,644.1672602817405,ae4a54de-43c9-4eff-8a7d-bd2d05c5f993,1,363,ZFM-04083
whisking,no_stim,0.7499999999999998,750.6441682385371,625.6161507863995,ae4a54de-43c9-4eff-8a7d-bd2d05c5f993,1,363,ZFM-04083
whisking,no_stim,0.8499999999999998,726.8304468175897,601.8024293654522,ae4a54de-43c9-4eff-8a7d-bd2d05c5f993,1,363,ZFM-04083
whisking,no_stim,0.9499999999999997,706.6302856049406,581.602268152803,ae4a54de-43c9-4eff-8a7d-bd2d05c5f993,1,363,ZFM-04083
whisking,no_stim,1.0499999999999996,695.0890721580345,570.0610547058969,ae4a54de-43c9-4eff-8a7d-bd2d05c5f993,1,363,ZFM-04083
whisking,no_stim,1.1499999999999997,683.7664809377235,558.738463485586,ae4a54de-43c9-4eff-8a7d-bd2d05c5f993,1,363,ZFM-04083
whisking,no_stim,1.2499999999999998,677.2238732613115,552.195855809174,ae4a54de-43c9-4eff-8a7d-bd2d05c5f993,1,363,ZFM-04083
whisking,no_stim,1.3499999999999996,665.1596115544729,540.1315941023354,ae4a54de-43c9-4eff-8a7d-bd2d05c5f993,1,363,ZFM-04083
whisking,no_stim,1.4499999999999995,648.7971721271546,523.769154675017,ae4a54de-43c9-4eff-8a7d-bd2d05c5f993,1,363,ZFM-04083
whisking,no_stim,1.5499999999999996,633.5013050494989,508.4732875973613,ae4a54de-43c9-4eff-8a7d-bd2d05c5f993,1,363,ZFM-04083
whisking,no_stim,1.6499999999999997,621.0296867289585,496.0016692768209,ae4a54de-43c9-4eff-8a7d-bd2d05c5f993,1,363,ZFM-04083
whisking,no_stim,1.7499999999999996,612.7726796786261,487.7446622264885,ae4a54de-43c9-4eff-8a7d-bd2d05c5f993,1,363,ZFM-04083
whisking,no_stim,1.8499999999999994,600.9174013776731,475.88938392553547,ae4a54de-43c9-4eff-8a7d-bd2d05c5f993,1,363,ZFM-04083
whisking,no_stim,1.9499999999999995,591.2020147646081,466.1739973124705,ae4a54de-43c9-4eff-8a7d-bd2d05c5f993,1,363,ZFM-04083
whisking,no_stim,2.0499999999999994,577.9180602182942,452.89004276615657,ae4a54de-43c9-4eff-8a7d-bd2d05c5f993,1,363,ZFM-04083
whisking,no_stim,2.1499999999999995,557.9292571719133,432.9012397197757,ae4a54de-43c9-4eff-8a7d-bd2d05c5f993,1,363,ZFM-04083
whisking,no_stim,2.249999999999999,530.2520501115641,405.22403265942654,ae4a54de-43c9-4eff-8a7d-bd2d05c5f993,1,363,ZFM-04083
whisking,no_stim,2.349999999999999,498.9119903283789,373.88397287624133,ae4a54de-43c9-4eff-8a7d-bd2d05c5f993,1,363,ZFM-04083
whisking,no_stim,2.4499999999999993,469.2503750375347,344.2223575853971,ae4a54de-43c9-4eff-8a7d-bd2d05c5f993,1,363,ZFM-04083
whisking,no_stim,2.549999999999999,440.2751484741332,315.2471310219956,ae4a54de-43c9-4eff-8a7d-bd2d05c5f993,1,363,ZFM-04083
whisking,no_stim,2.649999999999999,408.4523160107166,283.424298558579,ae4a54de-43c9-4eff-8a7d-bd2d05c5f993,1,363,ZFM-04083
whisking,no_stim,2.749999999999999,370.6736979669203,245.64568051478273,ae4a54de-43c9-4eff-8a7d-bd2d05c5f993,1,363,ZFM-04083
whisking,no_stim,2.849999999999999,339.24678456587554,214.21876711373795,ae4a54de-43c9-4eff-8a7d-bd2d05c5f993,1,363,ZFM-04083
whisking,no_stim,2.9499999999999993,323.85943205446426,198.83141460232667,ae4a54de-43c9-4eff-8a7d-bd2d05c5f993,1,363,ZFM-04083
whisking,no_stim,3.049999999999999,321.4542237259988,196.42620627386123,ae4a54de-43c9-4eff-8a7d-bd2d05c5f993,1,363,ZFM-04083
whisking,no_stim,3.149999999999999,319.12323266049737,194.09521520835978,ae4a54de-43c9-4eff-8a7d-bd2d05c5f993,1,363,ZFM-04083
whisking,no_stim,3.249999999999999,312.04775101019715,187.01973355805956,ae4a54de-43c9-4eff-8a7d-bd2d05c5f993,1,363,ZFM-04083
whisking,no_stim,3.3499999999999988,316.98926081407836,191.96124336194077,ae4a54de-43c9-4eff-8a7d-bd2d05c5f993,1,363,ZFM-04083
whisking,no_stim,3.449999999999999,342.9479609820871,217.91994352994953,ae4a54de-43c9-4eff-8a7d-bd2d05c5f993,1,363,ZFM-04083
whisking,no_stim,3.549999999999999,375.19302609125265,250.16500863911506,ae4a54de-43c9-4eff-8a7d-bd2d05c5f993,1,363,ZFM-04083
whisking,no_stim,3.649999999999999,407.69749705136667,282.6694795992291,ae4a54de-43c9-4eff-8a7d-bd2d05c5f993,1,363,ZFM-04083
whisking,no_stim,3.749999999999999,435.55037947618405,310.52236202404646,ae4a54de-43c9-4eff-8a7d-bd2d05c5f993,1,363,ZFM-04083
whisking,no_stim,3.8499999999999988,466.1535468130663,341.12552936092874,ae4a54de-43c9-4eff-8a7d-bd2d05c5f993,1,363,ZFM-04083
whisking,no_stim,3.949999999999999,488.14762957068785,363.11961211855026,ae4a54de-43c9-4eff-8a7d-bd2d05c5f993,1,363,ZFM-04083
whisking,stim,-0.45,153.6130864873831,35.15165221889501,27c5e5e6-0359-4375-b53e-677aa57a73c0,1,231,ZFM-04083
whisking,stim,-0.35000000000000003,114.17118144026652,-4.290252828221568,27c5e5e6-0359-4375-b53e-677aa57a73c0,1,231,ZFM-04083
whisking,stim,-0.25000000000000006,92.48213747628044,-25.97929679220765,27c5e5e6-0359-4375-b53e-677aa57a73c0,1,231,ZFM-04083
whisking,stim,-0.15000000000000008,98.35013959890365,-20.11129466958444,27c5e5e6-0359-4375-b53e-677aa57a73c0,1,231,ZFM-04083
whisking,stim,-0.050000000000000086,133.69062633960678,15.229192071118689,27c5e5e6-0359-4375-b53e-677aa57a73c0,1,231,ZFM-04083
whisking,stim,0.04999999999999989,204.90707538855762,86.44564112006952,27c5e5e6-0359-4375-b53e-677aa57a73c0,1,231,ZFM-04083
whisking,stim,0.14999999999999986,315.0689014444147,196.6074671759266,27c5e5e6-0359-4375-b53e-677aa57a73c0,1,231,ZFM-04083
whisking,stim,0.24999999999999983,442.6368297181909,324.1753954497028,27c5e5e6-0359-4375-b53e-677aa57a73c0,1,231,ZFM-04083
whisking,stim,0.3499999999999998,550.3584429774537,431.8970087089656,27c5e5e6-0359-4375-b53e-677aa57a73c0,1,231,ZFM-04083
whisking,stim,0.4499999999999998,618.217835374264,499.7564011057759,27c5e5e6-0359-4375-b53e-677aa57a73c0,1,231,ZFM-04083
whisking,stim,0.5499999999999998,659.2561349500888,540.7947006816007,27c5e5e6-0359-4375-b53e-677aa57a73c0,1,231,ZFM-04083
whisking,stim,0.6499999999999998,686.9478802841891,568.486446015701,27c5e5e6-0359-4375-b53e-677aa57a73c0,1,231,ZFM-04083
whisking,stim,0.7499999999999998,696.4138768409721,577.952442572484,27c5e5e6-0359-4375-b53e-677aa57a73c0,1,231,ZFM-04083
whisking,stim,0.8499999999999998,699.2993290749696,580.8378948064815,27c5e5e6-0359-4375-b53e-677aa57a73c0,1,231,ZFM-04083
whisking,stim,0.9499999999999997,698.9208418943804,580.4594076258923,27c5e5e6-0359-4375-b53e-677aa57a73c0,1,231,ZFM-04083
whisking,stim,1.0499999999999996,697.6452091132212,579.1837748447331,27c5e5e6-0359-4375-b53e-677aa57a73c0,1,231,ZFM-04083
whisking,stim,1.1499999999999997,692.9778890323373,574.5164547638492,27c5e5e6-0359-4375-b53e-677aa57a73c0,1,231,ZFM-04083
whisking,stim,1.2499999999999998,681.6523082578447,563.1908739893565,27c5e5e6-0359-4375-b53e-677aa57a73c0,1,231,ZFM-04083
whisking,stim,1.3499999999999996,675.9230670657793,557.4616327972911,27c5e5e6-0359-4375-b53e-677aa57a73c0,1,231,ZFM-04083
whisking,stim,1.4499999999999995,666.2438722323371,547.782437963849,27c5e5e6-0359-4375-b53e-677aa57a73c0,1,231,ZFM-04083
whisking,stim,1.5499999999999996,655.6313801792655,537.1699459107774,27c5e5e6-0359-4375-b53e-677aa57a73c0,1,231,ZFM-04083
whisking,stim,1.6499999999999997,633.0974889156195,514.6360546471313,27c5e5e6-0359-4375-b53e-677aa57a73c0,1,231,ZFM-04083
whisking,stim,1.7499999999999996,613.9389709234131,495.47753665492496,27c5e5e6-0359-4375-b53e-677aa57a73c0,1,231,ZFM-04083
whisking,stim,1.8499999999999994,586.0921476098006,467.63071334131246,27c5e5e6-0359-4375-b53e-677aa57a73c0,1,231,ZFM-04083
whisking,stim,1.9499999999999995,563.8587730412014,445.3973387727133,27c5e5e6-0359-4375-b53e-677aa57a73c0,1,231,ZFM-04083
whisking,stim,2.0499999999999994,541.261078348024,422.7996440795358,27c5e5e6-0359-4375-b53e-677aa57a73c0,1,231,ZFM-04083
whisking,stim,2.1499999999999995,517.3905903761558,398.9291561076677,27c5e5e6-0359-4375-b53e-677aa57a73c0,1,231,ZFM-04083
whisking,stim,2.249999999999999,493.2543305548901,374.79289628640197,27c5e5e6-0359-4375-b53e-677aa57a73c0,1,231,ZFM-04083
whisking,stim,2.349999999999999,461.46905220504885,343.0076179365608,27c5e5e6-0359-4375-b53e-677aa57a73c0,1,231,ZFM-04083
whisking,stim,2.4499999999999993,435.8815103464645,317.42007607797643,27c5e5e6-0359-4375-b53e-677aa57a73c0,1,231,ZFM-04083
whisking,stim,2.549999999999999,416.5488404403256,298.08740617183753,27c5e5e6-0359-4375-b53e-677aa57a73c0,1,231,ZFM-04083
whisking,stim,2.649999999999999,401.6490803097146,283.18764604122646,27c5e5e6-0359-4375-b53e-677aa57a73c0,1,231,ZFM-04083
whisking,stim,2.749999999999999,387.54890008269757,269.0874658142095,27c5e5e6-0359-4375-b53e-677aa57a73c0,1,231,ZFM-04083
whisking,stim,2.849999999999999,367.21950419237083,248.75806992388274,27c5e5e6-0359-4375-b53e-677aa57a73c0,1,231,ZFM-04083
whisking,stim,2.9499999999999993,348.6608418182698,230.19940754978168,27c5e5e6-0359-4375-b53e-677aa57a73c0,1,231,ZFM-04083
whisking,stim,3.049999999999999,335.66051757321543,217.19908330472734,27c5e5e6-0359-4375-b53e-677aa57a73c0,1,231,ZFM-04083
whisking,stim,3.149999999999999,327.65669764597453,209.19526337748644,27c5e5e6-0359-4375-b53e-677aa57a73c0,1,231,ZFM-04083
whisking,stim,3.249999999999999,324.3986819409089,205.9372476724208,27c5e5e6-0359-4375-b53e-677aa57a73c0,1,231,ZFM-04083
whisking,stim,3.3499999999999988,320.37489579148166,201.91346152299357,27c5e5e6-0359-4375-b53e-677aa57a73c0,1,231,ZFM-04083
whisking,stim,3.449999999999999,319.76244096867964,201.30100670019155,27c5e5e6-0359-4375-b53e-677aa57a73c0,1,231,ZFM-04083
whisking,stim,3.549999999999999,325.49403149769745,207.03259722920936,27c5e5e6-0359-4375-b53e-677aa57a73c0,1,231,ZFM-04083
whisking,stim,3.649999999999999,343.09353276444983,224.63209849596174,27c5e5e6-0359-4375-b53e-677aa57a73c0,1,231,ZFM-04083
whisking,stim,3.749999999999999,358.1397925461604,239.6783582776723,27c5e5e6-0359-4375-b53e-677aa57a73c0,1,231,ZFM-04083
whisking,stim,3.8499999999999988,373.458044811442,254.9966105429539,27c5e5e6-0359-4375-b53e-677aa57a73c0,1,231,ZFM-04083
whisking,stim,3.949999999999999,391.79668856053087,273.3352542920428,27c5e5e6-0359-4375-b53e-677aa57a73c0,1,231,ZFM-04083
whisking,no_stim,-0.45,163.70212602608572,42.37225971357687,27c5e5e6-0359-4375-b53e-677aa57a73c0,1,241,ZFM-04083
whisking,no_stim,-0.35000000000000003,120.4995322480998,-0.8303340644090582,27c5e5e6-0359-4375-b53e-677aa57a73c0,1,241,ZFM-04083
whisking,no_stim,-0.25000000000000006,89.47251645011065,-31.85734986239821,27c5e5e6-0359-4375-b53e-677aa57a73c0,1,241,ZFM-04083
whisking,no_stim,-0.15000000000000008,96.32294593511952,-25.006920377389335,27c5e5e6-0359-4375-b53e-677aa57a73c0,1,241,ZFM-04083
whisking,no_stim,-0.050000000000000086,136.65221090312858,15.322344590619721,27c5e5e6-0359-4375-b53e-677aa57a73c0,1,241,ZFM-04083
whisking,no_stim,0.04999999999999989,222.12424288250014,100.79437656999129,27c5e5e6-0359-4375-b53e-677aa57a73c0,1,241,ZFM-04083
whisking,no_stim,0.14999999999999986,348.0603503137543,226.7304840012455,27c5e5e6-0359-4375-b53e-677aa57a73c0,1,241,ZFM-04083
whisking,no_stim,0.24999999999999983,486.19296325554234,364.8630969430335,27c5e5e6-0359-4375-b53e-677aa57a73c0,1,241,ZFM-04083
whisking,no_stim,0.3499999999999998,593.4835612450335,472.1536949325246,27c5e5e6-0359-4375-b53e-677aa57a73c0,1,241,ZFM-04083
whisking,no_stim,0.4499999999999998,645.643503834044,524.3136375215352,27c5e5e6-0359-4375-b53e-677aa57a73c0,1,241,ZFM-04083
whisking,no_stim,0.5499999999999998,667.2164932073446,545.8866268948357,27c5e5e6-0359-4375-b53e-677aa57a73c0,1,241,ZFM-04083
whisking,no_stim,0.6499999999999998,674.2757588704449,552.945892557936,27c5e5e6-0359-4375-b53e-677aa57a73c0,1,241,ZFM-04083
whisking,no_stim,0.7499999999999998,666.5724329428897,545.2425666303808,27c5e5e6-0359-4375-b53e-677aa57a73c0,1,241,ZFM-04083
whisking,no_stim,0.8499999999999998,654.7948596019924,533.4649932894835,27c5e5e6-0359-4375-b53e-677aa57a73c0,1,241,ZFM-04083
whisking,no_stim,0.9499999999999997,642.6588509227149,521.328984610206,27c5e5e6-0359-4375-b53e-677aa57a73c0,1,241,ZFM-04083
whisking,no_stim,1.0499999999999996,631.1991168323441,509.86925051983525,27c5e5e6-0359-4375-b53e-677aa57a73c0,1,241,ZFM-04083
whisking,no_stim,1.1499999999999997,618.0859909981403,496.7561246856315,27c5e5e6-0359-4375-b53e-677aa57a73c0,1,241,ZFM-04083
whisking,no_stim,1.2499999999999998,603.5614869306307,482.2316206181219,27c5e5e6-0359-4375-b53e-677aa57a73c0,1,241,ZFM-04083
whisking,no_stim,1.3499999999999996,592.8138246446249,471.48395833211606,27c5e5e6-0359-4375-b53e-677aa57a73c0,1,241,ZFM-04083
whisking,no_stim,1.4499999999999995,580.6330712276263,459.3032049151174,27c5e5e6-0359-4375-b53e-677aa57a73c0,1,241,ZFM-04083
whisking,no_stim,1.5499999999999996,563.2875303025977,441.95766399008886,27c5e5e6-0359-4375-b53e-677aa57a73c0,1,241,ZFM-04083
whisking,no_stim,1.6499999999999997,543.2997748031872,421.9699084906784,27c5e5e6-0359-4375-b53e-677aa57a73c0,1,241,ZFM-04083
whisking,no_stim,1.7499999999999996,531.7170763480722,410.3872100355633,27c5e5e6-0359-4375-b53e-677aa57a73c0,1,241,ZFM-04083
whisking,no_stim,1.8499999999999994,525.8188884525031,404.48902213999423,27c5e5e6-0359-4375-b53e-677aa57a73c0,1,241,ZFM-04083
whisking,no_stim,1.9499999999999995,513.1810278649286,391.8511615524198,27c5e5e6-0359-4375-b53e-677aa57a73c0,1,241,ZFM-04083
whisking,no_stim,2.0499999999999994,487.51037829232484,366.180511979816,27c5e5e6-0359-4375-b53e-677aa57a73c0,1,241,ZFM-04083
whisking,no_stim,2.1499999999999995,467.79705712592914,346.4671908134203,27c5e5e6-0359-4375-b53e-677aa57a73c0,1,241,ZFM-04083
whisking,no_stim,2.249999999999999,454.874199357096,333.5443330445872,27c5e5e6-0359-4375-b53e-677aa57a73c0,1,241,ZFM-04083
whisking,no_stim,2.349999999999999,437.0298672167471,315.70000090423827,27c5e5e6-0359-4375-b53e-677aa57a73c0,1,241,ZFM-04083
whisking,no_stim,2.4499999999999993,408.77442578116796,287.4445594686591,27c5e5e6-0359-4375-b53e-677aa57a73c0,1,241,ZFM-04083
whisking,no_stim,2.549999999999999,380.7774367654072,259.44757045289833,27c5e5e6-0359-4375-b53e-677aa57a73c0,1,241,ZFM-04083
whisking,no_stim,2.649999999999999,358.33305836402997,237.00319205152113,27c5e5e6-0359-4375-b53e-677aa57a73c0,1,241,ZFM-04083
whisking,no_stim,2.749999999999999,336.24926423740374,214.9193979248949,27c5e5e6-0359-4375-b53e-677aa57a73c0,1,241,ZFM-04083
whisking,no_stim,2.849999999999999,318.139163035742,196.80929672323316,27c5e5e6-0359-4375-b53e-677aa57a73c0,1,241,ZFM-04083
whisking,no_stim,2.9499999999999993,307.98566951332725,186.6558032008184,27c5e5e6-0359-4375-b53e-677aa57a73c0,1,241,ZFM-04083
whisking,no_stim,3.049999999999999,305.50052344511437,184.17065713260553,27c5e5e6-0359-4375-b53e-677aa57a73c0,1,241,ZFM-04083
whisking,no_stim,3.149999999999999,299.27440202496865,177.9445357124598,27c5e5e6-0359-4375-b53e-677aa57a73c0,1,241,ZFM-04083
whisking,no_stim,3.249999999999999,301.6531258786691,180.32325956616023,27c5e5e6-0359-4375-b53e-677aa57a73c0,1,241,ZFM-04083
whisking,no_stim,3.3499999999999988,318.4986520831434,197.16878577063454,27c5e5e6-0359-4375-b53e-677aa57a73c0,1,241,ZFM-04083
whisking,no_stim,3.449999999999999,346.53431081781144,225.2044445053026,27c5e5e6-0359-4375-b53e-677aa57a73c0,1,241,ZFM-04083
whisking,no_stim,3.549999999999999,369.71612988402,248.38626357151117,27c5e5e6-0359-4375-b53e-677aa57a73c0,1,241,ZFM-04083
whisking,no_stim,3.649999999999999,386.5753508159826,265.24548450347373,27c5e5e6-0359-4375-b53e-677aa57a73c0,1,241,ZFM-04083
whisking,no_stim,3.749999999999999,403.8793913703551,282.54952505784627,27c5e5e6-0359-4375-b53e-677aa57a73c0,1,241,ZFM-04083
whisking,no_stim,3.8499999999999988,422.34675353667035,301.0168872241615,27c5e5e6-0359-4375-b53e-677aa57a73c0,1,241,ZFM-04083
whisking,no_stim,3.949999999999999,436.21572975905866,314.8858634465498,27c5e5e6-0359-4375-b53e-677aa57a73c0,1,241,ZFM-04083
whisking,stim,-0.45,182.72938331665745,52.55669058880491,bd02e951-760a-448d-9c52-3f2990f9cf42,1,209,ZFM-04083
whisking,stim,-0.35000000000000003,132.83420065622306,2.6615079283705256,bd02e951-760a-448d-9c52-3f2990f9cf42,1,209,ZFM-04083
whisking,stim,-0.25000000000000006,105.31627019627236,-24.85642253158018,bd02e951-760a-448d-9c52-3f2990f9cf42,1,209,ZFM-04083
whisking,stim,-0.15000000000000008,103.37448311846089,-26.798209609391648,bd02e951-760a-448d-9c52-3f2990f9cf42,1,209,ZFM-04083
whisking,stim,-0.050000000000000086,126.60912635164907,-3.563566376203468,bd02e951-760a-448d-9c52-3f2990f9cf42,1,209,ZFM-04083
whisking,stim,0.04999999999999989,194.63908717750994,64.4663944496574,bd02e951-760a-448d-9c52-3f2990f9cf42,1,209,ZFM-04083
whisking,stim,0.14999999999999986,292.52731202979885,162.35461930194631,bd02e951-760a-448d-9c52-3f2990f9cf42,1,209,ZFM-04083
whisking,stim,0.24999999999999983,383.66984645375584,253.4971537259033,bd02e951-760a-448d-9c52-3f2990f9cf42,1,209,ZFM-04083
whisking,stim,0.3499999999999998,445.014394010081,314.8417012822284,bd02e951-760a-448d-9c52-3f2990f9cf42,1,209,ZFM-04083
whisking,stim,0.4499999999999998,488.5820386648448,358.4093459369923,bd02e951-760a-448d-9c52-3f2990f9cf42,1,209,ZFM-04083
whisking,stim,0.5499999999999998,538.0525119548466,407.8798192269941,bd02e951-760a-448d-9c52-3f2990f9cf42,1,209,ZFM-04083
whisking,stim,0.6499999999999998,589.5863052429885,459.4136125151359,bd02e951-760a-448d-9c52-3f2990f9cf42,1,209,ZFM-04083
whisking,stim,0.7499999999999998,622.6961803538121,492.52348762595955,bd02e951-760a-448d-9c52-3f2990f9cf42,1,209,ZFM-04083
whisking,stim,0.8499999999999998,649.2721863647928,519.0994936369402,bd02e951-760a-448d-9c52-3f2990f9cf42,1,209,ZFM-04083
whisking,stim,0.9499999999999997,664.8761524239608,534.7034596961082,bd02e951-760a-448d-9c52-3f2990f9cf42,1,209,ZFM-04083
whisking,stim,1.0499999999999996,669.5842277715965,539.4115350437439,bd02e951-760a-448d-9c52-3f2990f9cf42,1,209,ZFM-04083
whisking,stim,1.1499999999999997,658.312418872386,528.1397261445335,bd02e951-760a-448d-9c52-3f2990f9cf42,1,209,ZFM-04083
whisking,stim,1.2499999999999998,633.1196013097564,502.9469085819038,bd02e951-760a-448d-9c52-3f2990f9cf42,1,209,ZFM-04083
whisking,stim,1.3499999999999996,620.1101369698814,489.93744424202885,bd02e951-760a-448d-9c52-3f2990f9cf42,1,209,ZFM-04083
whisking,stim,1.4499999999999995,604.8632331062408,474.6905403783883,bd02e951-760a-448d-9c52-3f2990f9cf42,1,209,ZFM-04083
whisking,stim,1.5499999999999996,591.6431762085455,461.4704834806929,bd02e951-760a-448d-9c52-3f2990f9cf42,1,209,ZFM-04083
whisking,stim,1.6499999999999997,571.8940876350623,441.72139490720974,bd02e951-760a-448d-9c52-3f2990f9cf42,1,209,ZFM-04083
whisking,stim,1.7499999999999996,555.4096781545111,425.2369854266585,bd02e951-760a-448d-9c52-3f2990f9cf42,1,209,ZFM-04083
whisking,stim,1.8499999999999994,544.9348654864141,414.7621727585615,bd02e951-760a-448d-9c52-3f2990f9cf42,1,209,ZFM-04083
whisking,stim,1.9499999999999995,540.8146877172549,410.6419949894023,bd02e951-760a-448d-9c52-3f2990f9cf42,1,209,ZFM-04083
whisking,stim,2.0499999999999994,531.8044044916363,401.63171176378376,bd02e951-760a-448d-9c52-3f2990f9cf42,1,209,ZFM-04083
whisking,stim,2.1499999999999995,507.6587026463453,377.48600991849275,bd02e951-760a-448d-9c52-3f2990f9cf42,1,209,ZFM-04083
whisking,stim,2.249999999999999,478.77361357069293,348.6009208428404,bd02e951-760a-448d-9c52-3f2990f9cf42,1,209,ZFM-04083
whisking,stim,2.349999999999999,452.52120419762895,322.34851146977644,bd02e951-760a-448d-9c52-3f2990f9cf42,1,209,ZFM-04083
whisking,stim,2.4499999999999993,435.39419004534085,305.22149731748834,bd02e951-760a-448d-9c52-3f2990f9cf42,1,209,ZFM-04083
whisking,stim,2.549999999999999,416.55569905486084,286.3830063270083,bd02e951-760a-448d-9c52-3f2990f9cf42,1,209,ZFM-04083
whisking,stim,2.649999999999999,400.1103287035178,269.9376359756652,bd02e951-760a-448d-9c52-3f2990f9cf42,1,209,ZFM-04083
whisking,stim,2.749999999999999,383.0252679093166,252.85257518146406,bd02e951-760a-448d-9c52-3f2990f9cf42,1,209,ZFM-04083
whisking,stim,2.849999999999999,368.49744781164384,238.3247550837913,bd02e951-760a-448d-9c52-3f2990f9cf42,1,209,ZFM-04083
whisking,stim,2.9499999999999993,352.93830798319226,222.76561525533972,bd02e951-760a-448d-9c52-3f2990f9cf42,1,209,ZFM-04083
whisking,stim,3.049999999999999,335.5870099575642,205.41431722971166,bd02e951-760a-448d-9c52-3f2990f9cf42,1,209,ZFM-04083
whisking,stim,3.149999999999999,324.306982543692,194.13428981583948,bd02e951-760a-448d-9c52-3f2990f9cf42,1,209,ZFM-04083
whisking,stim,3.249999999999999,319.96615177982756,189.79345905197502,bd02e951-760a-448d-9c52-3f2990f9cf42,1,209,ZFM-04083
whisking,stim,3.3499999999999988,330.7540010742779,200.58130834642535,bd02e951-760a-448d-9c52-3f2990f9cf42,1,209,ZFM-04083
whisking,stim,3.449999999999999,345.03193106690566,214.85923833905312,bd02e951-760a-448d-9c52-3f2990f9cf42,1,209,ZFM-04083
whisking,stim,3.549999999999999,363.54038519590785,233.3676924680553,bd02e951-760a-448d-9c52-3f2990f9cf42,1,209,ZFM-04083
whisking,stim,3.649999999999999,380.15640313641137,249.98371040855884,bd02e951-760a-448d-9c52-3f2990f9cf42,1,209,ZFM-04083
whisking,stim,3.749999999999999,391.84552525088435,261.67283252303184,bd02e951-760a-448d-9c52-3f2990f9cf42,1,209,ZFM-04083
whisking,stim,3.8499999999999988,395.2725351504706,265.09984242261805,bd02e951-760a-448d-9c52-3f2990f9cf42,1,209,ZFM-04083
whisking,stim,3.949999999999999,390.09334446032534,259.92065173247283,bd02e951-760a-448d-9c52-3f2990f9cf42,1,209,ZFM-04083
whisking,no_stim,-0.45,190.27431364542795,54.62077135796923,bd02e951-760a-448d-9c52-3f2990f9cf42,1,226,ZFM-04083
whisking,no_stim,-0.35000000000000003,123.9562083129877,-11.697333974471022,bd02e951-760a-448d-9c52-3f2990f9cf42,1,226,ZFM-04083
whisking,no_stim,-0.25000000000000006,89.04289661758094,-46.61064566987778,bd02e951-760a-448d-9c52-3f2990f9cf42,1,226,ZFM-04083
whisking,no_stim,-0.15000000000000008,107.30367502744119,-28.349867260017533,bd02e951-760a-448d-9c52-3f2990f9cf42,1,226,ZFM-04083
whisking,no_stim,-0.050000000000000086,167.6906178338558,32.03707554639709,bd02e951-760a-448d-9c52-3f2990f9cf42,1,226,ZFM-04083
whisking,no_stim,0.04999999999999989,257.1736665823674,121.52012429490867,bd02e951-760a-448d-9c52-3f2990f9cf42,1,226,ZFM-04083
whisking,no_stim,0.14999999999999986,365.6728046001693,230.01926231271057,bd02e951-760a-448d-9c52-3f2990f9cf42,1,226,ZFM-04083
whisking,no_stim,0.24999999999999983,485.37729178321155,349.7237494957528,bd02e951-760a-448d-9c52-3f2990f9cf42,1,226,ZFM-04083
whisking,no_stim,0.3499999999999998,592.3419066134184,456.68836432595964,bd02e951-760a-448d-9c52-3f2990f9cf42,1,226,ZFM-04083
whisking,no_stim,0.4499999999999998,650.0736035077008,514.4200612202421,bd02e951-760a-448d-9c52-3f2990f9cf42,1,226,ZFM-04083
whisking,no_stim,0.5499999999999998,677.0632434250136,541.409701137555,bd02e951-760a-448d-9c52-3f2990f9cf42,1,226,ZFM-04083
whisking,no_stim,0.6499999999999998,693.2501655948404,557.5966233073816,bd02e951-760a-448d-9c52-3f2990f9cf42,1,226,ZFM-04083
whisking,no_stim,0.7499999999999998,709.7383580757128,574.084815788254,bd02e951-760a-448d-9c52-3f2990f9cf42,1,226,ZFM-04083
whisking,no_stim,0.8499999999999998,718.9373583314813,583.2838160440226,bd02e951-760a-448d-9c52-3f2990f9cf42,1,226,ZFM-04083
whisking,no_stim,0.9499999999999997,722.0991484853273,586.4456061978685,bd02e951-760a-448d-9c52-3f2990f9cf42,1,226,ZFM-04083
whisking,no_stim,1.0499999999999996,718.5774026538761,582.9238603664173,bd02e951-760a-448d-9c52-3f2990f9cf42,1,226,ZFM-04083
whisking,no_stim,1.1499999999999997,711.14626012656,575.4927178391013,bd02e951-760a-448d-9c52-3f2990f9cf42,1,226,ZFM-04083
whisking,no_stim,1.2499999999999998,703.8691180923859,568.2155758049271,bd02e951-760a-448d-9c52-3f2990f9cf42,1,226,ZFM-04083
whisking,no_stim,1.3499999999999996,694.9874026735324,559.3338603860736,bd02e951-760a-448d-9c52-3f2990f9cf42,1,226,ZFM-04083
whisking,no_stim,1.4499999999999995,685.6884508946415,550.0349086071828,bd02e951-760a-448d-9c52-3f2990f9cf42,1,226,ZFM-04083
whisking,no_stim,1.5499999999999996,672.8222278015638,537.1686855141052,bd02e951-760a-448d-9c52-3f2990f9cf42,1,226,ZFM-04083
whisking,no_stim,1.6499999999999997,652.4122732787647,516.758730991306,bd02e951-760a-448d-9c52-3f2990f9cf42,1,226,ZFM-04083
whisking,no_stim,1.7499999999999996,629.04488859828,493.39134631082123,bd02e951-760a-448d-9c52-3f2990f9cf42,1,226,ZFM-04083
whisking,no_stim,1.8499999999999994,609.569467321664,473.91592503420526,bd02e951-760a-448d-9c52-3f2990f9cf42,1,226,ZFM-04083
whisking,no_stim,1.9499999999999995,583.124753886052,447.47121159859324,bd02e951-760a-448d-9c52-3f2990f9cf42,1,226,ZFM-04083
whisking,no_stim,2.0499999999999994,551.4069652264735,415.7534229390148,bd02e951-760a-448d-9c52-3f2990f9cf42,1,226,ZFM-04083
whisking,no_stim,2.1499999999999995,516.1779798021461,380.52443751468735,bd02e951-760a-448d-9c52-3f2990f9cf42,1,226,ZFM-04083
whisking,no_stim,2.249999999999999,477.50547735175695,341.85193506429823,bd02e951-760a-448d-9c52-3f2990f9cf42,1,226,ZFM-04083
whisking,no_stim,2.349999999999999,443.6487901163342,307.9952478288755,bd02e951-760a-448d-9c52-3f2990f9cf42,1,226,ZFM-04083
whisking,no_stim,2.4499999999999993,403.51776012018195,267.8642178327232,bd02e951-760a-448d-9c52-3f2990f9cf42,1,226,ZFM-04083
whisking,no_stim,2.549999999999999,365.157083862613,229.50354157515426,bd02e951-760a-448d-9c52-3f2990f9cf42,1,226,ZFM-04083
whisking,no_stim,2.649999999999999,331.71298170833023,196.0594394208715,bd02e951-760a-448d-9c52-3f2990f9cf42,1,226,ZFM-04083
whisking,no_stim,2.749999999999999,312.5164293199025,176.86288703244378,bd02e951-760a-448d-9c52-3f2990f9cf42,1,226,ZFM-04083
whisking,no_stim,2.849999999999999,308.82740420578597,173.17386191832725,bd02e951-760a-448d-9c52-3f2990f9cf42,1,226,ZFM-04083
whisking,no_stim,2.9499999999999993,309.2039533804321,173.55041109297338,bd02e951-760a-448d-9c52-3f2990f9cf42,1,226,ZFM-04083
whisking,no_stim,3.049999999999999,309.567683711198,173.9141414237393,bd02e951-760a-448d-9c52-3f2990f9cf42,1,226,ZFM-04083
whisking,no_stim,3.149999999999999,317.3775910321811,181.72404874472238,bd02e951-760a-448d-9c52-3f2990f9cf42,1,226,ZFM-04083
whisking,no_stim,3.249999999999999,338.4799086569779,202.82636636951918,bd02e951-760a-448d-9c52-3f2990f9cf42,1,226,ZFM-04083
whisking,no_stim,3.3499999999999988,363.90436607938824,228.25082379192952,bd02e951-760a-448d-9c52-3f2990f9cf42,1,226,ZFM-04083
whisking,no_stim,3.449999999999999,386.9113168869758,251.25777459951706,bd02e951-760a-448d-9c52-3f2990f9cf42,1,226,ZFM-04083
whisking,no_stim,3.549999999999999,401.10142997327125,265.44788768581253,bd02e951-760a-448d-9c52-3f2990f9cf42,1,226,ZFM-04083
whisking,no_stim,3.649999999999999,422.9374204888639,287.2838782014052,bd02e951-760a-448d-9c52-3f2990f9cf42,1,226,ZFM-04083
whisking,no_stim,3.749999999999999,443.39919961726605,307.74565732980733,bd02e951-760a-448d-9c52-3f2990f9cf42,1,226,ZFM-04083
whisking,no_stim,3.8499999999999988,459.1886142189894,323.5350719315307,bd02e951-760a-448d-9c52-3f2990f9cf42,1,226,ZFM-04083
whisking,no_stim,3.949999999999999,463.90299185086735,328.24944956340863,bd02e951-760a-448d-9c52-3f2990f9cf42,1,226,ZFM-04083
whisking,stim,-0.45,260.45828733522114,52.96965248673453,40b82e4e-4df4-4638-8c06-1d7ce0a58015,1,364,ZFM-04080
whisking,stim,-0.35000000000000003,202.59827884988667,-4.890355998599944,40b82e4e-4df4-4638-8c06-1d7ce0a58015,1,364,ZFM-04080
whisking,stim,-0.25000000000000006,168.18744477787985,-39.301190070606765,40b82e4e-4df4-4638-8c06-1d7ce0a58015,1,364,ZFM-04080
whisking,stim,-0.15000000000000008,149.1958201926863,-58.2928146558003,40b82e4e-4df4-4638-8c06-1d7ce0a58015,1,364,ZFM-04080
whisking,stim,-0.050000000000000086,257.00334308675906,49.51470823827245,40b82e4e-4df4-4638-8c06-1d7ce0a58015,1,364,ZFM-04080
whisking,stim,0.04999999999999989,490.92790104235377,283.4392661938672,40b82e4e-4df4-4638-8c06-1d7ce0a58015,1,364,ZFM-04080
whisking,stim,0.14999999999999986,710.327281054009,502.8386462055223,40b82e4e-4df4-4638-8c06-1d7ce0a58015,1,364,ZFM-04080
whisking,stim,0.24999999999999983,794.9179090354603,587.4292741869737,40b82e4e-4df4-4638-8c06-1d7ce0a58015,1,364,ZFM-04080
whisking,stim,0.3499999999999998,769.6122774462092,562.1236425977226,40b82e4e-4df4-4638-8c06-1d7ce0a58015,1,364,ZFM-04080
whisking,stim,0.4499999999999998,765.5624732698257,558.073838421339,40b82e4e-4df4-4638-8c06-1d7ce0a58015,1,364,ZFM-04080
whisking,stim,0.5499999999999998,781.7811840283565,574.2925491798699,40b82e4e-4df4-4638-8c06-1d7ce0a58015,1,364,ZFM-04080
whisking,stim,0.6499999999999998,792.4724667118445,584.9838318633579,40b82e4e-4df4-4638-8c06-1d7ce0a58015,1,364,ZFM-04080
whisking,stim,0.7499999999999998,789.6740397939725,582.1854049454859,40b82e4e-4df4-4638-8c06-1d7ce0a58015,1,364,ZFM-04080
whisking,stim,0.8499999999999998,774.7987052767153,567.3100704282286,40b82e4e-4df4-4638-8c06-1d7ce0a58015,1,364,ZFM-04080
whisking,stim,0.9499999999999997,757.6428496364124,550.1542147879258,40b82e4e-4df4-4638-8c06-1d7ce0a58015,1,364,ZFM-04080
whisking,stim,1.0499999999999996,741.8987102153865,534.4100753668998,40b82e4e-4df4-4638-8c06-1d7ce0a58015,1,364,ZFM-04080
whisking,stim,1.1499999999999997,728.2115812621188,520.7229464136321,40b82e4e-4df4-4638-8c06-1d7ce0a58015,1,364,ZFM-04080
whisking,stim,1.2499999999999998,715.8275242480437,508.33888939955705,40b82e4e-4df4-4638-8c06-1d7ce0a58015,1,364,ZFM-04080
whisking,stim,1.3499999999999996,703.8344003548829,496.3457655063962,40b82e4e-4df4-4638-8c06-1d7ce0a58015,1,364,ZFM-04080
whisking,stim,1.4499999999999995,689.2985605393512,481.8099256908646,40b82e4e-4df4-4638-8c06-1d7ce0a58015,1,364,ZFM-04080
whisking,stim,1.5499999999999996,667.4603484498023,459.9717136013156,40b82e4e-4df4-4638-8c06-1d7ce0a58015,1,364,ZFM-04080
whisking,stim,1.6499999999999997,642.3196931581911,434.8310583097044,40b82e4e-4df4-4638-8c06-1d7ce0a58015,1,364,ZFM-04080
whisking,stim,1.7499999999999996,621.8671516441384,414.37851679565176,40b82e4e-4df4-4638-8c06-1d7ce0a58015,1,364,ZFM-04080
whisking,stim,1.8499999999999994,603.0965306172079,395.6078957687213,40b82e4e-4df4-4638-8c06-1d7ce0a58015,1,364,ZFM-04080
whisking,stim,1.9499999999999995,582.1195442231455,374.6309093746588,40b82e4e-4df4-4638-8c06-1d7ce0a58015,1,364,ZFM-04080
whisking,stim,2.0499999999999994,553.8239416247862,346.3353067762996,40b82e4e-4df4-4638-8c06-1d7ce0a58015,1,364,ZFM-04080
whisking,stim,2.1499999999999995,528.497445955374,321.0088111068874,40b82e4e-4df4-4638-8c06-1d7ce0a58015,1,364,ZFM-04080
whisking,stim,2.249999999999999,509.01943326561803,301.53079841713145,40b82e4e-4df4-4638-8c06-1d7ce0a58015,1,364,ZFM-04080
whisking,stim,2.349999999999999,493.1447826805477,285.65614783206104,40b82e4e-4df4-4638-8c06-1d7ce0a58015,1,364,ZFM-04080
whisking,stim,2.4499999999999993,475.22659709185996,267.7379622433733,40b82e4e-4df4-4638-8c06-1d7ce0a58015,1,364,ZFM-04080
whisking,stim,2.549999999999999,463.7200232035965,256.23138835510986,40b82e4e-4df4-4638-8c06-1d7ce0a58015,1,364,ZFM-04080
whisking,stim,2.649999999999999,455.8086420906117,248.32000724212511,40b82e4e-4df4-4638-8c06-1d7ce0a58015,1,364,ZFM-04080
whisking,stim,2.749999999999999,444.9734933370635,237.48485848857686,40b82e4e-4df4-4638-8c06-1d7ce0a58015,1,364,ZFM-04080
whisking,stim,2.849999999999999,433.6610644268262,226.1724295783396,40b82e4e-4df4-4638-8c06-1d7ce0a58015,1,364,ZFM-04080
whisking,stim,2.9499999999999993,429.9875582080951,222.49892335960848,40b82e4e-4df4-4638-8c06-1d7ce0a58015,1,364,ZFM-04080
whisking,stim,3.049999999999999,435.3485256738476,227.85989082536096,40b82e4e-4df4-4638-8c06-1d7ce0a58015,1,364,ZFM-04080
whisking,stim,3.149999999999999,441.3040651064327,233.81543025794608,40b82e4e-4df4-4638-8c06-1d7ce0a58015,1,364,ZFM-04080
whisking,stim,3.249999999999999,443.8756073507856,236.38697250229896,40b82e4e-4df4-4638-8c06-1d7ce0a58015,1,364,ZFM-04080
whisking,stim,3.3499999999999988,453.4920132019462,246.00337835345957,40b82e4e-4df4-4638-8c06-1d7ce0a58015,1,364,ZFM-04080
whisking,stim,3.449999999999999,473.52301749465664,266.03438264617,40b82e4e-4df4-4638-8c06-1d7ce0a58015,1,364,ZFM-04080
whisking,stim,3.549999999999999,501.28886719000036,293.8002323415137,40b82e4e-4df4-4638-8c06-1d7ce0a58015,1,364,ZFM-04080
whisking,stim,3.649999999999999,533.2121033041155,325.7234684556289,40b82e4e-4df4-4638-8c06-1d7ce0a58015,1,364,ZFM-04080
whisking,stim,3.749999999999999,552.7006428072235,345.2120079587369,40b82e4e-4df4-4638-8c06-1d7ce0a58015,1,364,ZFM-04080
whisking,stim,3.8499999999999988,556.351767630429,348.86313278194234,40b82e4e-4df4-4638-8c06-1d7ce0a58015,1,364,ZFM-04080
whisking,stim,3.949999999999999,558.3509067748521,350.86227192636545,40b82e4e-4df4-4638-8c06-1d7ce0a58015,1,364,ZFM-04080
whisking,no_stim,-0.45,284.2852551782518,58.77156338198773,40b82e4e-4df4-4638-8c06-1d7ce0a58015,1,404,ZFM-04080
whisking,no_stim,-0.35000000000000003,220.6116896708695,-4.902002125394574,40b82e4e-4df4-4638-8c06-1d7ce0a58015,1,404,ZFM-04080
whisking,no_stim,-0.25000000000000006,176.73170118882237,-48.78199060744171,40b82e4e-4df4-4638-8c06-1d7ce0a58015,1,404,ZFM-04080
whisking,no_stim,-0.15000000000000008,160.0587500504281,-65.45494174583598,40b82e4e-4df4-4638-8c06-1d7ce0a58015,1,404,ZFM-04080
whisking,no_stim,-0.050000000000000086,285.8810628929487,60.36737109668462,40b82e4e-4df4-4638-8c06-1d7ce0a58015,1,404,ZFM-04080
whisking,no_stim,0.04999999999999989,525.7550932598659,300.24140146360185,40b82e4e-4df4-4638-8c06-1d7ce0a58015,1,404,ZFM-04080
whisking,no_stim,0.14999999999999986,732.1416719747597,506.6279801784956,40b82e4e-4df4-4638-8c06-1d7ce0a58015,1,404,ZFM-04080
whisking,no_stim,0.24999999999999983,800.4316491974964,574.9179574012323,40b82e4e-4df4-4638-8c06-1d7ce0a58015,1,404,ZFM-04080
whisking,no_stim,0.3499999999999998,772.0486115344985,546.5349197382344,40b82e4e-4df4-4638-8c06-1d7ce0a58015,1,404,ZFM-04080
whisking,no_stim,0.4499999999999998,771.2017353586486,545.6880435623846,40b82e4e-4df4-4638-8c06-1d7ce0a58015,1,404,ZFM-04080
whisking,no_stim,0.5499999999999998,784.527427814995,559.0137360187309,40b82e4e-4df4-4638-8c06-1d7ce0a58015,1,404,ZFM-04080
whisking,no_stim,0.6499999999999998,790.9614524349852,565.4477606387211,40b82e4e-4df4-4638-8c06-1d7ce0a58015,1,404,ZFM-04080
whisking,no_stim,0.7499999999999998,785.1359481365205,559.6222563402564,40b82e4e-4df4-4638-8c06-1d7ce0a58015,1,404,ZFM-04080
whisking,no_stim,0.8499999999999998,769.3137510043877,543.8000592081236,40b82e4e-4df4-4638-8c06-1d7ce0a58015,1,404,ZFM-04080
whisking,no_stim,0.9499999999999997,752.831793990373,527.3181021941089,40b82e4e-4df4-4638-8c06-1d7ce0a58015,1,404,ZFM-04080
whisking,no_stim,1.0499999999999996,740.1593243923302,514.6456325960661,40b82e4e-4df4-4638-8c06-1d7ce0a58015,1,404,ZFM-04080
whisking,no_stim,1.1499999999999997,727.9052141999947,502.3915224037306,40b82e4e-4df4-4638-8c06-1d7ce0a58015,1,404,ZFM-04080
whisking,no_stim,1.2499999999999998,713.803792627448,488.29010083118396,40b82e4e-4df4-4638-8c06-1d7ce0a58015,1,404,ZFM-04080
whisking,no_stim,1.3499999999999996,701.1168532085795,475.60316141231544,40b82e4e-4df4-4638-8c06-1d7ce0a58015,1,404,ZFM-04080
whisking,no_stim,1.4499999999999995,687.5837761128765,462.07008431661245,40b82e4e-4df4-4638-8c06-1d7ce0a58015,1,404,ZFM-04080
whisking,no_stim,1.5499999999999996,669.2921337283215,443.7784419320574,40b82e4e-4df4-4638-8c06-1d7ce0a58015,1,404,ZFM-04080
whisking,no_stim,1.6499999999999997,647.72228388488,422.2085920886159,40b82e4e-4df4-4638-8c06-1d7ce0a58015,1,404,ZFM-04080
whisking,no_stim,1.7499999999999996,629.1074332868925,403.5937414906284,40b82e4e-4df4-4638-8c06-1d7ce0a58015,1,404,ZFM-04080
whisking,no_stim,1.8499999999999994,610.6923328607966,385.1786410645325,40b82e4e-4df4-4638-8c06-1d7ce0a58015,1,404,ZFM-04080
whisking,no_stim,1.9499999999999995,590.0881552479568,364.57446345169274,40b82e4e-4df4-4638-8c06-1d7ce0a58015,1,404,ZFM-04080
whisking,no_stim,2.0499999999999994,568.0147791439853,342.5010873477212,40b82e4e-4df4-4638-8c06-1d7ce0a58015,1,404,ZFM-04080
whisking,no_stim,2.1499999999999995,544.7332789844542,319.2195871881901,40b82e4e-4df4-4638-8c06-1d7ce0a58015,1,404,ZFM-04080
whisking,no_stim,2.249999999999999,522.6384071721264,297.12471537586237,40b82e4e-4df4-4638-8c06-1d7ce0a58015,1,404,ZFM-04080
whisking,no_stim,2.349999999999999,502.15470302610436,276.6410112298403,40b82e4e-4df4-4638-8c06-1d7ce0a58015,1,404,ZFM-04080
whisking,no_stim,2.4499999999999993,489.20409859500387,263.6904067987398,40b82e4e-4df4-4638-8c06-1d7ce0a58015,1,404,ZFM-04080
whisking,no_stim,2.549999999999999,477.0443306694589,251.5306388731948,40b82e4e-4df4-4638-8c06-1d7ce0a58015,1,404,ZFM-04080
whisking,no_stim,2.649999999999999,467.4692162718131,241.955524475549,40b82e4e-4df4-4638-8c06-1d7ce0a58015,1,404,ZFM-04080
whisking,no_stim,2.749999999999999,462.1635280519237,236.64983625565964,40b82e4e-4df4-4638-8c06-1d7ce0a58015,1,404,ZFM-04080
whisking,no_stim,2.849999999999999,468.9284864031646,243.4147946069005,40b82e4e-4df4-4638-8c06-1d7ce0a58015,1,404,ZFM-04080
whisking,no_stim,2.9499999999999993,473.1129749553578,247.59928315909372,40b82e4e-4df4-4638-8c06-1d7ce0a58015,1,404,ZFM-04080
whisking,no_stim,3.049999999999999,470.6767506875692,245.16305889130513,40b82e4e-4df4-4638-8c06-1d7ce0a58015,1,404,ZFM-04080
whisking,no_stim,3.149999999999999,462.23819455083145,236.72450275456737,40b82e4e-4df4-4638-8c06-1d7ce0a58015,1,404,ZFM-04080
whisking,no_stim,3.249999999999999,462.18635314670667,236.67266135044258,40b82e4e-4df4-4638-8c06-1d7ce0a58015,1,404,ZFM-04080
whisking,no_stim,3.3499999999999988,473.8542660965044,248.3405743002403,40b82e4e-4df4-4638-8c06-1d7ce0a58015,1,404,ZFM-04080
whisking,no_stim,3.449999999999999,491.6287220572569,266.1150302609928,40b82e4e-4df4-4638-8c06-1d7ce0a58015,1,404,ZFM-04080
whisking,no_stim,3.549999999999999,524.2222349665461,298.70854317028204,40b82e4e-4df4-4638-8c06-1d7ce0a58015,1,404,ZFM-04080
whisking,no_stim,3.649999999999999,564.5209762685745,339.0072844723104,40b82e4e-4df4-4638-8c06-1d7ce0a58015,1,404,ZFM-04080
whisking,no_stim,3.749999999999999,600.7408042745526,375.2271124782885,40b82e4e-4df4-4638-8c06-1d7ce0a58015,1,404,ZFM-04080
whisking,no_stim,3.8499999999999988,617.3909230261354,391.8772312298713,40b82e4e-4df4-4638-8c06-1d7ce0a58015,1,404,ZFM-04080
whisking,no_stim,3.949999999999999,621.4335661428356,395.91987434657153,40b82e4e-4df4-4638-8c06-1d7ce0a58015,1,404,ZFM-04080
whisking,stim,-0.45,220.82784410296702,52.35251542633111,08371a0c-22d9-4f6e-ac22-c15788b39180,1,325,ZFM-04080
whisking,stim,-0.35000000000000003,170.0850692476867,1.6097405710507928,08371a0c-22d9-4f6e-ac22-c15788b39180,1,325,ZFM-04080
whisking,stim,-0.25000000000000006,137.94563381758965,-30.52969485904626,08371a0c-22d9-4f6e-ac22-c15788b39180,1,325,ZFM-04080
whisking,stim,-0.15000000000000008,116.33767944348584,-52.13764923315007,08371a0c-22d9-4f6e-ac22-c15788b39180,1,325,ZFM-04080
whisking,stim,-0.050000000000000086,197.1804167714502,28.7050880948143,08371a0c-22d9-4f6e-ac22-c15788b39180,1,325,ZFM-04080
whisking,stim,0.04999999999999989,394.89808587893685,226.42275720230094,08371a0c-22d9-4f6e-ac22-c15788b39180,1,325,ZFM-04080
whisking,stim,0.14999999999999986,609.4468880561969,440.97155937956103,08371a0c-22d9-4f6e-ac22-c15788b39180,1,325,ZFM-04080
whisking,stim,0.24999999999999983,718.9690841517264,550.4937554750904,08371a0c-22d9-4f6e-ac22-c15788b39180,1,325,ZFM-04080
whisking,stim,0.3499999999999998,718.823365260205,550.3480365835692,08371a0c-22d9-4f6e-ac22-c15788b39180,1,325,ZFM-04080
whisking,stim,0.4499999999999998,711.7094339770625,543.2341053004266,08371a0c-22d9-4f6e-ac22-c15788b39180,1,325,ZFM-04080
whisking,stim,0.5499999999999998,729.994024488588,561.518695811952,08371a0c-22d9-4f6e-ac22-c15788b39180,1,325,ZFM-04080
whisking,stim,0.6499999999999998,748.8469849079008,580.371656231265,08371a0c-22d9-4f6e-ac22-c15788b39180,1,325,ZFM-04080
whisking,stim,0.7499999999999998,761.1363866703491,592.6610579937133,08371a0c-22d9-4f6e-ac22-c15788b39180,1,325,ZFM-04080
whisking,stim,0.8499999999999998,759.4087607491721,590.9334320725361,08371a0c-22d9-4f6e-ac22-c15788b39180,1,325,ZFM-04080
whisking,stim,0.9499999999999997,754.0483001908196,585.5729715141838,08371a0c-22d9-4f6e-ac22-c15788b39180,1,325,ZFM-04080
whisking,stim,1.0499999999999996,752.3783947150675,583.9030660384317,08371a0c-22d9-4f6e-ac22-c15788b39180,1,325,ZFM-04080
whisking,stim,1.1499999999999997,750.7329842338929,582.2576555572571,08371a0c-22d9-4f6e-ac22-c15788b39180,1,325,ZFM-04080
whisking,stim,1.2499999999999998,746.7378281128417,578.2624994362059,08371a0c-22d9-4f6e-ac22-c15788b39180,1,325,ZFM-04080
whisking,stim,1.3499999999999996,739.4595772608842,570.9842485842482,08371a0c-22d9-4f6e-ac22-c15788b39180,1,325,ZFM-04080
whisking,stim,1.4499999999999995,735.3753468215036,566.9000181448678,08371a0c-22d9-4f6e-ac22-c15788b39180,1,325,ZFM-04080
whisking,stim,1.5499999999999996,733.6561481801389,565.180819503503,08371a0c-22d9-4f6e-ac22-c15788b39180,1,325,ZFM-04080
whisking,stim,1.6499999999999997,733.1062332555787,564.6309045789428,08371a0c-22d9-4f6e-ac22-c15788b39180,1,325,ZFM-04080
whisking,stim,1.7499999999999996,728.6589505572109,560.183621880575,08371a0c-22d9-4f6e-ac22-c15788b39180,1,325,ZFM-04080
whisking,stim,1.8499999999999994,719.1752474911275,550.6999188144916,08371a0c-22d9-4f6e-ac22-c15788b39180,1,325,ZFM-04080
whisking,stim,1.9499999999999995,709.4860873758821,541.0107586992463,08371a0c-22d9-4f6e-ac22-c15788b39180,1,325,ZFM-04080
whisking,stim,2.0499999999999994,696.1780026837167,527.7026740070808,08371a0c-22d9-4f6e-ac22-c15788b39180,1,325,ZFM-04080
whisking,stim,2.1499999999999995,686.3774199540103,517.9020912773744,08371a0c-22d9-4f6e-ac22-c15788b39180,1,325,ZFM-04080
whisking,stim,2.249999999999999,677.0334972246366,508.55816854800065,08371a0c-22d9-4f6e-ac22-c15788b39180,1,325,ZFM-04080
whisking,stim,2.349999999999999,664.930696019403,496.45536734276703,08371a0c-22d9-4f6e-ac22-c15788b39180,1,325,ZFM-04080
whisking,stim,2.4499999999999993,641.5025353307989,473.02720665416297,08371a0c-22d9-4f6e-ac22-c15788b39180,1,325,ZFM-04080
whisking,stim,2.549999999999999,611.8151985736264,443.3398698969905,08371a0c-22d9-4f6e-ac22-c15788b39180,1,325,ZFM-04080
whisking,stim,2.649999999999999,582.9859056894594,414.5105770128235,08371a0c-22d9-4f6e-ac22-c15788b39180,1,325,ZFM-04080
whisking,stim,2.749999999999999,557.835336511895,389.36000783525907,08371a0c-22d9-4f6e-ac22-c15788b39180,1,325,ZFM-04080
whisking,stim,2.849999999999999,531.3219558404157,362.84662716377983,08371a0c-22d9-4f6e-ac22-c15788b39180,1,325,ZFM-04080
whisking,stim,2.9499999999999993,499.4009554092682,330.9256267326323,08371a0c-22d9-4f6e-ac22-c15788b39180,1,325,ZFM-04080
whisking,stim,3.049999999999999,466.19401658185427,297.71868790521836,08371a0c-22d9-4f6e-ac22-c15788b39180,1,325,ZFM-04080
whisking,stim,3.149999999999999,439.06999113211265,270.59466245547674,08371a0c-22d9-4f6e-ac22-c15788b39180,1,325,ZFM-04080
whisking,stim,3.249999999999999,413.64372616570535,245.16839748906943,08371a0c-22d9-4f6e-ac22-c15788b39180,1,325,ZFM-04080
whisking,stim,3.3499999999999988,389.4802313849267,221.00490270829079,08371a0c-22d9-4f6e-ac22-c15788b39180,1,325,ZFM-04080
whisking,stim,3.449999999999999,373.3849706400999,204.90964196346397,08371a0c-22d9-4f6e-ac22-c15788b39180,1,325,ZFM-04080
whisking,stim,3.549999999999999,370.53925730366325,202.06392862702734,08371a0c-22d9-4f6e-ac22-c15788b39180,1,325,ZFM-04080
whisking,stim,3.649999999999999,383.45497961043185,214.97965093379594,08371a0c-22d9-4f6e-ac22-c15788b39180,1,325,ZFM-04080
whisking,stim,3.749999999999999,402.03311948081955,233.55779080418364,08371a0c-22d9-4f6e-ac22-c15788b39180,1,325,ZFM-04080
whisking,stim,3.8499999999999988,425.3275810288371,256.85225235220116,08371a0c-22d9-4f6e-ac22-c15788b39180,1,325,ZFM-04080
whisking,stim,3.949999999999999,445.21714100188683,276.7418123252509,08371a0c-22d9-4f6e-ac22-c15788b39180,1,325,ZFM-04080
whisking,no_stim,-0.45,261.4359689961083,61.536557234833964,08371a0c-22d9-4f6e-ac22-c15788b39180,1,265,ZFM-04080
whisking,no_stim,-0.35000000000000003,200.49542600630642,0.5960142450321086,08371a0c-22d9-4f6e-ac22-c15788b39180,1,265,ZFM-04080
whisking,no_stim,-0.25000000000000006,167.3124750463896,-32.5869367148847,08371a0c-22d9-4f6e-ac22-c15788b39180,1,265,ZFM-04080
whisking,no_stim,-0.15000000000000008,142.50064901135883,-57.39876274991548,08371a0c-22d9-4f6e-ac22-c15788b39180,1,265,ZFM-04080
whisking,no_stim,-0.050000000000000086,227.75253974620838,27.853127984934076,08371a0c-22d9-4f6e-ac22-c15788b39180,1,265,ZFM-04080
whisking,no_stim,0.04999999999999989,435.3824365884492,235.4830248271749,08371a0c-22d9-4f6e-ac22-c15788b39180,1,265,ZFM-04080
whisking,no_stim,0.14999999999999986,661.4250895535216,461.5256777922473,08371a0c-22d9-4f6e-ac22-c15788b39180,1,265,ZFM-04080
whisking,no_stim,0.24999999999999983,777.0275445935243,577.12813283225,08371a0c-22d9-4f6e-ac22-c15788b39180,1,265,ZFM-04080
whisking,no_stim,0.3499999999999998,776.6526608752664,576.7532491139921,08371a0c-22d9-4f6e-ac22-c15788b39180,1,265,ZFM-04080
whisking,no_stim,0.4499999999999998,766.8655546797218,566.9661429184474,08371a0c-22d9-4f6e-ac22-c15788b39180,1,265,ZFM-04080
whisking,no_stim,0.5499999999999998,774.9362358923416,575.0368241310673,08371a0c-22d9-4f6e-ac22-c15788b39180,1,265,ZFM-04080
whisking,no_stim,0.6499999999999998,787.3140765877872,587.4146648265129,08371a0c-22d9-4f6e-ac22-c15788b39180,1,265,ZFM-04080
whisking,no_stim,0.7499999999999998,798.4485320470662,598.5491202857919,08371a0c-22d9-4f6e-ac22-c15788b39180,1,265,ZFM-04080
whisking,no_stim,0.8499999999999998,796.3381075740957,596.4386958128214,08371a0c-22d9-4f6e-ac22-c15788b39180,1,265,ZFM-04080
whisking,no_stim,0.9499999999999997,786.3460105768739,586.4465988155996,08371a0c-22d9-4f6e-ac22-c15788b39180,1,265,ZFM-04080
whisking,no_stim,1.0499999999999996,780.1718942492932,580.2724824880189,08371a0c-22d9-4f6e-ac22-c15788b39180,1,265,ZFM-04080
whisking,no_stim,1.1499999999999997,775.7926602024911,575.8932484412168,08371a0c-22d9-4f6e-ac22-c15788b39180,1,265,ZFM-04080
whisking,no_stim,1.2499999999999998,771.9118627617046,572.0124510004302,08371a0c-22d9-4f6e-ac22-c15788b39180,1,265,ZFM-04080
whisking,no_stim,1.3499999999999996,767.1268667383897,567.2274549771154,08371a0c-22d9-4f6e-ac22-c15788b39180,1,265,ZFM-04080
whisking,no_stim,1.4499999999999995,764.6091047371692,564.7096929758949,08371a0c-22d9-4f6e-ac22-c15788b39180,1,265,ZFM-04080
whisking,no_stim,1.5499999999999996,764.3997594889644,564.50034772769,08371a0c-22d9-4f6e-ac22-c15788b39180,1,265,ZFM-04080
whisking,no_stim,1.6499999999999997,765.1860273017288,565.2866155404545,08371a0c-22d9-4f6e-ac22-c15788b39180,1,265,ZFM-04080
whisking,no_stim,1.7499999999999996,767.1034525753428,567.2040408140684,08371a0c-22d9-4f6e-ac22-c15788b39180,1,265,ZFM-04080
whisking,no_stim,1.8499999999999994,766.1910400409705,566.2916282796962,08371a0c-22d9-4f6e-ac22-c15788b39180,1,265,ZFM-04080
whisking,no_stim,1.9499999999999995,758.2196054401555,558.3201936788812,08371a0c-22d9-4f6e-ac22-c15788b39180,1,265,ZFM-04080
whisking,no_stim,2.0499999999999994,753.814841565327,553.9154298040527,08371a0c-22d9-4f6e-ac22-c15788b39180,1,265,ZFM-04080
whisking,no_stim,2.1499999999999995,747.1838398495925,547.2844280883181,08371a0c-22d9-4f6e-ac22-c15788b39180,1,265,ZFM-04080
whisking,no_stim,2.249999999999999,739.3971967294714,539.497784968197,08371a0c-22d9-4f6e-ac22-c15788b39180,1,265,ZFM-04080
whisking,no_stim,2.349999999999999,727.1626673818729,527.2632556205986,08371a0c-22d9-4f6e-ac22-c15788b39180,1,265,ZFM-04080
whisking,no_stim,2.4499999999999993,709.944446486373,510.0450347250986,08371a0c-22d9-4f6e-ac22-c15788b39180,1,265,ZFM-04080
whisking,no_stim,2.549999999999999,686.5533820199287,486.65397025865434,08371a0c-22d9-4f6e-ac22-c15788b39180,1,265,ZFM-04080
whisking,no_stim,2.649999999999999,656.0611375546592,456.1617257933849,08371a0c-22d9-4f6e-ac22-c15788b39180,1,265,ZFM-04080
whisking,no_stim,2.749999999999999,623.1396103441715,423.24019858289716,08371a0c-22d9-4f6e-ac22-c15788b39180,1,265,ZFM-04080
whisking,no_stim,2.849999999999999,586.7472615533807,386.84784979210633,08371a0c-22d9-4f6e-ac22-c15788b39180,1,265,ZFM-04080
whisking,no_stim,2.9499999999999993,552.8325481525587,352.9331363912844,08371a0c-22d9-4f6e-ac22-c15788b39180,1,265,ZFM-04080
whisking,no_stim,3.049999999999999,512.9345893646698,313.0351776033955,08371a0c-22d9-4f6e-ac22-c15788b39180,1,265,ZFM-04080
whisking,no_stim,3.149999999999999,470.6575248266869,270.75811306541254,08371a0c-22d9-4f6e-ac22-c15788b39180,1,265,ZFM-04080
whisking,no_stim,3.249999999999999,441.3494681732021,241.45005641192782,08371a0c-22d9-4f6e-ac22-c15788b39180,1,265,ZFM-04080
whisking,no_stim,3.3499999999999988,426.1622399521729,226.2628281908986,08371a0c-22d9-4f6e-ac22-c15788b39180,1,265,ZFM-04080
whisking,no_stim,3.449999999999999,429.26707614567135,229.36766438439705,08371a0c-22d9-4f6e-ac22-c15788b39180,1,265,ZFM-04080
whisking,no_stim,3.549999999999999,431.3490368234684,231.4496250621941,08371a0c-22d9-4f6e-ac22-c15788b39180,1,265,ZFM-04080
whisking,no_stim,3.649999999999999,448.8707059359134,248.9712941746391,08371a0c-22d9-4f6e-ac22-c15788b39180,1,265,ZFM-04080
whisking,no_stim,3.749999999999999,482.5895883897714,282.69017662849706,08371a0c-22d9-4f6e-ac22-c15788b39180,1,265,ZFM-04080
whisking,no_stim,3.8499999999999988,512.215049938615,312.3156381773407,08371a0c-22d9-4f6e-ac22-c15788b39180,1,265,ZFM-04080
whisking,no_stim,3.949999999999999,534.5293200645394,334.6299083032651,08371a0c-22d9-4f6e-ac22-c15788b39180,1,265,ZFM-04080
whisking,stim,-0.45,294.67716493868136,66.6696267818458,d45f1a4a-7f14-4f84-a85c-34b21c6d498c,1,221,ZFM-04080
whisking,stim,-0.35000000000000003,246.05849730042328,18.050959143587733,d45f1a4a-7f14-4f84-a85c-34b21c6d498c,1,221,ZFM-04080
whisking,stim,-0.25000000000000006,201.20543241547907,-26.802105741356485,d45f1a4a-7f14-4f84-a85c-34b21c6d498c,1,221,ZFM-04080
whisking,stim,-0.15000000000000008,165.71117908236815,-62.296359074467404,d45f1a4a-7f14-4f84-a85c-34b21c6d498c,1,221,ZFM-04080
whisking,stim,-0.050000000000000086,232.38541704722587,4.3778788903903205,d45f1a4a-7f14-4f84-a85c-34b21c6d498c,1,221,ZFM-04080
whisking,stim,0.04999999999999989,433.6405332404585,205.63299508362297,d45f1a4a-7f14-4f84-a85c-34b21c6d498c,1,221,ZFM-04080
whisking,stim,0.14999999999999986,648.0389229081127,420.03138475127713,d45f1a4a-7f14-4f84-a85c-34b21c6d498c,1,221,ZFM-04080
whisking,stim,0.24999999999999983,744.7326028298637,516.7250646730281,d45f1a4a-7f14-4f84-a85c-34b21c6d498c,1,221,ZFM-04080
whisking,stim,0.3499999999999998,725.2261734566732,497.2186352998377,d45f1a4a-7f14-4f84-a85c-34b21c6d498c,1,221,ZFM-04080
whisking,stim,0.4499999999999998,698.3065722859579,470.2990341291224,d45f1a4a-7f14-4f84-a85c-34b21c6d498c,1,221,ZFM-04080
whisking,stim,0.5499999999999998,699.4510185722278,471.44348041539223,d45f1a4a-7f14-4f84-a85c-34b21c6d498c,1,221,ZFM-04080
whisking,stim,0.6499999999999998,699.2773441453596,471.26980598852407,d45f1a4a-7f14-4f84-a85c-34b21c6d498c,1,221,ZFM-04080
whisking,stim,0.7499999999999998,705.236724563127,477.2291864062915,d45f1a4a-7f14-4f84-a85c-34b21c6d498c,1,221,ZFM-04080
whisking,stim,0.8499999999999998,706.3392859302685,478.33174777343294,d45f1a4a-7f14-4f84-a85c-34b21c6d498c,1,221,ZFM-04080
whisking,stim,0.9499999999999997,700.9101565457346,472.90261838889904,d45f1a4a-7f14-4f84-a85c-34b21c6d498c,1,221,ZFM-04080
whisking,stim,1.0499999999999996,694.4810627017239,466.47352454488833,d45f1a4a-7f14-4f84-a85c-34b21c6d498c,1,221,ZFM-04080
whisking,stim,1.1499999999999997,685.8766842468794,457.8691460900439,d45f1a4a-7f14-4f84-a85c-34b21c6d498c,1,221,ZFM-04080
whisking,stim,1.2499999999999998,677.2821656488043,449.2746274919687,d45f1a4a-7f14-4f84-a85c-34b21c6d498c,1,221,ZFM-04080
whisking,stim,1.3499999999999996,666.7712562028574,438.7637180460219,d45f1a4a-7f14-4f84-a85c-34b21c6d498c,1,221,ZFM-04080
whisking,stim,1.4499999999999995,663.6923306246532,435.68479246781766,d45f1a4a-7f14-4f84-a85c-34b21c6d498c,1,221,ZFM-04080
whisking,stim,1.5499999999999996,660.7793826854065,432.77184452857097,d45f1a4a-7f14-4f84-a85c-34b21c6d498c,1,221,ZFM-04080
whisking,stim,1.6499999999999997,658.2010325058171,430.1934943489816,d45f1a4a-7f14-4f84-a85c-34b21c6d498c,1,221,ZFM-04080
whisking,stim,1.7499999999999996,656.9304860863762,428.9229479295406,d45f1a4a-7f14-4f84-a85c-34b21c6d498c,1,221,ZFM-04080
whisking,stim,1.8499999999999994,658.9800932917857,430.97255513495014,d45f1a4a-7f14-4f84-a85c-34b21c6d498c,1,221,ZFM-04080
whisking,stim,1.9499999999999995,666.9055568514657,438.89801869463014,d45f1a4a-7f14-4f84-a85c-34b21c6d498c,1,221,ZFM-04080
whisking,stim,2.0499999999999994,670.861007704418,442.8534695475824,d45f1a4a-7f14-4f84-a85c-34b21c6d498c,1,221,ZFM-04080
whisking,stim,2.1499999999999995,668.4066644669363,440.3991263101007,d45f1a4a-7f14-4f84-a85c-34b21c6d498c,1,221,ZFM-04080
whisking,stim,2.249999999999999,655.1726672732744,427.1651291164389,d45f1a4a-7f14-4f84-a85c-34b21c6d498c,1,221,ZFM-04080
whisking,stim,2.349999999999999,632.0853403464564,404.07780218962085,d45f1a4a-7f14-4f84-a85c-34b21c6d498c,1,221,ZFM-04080
whisking,stim,2.4499999999999993,597.5889883628264,369.58145020599085,d45f1a4a-7f14-4f84-a85c-34b21c6d498c,1,221,ZFM-04080
whisking,stim,2.549999999999999,566.6261311147541,338.61859295791857,d45f1a4a-7f14-4f84-a85c-34b21c6d498c,1,221,ZFM-04080
whisking,stim,2.649999999999999,532.3599440729887,304.35240591615315,d45f1a4a-7f14-4f84-a85c-34b21c6d498c,1,221,ZFM-04080
whisking,stim,2.749999999999999,498.4584753985695,270.4509372417339,d45f1a4a-7f14-4f84-a85c-34b21c6d498c,1,221,ZFM-04080
whisking,stim,2.849999999999999,476.6479666633724,248.64042850653686,d45f1a4a-7f14-4f84-a85c-34b21c6d498c,1,221,ZFM-04080
whisking,stim,2.9499999999999993,470.2072301459121,242.19969198907654,d45f1a4a-7f14-4f84-a85c-34b21c6d498c,1,221,ZFM-04080
whisking,stim,3.049999999999999,473.2952560432657,245.28771788643013,d45f1a4a-7f14-4f84-a85c-34b21c6d498c,1,221,ZFM-04080
whisking,stim,3.149999999999999,465.8647240989908,237.85718594215524,d45f1a4a-7f14-4f84-a85c-34b21c6d498c,1,221,ZFM-04080
whisking,stim,3.249999999999999,449.7941334464891,221.78659528965358,d45f1a4a-7f14-4f84-a85c-34b21c6d498c,1,221,ZFM-04080
whisking,stim,3.3499999999999988,432.2680883899008,204.26055023306526,d45f1a4a-7f14-4f84-a85c-34b21c6d498c,1,221,ZFM-04080
whisking,stim,3.449999999999999,431.5879891158744,203.58045095903884,d45f1a4a-7f14-4f84-a85c-34b21c6d498c,1,221,ZFM-04080
whisking,stim,3.549999999999999,456.55501810330907,228.54747994647352,d45f1a4a-7f14-4f84-a85c-34b21c6d498c,1,221,ZFM-04080
whisking,stim,3.649999999999999,497.6964843217432,269.68894616490763,d45f1a4a-7f14-4f84-a85c-34b21c6d498c,1,221,ZFM-04080
whisking,stim,3.749999999999999,534.6349045530854,306.6273663962499,d45f1a4a-7f14-4f84-a85c-34b21c6d498c,1,221,ZFM-04080
whisking,stim,3.8499999999999988,559.0675945247818,331.0600563679463,d45f1a4a-7f14-4f84-a85c-34b21c6d498c,1,221,ZFM-04080
whisking,stim,3.949999999999999,563.6464972633147,335.63895910647915,d45f1a4a-7f14-4f84-a85c-34b21c6d498c,1,221,ZFM-04080
whisking,no_stim,-0.45,212.6050938045305,50.38957225388498,d45f1a4a-7f14-4f84-a85c-34b21c6d498c,1,205,ZFM-04080
whisking,no_stim,-0.35000000000000003,180.47033464075685,18.254813090111327,d45f1a4a-7f14-4f84-a85c-34b21c6d498c,1,205,ZFM-04080
whisking,no_stim,-0.25000000000000006,148.20999723399706,-14.005524316648462,d45f1a4a-7f14-4f84-a85c-34b21c6d498c,1,205,ZFM-04080
whisking,no_stim,-0.15000000000000008,110.84470141228475,-51.37082013836077,d45f1a4a-7f14-4f84-a85c-34b21c6d498c,1,205,ZFM-04080
whisking,no_stim,-0.050000000000000086,158.94748066165857,-3.2680408889869454,d45f1a4a-7f14-4f84-a85c-34b21c6d498c,1,205,ZFM-04080
whisking,no_stim,0.04999999999999989,366.8061348889884,204.5906133383429,d45f1a4a-7f14-4f84-a85c-34b21c6d498c,1,205,ZFM-04080
whisking,no_stim,0.14999999999999986,615.785206722007,453.5696851713615,d45f1a4a-7f14-4f84-a85c-34b21c6d498c,1,205,ZFM-04080
whisking,no_stim,0.24999999999999983,753.9610376365247,591.7455160858792,d45f1a4a-7f14-4f84-a85c-34b21c6d498c,1,205,ZFM-04080
whisking,no_stim,0.3499999999999998,743.2326503693366,581.0171288186912,d45f1a4a-7f14-4f84-a85c-34b21c6d498c,1,205,ZFM-04080
whisking,no_stim,0.4499999999999998,711.051373221781,548.8358516711355,d45f1a4a-7f14-4f84-a85c-34b21c6d498c,1,205,ZFM-04080
whisking,no_stim,0.5499999999999998,713.6570799568827,551.4415584062372,d45f1a4a-7f14-4f84-a85c-34b21c6d498c,1,205,ZFM-04080
whisking,no_stim,0.6499999999999998,723.7687442230111,561.5532226723656,d45f1a4a-7f14-4f84-a85c-34b21c6d498c,1,205,ZFM-04080
whisking,no_stim,0.7499999999999998,725.1374151186404,562.9218935679949,d45f1a4a-7f14-4f84-a85c-34b21c6d498c,1,205,ZFM-04080
whisking,no_stim,0.8499999999999998,718.5321371582245,556.316615607579,d45f1a4a-7f14-4f84-a85c-34b21c6d498c,1,205,ZFM-04080
whisking,no_stim,0.9499999999999997,710.037705332306,547.8221837816604,d45f1a4a-7f14-4f84-a85c-34b21c6d498c,1,205,ZFM-04080
whisking,no_stim,1.0499999999999996,696.3392131939551,534.1236916433095,d45f1a4a-7f14-4f84-a85c-34b21c6d498c,1,205,ZFM-04080
whisking,no_stim,1.1499999999999997,678.6134487600829,516.3979272094373,d45f1a4a-7f14-4f84-a85c-34b21c6d498c,1,205,ZFM-04080
whisking,no_stim,1.2499999999999998,655.1344942382742,492.9189726876287,d45f1a4a-7f14-4f84-a85c-34b21c6d498c,1,205,ZFM-04080
whisking,no_stim,1.3499999999999996,636.0580108032386,473.8424892525931,d45f1a4a-7f14-4f84-a85c-34b21c6d498c,1,205,ZFM-04080
whisking,no_stim,1.4499999999999995,617.3418647553896,455.12634320474405,d45f1a4a-7f14-4f84-a85c-34b21c6d498c,1,205,ZFM-04080
whisking,no_stim,1.5499999999999996,604.5608919988343,442.3453704481888,d45f1a4a-7f14-4f84-a85c-34b21c6d498c,1,205,ZFM-04080
whisking,no_stim,1.6499999999999997,602.3855928806441,440.1700713299986,d45f1a4a-7f14-4f84-a85c-34b21c6d498c,1,205,ZFM-04080
whisking,no_stim,1.7499999999999996,609.6513668485026,447.43584529785704,d45f1a4a-7f14-4f84-a85c-34b21c6d498c,1,205,ZFM-04080
whisking,no_stim,1.8499999999999994,614.6413748972697,452.42585334662414,d45f1a4a-7f14-4f84-a85c-34b21c6d498c,1,205,ZFM-04080
whisking,no_stim,1.9499999999999995,610.9845801451557,448.7690585945102,d45f1a4a-7f14-4f84-a85c-34b21c6d498c,1,205,ZFM-04080
whisking,no_stim,2.0499999999999994,604.6788587386766,442.46333718803106,d45f1a4a-7f14-4f84-a85c-34b21c6d498c,1,205,ZFM-04080
whisking,no_stim,2.1499999999999995,594.2780943463124,432.0625727956669,d45f1a4a-7f14-4f84-a85c-34b21c6d498c,1,205,ZFM-04080
whisking,no_stim,2.249999999999999,574.9478263291852,412.7323047785397,d45f1a4a-7f14-4f84-a85c-34b21c6d498c,1,205,ZFM-04080
whisking,no_stim,2.349999999999999,553.3230000586258,391.10747850798026,d45f1a4a-7f14-4f84-a85c-34b21c6d498c,1,205,ZFM-04080
whisking,no_stim,2.4499999999999993,529.7056064095525,367.490084858907,d45f1a4a-7f14-4f84-a85c-34b21c6d498c,1,205,ZFM-04080
whisking,no_stim,2.549999999999999,512.495271767274,350.27975021662843,d45f1a4a-7f14-4f84-a85c-34b21c6d498c,1,205,ZFM-04080
whisking,no_stim,2.649999999999999,496.7026938780662,334.4871723274207,d45f1a4a-7f14-4f84-a85c-34b21c6d498c,1,205,ZFM-04080
whisking,no_stim,2.749999999999999,478.0782689036548,315.8627473530093,d45f1a4a-7f14-4f84-a85c-34b21c6d498c,1,205,ZFM-04080
whisking,no_stim,2.849999999999999,448.7904115892786,286.5748900386331,d45f1a4a-7f14-4f84-a85c-34b21c6d498c,1,205,ZFM-04080
whisking,no_stim,2.9499999999999993,417.85869628472494,255.64317473407942,d45f1a4a-7f14-4f84-a85c-34b21c6d498c,1,205,ZFM-04080
whisking,no_stim,3.049999999999999,394.0705089038255,231.85498735317998,d45f1a4a-7f14-4f84-a85c-34b21c6d498c,1,205,ZFM-04080
whisking,no_stim,3.149999999999999,380.7815023843541,218.56598083370858,d45f1a4a-7f14-4f84-a85c-34b21c6d498c,1,205,ZFM-04080
whisking,no_stim,3.249999999999999,360.11910715151873,197.9035856008732,d45f1a4a-7f14-4f84-a85c-34b21c6d498c,1,205,ZFM-04080
whisking,no_stim,3.3499999999999988,340.0003537822162,177.7848322315707,d45f1a4a-7f14-4f84-a85c-34b21c6d498c,1,205,ZFM-04080
whisking,no_stim,3.449999999999999,337.69315538086073,175.4776338302152,d45f1a4a-7f14-4f84-a85c-34b21c6d498c,1,205,ZFM-04080
whisking,no_stim,3.549999999999999,360.67227071030794,198.45674915966242,d45f1a4a-7f14-4f84-a85c-34b21c6d498c,1,205,ZFM-04080
whisking,no_stim,3.649999999999999,394.99331378518093,232.7777922345354,d45f1a4a-7f14-4f84-a85c-34b21c6d498c,1,205,ZFM-04080
whisking,no_stim,3.749999999999999,418.51794018899403,256.3024186383485,d45f1a4a-7f14-4f84-a85c-34b21c6d498c,1,205,ZFM-04080
whisking,no_stim,3.8499999999999988,427.26551888947546,265.04999733882994,d45f1a4a-7f14-4f84-a85c-34b21c6d498c,1,205,ZFM-04080
whisking,no_stim,3.949999999999999,429.23462948178343,267.0191079311379,d45f1a4a-7f14-4f84-a85c-34b21c6d498c,1,205,ZFM-04080
whisking,stim,-0.45,93.83055794872797,-12.72758116648069,8a1808ee-44ab-4572-b7ac-921a1af98748,1,333,ZFM-04122
whisking,stim,-0.35000000000000003,84.7529211644617,-21.805217950746965,8a1808ee-44ab-4572-b7ac-921a1af98748,1,333,ZFM-04122
whisking,stim,-0.25000000000000006,80.15135501724197,-26.406784097966693,8a1808ee-44ab-4572-b7ac-921a1af98748,1,333,ZFM-04122
whisking,stim,-0.15000000000000008,93.076909654905,-13.481229460303666,8a1808ee-44ab-4572-b7ac-921a1af98748,1,333,ZFM-04122
whisking,stim,-0.050000000000000086,180.97895179070667,74.42081267549801,8a1808ee-44ab-4572-b7ac-921a1af98748,1,333,ZFM-04122
whisking,stim,0.04999999999999989,298.8514825638326,192.29334344862392,8a1808ee-44ab-4572-b7ac-921a1af98748,1,333,ZFM-04122
whisking,stim,0.14999999999999986,383.9743996325664,277.4162605173577,8a1808ee-44ab-4572-b7ac-921a1af98748,1,333,ZFM-04122
whisking,stim,0.24999999999999983,399.64480037363535,293.0866612584267,8a1808ee-44ab-4572-b7ac-921a1af98748,1,333,ZFM-04122
whisking,stim,0.3499999999999998,396.0958883927351,289.5377492775265,8a1808ee-44ab-4572-b7ac-921a1af98748,1,333,ZFM-04122
whisking,stim,0.4499999999999998,395.54025621188646,288.9821170966778,8a1808ee-44ab-4572-b7ac-921a1af98748,1,333,ZFM-04122
whisking,stim,0.5499999999999998,394.893048628867,288.3349095136583,8a1808ee-44ab-4572-b7ac-921a1af98748,1,333,ZFM-04122
whisking,stim,0.6499999999999998,393.49910969975576,286.94097058454713,8a1808ee-44ab-4572-b7ac-921a1af98748,1,333,ZFM-04122
whisking,stim,0.7499999999999998,393.112043662715,286.55390454750636,8a1808ee-44ab-4572-b7ac-921a1af98748,1,333,ZFM-04122
whisking,stim,0.8499999999999998,390.10985261374566,283.55171349853697,8a1808ee-44ab-4572-b7ac-921a1af98748,1,333,ZFM-04122
whisking,stim,0.9499999999999997,386.8126712528882,280.2545321376796,8a1808ee-44ab-4572-b7ac-921a1af98748,1,333,ZFM-04122
whisking,stim,1.0499999999999996,382.1201506472599,275.5620115320512,8a1808ee-44ab-4572-b7ac-921a1af98748,1,333,ZFM-04122
whisking,stim,1.1499999999999997,376.52681121426525,269.96867209905656,8a1808ee-44ab-4572-b7ac-921a1af98748,1,333,ZFM-04122
whisking,stim,1.2499999999999998,366.3328267531582,259.77468763794957,8a1808ee-44ab-4572-b7ac-921a1af98748,1,333,ZFM-04122
whisking,stim,1.3499999999999996,355.67257860046027,249.1144394852516,8a1808ee-44ab-4572-b7ac-921a1af98748,1,333,ZFM-04122
whisking,stim,1.4499999999999995,344.78936505851243,238.23122594330377,8a1808ee-44ab-4572-b7ac-921a1af98748,1,333,ZFM-04122
whisking,stim,1.5499999999999996,333.90217038386606,227.3440312686574,8a1808ee-44ab-4572-b7ac-921a1af98748,1,333,ZFM-04122
whisking,stim,1.6499999999999997,324.13873283384504,217.58059371863638,8a1808ee-44ab-4572-b7ac-921a1af98748,1,333,ZFM-04122
whisking,stim,1.7499999999999996,310.8499600572375,204.29182094202886,8a1808ee-44ab-4572-b7ac-921a1af98748,1,333,ZFM-04122
whisking,stim,1.8499999999999994,298.8243693064613,192.26623019125262,8a1808ee-44ab-4572-b7ac-921a1af98748,1,333,ZFM-04122
whisking,stim,1.9499999999999995,289.27422423576047,182.7160851205518,8a1808ee-44ab-4572-b7ac-921a1af98748,1,333,ZFM-04122
whisking,stim,2.0499999999999994,280.73582338450893,174.17768426930027,8a1808ee-44ab-4572-b7ac-921a1af98748,1,333,ZFM-04122
whisking,stim,2.1499999999999995,268.18635951670353,161.62822040149487,8a1808ee-44ab-4572-b7ac-921a1af98748,1,333,ZFM-04122
whisking,stim,2.249999999999999,253.74842751416793,147.19028839895927,8a1808ee-44ab-4572-b7ac-921a1af98748,1,333,ZFM-04122
whisking,stim,2.349999999999999,237.8264863903533,131.26834727514463,8a1808ee-44ab-4572-b7ac-921a1af98748,1,333,ZFM-04122
whisking,stim,2.4499999999999993,225.7140998008552,119.15596068564653,8a1808ee-44ab-4572-b7ac-921a1af98748,1,333,ZFM-04122
whisking,stim,2.549999999999999,214.9627639743191,108.40462485911044,8a1808ee-44ab-4572-b7ac-921a1af98748,1,333,ZFM-04122
whisking,stim,2.649999999999999,208.46080402477693,101.90266490956827,8a1808ee-44ab-4572-b7ac-921a1af98748,1,333,ZFM-04122
whisking,stim,2.749999999999999,203.24034566801078,96.68220655280211,8a1808ee-44ab-4572-b7ac-921a1af98748,1,333,ZFM-04122
whisking,stim,2.849999999999999,201.32571685808674,94.76757774287807,8a1808ee-44ab-4572-b7ac-921a1af98748,1,333,ZFM-04122
whisking,stim,2.9499999999999993,201.59287836994062,95.03473925473196,8a1808ee-44ab-4572-b7ac-921a1af98748,1,333,ZFM-04122
whisking,stim,3.049999999999999,207.0195673686408,100.46142825343213,8a1808ee-44ab-4572-b7ac-921a1af98748,1,333,ZFM-04122
whisking,stim,3.149999999999999,215.01920763654445,108.46106852133579,8a1808ee-44ab-4572-b7ac-921a1af98748,1,333,ZFM-04122
whisking,stim,3.249999999999999,220.90913195791404,114.35099284270538,8a1808ee-44ab-4572-b7ac-921a1af98748,1,333,ZFM-04122
whisking,stim,3.3499999999999988,226.880637855529,120.32249874032033,8a1808ee-44ab-4572-b7ac-921a1af98748,1,333,ZFM-04122
whisking,stim,3.449999999999999,232.1650946551942,125.60695553998553,8a1808ee-44ab-4572-b7ac-921a1af98748,1,333,ZFM-04122
whisking,stim,3.549999999999999,238.8041738660474,132.24603475083873,8a1808ee-44ab-4572-b7ac-921a1af98748,1,333,ZFM-04122
whisking,stim,3.649999999999999,246.3216583363451,139.76351922113645,8a1808ee-44ab-4572-b7ac-921a1af98748,1,333,ZFM-04122
whisking,stim,3.749999999999999,249.6900827216823,143.13194360647364,8a1808ee-44ab-4572-b7ac-921a1af98748,1,333,ZFM-04122
whisking,stim,3.8499999999999988,253.5181876190439,146.96004850383525,8a1808ee-44ab-4572-b7ac-921a1af98748,1,333,ZFM-04122
whisking,stim,3.949999999999999,250.96451425228432,144.40637513707566,8a1808ee-44ab-4572-b7ac-921a1af98748,1,333,ZFM-04122
whisking,no_stim,-0.45,91.90831775871982,-8.011753151008548,8a1808ee-44ab-4572-b7ac-921a1af98748,1,335,ZFM-04122
whisking,no_stim,-0.35000000000000003,81.66235413090526,-18.25771677882311,8a1808ee-44ab-4572-b7ac-921a1af98748,1,335,ZFM-04122
whisking,no_stim,-0.25000000000000006,73.0681737104998,-26.85189719922856,8a1808ee-44ab-4572-b7ac-921a1af98748,1,335,ZFM-04122
whisking,no_stim,-0.15000000000000008,82.4852347289522,-17.434836180776173,8a1808ee-44ab-4572-b7ac-921a1af98748,1,335,ZFM-04122
whisking,no_stim,-0.050000000000000086,170.47627421956471,70.55620330983635,8a1808ee-44ab-4572-b7ac-921a1af98748,1,335,ZFM-04122
whisking,no_stim,0.04999999999999989,288.68635578299734,188.76628487326897,8a1808ee-44ab-4572-b7ac-921a1af98748,1,335,ZFM-04122
whisking,no_stim,0.14999999999999986,373.45129125944175,273.5312203497134,8a1808ee-44ab-4572-b7ac-921a1af98748,1,335,ZFM-04122
whisking,no_stim,0.24999999999999983,383.97580250899506,284.05573159926666,8a1808ee-44ab-4572-b7ac-921a1af98748,1,335,ZFM-04122
whisking,no_stim,0.3499999999999998,375.78298101584045,275.86291010611205,8a1808ee-44ab-4572-b7ac-921a1af98748,1,335,ZFM-04122
whisking,no_stim,0.4499999999999998,373.2985669978474,273.37849608811905,8a1808ee-44ab-4572-b7ac-921a1af98748,1,335,ZFM-04122
whisking,no_stim,0.5499999999999998,369.3600669698223,269.4399960600939,8a1808ee-44ab-4572-b7ac-921a1af98748,1,335,ZFM-04122
whisking,no_stim,0.6499999999999998,365.595612364314,265.67554145458564,8a1808ee-44ab-4572-b7ac-921a1af98748,1,335,ZFM-04122
whisking,no_stim,0.7499999999999998,359.49570795035936,259.575637040631,8a1808ee-44ab-4572-b7ac-921a1af98748,1,335,ZFM-04122
whisking,no_stim,0.8499999999999998,350.9947343690868,251.07466345935845,8a1808ee-44ab-4572-b7ac-921a1af98748,1,335,ZFM-04122
whisking,no_stim,0.9499999999999997,341.3429915074236,241.42292059769525,8a1808ee-44ab-4572-b7ac-921a1af98748,1,335,ZFM-04122
whisking,no_stim,1.0499999999999996,333.6917495164803,233.77167860675192,8a1808ee-44ab-4572-b7ac-921a1af98748,1,335,ZFM-04122
whisking,no_stim,1.1499999999999997,328.01447594931955,228.09440503959118,8a1808ee-44ab-4572-b7ac-921a1af98748,1,335,ZFM-04122
whisking,no_stim,1.2499999999999998,323.21398072830766,223.2939098185793,8a1808ee-44ab-4572-b7ac-921a1af98748,1,335,ZFM-04122
whisking,no_stim,1.3499999999999996,318.4410589508641,218.52098804113572,8a1808ee-44ab-4572-b7ac-921a1af98748,1,335,ZFM-04122
whisking,no_stim,1.4499999999999995,311.81583882907285,211.89576791934448,8a1808ee-44ab-4572-b7ac-921a1af98748,1,335,ZFM-04122
whisking,no_stim,1.5499999999999996,303.15665484191237,203.236583932184,8a1808ee-44ab-4572-b7ac-921a1af98748,1,335,ZFM-04122
whisking,no_stim,1.6499999999999997,298.2334244896138,198.31335357988544,8a1808ee-44ab-4572-b7ac-921a1af98748,1,335,ZFM-04122
whisking,no_stim,1.7499999999999996,293.8089263259354,193.888855416207,8a1808ee-44ab-4572-b7ac-921a1af98748,1,335,ZFM-04122
whisking,no_stim,1.8499999999999994,284.42931014430206,184.5092392345737,8a1808ee-44ab-4572-b7ac-921a1af98748,1,335,ZFM-04122
whisking,no_stim,1.9499999999999995,269.97776831410926,170.0576974043809,8a1808ee-44ab-4572-b7ac-921a1af98748,1,335,ZFM-04122
whisking,no_stim,2.0499999999999994,253.0556801634799,153.13560925375154,8a1808ee-44ab-4572-b7ac-921a1af98748,1,335,ZFM-04122
whisking,no_stim,2.1499999999999995,244.08270436461217,144.1626334548838,8a1808ee-44ab-4572-b7ac-921a1af98748,1,335,ZFM-04122
whisking,no_stim,2.249999999999999,234.5111729472303,134.59110203750194,8a1808ee-44ab-4572-b7ac-921a1af98748,1,335,ZFM-04122
whisking,no_stim,2.349999999999999,223.8366493347319,123.91657842500354,8a1808ee-44ab-4572-b7ac-921a1af98748,1,335,ZFM-04122
whisking,no_stim,2.4499999999999993,212.11601966951835,112.19594875978999,8a1808ee-44ab-4572-b7ac-921a1af98748,1,335,ZFM-04122
whisking,no_stim,2.549999999999999,203.6264446398608,103.70637373013244,8a1808ee-44ab-4572-b7ac-921a1af98748,1,335,ZFM-04122
whisking,no_stim,2.649999999999999,205.59102686902386,105.6709559592955,8a1808ee-44ab-4572-b7ac-921a1af98748,1,335,ZFM-04122
whisking,no_stim,2.749999999999999,203.52137567086942,103.60130476114105,8a1808ee-44ab-4572-b7ac-921a1af98748,1,335,ZFM-04122
whisking,no_stim,2.849999999999999,200.77403279036545,100.85396188063709,8a1808ee-44ab-4572-b7ac-921a1af98748,1,335,ZFM-04122
whisking,no_stim,2.9499999999999993,198.11062811720456,98.19055720747619,8a1808ee-44ab-4572-b7ac-921a1af98748,1,335,ZFM-04122
whisking,no_stim,3.049999999999999,205.22784385219475,105.30777294246639,8a1808ee-44ab-4572-b7ac-921a1af98748,1,335,ZFM-04122
whisking,no_stim,3.149999999999999,216.51527511337372,116.59520420364535,8a1808ee-44ab-4572-b7ac-921a1af98748,1,335,ZFM-04122
whisking,no_stim,3.249999999999999,223.69410902982133,123.77403812009297,8a1808ee-44ab-4572-b7ac-921a1af98748,1,335,ZFM-04122
whisking,no_stim,3.3499999999999988,232.4350024488766,132.51493153914822,8a1808ee-44ab-4572-b7ac-921a1af98748,1,335,ZFM-04122
whisking,no_stim,3.449999999999999,240.3222017307271,140.40213082099874,8a1808ee-44ab-4572-b7ac-921a1af98748,1,335,ZFM-04122
whisking,no_stim,3.549999999999999,247.59765215238195,147.6775812426536,8a1808ee-44ab-4572-b7ac-921a1af98748,1,335,ZFM-04122
whisking,no_stim,3.649999999999999,251.9097897010026,151.98971879127424,8a1808ee-44ab-4572-b7ac-921a1af98748,1,335,ZFM-04122
whisking,no_stim,3.749999999999999,253.36722565807528,153.44715474834692,8a1808ee-44ab-4572-b7ac-921a1af98748,1,335,ZFM-04122
whisking,no_stim,3.8499999999999988,252.5508046676306,152.63073375790222,8a1808ee-44ab-4572-b7ac-921a1af98748,1,335,ZFM-04122
whisking,no_stim,3.949999999999999,252.0508800587322,152.13080914900382,8a1808ee-44ab-4572-b7ac-921a1af98748,1,335,ZFM-04122
whisking,stim,-0.45,81.8742224375105,-3.104130983738173,c3ac69ad-851a-475c-8ba8-e44e9bd76dcb,1,425,ZFM-04122
whisking,stim,-0.35000000000000003,71.71582003181912,-13.26253338942955,c3ac69ad-851a-475c-8ba8-e44e9bd76dcb,1,425,ZFM-04122
whisking,stim,-0.25000000000000006,58.18950423983197,-26.7888491814167,c3ac69ad-851a-475c-8ba8-e44e9bd76dcb,1,425,ZFM-04122
whisking,stim,-0.15000000000000008,55.575188260474434,-29.403165160774236,c3ac69ad-851a-475c-8ba8-e44e9bd76dcb,1,425,ZFM-04122
whisking,stim,-0.050000000000000086,157.5370321366074,72.55867871535872,c3ac69ad-851a-475c-8ba8-e44e9bd76dcb,1,425,ZFM-04122
whisking,stim,0.04999999999999989,301.3797810222714,216.40142760102273,c3ac69ad-851a-475c-8ba8-e44e9bd76dcb,1,425,ZFM-04122
whisking,stim,0.14999999999999986,417.2332619080331,332.2549084867844,c3ac69ad-851a-475c-8ba8-e44e9bd76dcb,1,425,ZFM-04122
whisking,stim,0.24999999999999983,438.7854245507677,353.80707112951904,c3ac69ad-851a-475c-8ba8-e44e9bd76dcb,1,425,ZFM-04122
whisking,stim,0.3499999999999998,438.5413588617183,353.5630054404696,c3ac69ad-851a-475c-8ba8-e44e9bd76dcb,1,425,ZFM-04122
whisking,stim,0.4499999999999998,443.7207880091166,358.74243458786793,c3ac69ad-851a-475c-8ba8-e44e9bd76dcb,1,425,ZFM-04122
whisking,stim,0.5499999999999998,443.55057943318843,358.57222601193973,c3ac69ad-851a-475c-8ba8-e44e9bd76dcb,1,425,ZFM-04122
whisking,stim,0.6499999999999998,444.8587136700755,359.88036024882683,c3ac69ad-851a-475c-8ba8-e44e9bd76dcb,1,425,ZFM-04122
whisking,stim,0.7499999999999998,447.95956829440905,362.9812148731604,c3ac69ad-851a-475c-8ba8-e44e9bd76dcb,1,425,ZFM-04122
whisking,stim,0.8499999999999998,449.3681821755837,364.389828754335,c3ac69ad-851a-475c-8ba8-e44e9bd76dcb,1,425,ZFM-04122
whisking,stim,0.9499999999999997,444.9941123021795,360.0157588809308,c3ac69ad-851a-475c-8ba8-e44e9bd76dcb,1,425,ZFM-04122
whisking,stim,1.0499999999999996,436.6000688385269,351.6217154172782,c3ac69ad-851a-475c-8ba8-e44e9bd76dcb,1,425,ZFM-04122
whisking,stim,1.1499999999999997,426.59749929754935,341.61914587630065,c3ac69ad-851a-475c-8ba8-e44e9bd76dcb,1,425,ZFM-04122
whisking,stim,1.2499999999999998,417.3699428011599,332.39158937991124,c3ac69ad-851a-475c-8ba8-e44e9bd76dcb,1,425,ZFM-04122
whisking,stim,1.3499999999999996,403.4478647563028,318.4695113350541,c3ac69ad-851a-475c-8ba8-e44e9bd76dcb,1,425,ZFM-04122
whisking,stim,1.4499999999999995,390.09366092223775,305.11530750098905,c3ac69ad-851a-475c-8ba8-e44e9bd76dcb,1,425,ZFM-04122
whisking,stim,1.5499999999999996,374.72085365564214,289.74250023439345,c3ac69ad-851a-475c-8ba8-e44e9bd76dcb,1,425,ZFM-04122
whisking,stim,1.6499999999999997,358.19802364181174,273.2196702205631,c3ac69ad-851a-475c-8ba8-e44e9bd76dcb,1,425,ZFM-04122
whisking,stim,1.7499999999999996,340.03533028455587,255.0569768633072,c3ac69ad-851a-475c-8ba8-e44e9bd76dcb,1,425,ZFM-04122
whisking,stim,1.8499999999999994,316.63621554676246,231.6578621255138,c3ac69ad-851a-475c-8ba8-e44e9bd76dcb,1,425,ZFM-04122
whisking,stim,1.9499999999999995,293.3051439572236,208.32679053597494,c3ac69ad-851a-475c-8ba8-e44e9bd76dcb,1,425,ZFM-04122
whisking,stim,2.0499999999999994,271.63176821136705,186.65341479011838,c3ac69ad-851a-475c-8ba8-e44e9bd76dcb,1,425,ZFM-04122
whisking,stim,2.1499999999999995,249.34203724470564,164.36368382345697,c3ac69ad-851a-475c-8ba8-e44e9bd76dcb,1,425,ZFM-04122
whisking,stim,2.249999999999999,226.62987993005598,141.6515265088073,c3ac69ad-851a-475c-8ba8-e44e9bd76dcb,1,425,ZFM-04122
whisking,stim,2.349999999999999,204.00257604768004,119.02422262643137,c3ac69ad-851a-475c-8ba8-e44e9bd76dcb,1,425,ZFM-04122
whisking,stim,2.4499999999999993,185.31139672860996,100.3330433073613,c3ac69ad-851a-475c-8ba8-e44e9bd76dcb,1,425,ZFM-04122
whisking,stim,2.549999999999999,171.41477267229095,86.43641925104228,c3ac69ad-851a-475c-8ba8-e44e9bd76dcb,1,425,ZFM-04122
whisking,stim,2.649999999999999,159.6396242579566,74.66127083670793,c3ac69ad-851a-475c-8ba8-e44e9bd76dcb,1,425,ZFM-04122
whisking,stim,2.749999999999999,151.16805417752633,66.18970075627766,c3ac69ad-851a-475c-8ba8-e44e9bd76dcb,1,425,ZFM-04122
whisking,stim,2.849999999999999,143.62621798214346,58.64786456089479,c3ac69ad-851a-475c-8ba8-e44e9bd76dcb,1,425,ZFM-04122
whisking,stim,2.9499999999999993,135.00294812269323,50.024594701444556,c3ac69ad-851a-475c-8ba8-e44e9bd76dcb,1,425,ZFM-04122
whisking,stim,3.049999999999999,127.39273326155944,42.41437984031077,c3ac69ad-851a-475c-8ba8-e44e9bd76dcb,1,425,ZFM-04122
whisking,stim,3.149999999999999,124.89995735349099,39.92160393224232,c3ac69ad-851a-475c-8ba8-e44e9bd76dcb,1,425,ZFM-04122
whisking,stim,3.249999999999999,128.67519921546284,43.69684579421417,c3ac69ad-851a-475c-8ba8-e44e9bd76dcb,1,425,ZFM-04122
whisking,stim,3.3499999999999988,135.94494321505894,50.96658979381027,c3ac69ad-851a-475c-8ba8-e44e9bd76dcb,1,425,ZFM-04122
whisking,stim,3.449999999999999,148.19571991779085,63.21736649654218,c3ac69ad-851a-475c-8ba8-e44e9bd76dcb,1,425,ZFM-04122
whisking,stim,3.549999999999999,162.72929566039434,77.75094223914567,c3ac69ad-851a-475c-8ba8-e44e9bd76dcb,1,425,ZFM-04122
whisking,stim,3.649999999999999,174.57032992538342,89.59197650413475,c3ac69ad-851a-475c-8ba8-e44e9bd76dcb,1,425,ZFM-04122
whisking,stim,3.749999999999999,183.54824391187083,98.56989049062216,c3ac69ad-851a-475c-8ba8-e44e9bd76dcb,1,425,ZFM-04122
whisking,stim,3.8499999999999988,197.46605388484602,112.48770046359735,c3ac69ad-851a-475c-8ba8-e44e9bd76dcb,1,425,ZFM-04122
whisking,stim,3.949999999999999,217.1507503338048,132.17239691255614,c3ac69ad-851a-475c-8ba8-e44e9bd76dcb,1,425,ZFM-04122
whisking,no_stim,-0.45,79.42106441205573,-5.707801248817049,c3ac69ad-851a-475c-8ba8-e44e9bd76dcb,1,461,ZFM-04122
whisking,no_stim,-0.35000000000000003,69.8075910871579,-15.321274573714874,c3ac69ad-851a-475c-8ba8-e44e9bd76dcb,1,461,ZFM-04122
whisking,no_stim,-0.25000000000000006,56.36473684053679,-28.764128820335984,c3ac69ad-851a-475c-8ba8-e44e9bd76dcb,1,461,ZFM-04122
whisking,no_stim,-0.15000000000000008,56.37343849101328,-28.755427169859495,c3ac69ad-851a-475c-8ba8-e44e9bd76dcb,1,461,ZFM-04122
whisking,no_stim,-0.050000000000000086,163.67749747360014,78.54863181272736,c3ac69ad-851a-475c-8ba8-e44e9bd76dcb,1,461,ZFM-04122
whisking,no_stim,0.04999999999999989,312.8387336318517,227.70986797097893,c3ac69ad-851a-475c-8ba8-e44e9bd76dcb,1,461,ZFM-04122
whisking,no_stim,0.14999999999999986,430.91881127085395,345.78994560998115,c3ac69ad-851a-475c-8ba8-e44e9bd76dcb,1,461,ZFM-04122
whisking,no_stim,0.24999999999999983,451.15657207373914,366.02770641286634,c3ac69ad-851a-475c-8ba8-e44e9bd76dcb,1,461,ZFM-04122
whisking,no_stim,0.3499999999999998,448.86340984637366,363.7345441855009,c3ac69ad-851a-475c-8ba8-e44e9bd76dcb,1,461,ZFM-04122
whisking,no_stim,0.4499999999999998,452.44071960921025,367.31185394833744,c3ac69ad-851a-475c-8ba8-e44e9bd76dcb,1,461,ZFM-04122
whisking,no_stim,0.5499999999999998,453.24462571227684,368.1157600514041,c3ac69ad-851a-475c-8ba8-e44e9bd76dcb,1,461,ZFM-04122
whisking,no_stim,0.6499999999999998,454.46530790921946,369.33644224834666,c3ac69ad-851a-475c-8ba8-e44e9bd76dcb,1,461,ZFM-04122
whisking,no_stim,0.7499999999999998,454.515495641129,369.3866299802562,c3ac69ad-851a-475c-8ba8-e44e9bd76dcb,1,461,ZFM-04122
whisking,no_stim,0.8499999999999998,451.1351297792958,366.006264118423,c3ac69ad-851a-475c-8ba8-e44e9bd76dcb,1,461,ZFM-04122
whisking,no_stim,0.9499999999999997,444.15299527511934,359.0241296142466,c3ac69ad-851a-475c-8ba8-e44e9bd76dcb,1,461,ZFM-04122
whisking,no_stim,1.0499999999999996,433.7283020399608,348.59943637908805,c3ac69ad-851a-475c-8ba8-e44e9bd76dcb,1,461,ZFM-04122
whisking,no_stim,1.1499999999999997,419.9188733769226,334.7900077160498,c3ac69ad-851a-475c-8ba8-e44e9bd76dcb,1,461,ZFM-04122
whisking,no_stim,1.2499999999999998,406.6927286677901,321.56386300691736,c3ac69ad-851a-475c-8ba8-e44e9bd76dcb,1,461,ZFM-04122
whisking,no_stim,1.3499999999999996,388.64507563573284,303.5162099748601,c3ac69ad-851a-475c-8ba8-e44e9bd76dcb,1,461,ZFM-04122
whisking,no_stim,1.4499999999999995,369.9870693321713,284.8582036712985,c3ac69ad-851a-475c-8ba8-e44e9bd76dcb,1,461,ZFM-04122
whisking,no_stim,1.5499999999999996,350.28389711439,265.15503145351727,c3ac69ad-851a-475c-8ba8-e44e9bd76dcb,1,461,ZFM-04122
whisking,no_stim,1.6499999999999997,333.43348448471545,248.30461882384267,c3ac69ad-851a-475c-8ba8-e44e9bd76dcb,1,461,ZFM-04122
whisking,no_stim,1.7499999999999996,314.59394384083146,229.46507817995868,c3ac69ad-851a-475c-8ba8-e44e9bd76dcb,1,461,ZFM-04122
whisking,no_stim,1.8499999999999994,291.5888856887599,206.4600200278871,c3ac69ad-851a-475c-8ba8-e44e9bd76dcb,1,461,ZFM-04122
whisking,no_stim,1.9499999999999995,271.1642054003691,186.03533973949632,c3ac69ad-851a-475c-8ba8-e44e9bd76dcb,1,461,ZFM-04122
whisking,no_stim,2.0499999999999994,251.5377733698876,166.4089077090148,c3ac69ad-851a-475c-8ba8-e44e9bd76dcb,1,461,ZFM-04122
whisking,no_stim,2.1499999999999995,232.45974281676314,147.33087715589036,c3ac69ad-851a-475c-8ba8-e44e9bd76dcb,1,461,ZFM-04122
whisking,no_stim,2.249999999999999,211.8082483142227,126.67938265334993,c3ac69ad-851a-475c-8ba8-e44e9bd76dcb,1,461,ZFM-04122
whisking,no_stim,2.349999999999999,190.78343877670798,105.6545731158352,c3ac69ad-851a-475c-8ba8-e44e9bd76dcb,1,461,ZFM-04122
whisking,no_stim,2.4499999999999993,174.8830135416695,89.75414788079672,c3ac69ad-851a-475c-8ba8-e44e9bd76dcb,1,461,ZFM-04122
whisking,no_stim,2.549999999999999,161.8828510451204,76.75398538424761,c3ac69ad-851a-475c-8ba8-e44e9bd76dcb,1,461,ZFM-04122
whisking,no_stim,2.649999999999999,150.78828018699548,65.6594145261227,c3ac69ad-851a-475c-8ba8-e44e9bd76dcb,1,461,ZFM-04122
whisking,no_stim,2.749999999999999,139.28580973416172,54.15694407328894,c3ac69ad-851a-475c-8ba8-e44e9bd76dcb,1,461,ZFM-04122
whisking,no_stim,2.849999999999999,129.92399505911754,44.79512939824477,c3ac69ad-851a-475c-8ba8-e44e9bd76dcb,1,461,ZFM-04122
whisking,no_stim,2.9499999999999993,125.23678434199117,40.10791868111839,c3ac69ad-851a-475c-8ba8-e44e9bd76dcb,1,461,ZFM-04122
whisking,no_stim,3.049999999999999,123.27782749088507,38.1489618300123,c3ac69ad-851a-475c-8ba8-e44e9bd76dcb,1,461,ZFM-04122
whisking,no_stim,3.149999999999999,125.45542527735388,40.326559616481106,c3ac69ad-851a-475c-8ba8-e44e9bd76dcb,1,461,ZFM-04122
whisking,no_stim,3.249999999999999,133.7831473097496,48.65428164887683,c3ac69ad-851a-475c-8ba8-e44e9bd76dcb,1,461,ZFM-04122
whisking,no_stim,3.3499999999999988,146.39336689411982,61.264501233247046,c3ac69ad-851a-475c-8ba8-e44e9bd76dcb,1,461,ZFM-04122
whisking,no_stim,3.449999999999999,160.89812880822592,75.76926314735314,c3ac69ad-851a-475c-8ba8-e44e9bd76dcb,1,461,ZFM-04122
whisking,no_stim,3.549999999999999,175.16827801388845,90.03941235301568,c3ac69ad-851a-475c-8ba8-e44e9bd76dcb,1,461,ZFM-04122
whisking,no_stim,3.649999999999999,187.5483700056046,102.41950434473182,c3ac69ad-851a-475c-8ba8-e44e9bd76dcb,1,461,ZFM-04122
whisking,no_stim,3.749999999999999,199.55091145671327,114.42204579584049,c3ac69ad-851a-475c-8ba8-e44e9bd76dcb,1,461,ZFM-04122
whisking,no_stim,3.8499999999999988,212.80689181800528,127.6780261571325,c3ac69ad-851a-475c-8ba8-e44e9bd76dcb,1,461,ZFM-04122
whisking,no_stim,3.949999999999999,231.76658814641763,146.63772248554486,c3ac69ad-851a-475c-8ba8-e44e9bd76dcb,1,461,ZFM-04122
whisking,stim,-0.45,101.10771529547442,4.960322864328063,30e67309-433b-4839-88ad-2bef7b33d39e,1,166,ZFM-04122
whisking,stim,-0.35000000000000003,78.35699846546322,-17.790393965683137,30e67309-433b-4839-88ad-2bef7b33d39e,1,166,ZFM-04122
whisking,stim,-0.25000000000000006,59.591349729781484,-36.55604270136487,30e67309-433b-4839-88ad-2bef7b33d39e,1,166,ZFM-04122
whisking,stim,-0.15000000000000008,61.18549773204662,-34.96189469909974,30e67309-433b-4839-88ad-2bef7b33d39e,1,166,ZFM-04122
whisking,stim,-0.050000000000000086,180.49540093296608,84.34800850181972,30e67309-433b-4839-88ad-2bef7b33d39e,1,166,ZFM-04122
whisking,stim,0.04999999999999989,347.2455327018437,251.09814027069731,30e67309-433b-4839-88ad-2bef7b33d39e,1,166,ZFM-04122
whisking,stim,0.14999999999999986,477.0934401678654,380.94604773671904,30e67309-433b-4839-88ad-2bef7b33d39e,1,166,ZFM-04122
whisking,stim,0.24999999999999983,494.0350372956209,397.8876448644745,30e67309-433b-4839-88ad-2bef7b33d39e,1,166,ZFM-04122
whisking,stim,0.3499999999999998,479.5660122155899,383.41861978444354,30e67309-433b-4839-88ad-2bef7b33d39e,1,166,ZFM-04122
whisking,stim,0.4499999999999998,476.3369526935451,380.1895602623987,30e67309-433b-4839-88ad-2bef7b33d39e,1,166,ZFM-04122
whisking,stim,0.5499999999999998,474.8901589440631,378.7427665129168,30e67309-433b-4839-88ad-2bef7b33d39e,1,166,ZFM-04122
whisking,stim,0.6499999999999998,478.17054635685867,382.02315392571234,30e67309-433b-4839-88ad-2bef7b33d39e,1,166,ZFM-04122
whisking,stim,0.7499999999999998,483.45201161937774,387.3046191882314,30e67309-433b-4839-88ad-2bef7b33d39e,1,166,ZFM-04122
whisking,stim,0.8499999999999998,491.4764065720025,395.3290141408561,30e67309-433b-4839-88ad-2bef7b33d39e,1,166,ZFM-04122
whisking,stim,0.9499999999999997,492.300331559721,396.15293912857464,30e67309-433b-4839-88ad-2bef7b33d39e,1,166,ZFM-04122
whisking,stim,1.0499999999999996,489.6352418197709,393.48784938862457,30e67309-433b-4839-88ad-2bef7b33d39e,1,166,ZFM-04122
whisking,stim,1.1499999999999997,486.9082073504362,390.7608149192898,30e67309-433b-4839-88ad-2bef7b33d39e,1,166,ZFM-04122
whisking,stim,1.2499999999999998,480.1859639617071,384.0385715305607,30e67309-433b-4839-88ad-2bef7b33d39e,1,166,ZFM-04122
whisking,stim,1.3499999999999996,464.32081968829766,368.1734272571513,30e67309-433b-4839-88ad-2bef7b33d39e,1,166,ZFM-04122
whisking,stim,1.4499999999999995,443.35494781492935,347.20755538378296,30e67309-433b-4839-88ad-2bef7b33d39e,1,166,ZFM-04122
whisking,stim,1.5499999999999996,427.685810615324,331.53841818417766,30e67309-433b-4839-88ad-2bef7b33d39e,1,166,ZFM-04122
whisking,stim,1.6499999999999997,413.49920132390014,317.35180889275375,30e67309-433b-4839-88ad-2bef7b33d39e,1,166,ZFM-04122
whisking,stim,1.7499999999999996,397.3661339302706,301.21874149912423,30e67309-433b-4839-88ad-2bef7b33d39e,1,166,ZFM-04122
whisking,stim,1.8499999999999994,378.9820198319613,282.83462740081495,30e67309-433b-4839-88ad-2bef7b33d39e,1,166,ZFM-04122
whisking,stim,1.9499999999999995,363.6451699428575,267.4977775117111,30e67309-433b-4839-88ad-2bef7b33d39e,1,166,ZFM-04122
whisking,stim,2.0499999999999994,346.1702568514149,250.02286442026852,30e67309-433b-4839-88ad-2bef7b33d39e,1,166,ZFM-04122
whisking,stim,2.1499999999999995,318.96245477720976,222.8150623460634,30e67309-433b-4839-88ad-2bef7b33d39e,1,166,ZFM-04122
whisking,stim,2.249999999999999,289.6722468096524,193.52485437850603,30e67309-433b-4839-88ad-2bef7b33d39e,1,166,ZFM-04122
whisking,stim,2.349999999999999,268.5080266473584,172.36063421621205,30e67309-433b-4839-88ad-2bef7b33d39e,1,166,ZFM-04122
whisking,stim,2.4499999999999993,257.9908820865267,161.84348965538035,30e67309-433b-4839-88ad-2bef7b33d39e,1,166,ZFM-04122
whisking,stim,2.549999999999999,249.59276182373173,153.44536939258538,30e67309-433b-4839-88ad-2bef7b33d39e,1,166,ZFM-04122
whisking,stim,2.649999999999999,238.60327758648629,142.45588515533993,30e67309-433b-4839-88ad-2bef7b33d39e,1,166,ZFM-04122
whisking,stim,2.749999999999999,217.742645289656,121.59525285850964,30e67309-433b-4839-88ad-2bef7b33d39e,1,166,ZFM-04122
whisking,stim,2.849999999999999,196.93399896564847,100.78660653450211,30e67309-433b-4839-88ad-2bef7b33d39e,1,166,ZFM-04122
whisking,stim,2.9499999999999993,183.06326756086438,86.91587512971802,30e67309-433b-4839-88ad-2bef7b33d39e,1,166,ZFM-04122
whisking,stim,3.049999999999999,180.23447769369875,84.08708526255239,30e67309-433b-4839-88ad-2bef7b33d39e,1,166,ZFM-04122
whisking,stim,3.149999999999999,186.93020394947067,90.78281151832431,30e67309-433b-4839-88ad-2bef7b33d39e,1,166,ZFM-04122
whisking,stim,3.249999999999999,201.93028513091423,105.78289269976787,30e67309-433b-4839-88ad-2bef7b33d39e,1,166,ZFM-04122
whisking,stim,3.3499999999999988,217.65020740917083,121.50281497802447,30e67309-433b-4839-88ad-2bef7b33d39e,1,166,ZFM-04122
whisking,stim,3.449999999999999,230.63421047087158,134.48681803972522,30e67309-433b-4839-88ad-2bef7b33d39e,1,166,ZFM-04122
whisking,stim,3.549999999999999,240.42449301414382,144.27710058299746,30e67309-433b-4839-88ad-2bef7b33d39e,1,166,ZFM-04122
whisking,stim,3.649999999999999,254.95440878857866,158.8070163574323,30e67309-433b-4839-88ad-2bef7b33d39e,1,166,ZFM-04122
whisking,stim,3.749999999999999,267.5576194987711,171.41022706762473,30e67309-433b-4839-88ad-2bef7b33d39e,1,166,ZFM-04122
whisking,stim,3.8499999999999988,273.00368763475393,176.85629520360757,30e67309-433b-4839-88ad-2bef7b33d39e,1,166,ZFM-04122
whisking,stim,3.949999999999999,279.8256385999626,183.67824616881623,30e67309-433b-4839-88ad-2bef7b33d39e,1,166,ZFM-04122
whisking,no_stim,-0.45,92.87009465630645,-7.1151469102662475,30e67309-433b-4839-88ad-2bef7b33d39e,1,152,ZFM-04122
whisking,no_stim,-0.35000000000000003,82.77029012566243,-17.21495144091027,30e67309-433b-4839-88ad-2bef7b33d39e,1,152,ZFM-04122
whisking,no_stim,-0.25000000000000006,70.83827372053358,-29.146967846039118,30e67309-433b-4839-88ad-2bef7b33d39e,1,152,ZFM-04122
whisking,no_stim,-0.15000000000000008,69.20851672450624,-30.776724842066457,30e67309-433b-4839-88ad-2bef7b33d39e,1,152,ZFM-04122
whisking,no_stim,-0.050000000000000086,184.23903260585482,84.25379103928212,30e67309-433b-4839-88ad-2bef7b33d39e,1,152,ZFM-04122
whisking,no_stim,0.04999999999999989,356.1514782609294,256.1662366943567,30e67309-433b-4839-88ad-2bef7b33d39e,1,152,ZFM-04122
whisking,no_stim,0.14999999999999986,489.37495346153975,389.38971189496704,30e67309-433b-4839-88ad-2bef7b33d39e,1,152,ZFM-04122
whisking,no_stim,0.24999999999999983,499.54379319487884,399.55855162830613,30e67309-433b-4839-88ad-2bef7b33d39e,1,152,ZFM-04122
whisking,no_stim,0.3499999999999998,472.2427738485491,372.2575322819764,30e67309-433b-4839-88ad-2bef7b33d39e,1,152,ZFM-04122
whisking,no_stim,0.4499999999999998,465.4463384477611,365.4610968811884,30e67309-433b-4839-88ad-2bef7b33d39e,1,152,ZFM-04122
whisking,no_stim,0.5499999999999998,463.96798278275605,363.98274121618334,30e67309-433b-4839-88ad-2bef7b33d39e,1,152,ZFM-04122
whisking,no_stim,0.6499999999999998,469.00877531594796,369.02353374937525,30e67309-433b-4839-88ad-2bef7b33d39e,1,152,ZFM-04122
whisking,no_stim,0.7499999999999998,468.64126601514835,368.65602444857564,30e67309-433b-4839-88ad-2bef7b33d39e,1,152,ZFM-04122
whisking,no_stim,0.8499999999999998,464.11331975130787,364.12807818473516,30e67309-433b-4839-88ad-2bef7b33d39e,1,152,ZFM-04122
whisking,no_stim,0.9499999999999997,450.50898042844665,350.52373886187394,30e67309-433b-4839-88ad-2bef7b33d39e,1,152,ZFM-04122
whisking,no_stim,1.0499999999999996,434.57157845213663,334.5863368855639,30e67309-433b-4839-88ad-2bef7b33d39e,1,152,ZFM-04122
whisking,no_stim,1.1499999999999997,419.51028062906926,319.52503906249655,30e67309-433b-4839-88ad-2bef7b33d39e,1,152,ZFM-04122
whisking,no_stim,1.2499999999999998,408.6836367233849,308.6983951568122,30e67309-433b-4839-88ad-2bef7b33d39e,1,152,ZFM-04122
whisking,no_stim,1.3499999999999996,398.08975965053963,298.1045180839669,30e67309-433b-4839-88ad-2bef7b33d39e,1,152,ZFM-04122
whisking,no_stim,1.4499999999999995,381.3600554505306,281.37481388395787,30e67309-433b-4839-88ad-2bef7b33d39e,1,152,ZFM-04122
whisking,no_stim,1.5499999999999996,361.83938645788743,261.8541448913147,30e67309-433b-4839-88ad-2bef7b33d39e,1,152,ZFM-04122
whisking,no_stim,1.6499999999999997,347.2087003219998,247.2234587554271,30e67309-433b-4839-88ad-2bef7b33d39e,1,152,ZFM-04122
whisking,no_stim,1.7499999999999996,337.49227152139883,237.50702995482612,30e67309-433b-4839-88ad-2bef7b33d39e,1,152,ZFM-04122
whisking,no_stim,1.8499999999999994,319.46313036948504,219.47788880291233,30e67309-433b-4839-88ad-2bef7b33d39e,1,152,ZFM-04122
whisking,no_stim,1.9499999999999995,291.9620659360042,191.97682436943148,30e67309-433b-4839-88ad-2bef7b33d39e,1,152,ZFM-04122
whisking,no_stim,2.0499999999999994,263.2266260505392,163.2413844839665,30e67309-433b-4839-88ad-2bef7b33d39e,1,152,ZFM-04122
whisking,no_stim,2.1499999999999995,246.35815936422625,146.37291779765354,30e67309-433b-4839-88ad-2bef7b33d39e,1,152,ZFM-04122
whisking,no_stim,2.249999999999999,229.02150579529692,129.03626422872424,30e67309-433b-4839-88ad-2bef7b33d39e,1,152,ZFM-04122
whisking,no_stim,2.349999999999999,214.76158853614365,114.77634696957095,30e67309-433b-4839-88ad-2bef7b33d39e,1,152,ZFM-04122
whisking,no_stim,2.4499999999999993,201.95998606721668,101.97474450064398,30e67309-433b-4839-88ad-2bef7b33d39e,1,152,ZFM-04122
whisking,no_stim,2.549999999999999,193.44939339644992,93.46415182987722,30e67309-433b-4839-88ad-2bef7b33d39e,1,152,ZFM-04122
whisking,no_stim,2.649999999999999,186.2773067021225,86.2920651355498,30e67309-433b-4839-88ad-2bef7b33d39e,1,152,ZFM-04122
whisking,no_stim,2.749999999999999,178.32981979015713,78.34457822358443,30e67309-433b-4839-88ad-2bef7b33d39e,1,152,ZFM-04122
whisking,no_stim,2.849999999999999,177.39461228712526,77.40937072055256,30e67309-433b-4839-88ad-2bef7b33d39e,1,152,ZFM-04122
whisking,no_stim,2.9499999999999993,175.3318047884042,75.34656322183152,30e67309-433b-4839-88ad-2bef7b33d39e,1,152,ZFM-04122
whisking,no_stim,3.049999999999999,171.8444393737904,71.85919780721771,30e67309-433b-4839-88ad-2bef7b33d39e,1,152,ZFM-04122
whisking,no_stim,3.149999999999999,175.54531481963994,75.56007325306724,30e67309-433b-4839-88ad-2bef7b33d39e,1,152,ZFM-04122
whisking,no_stim,3.249999999999999,190.19829609468394,90.21305452811124,30e67309-433b-4839-88ad-2bef7b33d39e,1,152,ZFM-04122
whisking,no_stim,3.3499999999999988,209.2231939834166,109.2379524168439,30e67309-433b-4839-88ad-2bef7b33d39e,1,152,ZFM-04122
whisking,no_stim,3.449999999999999,226.92306309794282,126.93782153137012,30e67309-433b-4839-88ad-2bef7b33d39e,1,152,ZFM-04122
whisking,no_stim,3.549999999999999,243.4653524932468,143.48011092667412,30e67309-433b-4839-88ad-2bef7b33d39e,1,152,ZFM-04122
whisking,no_stim,3.649999999999999,256.3532348655366,156.36799329896388,30e67309-433b-4839-88ad-2bef7b33d39e,1,152,ZFM-04122
whisking,no_stim,3.749999999999999,261.69122380807045,161.70598224149774,30e67309-433b-4839-88ad-2bef7b33d39e,1,152,ZFM-04122
whisking,no_stim,3.8499999999999988,263.43839305219194,163.45315148561923,30e67309-433b-4839-88ad-2bef7b33d39e,1,152,ZFM-04122
whisking,no_stim,3.949999999999999,269.3370351074768,169.3517935409041,30e67309-433b-4839-88ad-2bef7b33d39e,1,152,ZFM-04122
whisking,stim,-0.45,165.27974617969198,12.708014783665902,91cb57bf-bf33-4fa4-9880-7c03da910ac2,0,37,ZFM-03324
whisking,stim,-0.35000000000000003,138.9875107259365,-13.584220670089593,91cb57bf-bf33-4fa4-9880-7c03da910ac2,0,37,ZFM-03324
whisking,stim,-0.25000000000000006,124.24321438888583,-28.32851700714025,91cb57bf-bf33-4fa4-9880-7c03da910ac2,0,37,ZFM-03324
whisking,stim,-0.15000000000000008,120.5194898560584,-32.05224153996768,91cb57bf-bf33-4fa4-9880-7c03da910ac2,0,37,ZFM-03324
whisking,stim,-0.050000000000000086,213.82869582955763,61.25696443353155,91cb57bf-bf33-4fa4-9880-7c03da910ac2,0,37,ZFM-03324
whisking,stim,0.04999999999999989,323.1679045871752,170.59617319114912,91cb57bf-bf33-4fa4-9880-7c03da910ac2,0,37,ZFM-03324
whisking,stim,0.14999999999999986,383.7152098892804,231.14347849325432,91cb57bf-bf33-4fa4-9880-7c03da910ac2,0,37,ZFM-03324
whisking,stim,0.24999999999999983,333.57093932457815,180.99920792855207,91cb57bf-bf33-4fa4-9880-7c03da910ac2,0,37,ZFM-03324
whisking,stim,0.3499999999999998,283.7807587923924,131.20902739636634,91cb57bf-bf33-4fa4-9880-7c03da910ac2,0,37,ZFM-03324
whisking,stim,0.4499999999999998,264.9647438865144,112.3930124904883,91cb57bf-bf33-4fa4-9880-7c03da910ac2,0,37,ZFM-03324
whisking,stim,0.5499999999999998,256.93640038951617,104.36466899349008,91cb57bf-bf33-4fa4-9880-7c03da910ac2,0,37,ZFM-03324
whisking,stim,0.6499999999999998,247.61496050802532,95.04322911199924,91cb57bf-bf33-4fa4-9880-7c03da910ac2,0,37,ZFM-03324
whisking,stim,0.7499999999999998,239.03448136989385,86.46274997386777,91cb57bf-bf33-4fa4-9880-7c03da910ac2,0,37,ZFM-03324
whisking,stim,0.8499999999999998,233.92530746813654,81.35357607211046,91cb57bf-bf33-4fa4-9880-7c03da910ac2,0,37,ZFM-03324
whisking,stim,0.9499999999999997,233.32353285288303,80.75180145685695,91cb57bf-bf33-4fa4-9880-7c03da910ac2,0,37,ZFM-03324
whisking,stim,1.0499999999999996,233.6096348175909,81.0379034215648,91cb57bf-bf33-4fa4-9880-7c03da910ac2,0,37,ZFM-03324
whisking,stim,1.1499999999999997,240.10063596431016,87.52890456828408,91cb57bf-bf33-4fa4-9880-7c03da910ac2,0,37,ZFM-03324
whisking,stim,1.2499999999999998,241.54540564756502,88.97367425153894,91cb57bf-bf33-4fa4-9880-7c03da910ac2,0,37,ZFM-03324
whisking,stim,1.3499999999999996,236.03355731787843,83.46182592185235,91cb57bf-bf33-4fa4-9880-7c03da910ac2,0,37,ZFM-03324
whisking,stim,1.4499999999999995,231.15835712635842,78.58662573033234,91cb57bf-bf33-4fa4-9880-7c03da910ac2,0,37,ZFM-03324
whisking,stim,1.5499999999999996,218.80449083857638,66.2327594425503,91cb57bf-bf33-4fa4-9880-7c03da910ac2,0,37,ZFM-03324
whisking,stim,1.6499999999999997,221.52851577901424,68.95678438298816,91cb57bf-bf33-4fa4-9880-7c03da910ac2,0,37,ZFM-03324
whisking,stim,1.7499999999999996,226.31737243751377,73.74564104148769,91cb57bf-bf33-4fa4-9880-7c03da910ac2,0,37,ZFM-03324
whisking,stim,1.8499999999999994,234.26672033334137,81.69498893731529,91cb57bf-bf33-4fa4-9880-7c03da910ac2,0,37,ZFM-03324
whisking,stim,1.9499999999999995,235.36408954488675,82.79235814886067,91cb57bf-bf33-4fa4-9880-7c03da910ac2,0,37,ZFM-03324
whisking,stim,2.0499999999999994,229.63613035813506,77.06439896210898,91cb57bf-bf33-4fa4-9880-7c03da910ac2,0,37,ZFM-03324
whisking,stim,2.1499999999999995,217.66600203845582,65.09427064242973,91cb57bf-bf33-4fa4-9880-7c03da910ac2,0,37,ZFM-03324
whisking,stim,2.249999999999999,206.57638832212493,54.004656926098846,91cb57bf-bf33-4fa4-9880-7c03da910ac2,0,37,ZFM-03324
whisking,stim,2.349999999999999,202.14788730594847,49.57615590992239,91cb57bf-bf33-4fa4-9880-7c03da910ac2,0,37,ZFM-03324
whisking,stim,2.4499999999999993,199.82857817843166,47.256846782405574,91cb57bf-bf33-4fa4-9880-7c03da910ac2,0,37,ZFM-03324
whisking,stim,2.549999999999999,197.7038422946343,45.13211089860823,91cb57bf-bf33-4fa4-9880-7c03da910ac2,0,37,ZFM-03324
whisking,stim,2.649999999999999,198.50789020471916,45.93615880869308,91cb57bf-bf33-4fa4-9880-7c03da910ac2,0,37,ZFM-03324
whisking,stim,2.749999999999999,202.82538165550352,50.25365025947744,91cb57bf-bf33-4fa4-9880-7c03da910ac2,0,37,ZFM-03324
whisking,stim,2.849999999999999,200.3682233637062,47.79649196768011,91cb57bf-bf33-4fa4-9880-7c03da910ac2,0,37,ZFM-03324
whisking,stim,2.9499999999999993,198.48065837491555,45.90892697888947,91cb57bf-bf33-4fa4-9880-7c03da910ac2,0,37,ZFM-03324
whisking,stim,3.049999999999999,197.08188098107684,44.510149585050755,91cb57bf-bf33-4fa4-9880-7c03da910ac2,0,37,ZFM-03324
whisking,stim,3.149999999999999,200.54406711195196,47.97233571592588,91cb57bf-bf33-4fa4-9880-7c03da910ac2,0,37,ZFM-03324
whisking,stim,3.249999999999999,203.0268305824972,50.45509918647113,91cb57bf-bf33-4fa4-9880-7c03da910ac2,0,37,ZFM-03324
whisking,stim,3.3499999999999988,206.76236866746984,54.19063727144376,91cb57bf-bf33-4fa4-9880-7c03da910ac2,0,37,ZFM-03324
whisking,stim,3.449999999999999,197.859481602821,45.287750206794925,91cb57bf-bf33-4fa4-9880-7c03da910ac2,0,37,ZFM-03324
whisking,stim,3.549999999999999,185.00667320363388,32.4349418076078,91cb57bf-bf33-4fa4-9880-7c03da910ac2,0,37,ZFM-03324
whisking,stim,3.649999999999999,169.65621358111068,17.084482185084596,91cb57bf-bf33-4fa4-9880-7c03da910ac2,0,37,ZFM-03324
whisking,stim,3.749999999999999,166.83566025772646,14.263928861700379,91cb57bf-bf33-4fa4-9880-7c03da910ac2,0,37,ZFM-03324
whisking,stim,3.8499999999999988,154.58005876527778,2.0083273692517025,91cb57bf-bf33-4fa4-9880-7c03da910ac2,0,37,ZFM-03324
whisking,stim,3.949999999999999,142.6306173688995,-9.941114027126588,91cb57bf-bf33-4fa4-9880-7c03da910ac2,0,37,ZFM-03324
whisking,no_stim,-0.45,128.70300844402576,16.148470155175232,91cb57bf-bf33-4fa4-9880-7c03da910ac2,0,35,ZFM-03324
whisking,no_stim,-0.35000000000000003,108.10213710374114,-4.45240118510938,91cb57bf-bf33-4fa4-9880-7c03da910ac2,0,35,ZFM-03324
whisking,no_stim,-0.25000000000000006,78.18272676111812,-34.371811527732405,91cb57bf-bf33-4fa4-9880-7c03da910ac2,0,35,ZFM-03324
whisking,no_stim,-0.15000000000000008,76.337785204561,-36.21675308428952,91cb57bf-bf33-4fa4-9880-7c03da910ac2,0,35,ZFM-03324
whisking,no_stim,-0.050000000000000086,171.44703393080664,58.89249564195612,91cb57bf-bf33-4fa4-9880-7c03da910ac2,0,35,ZFM-03324
whisking,no_stim,0.04999999999999989,261.7648016136312,149.2102633247807,91cb57bf-bf33-4fa4-9880-7c03da910ac2,0,35,ZFM-03324
whisking,no_stim,0.14999999999999986,305.4542003228407,192.89966203399015,91cb57bf-bf33-4fa4-9880-7c03da910ac2,0,35,ZFM-03324
whisking,no_stim,0.24999999999999983,269.112120670632,156.5575823817815,91cb57bf-bf33-4fa4-9880-7c03da910ac2,0,35,ZFM-03324
whisking,no_stim,0.3499999999999998,237.72235825644665,125.16781996759613,91cb57bf-bf33-4fa4-9880-7c03da910ac2,0,35,ZFM-03324
whisking,no_stim,0.4499999999999998,217.67448437539028,105.11994608653976,91cb57bf-bf33-4fa4-9880-7c03da910ac2,0,35,ZFM-03324
whisking,no_stim,0.5499999999999998,179.81263039830816,67.25809210945764,91cb57bf-bf33-4fa4-9880-7c03da910ac2,0,35,ZFM-03324
whisking,no_stim,0.6499999999999998,150.7227359943113,38.168197705460784,91cb57bf-bf33-4fa4-9880-7c03da910ac2,0,35,ZFM-03324
whisking,no_stim,0.7499999999999998,129.73103588944204,17.176497600591517,91cb57bf-bf33-4fa4-9880-7c03da910ac2,0,35,ZFM-03324
whisking,no_stim,0.8499999999999998,124.48286990233862,11.928331613488098,91cb57bf-bf33-4fa4-9880-7c03da910ac2,0,35,ZFM-03324
whisking,no_stim,0.9499999999999997,128.8097471460118,16.25520885716128,91cb57bf-bf33-4fa4-9880-7c03da910ac2,0,35,ZFM-03324
whisking,no_stim,1.0499999999999996,130.34958362177758,17.79504533292706,91cb57bf-bf33-4fa4-9880-7c03da910ac2,0,35,ZFM-03324
whisking,no_stim,1.1499999999999997,127.95046186382294,15.395923574972414,91cb57bf-bf33-4fa4-9880-7c03da910ac2,0,35,ZFM-03324
whisking,no_stim,1.2499999999999998,128.05562610509952,15.501087816248997,91cb57bf-bf33-4fa4-9880-7c03da910ac2,0,35,ZFM-03324
whisking,no_stim,1.3499999999999996,125.3080811742881,12.753542885437582,91cb57bf-bf33-4fa4-9880-7c03da910ac2,0,35,ZFM-03324
whisking,no_stim,1.4499999999999995,116.96583118855969,4.411292899709167,91cb57bf-bf33-4fa4-9880-7c03da910ac2,0,35,ZFM-03324
whisking,no_stim,1.5499999999999996,106.70353778879802,-5.851000500052507,91cb57bf-bf33-4fa4-9880-7c03da910ac2,0,35,ZFM-03324
whisking,no_stim,1.6499999999999997,101.02686074639348,-11.527677542457042,91cb57bf-bf33-4fa4-9880-7c03da910ac2,0,35,ZFM-03324
whisking,no_stim,1.7499999999999996,102.10764876742661,-10.446889521423913,91cb57bf-bf33-4fa4-9880-7c03da910ac2,0,35,ZFM-03324
whisking,no_stim,1.8499999999999994,104.07100388673241,-8.48353440211811,91cb57bf-bf33-4fa4-9880-7c03da910ac2,0,35,ZFM-03324
whisking,no_stim,1.9499999999999995,106.58874775420912,-5.9657905346414,91cb57bf-bf33-4fa4-9880-7c03da910ac2,0,35,ZFM-03324
whisking,no_stim,2.0499999999999994,108.26969712500616,-4.284841163844362,91cb57bf-bf33-4fa4-9880-7c03da910ac2,0,35,ZFM-03324
whisking,no_stim,2.1499999999999995,115.43278064882621,2.878242359975687,91cb57bf-bf33-4fa4-9880-7c03da910ac2,0,35,ZFM-03324
whisking,no_stim,2.249999999999999,126.55841586108535,14.003877572234828,91cb57bf-bf33-4fa4-9880-7c03da910ac2,0,35,ZFM-03324
whisking,no_stim,2.349999999999999,125.86721568180097,13.312677392950448,91cb57bf-bf33-4fa4-9880-7c03da910ac2,0,35,ZFM-03324
whisking,no_stim,2.4499999999999993,117.84163292245331,5.287094633602791,91cb57bf-bf33-4fa4-9880-7c03da910ac2,0,35,ZFM-03324
whisking,no_stim,2.549999999999999,109.80546901310004,-2.749069275750486,91cb57bf-bf33-4fa4-9880-7c03da910ac2,0,35,ZFM-03324
whisking,no_stim,2.649999999999999,115.11133416677107,2.5567958779205497,91cb57bf-bf33-4fa4-9880-7c03da910ac2,0,35,ZFM-03324
whisking,no_stim,2.749999999999999,125.3991666777174,12.84462838886688,91cb57bf-bf33-4fa4-9880-7c03da910ac2,0,35,ZFM-03324
whisking,no_stim,2.849999999999999,127.57299919509393,15.018460906243405,91cb57bf-bf33-4fa4-9880-7c03da910ac2,0,35,ZFM-03324
whisking,no_stim,2.9499999999999993,124.31082580077032,11.756287511919794,91cb57bf-bf33-4fa4-9880-7c03da910ac2,0,35,ZFM-03324
whisking,no_stim,3.049999999999999,113.09916087203825,0.5446225831877314,91cb57bf-bf33-4fa4-9880-7c03da910ac2,0,35,ZFM-03324
whisking,no_stim,3.149999999999999,111.01213498158002,-1.5424033072705043,91cb57bf-bf33-4fa4-9880-7c03da910ac2,0,35,ZFM-03324
whisking,no_stim,3.249999999999999,119.91439212236676,7.35985383351624,91cb57bf-bf33-4fa4-9880-7c03da910ac2,0,35,ZFM-03324
whisking,no_stim,3.3499999999999988,132.64154552219784,20.08700723334732,91cb57bf-bf33-4fa4-9880-7c03da910ac2,0,35,ZFM-03324
whisking,no_stim,3.449999999999999,141.9416588498244,29.38712056097387,91cb57bf-bf33-4fa4-9880-7c03da910ac2,0,35,ZFM-03324
whisking,no_stim,3.549999999999999,148.7106663453143,36.156128056463785,91cb57bf-bf33-4fa4-9880-7c03da910ac2,0,35,ZFM-03324
whisking,no_stim,3.649999999999999,149.99537497310757,37.44083668425705,91cb57bf-bf33-4fa4-9880-7c03da910ac2,0,35,ZFM-03324
whisking,no_stim,3.749999999999999,146.01151953383257,33.456981244982046,91cb57bf-bf33-4fa4-9880-7c03da910ac2,0,35,ZFM-03324
whisking,no_stim,3.8499999999999988,137.53264249038537,24.978104201534848,91cb57bf-bf33-4fa4-9880-7c03da910ac2,0,35,ZFM-03324
whisking,no_stim,3.949999999999999,129.92410667336867,17.369568384518146,91cb57bf-bf33-4fa4-9880-7c03da910ac2,0,35,ZFM-03324
whisking,stim,-0.45,164.94109459188076,14.69737635082518,c5eff7e4-71ad-4983-96ac-a7e5affaadbb,0,39,ZFM-03324
whisking,stim,-0.35000000000000003,155.83554015956088,5.591821918505303,c5eff7e4-71ad-4983-96ac-a7e5affaadbb,0,39,ZFM-03324
whisking,stim,-0.25000000000000006,146.08653703502588,-4.157181206029691,c5eff7e4-71ad-4983-96ac-a7e5affaadbb,0,39,ZFM-03324
whisking,stim,-0.15000000000000008,130.19580029392642,-20.04791794712915,c5eff7e4-71ad-4983-96ac-a7e5affaadbb,0,39,ZFM-03324
whisking,stim,-0.050000000000000086,154.15961912488396,3.9159008838283853,c5eff7e4-71ad-4983-96ac-a7e5affaadbb,0,39,ZFM-03324
whisking,stim,0.04999999999999989,201.99162436143303,51.74790612037745,c5eff7e4-71ad-4983-96ac-a7e5affaadbb,0,39,ZFM-03324
whisking,stim,0.14999999999999986,241.45348784881762,91.20976960776204,c5eff7e4-71ad-4983-96ac-a7e5affaadbb,0,39,ZFM-03324
whisking,stim,0.24999999999999983,242.91857871063905,92.67486046958348,c5eff7e4-71ad-4983-96ac-a7e5affaadbb,0,39,ZFM-03324
whisking,stim,0.3499999999999998,216.18927139695828,65.9455531559027,c5eff7e4-71ad-4983-96ac-a7e5affaadbb,0,39,ZFM-03324
whisking,stim,0.4499999999999998,187.99948035754178,37.75576211648621,c5eff7e4-71ad-4983-96ac-a7e5affaadbb,0,39,ZFM-03324
whisking,stim,0.5499999999999998,155.90868495289837,5.664966711842794,c5eff7e4-71ad-4983-96ac-a7e5affaadbb,0,39,ZFM-03324
whisking,stim,0.6499999999999998,138.55191583001275,-11.69180241104283,c5eff7e4-71ad-4983-96ac-a7e5affaadbb,0,39,ZFM-03324
whisking,stim,0.7499999999999998,135.81797809703642,-14.425740144019159,c5eff7e4-71ad-4983-96ac-a7e5affaadbb,0,39,ZFM-03324
whisking,stim,0.8499999999999998,135.5390284267545,-14.704689814301076,c5eff7e4-71ad-4983-96ac-a7e5affaadbb,0,39,ZFM-03324
whisking,stim,0.9499999999999997,137.44682709223423,-12.796891148821345,c5eff7e4-71ad-4983-96ac-a7e5affaadbb,0,39,ZFM-03324
whisking,stim,1.0499999999999996,132.18410058164216,-18.05961765941342,c5eff7e4-71ad-4983-96ac-a7e5affaadbb,0,39,ZFM-03324
whisking,stim,1.1499999999999997,126.05664103161115,-24.187077209444425,c5eff7e4-71ad-4983-96ac-a7e5affaadbb,0,39,ZFM-03324
whisking,stim,1.2499999999999998,113.33710883304325,-36.90660940801233,c5eff7e4-71ad-4983-96ac-a7e5affaadbb,0,39,ZFM-03324
whisking,stim,1.3499999999999996,99.75546473994788,-50.48825350110769,c5eff7e4-71ad-4983-96ac-a7e5affaadbb,0,39,ZFM-03324
whisking,stim,1.4499999999999995,95.23673097871682,-55.006987262338754,c5eff7e4-71ad-4983-96ac-a7e5affaadbb,0,39,ZFM-03324
whisking,stim,1.5499999999999996,96.89729975135087,-53.3464184897047,c5eff7e4-71ad-4983-96ac-a7e5affaadbb,0,39,ZFM-03324
whisking,stim,1.6499999999999997,106.24208968911731,-44.00162855193827,c5eff7e4-71ad-4983-96ac-a7e5affaadbb,0,39,ZFM-03324
whisking,stim,1.7499999999999996,114.46136272533167,-35.78235551572391,c5eff7e4-71ad-4983-96ac-a7e5affaadbb,0,39,ZFM-03324
whisking,stim,1.8499999999999994,116.64323336738441,-33.600484873671164,c5eff7e4-71ad-4983-96ac-a7e5affaadbb,0,39,ZFM-03324
whisking,stim,1.9499999999999995,118.29454632505058,-31.949171916005,c5eff7e4-71ad-4983-96ac-a7e5affaadbb,0,39,ZFM-03324
whisking,stim,2.0499999999999994,122.709235521226,-27.53448271982957,c5eff7e4-71ad-4983-96ac-a7e5affaadbb,0,39,ZFM-03324
whisking,stim,2.1499999999999995,129.93173433712002,-20.311983903935555,c5eff7e4-71ad-4983-96ac-a7e5affaadbb,0,39,ZFM-03324
whisking,stim,2.249999999999999,129.21327081329946,-21.030447427756116,c5eff7e4-71ad-4983-96ac-a7e5affaadbb,0,39,ZFM-03324
whisking,stim,2.349999999999999,127.13296126794408,-23.110756973111492,c5eff7e4-71ad-4983-96ac-a7e5affaadbb,0,39,ZFM-03324
whisking,stim,2.4499999999999993,125.80522345951638,-24.43849478153919,c5eff7e4-71ad-4983-96ac-a7e5affaadbb,0,39,ZFM-03324
whisking,stim,2.549999999999999,126.62558881431342,-23.618129426742158,c5eff7e4-71ad-4983-96ac-a7e5affaadbb,0,39,ZFM-03324
whisking,stim,2.649999999999999,124.81487806149387,-25.428840179561703,c5eff7e4-71ad-4983-96ac-a7e5affaadbb,0,39,ZFM-03324
whisking,stim,2.749999999999999,126.99889953171773,-23.24481870933785,c5eff7e4-71ad-4983-96ac-a7e5affaadbb,0,39,ZFM-03324
whisking,stim,2.849999999999999,124.02303948622004,-26.220678754835532,c5eff7e4-71ad-4983-96ac-a7e5affaadbb,0,39,ZFM-03324
whisking,stim,2.9499999999999993,117.45169524690012,-32.79202299415546,c5eff7e4-71ad-4983-96ac-a7e5affaadbb,0,39,ZFM-03324
whisking,stim,3.049999999999999,117.66149297046795,-32.58222527058763,c5eff7e4-71ad-4983-96ac-a7e5affaadbb,0,39,ZFM-03324
whisking,stim,3.149999999999999,126.083016110583,-24.160702130472572,c5eff7e4-71ad-4983-96ac-a7e5affaadbb,0,39,ZFM-03324
whisking,stim,3.249999999999999,135.30888546093195,-14.934832780123628,c5eff7e4-71ad-4983-96ac-a7e5affaadbb,0,39,ZFM-03324
whisking,stim,3.3499999999999988,146.11280541964496,-4.130912821410618,c5eff7e4-71ad-4983-96ac-a7e5affaadbb,0,39,ZFM-03324
whisking,stim,3.449999999999999,147.5948780167629,-2.648840224292684,c5eff7e4-71ad-4983-96ac-a7e5affaadbb,0,39,ZFM-03324
whisking,stim,3.549999999999999,150.53594151345726,0.2922232724016851,c5eff7e4-71ad-4983-96ac-a7e5affaadbb,0,39,ZFM-03324
whisking,stim,3.649999999999999,167.5442080347438,17.30048979368823,c5eff7e4-71ad-4983-96ac-a7e5affaadbb,0,39,ZFM-03324
whisking,stim,3.749999999999999,190.3065695375433,40.062851296487736,c5eff7e4-71ad-4983-96ac-a7e5affaadbb,0,39,ZFM-03324
whisking,stim,3.8499999999999988,197.90048712261788,47.6567688815623,c5eff7e4-71ad-4983-96ac-a7e5affaadbb,0,39,ZFM-03324
whisking,stim,3.949999999999999,183.73269933467347,33.488981093617895,c5eff7e4-71ad-4983-96ac-a7e5affaadbb,0,39,ZFM-03324
whisking,no_stim,-0.45,152.70249254117584,15.242080763502429,c5eff7e4-71ad-4983-96ac-a7e5affaadbb,0,20,ZFM-03324
whisking,no_stim,-0.35000000000000003,152.31348898707927,14.853077209405853,c5eff7e4-71ad-4983-96ac-a7e5affaadbb,0,20,ZFM-03324
whisking,no_stim,-0.25000000000000006,141.7720340991116,4.311622321438193,c5eff7e4-71ad-4983-96ac-a7e5affaadbb,0,20,ZFM-03324
whisking,no_stim,-0.15000000000000008,129.1676367441858,-8.292775033487601,c5eff7e4-71ad-4983-96ac-a7e5affaadbb,0,20,ZFM-03324
whisking,no_stim,-0.050000000000000086,111.34640651681457,-26.114005260858846,c5eff7e4-71ad-4983-96ac-a7e5affaadbb,0,20,ZFM-03324
whisking,no_stim,0.04999999999999989,111.54688076393327,-25.91353101374014,c5eff7e4-71ad-4983-96ac-a7e5affaadbb,0,20,ZFM-03324
whisking,no_stim,0.14999999999999986,112.29753470230139,-25.162877075372023,c5eff7e4-71ad-4983-96ac-a7e5affaadbb,0,20,ZFM-03324
whisking,no_stim,0.24999999999999983,101.10889819376514,-36.35151358390827,c5eff7e4-71ad-4983-96ac-a7e5affaadbb,0,20,ZFM-03324
whisking,no_stim,0.3499999999999998,83.07419840898544,-54.386213368687976,c5eff7e4-71ad-4983-96ac-a7e5affaadbb,0,20,ZFM-03324
whisking,no_stim,0.4499999999999998,64.21000142234304,-73.25041035533037,c5eff7e4-71ad-4983-96ac-a7e5affaadbb,0,20,ZFM-03324
whisking,no_stim,0.5499999999999998,60.177725253713916,-77.2826865239595,c5eff7e4-71ad-4983-96ac-a7e5affaadbb,0,20,ZFM-03324
whisking,no_stim,0.6499999999999998,67.11997181425527,-70.34043996341815,c5eff7e4-71ad-4983-96ac-a7e5affaadbb,0,20,ZFM-03324
whisking,no_stim,0.7499999999999998,76.69311544530382,-60.7672963323696,c5eff7e4-71ad-4983-96ac-a7e5affaadbb,0,20,ZFM-03324
whisking,no_stim,0.8499999999999998,88.13153233327203,-49.32887944440138,c5eff7e4-71ad-4983-96ac-a7e5affaadbb,0,20,ZFM-03324
whisking,no_stim,0.9499999999999997,80.93105215581286,-56.52935962186055,c5eff7e4-71ad-4983-96ac-a7e5affaadbb,0,20,ZFM-03324
whisking,no_stim,1.0499999999999996,76.12235615926306,-61.33805561841035,c5eff7e4-71ad-4983-96ac-a7e5affaadbb,0,20,ZFM-03324
whisking,no_stim,1.1499999999999997,93.78694570412472,-43.673466073548695,c5eff7e4-71ad-4983-96ac-a7e5affaadbb,0,20,ZFM-03324
whisking,no_stim,1.2499999999999998,112.07675307964053,-25.38365869803289,c5eff7e4-71ad-4983-96ac-a7e5affaadbb,0,20,ZFM-03324
whisking,no_stim,1.3499999999999996,109.51331637647499,-27.947095401198425,c5eff7e4-71ad-4983-96ac-a7e5affaadbb,0,20,ZFM-03324
whisking,no_stim,1.4499999999999995,93.54592389430339,-43.91448788337003,c5eff7e4-71ad-4983-96ac-a7e5affaadbb,0,20,ZFM-03324
whisking,no_stim,1.5499999999999996,91.3017134953997,-46.15869828227372,c5eff7e4-71ad-4983-96ac-a7e5affaadbb,0,20,ZFM-03324
whisking,no_stim,1.6499999999999997,105.43822347724458,-32.02218830042884,c5eff7e4-71ad-4983-96ac-a7e5affaadbb,0,20,ZFM-03324
whisking,no_stim,1.7499999999999996,114.79031943254711,-22.670092345126307,c5eff7e4-71ad-4983-96ac-a7e5affaadbb,0,20,ZFM-03324
whisking,no_stim,1.8499999999999994,114.15574918930959,-23.304662588363826,c5eff7e4-71ad-4983-96ac-a7e5affaadbb,0,20,ZFM-03324
whisking,no_stim,1.9499999999999995,102.01113899732442,-35.44927278034899,c5eff7e4-71ad-4983-96ac-a7e5affaadbb,0,20,ZFM-03324
whisking,no_stim,2.0499999999999994,108.38158841870079,-29.078823358972627,c5eff7e4-71ad-4983-96ac-a7e5affaadbb,0,20,ZFM-03324
whisking,no_stim,2.1499999999999995,125.19295816718866,-12.26745361048475,c5eff7e4-71ad-4983-96ac-a7e5affaadbb,0,20,ZFM-03324
whisking,no_stim,2.249999999999999,146.17938623538663,8.718974457713216,c5eff7e4-71ad-4983-96ac-a7e5affaadbb,0,20,ZFM-03324
whisking,no_stim,2.349999999999999,162.81395459108222,25.353542813408808,c5eff7e4-71ad-4983-96ac-a7e5affaadbb,0,20,ZFM-03324
whisking,no_stim,2.4499999999999993,181.06383721944968,43.60342544177627,c5eff7e4-71ad-4983-96ac-a7e5affaadbb,0,20,ZFM-03324
whisking,no_stim,2.549999999999999,202.25850295834658,64.79809118067317,c5eff7e4-71ad-4983-96ac-a7e5affaadbb,0,20,ZFM-03324
whisking,no_stim,2.649999999999999,196.88901169603315,59.42859991835974,c5eff7e4-71ad-4983-96ac-a7e5affaadbb,0,20,ZFM-03324
whisking,no_stim,2.749999999999999,191.15877854309758,53.69836676542417,c5eff7e4-71ad-4983-96ac-a7e5affaadbb,0,20,ZFM-03324
whisking,no_stim,2.849999999999999,183.41754114932823,45.957129371654815,c5eff7e4-71ad-4983-96ac-a7e5affaadbb,0,20,ZFM-03324
whisking,no_stim,2.9499999999999993,185.93745526803258,48.477043490359165,c5eff7e4-71ad-4983-96ac-a7e5affaadbb,0,20,ZFM-03324
whisking,no_stim,3.049999999999999,176.0463735626982,38.58596178502478,c5eff7e4-71ad-4983-96ac-a7e5affaadbb,0,20,ZFM-03324
whisking,no_stim,3.149999999999999,156.87820942342165,19.417797645748237,c5eff7e4-71ad-4983-96ac-a7e5affaadbb,0,20,ZFM-03324
whisking,no_stim,3.249999999999999,141.99654621654267,4.536134438869254,c5eff7e4-71ad-4983-96ac-a7e5affaadbb,0,20,ZFM-03324
whisking,no_stim,3.3499999999999988,135.9572756131062,-1.5031361645672234,c5eff7e4-71ad-4983-96ac-a7e5affaadbb,0,20,ZFM-03324
whisking,no_stim,3.449999999999999,136.1235987828049,-1.3368129948685237,c5eff7e4-71ad-4983-96ac-a7e5affaadbb,0,20,ZFM-03324
whisking,no_stim,3.549999999999999,135.32746528162107,-2.132946496052341,c5eff7e4-71ad-4983-96ac-a7e5affaadbb,0,20,ZFM-03324
whisking,no_stim,3.649999999999999,135.64421408701858,-1.8161976906548318,c5eff7e4-71ad-4983-96ac-a7e5affaadbb,0,20,ZFM-03324
whisking,no_stim,3.749999999999999,149.46425418876296,12.00384241108955,c5eff7e4-71ad-4983-96ac-a7e5affaadbb,0,20,ZFM-03324
whisking,no_stim,3.8499999999999988,158.7430947266035,21.282682948930074,c5eff7e4-71ad-4983-96ac-a7e5affaadbb,0,20,ZFM-03324
whisking,no_stim,3.949999999999999,168.36831557018266,30.907903792509245,c5eff7e4-71ad-4983-96ac-a7e5affaadbb,0,20,ZFM-03324
whisking,stim,-0.45,178.43489477454455,41.71203036857494,c5f0df31-60ca-42da-900d-7881fbc40c23,0,36,ZFM-03324
whisking,stim,-0.35000000000000003,149.65986846759296,12.937004061623355,c5f0df31-60ca-42da-900d-7881fbc40c23,0,36,ZFM-03324
whisking,stim,-0.25000000000000006,136.29655810291888,-0.4263063030507226,c5f0df31-60ca-42da-900d-7881fbc40c23,0,36,ZFM-03324
whisking,stim,-0.15000000000000008,113.32394148370982,-23.398922922259786,c5f0df31-60ca-42da-900d-7881fbc40c23,0,36,ZFM-03324
whisking,stim,-0.050000000000000086,105.89905920108183,-30.823805204887776,c5f0df31-60ca-42da-900d-7881fbc40c23,0,36,ZFM-03324
whisking,stim,0.04999999999999989,98.34790265074743,-38.374961755222174,c5f0df31-60ca-42da-900d-7881fbc40c23,0,36,ZFM-03324
whisking,stim,0.14999999999999986,115.41004960141208,-21.31281480455752,c5f0df31-60ca-42da-900d-7881fbc40c23,0,36,ZFM-03324
whisking,stim,0.24999999999999983,140.25518427861928,3.53231987264968,c5f0df31-60ca-42da-900d-7881fbc40c23,0,36,ZFM-03324
whisking,stim,0.3499999999999998,152.8375399843068,16.1146755783372,c5f0df31-60ca-42da-900d-7881fbc40c23,0,36,ZFM-03324
whisking,stim,0.4499999999999998,155.2985862893498,18.575721883380197,c5f0df31-60ca-42da-900d-7881fbc40c23,0,36,ZFM-03324
whisking,stim,0.5499999999999998,153.24761692655727,16.52475252058767,c5f0df31-60ca-42da-900d-7881fbc40c23,0,36,ZFM-03324
whisking,stim,0.6499999999999998,158.78545486490648,22.06259045893688,c5f0df31-60ca-42da-900d-7881fbc40c23,0,36,ZFM-03324
whisking,stim,0.7499999999999998,155.9397392424671,19.21687483649751,c5f0df31-60ca-42da-900d-7881fbc40c23,0,36,ZFM-03324
whisking,stim,0.8499999999999998,149.42296435858242,12.700099952612817,c5f0df31-60ca-42da-900d-7881fbc40c23,0,36,ZFM-03324
whisking,stim,0.9499999999999997,147.63095047576815,10.908086069798543,c5f0df31-60ca-42da-900d-7881fbc40c23,0,36,ZFM-03324
whisking,stim,1.0499999999999996,140.76216467669454,4.039300270724937,c5f0df31-60ca-42da-900d-7881fbc40c23,0,36,ZFM-03324
whisking,stim,1.1499999999999997,127.0751736460609,-9.647690759908699,c5f0df31-60ca-42da-900d-7881fbc40c23,0,36,ZFM-03324
whisking,stim,1.2499999999999998,124.89231677790534,-11.830547628064267,c5f0df31-60ca-42da-900d-7881fbc40c23,0,36,ZFM-03324
whisking,stim,1.3499999999999996,128.69709651679582,-8.025767889173778,c5f0df31-60ca-42da-900d-7881fbc40c23,0,36,ZFM-03324
whisking,stim,1.4499999999999995,136.76259764053427,0.0397332345646646,c5f0df31-60ca-42da-900d-7881fbc40c23,0,36,ZFM-03324
whisking,stim,1.5499999999999996,141.3108566021359,4.5879921961663115,c5f0df31-60ca-42da-900d-7881fbc40c23,0,36,ZFM-03324
whisking,stim,1.6499999999999997,135.14971560854949,-1.5731487974201173,c5f0df31-60ca-42da-900d-7881fbc40c23,0,36,ZFM-03324
whisking,stim,1.7499999999999996,129.20023109969156,-7.522633306278038,c5f0df31-60ca-42da-900d-7881fbc40c23,0,36,ZFM-03324
whisking,stim,1.8499999999999994,126.24396093435651,-10.478903471613094,c5f0df31-60ca-42da-900d-7881fbc40c23,0,36,ZFM-03324
whisking,stim,1.9499999999999995,133.56488371701005,-3.1579806889595545,c5f0df31-60ca-42da-900d-7881fbc40c23,0,36,ZFM-03324
whisking,stim,2.0499999999999994,148.9510264293122,12.228162023342605,c5f0df31-60ca-42da-900d-7881fbc40c23,0,36,ZFM-03324
whisking,stim,2.1499999999999995,153.2548003186825,16.531935912712896,c5f0df31-60ca-42da-900d-7881fbc40c23,0,36,ZFM-03324
whisking,stim,2.249999999999999,151.13246494816661,14.409600542197012,c5f0df31-60ca-42da-900d-7881fbc40c23,0,36,ZFM-03324
whisking,stim,2.349999999999999,140.91710296657754,4.194238560607943,c5f0df31-60ca-42da-900d-7881fbc40c23,0,36,ZFM-03324
whisking,stim,2.4499999999999993,141.4692929287835,4.746428522813886,c5f0df31-60ca-42da-900d-7881fbc40c23,0,36,ZFM-03324
whisking,stim,2.549999999999999,140.87671733475665,4.153852928787046,c5f0df31-60ca-42da-900d-7881fbc40c23,0,36,ZFM-03324
whisking,stim,2.649999999999999,136.76842487700395,0.04556047103434935,c5f0df31-60ca-42da-900d-7881fbc40c23,0,36,ZFM-03324
whisking,stim,2.749999999999999,143.22877285541745,6.505908449447844,c5f0df31-60ca-42da-900d-7881fbc40c23,0,36,ZFM-03324
whisking,stim,2.849999999999999,148.79121551682636,12.068351110856753,c5f0df31-60ca-42da-900d-7881fbc40c23,0,36,ZFM-03324
whisking,stim,2.9499999999999993,157.608941603183,20.88607719721341,c5f0df31-60ca-42da-900d-7881fbc40c23,0,36,ZFM-03324
whisking,stim,3.049999999999999,166.4652475785703,29.74238317260071,c5f0df31-60ca-42da-900d-7881fbc40c23,0,36,ZFM-03324
whisking,stim,3.149999999999999,162.40271918717627,25.67985478120667,c5f0df31-60ca-42da-900d-7881fbc40c23,0,36,ZFM-03324
whisking,stim,3.249999999999999,153.34414122266176,16.62127681669216,c5f0df31-60ca-42da-900d-7881fbc40c23,0,36,ZFM-03324
whisking,stim,3.3499999999999988,132.35596209371812,-4.366902312251483,c5f0df31-60ca-42da-900d-7881fbc40c23,0,36,ZFM-03324
whisking,stim,3.449999999999999,133.32908409942274,-3.3937803065468586,c5f0df31-60ca-42da-900d-7881fbc40c23,0,36,ZFM-03324
whisking,stim,3.549999999999999,143.87590578904658,7.153041383076982,c5f0df31-60ca-42da-900d-7881fbc40c23,0,36,ZFM-03324
whisking,stim,3.649999999999999,139.27981132425307,2.5569469182834723,c5f0df31-60ca-42da-900d-7881fbc40c23,0,36,ZFM-03324
whisking,stim,3.749999999999999,130.99179160740093,-5.731072798568675,c5f0df31-60ca-42da-900d-7881fbc40c23,0,36,ZFM-03324
whisking,stim,3.8499999999999988,126.81800286058956,-9.904861545380044,c5f0df31-60ca-42da-900d-7881fbc40c23,0,36,ZFM-03324
whisking,stim,3.949999999999999,138.58326177048133,1.8603973645117264,c5f0df31-60ca-42da-900d-7881fbc40c23,0,36,ZFM-03324
whisking,stim,-0.45,131.9819931243388,27.69879176075294,c1fbabc4-21b1-47f9-92b0-57ed9da5ec4b,1,113,ZFM-03321
whisking,stim,-0.35000000000000003,113.12905087623571,8.845849512649849,c1fbabc4-21b1-47f9-92b0-57ed9da5ec4b,1,113,ZFM-03321
whisking,stim,-0.25000000000000006,104.0833963952437,-0.1998049683421641,c1fbabc4-21b1-47f9-92b0-57ed9da5ec4b,1,113,ZFM-03321
whisking,stim,-0.15000000000000008,93.77054539788834,-10.512655965697519,c1fbabc4-21b1-47f9-92b0-57ed9da5ec4b,1,113,ZFM-03321
whisking,stim,-0.050000000000000086,78.4510210242228,-25.832180339363063,c1fbabc4-21b1-47f9-92b0-57ed9da5ec4b,1,113,ZFM-03321
whisking,stim,0.04999999999999989,73.26526115809958,-31.017940205486283,c1fbabc4-21b1-47f9-92b0-57ed9da5ec4b,1,113,ZFM-03321
whisking,stim,0.14999999999999986,105.24031041012196,0.9571090465361038,c1fbabc4-21b1-47f9-92b0-57ed9da5ec4b,1,113,ZFM-03321
whisking,stim,0.24999999999999983,172.91050702124338,68.62730565765752,c1fbabc4-21b1-47f9-92b0-57ed9da5ec4b,1,113,ZFM-03321
whisking,stim,0.3499999999999998,247.8995155244592,143.61631416087334,c1fbabc4-21b1-47f9-92b0-57ed9da5ec4b,1,113,ZFM-03321
whisking,stim,0.4499999999999998,293.32318322720096,189.03998186361508,c1fbabc4-21b1-47f9-92b0-57ed9da5ec4b,1,113,ZFM-03321
whisking,stim,0.5499999999999998,311.32662247651734,207.04342111293147,c1fbabc4-21b1-47f9-92b0-57ed9da5ec4b,1,113,ZFM-03321
whisking,stim,0.6499999999999998,319.44222930208946,215.15902793850358,c1fbabc4-21b1-47f9-92b0-57ed9da5ec4b,1,113,ZFM-03321
whisking,stim,0.7499999999999998,335.88950077972993,231.60629941614405,c1fbabc4-21b1-47f9-92b0-57ed9da5ec4b,1,113,ZFM-03321
whisking,stim,0.8499999999999998,354.35934035430836,250.07613899072248,c1fbabc4-21b1-47f9-92b0-57ed9da5ec4b,1,113,ZFM-03321
whisking,stim,0.9499999999999997,371.43334621041635,267.1501448468305,c1fbabc4-21b1-47f9-92b0-57ed9da5ec4b,1,113,ZFM-03321
whisking,stim,1.0499999999999996,391.3082460684965,287.0250447049106,c1fbabc4-21b1-47f9-92b0-57ed9da5ec4b,1,113,ZFM-03321
whisking,stim,1.1499999999999997,410.18101535262747,305.8978139890416,c1fbabc4-21b1-47f9-92b0-57ed9da5ec4b,1,113,ZFM-03321
whisking,stim,1.2499999999999998,429.1107210633797,324.8275196997938,c1fbabc4-21b1-47f9-92b0-57ed9da5ec4b,1,113,ZFM-03321
whisking,stim,1.3499999999999996,441.3724480364255,337.08924667283964,c1fbabc4-21b1-47f9-92b0-57ed9da5ec4b,1,113,ZFM-03321
whisking,stim,1.4499999999999995,447.3962001965557,343.1129988329698,c1fbabc4-21b1-47f9-92b0-57ed9da5ec4b,1,113,ZFM-03321
whisking,stim,1.5499999999999996,447.5878402699023,343.3046389063164,c1fbabc4-21b1-47f9-92b0-57ed9da5ec4b,1,113,ZFM-03321
whisking,stim,1.6499999999999997,446.1606063998807,341.8774050362948,c1fbabc4-21b1-47f9-92b0-57ed9da5ec4b,1,113,ZFM-03321
whisking,stim,1.7499999999999996,437.2993697657384,333.0161684021525,c1fbabc4-21b1-47f9-92b0-57ed9da5ec4b,1,113,ZFM-03321
whisking,stim,1.8499999999999994,430.39357578107246,326.1103744174866,c1fbabc4-21b1-47f9-92b0-57ed9da5ec4b,1,113,ZFM-03321
whisking,stim,1.9499999999999995,422.8742169743471,318.59101561076125,c1fbabc4-21b1-47f9-92b0-57ed9da5ec4b,1,113,ZFM-03321
whisking,stim,2.0499999999999994,417.406995082565,313.12379371897913,c1fbabc4-21b1-47f9-92b0-57ed9da5ec4b,1,113,ZFM-03321
whisking,stim,2.1499999999999995,408.6658117182194,304.3826103546335,c1fbabc4-21b1-47f9-92b0-57ed9da5ec4b,1,113,ZFM-03321
whisking,stim,2.249999999999999,393.9966072462143,289.7134058826284,c1fbabc4-21b1-47f9-92b0-57ed9da5ec4b,1,113,ZFM-03321
whisking,stim,2.349999999999999,379.9483749074705,275.66517354388463,c1fbabc4-21b1-47f9-92b0-57ed9da5ec4b,1,113,ZFM-03321
whisking,stim,2.4499999999999993,358.4651660489604,254.1819646853745,c1fbabc4-21b1-47f9-92b0-57ed9da5ec4b,1,113,ZFM-03321
whisking,stim,2.549999999999999,338.48421348455304,234.20101212096716,c1fbabc4-21b1-47f9-92b0-57ed9da5ec4b,1,113,ZFM-03321
whisking,stim,2.649999999999999,318.0258887379484,213.7426873743625,c1fbabc4-21b1-47f9-92b0-57ed9da5ec4b,1,113,ZFM-03321
whisking,stim,2.749999999999999,296.093481557333,191.81028019374713,c1fbabc4-21b1-47f9-92b0-57ed9da5ec4b,1,113,ZFM-03321
whisking,stim,2.849999999999999,274.57646500057825,170.29326363699238,c1fbabc4-21b1-47f9-92b0-57ed9da5ec4b,1,113,ZFM-03321
whisking,stim,2.9499999999999993,261.684804516619,157.40160315303314,c1fbabc4-21b1-47f9-92b0-57ed9da5ec4b,1,113,ZFM-03321
whisking,stim,3.049999999999999,255.82929504313893,151.54609367955305,c1fbabc4-21b1-47f9-92b0-57ed9da5ec4b,1,113,ZFM-03321
whisking,stim,3.149999999999999,242.75752020386818,138.4743188402823,c1fbabc4-21b1-47f9-92b0-57ed9da5ec4b,1,113,ZFM-03321
whisking,stim,3.249999999999999,226.63247941914616,122.3492780555603,c1fbabc4-21b1-47f9-92b0-57ed9da5ec4b,1,113,ZFM-03321
whisking,stim,3.3499999999999988,215.4359264447508,111.15272508116495,c1fbabc4-21b1-47f9-92b0-57ed9da5ec4b,1,113,ZFM-03321
whisking,stim,3.449999999999999,207.87414409140118,103.59094272781532,c1fbabc4-21b1-47f9-92b0-57ed9da5ec4b,1,113,ZFM-03321
whisking,stim,3.549999999999999,202.68870724491626,98.4055058813304,c1fbabc4-21b1-47f9-92b0-57ed9da5ec4b,1,113,ZFM-03321
whisking,stim,3.649999999999999,202.8228317448002,98.53963038121434,c1fbabc4-21b1-47f9-92b0-57ed9da5ec4b,1,113,ZFM-03321
whisking,stim,3.749999999999999,212.87307239129433,108.58987102770847,c1fbabc4-21b1-47f9-92b0-57ed9da5ec4b,1,113,ZFM-03321
whisking,stim,3.8499999999999988,229.19711369261157,124.9139123290257,c1fbabc4-21b1-47f9-92b0-57ed9da5ec4b,1,113,ZFM-03321
whisking,stim,3.949999999999999,241.24104713765988,136.95784577407403,c1fbabc4-21b1-47f9-92b0-57ed9da5ec4b,1,113,ZFM-03321
whisking,no_stim,-0.45,139.9526105645313,29.80907903852031,c1fbabc4-21b1-47f9-92b0-57ed9da5ec4b,1,91,ZFM-03321
whisking,no_stim,-0.35000000000000003,117.8879265646386,7.7443950386276015,c1fbabc4-21b1-47f9-92b0-57ed9da5ec4b,1,91,ZFM-03321
whisking,no_stim,-0.25000000000000006,105.14276537986403,-5.000766146146972,c1fbabc4-21b1-47f9-92b0-57ed9da5ec4b,1,91,ZFM-03321
whisking,no_stim,-0.15000000000000008,97.07142003842854,-13.072111487582461,c1fbabc4-21b1-47f9-92b0-57ed9da5ec4b,1,91,ZFM-03321
whisking,no_stim,-0.050000000000000086,90.6629350825925,-19.480596443418506,c1fbabc4-21b1-47f9-92b0-57ed9da5ec4b,1,91,ZFM-03321
whisking,no_stim,0.04999999999999989,98.18834242903866,-11.955189096972347,c1fbabc4-21b1-47f9-92b0-57ed9da5ec4b,1,91,ZFM-03321
whisking,no_stim,0.14999999999999986,126.2147668108479,16.071235284836902,c1fbabc4-21b1-47f9-92b0-57ed9da5ec4b,1,91,ZFM-03321
whisking,no_stim,0.24999999999999983,180.9523065950231,70.80877506901209,c1fbabc4-21b1-47f9-92b0-57ed9da5ec4b,1,91,ZFM-03321
whisking,no_stim,0.3499999999999998,253.44410658127623,143.30057505526523,c1fbabc4-21b1-47f9-92b0-57ed9da5ec4b,1,91,ZFM-03321
whisking,no_stim,0.4499999999999998,312.4772141783455,202.3336826523345,c1fbabc4-21b1-47f9-92b0-57ed9da5ec4b,1,91,ZFM-03321
whisking,no_stim,0.5499999999999998,349.2158804993937,239.07234897338267,c1fbabc4-21b1-47f9-92b0-57ed9da5ec4b,1,91,ZFM-03321
whisking,no_stim,0.6499999999999998,360.29525889141877,250.15172736540777,c1fbabc4-21b1-47f9-92b0-57ed9da5ec4b,1,91,ZFM-03321
whisking,no_stim,0.7499999999999998,381.4400316570999,271.2965001310889,c1fbabc4-21b1-47f9-92b0-57ed9da5ec4b,1,91,ZFM-03321
whisking,no_stim,0.8499999999999998,412.5872724759961,302.4437409499851,c1fbabc4-21b1-47f9-92b0-57ed9da5ec4b,1,91,ZFM-03321
whisking,no_stim,0.9499999999999997,434.0618837059199,323.9183521799089,c1fbabc4-21b1-47f9-92b0-57ed9da5ec4b,1,91,ZFM-03321
whisking,no_stim,1.0499999999999996,446.9405397747235,336.7970082487125,c1fbabc4-21b1-47f9-92b0-57ed9da5ec4b,1,91,ZFM-03321
whisking,no_stim,1.1499999999999997,452.8622080082099,342.71867648219893,c1fbabc4-21b1-47f9-92b0-57ed9da5ec4b,1,91,ZFM-03321
whisking,no_stim,1.2499999999999998,470.0895121578059,359.9459806317949,c1fbabc4-21b1-47f9-92b0-57ed9da5ec4b,1,91,ZFM-03321
whisking,no_stim,1.3499999999999996,485.40550476871886,375.2619732427079,c1fbabc4-21b1-47f9-92b0-57ed9da5ec4b,1,91,ZFM-03321
whisking,no_stim,1.4499999999999995,495.00213323466454,384.8586017086535,c1fbabc4-21b1-47f9-92b0-57ed9da5ec4b,1,91,ZFM-03321
whisking,no_stim,1.5499999999999996,509.4376770859272,399.29414555991616,c1fbabc4-21b1-47f9-92b0-57ed9da5ec4b,1,91,ZFM-03321
whisking,no_stim,1.6499999999999997,519.1090351506102,408.96550362459925,c1fbabc4-21b1-47f9-92b0-57ed9da5ec4b,1,91,ZFM-03321
whisking,no_stim,1.7499999999999996,524.070351276464,413.926819750453,c1fbabc4-21b1-47f9-92b0-57ed9da5ec4b,1,91,ZFM-03321
whisking,no_stim,1.8499999999999994,518.18942965177,408.045898125759,c1fbabc4-21b1-47f9-92b0-57ed9da5ec4b,1,91,ZFM-03321
whisking,no_stim,1.9499999999999995,510.0651937949043,399.92166226889333,c1fbabc4-21b1-47f9-92b0-57ed9da5ec4b,1,91,ZFM-03321
whisking,no_stim,2.0499999999999994,509.6009818244933,399.4574502984823,c1fbabc4-21b1-47f9-92b0-57ed9da5ec4b,1,91,ZFM-03321
whisking,no_stim,2.1499999999999995,504.66728179593497,394.523750269924,c1fbabc4-21b1-47f9-92b0-57ed9da5ec4b,1,91,ZFM-03321
whisking,no_stim,2.249999999999999,497.6727172626905,387.52918573667955,c1fbabc4-21b1-47f9-92b0-57ed9da5ec4b,1,91,ZFM-03321
whisking,no_stim,2.349999999999999,486.14164642572587,375.9981148997149,c1fbabc4-21b1-47f9-92b0-57ed9da5ec4b,1,91,ZFM-03321
whisking,no_stim,2.4499999999999993,472.944647532347,362.801116006336,c1fbabc4-21b1-47f9-92b0-57ed9da5ec4b,1,91,ZFM-03321
whisking,no_stim,2.549999999999999,451.8559751918733,341.71244366586234,c1fbabc4-21b1-47f9-92b0-57ed9da5ec4b,1,91,ZFM-03321
whisking,no_stim,2.649999999999999,425.19640689603796,315.052875370027,c1fbabc4-21b1-47f9-92b0-57ed9da5ec4b,1,91,ZFM-03321
whisking,no_stim,2.749999999999999,406.7819742201986,296.6384426941876,c1fbabc4-21b1-47f9-92b0-57ed9da5ec4b,1,91,ZFM-03321
whisking,no_stim,2.849999999999999,392.323436310169,282.179904784158,c1fbabc4-21b1-47f9-92b0-57ed9da5ec4b,1,91,ZFM-03321
whisking,no_stim,2.9499999999999993,375.77500134451486,265.6314698185039,c1fbabc4-21b1-47f9-92b0-57ed9da5ec4b,1,91,ZFM-03321
whisking,no_stim,3.049999999999999,345.00310807313787,234.85957654712686,c1fbabc4-21b1-47f9-92b0-57ed9da5ec4b,1,91,ZFM-03321
whisking,no_stim,3.149999999999999,312.9136689635144,202.7701374375034,c1fbabc4-21b1-47f9-92b0-57ed9da5ec4b,1,91,ZFM-03321
whisking,no_stim,3.249999999999999,290.81754487768376,180.67401335167276,c1fbabc4-21b1-47f9-92b0-57ed9da5ec4b,1,91,ZFM-03321
whisking,no_stim,3.3499999999999988,281.2666829576625,171.1231514316515,c1fbabc4-21b1-47f9-92b0-57ed9da5ec4b,1,91,ZFM-03321
whisking,no_stim,3.449999999999999,272.1544972775158,162.0109657515048,c1fbabc4-21b1-47f9-92b0-57ed9da5ec4b,1,91,ZFM-03321
whisking,no_stim,3.549999999999999,261.92353831335447,151.78000678734347,c1fbabc4-21b1-47f9-92b0-57ed9da5ec4b,1,91,ZFM-03321
whisking,no_stim,3.649999999999999,257.02880758933196,146.88527606332096,c1fbabc4-21b1-47f9-92b0-57ed9da5ec4b,1,91,ZFM-03321
whisking,no_stim,3.749999999999999,254.60911938661246,144.46558786060146,c1fbabc4-21b1-47f9-92b0-57ed9da5ec4b,1,91,ZFM-03321
whisking,no_stim,3.8499999999999988,246.9462823001049,136.8027507740939,c1fbabc4-21b1-47f9-92b0-57ed9da5ec4b,1,91,ZFM-03321
whisking,no_stim,3.949999999999999,238.91630965213528,128.77277812612428,c1fbabc4-21b1-47f9-92b0-57ed9da5ec4b,1,91,ZFM-03321
whisking,stim,-0.45,188.3052430353445,32.24187566762404,aff57b75-b439-4537-be22-743acedc8e5d,1,91,ZFM-03321
whisking,stim,-0.35000000000000003,162.9156039783488,6.852236610628353,aff57b75-b439-4537-be22-743acedc8e5d,1,91,ZFM-03321
whisking,stim,-0.25000000000000006,150.55727719875753,-5.506090168962913,aff57b75-b439-4537-be22-743acedc8e5d,1,91,ZFM-03321
whisking,stim,-0.15000000000000008,141.70094414573546,-14.362423221984983,aff57b75-b439-4537-be22-743acedc8e5d,1,91,ZFM-03321
whisking,stim,-0.050000000000000086,136.8377684804159,-19.225598887304557,aff57b75-b439-4537-be22-743acedc8e5d,1,91,ZFM-03321
whisking,stim,0.04999999999999989,130.20220057084927,-25.861166796871174,aff57b75-b439-4537-be22-743acedc8e5d,1,91,ZFM-03321
whisking,stim,0.14999999999999986,156.35079499604205,0.28742762832160906,aff57b75-b439-4537-be22-743acedc8e5d,1,91,ZFM-03321
whisking,stim,0.24999999999999983,198.7877126839903,42.72434531626985,aff57b75-b439-4537-be22-743acedc8e5d,1,91,ZFM-03321
whisking,stim,0.3499999999999998,243.3872570866161,87.32388971889566,aff57b75-b439-4537-be22-743acedc8e5d,1,91,ZFM-03321
whisking,stim,0.4499999999999998,265.6906618776549,109.62729450993447,aff57b75-b439-4537-be22-743acedc8e5d,1,91,ZFM-03321
whisking,stim,0.5499999999999998,271.06790731947615,115.0045399517557,aff57b75-b439-4537-be22-743acedc8e5d,1,91,ZFM-03321
whisking,stim,0.6499999999999998,286.5517820519379,130.48841468421745,aff57b75-b439-4537-be22-743acedc8e5d,1,91,ZFM-03321
whisking,stim,0.7499999999999998,301.08674444768286,145.02337707996242,aff57b75-b439-4537-be22-743acedc8e5d,1,91,ZFM-03321
whisking,stim,0.8499999999999998,317.1309419888484,161.06757462112796,aff57b75-b439-4537-be22-743acedc8e5d,1,91,ZFM-03321
whisking,stim,0.9499999999999997,328.06460729527083,172.0012399275504,aff57b75-b439-4537-be22-743acedc8e5d,1,91,ZFM-03321
whisking,stim,1.0499999999999996,335.1906088125325,179.12724144481206,aff57b75-b439-4537-be22-743acedc8e5d,1,91,ZFM-03321
whisking,stim,1.1499999999999997,334.7478093724739,178.68444200475346,aff57b75-b439-4537-be22-743acedc8e5d,1,91,ZFM-03321
whisking,stim,1.2499999999999998,334.86899696861207,178.80562960089162,aff57b75-b439-4537-be22-743acedc8e5d,1,91,ZFM-03321
whisking,stim,1.3499999999999996,333.87796307852534,177.8145957108049,aff57b75-b439-4537-be22-743acedc8e5d,1,91,ZFM-03321
whisking,stim,1.4499999999999995,333.0014403899873,176.93807302226685,aff57b75-b439-4537-be22-743acedc8e5d,1,91,ZFM-03321
whisking,stim,1.5499999999999996,331.6955412127695,175.63217384504907,aff57b75-b439-4537-be22-743acedc8e5d,1,91,ZFM-03321
whisking,stim,1.6499999999999997,330.4182472718983,174.35487990417784,aff57b75-b439-4537-be22-743acedc8e5d,1,91,ZFM-03321
whisking,stim,1.7499999999999996,331.9276579644681,175.86429059674765,aff57b75-b439-4537-be22-743acedc8e5d,1,91,ZFM-03321
whisking,stim,1.8499999999999994,332.0065488837792,175.94318151605876,aff57b75-b439-4537-be22-743acedc8e5d,1,91,ZFM-03321
whisking,stim,1.9499999999999995,327.72296233453557,171.65959496681512,aff57b75-b439-4537-be22-743acedc8e5d,1,91,ZFM-03321
whisking,stim,2.0499999999999994,330.7531331941662,174.68976582644575,aff57b75-b439-4537-be22-743acedc8e5d,1,91,ZFM-03321
whisking,stim,2.1499999999999995,330.9970374812919,174.93367011357145,aff57b75-b439-4537-be22-743acedc8e5d,1,91,ZFM-03321
whisking,stim,2.249999999999999,321.7641016028032,165.70073423508273,aff57b75-b439-4537-be22-743acedc8e5d,1,91,ZFM-03321
whisking,stim,2.349999999999999,299.1898838695915,143.12651650187104,aff57b75-b439-4537-be22-743acedc8e5d,1,91,ZFM-03321
whisking,stim,2.4499999999999993,282.62268621467723,126.55931884695678,aff57b75-b439-4537-be22-743acedc8e5d,1,91,ZFM-03321
whisking,stim,2.549999999999999,283.65559621177135,127.59222884405091,aff57b75-b439-4537-be22-743acedc8e5d,1,91,ZFM-03321
whisking,stim,2.649999999999999,287.2133201956633,131.14995282794285,aff57b75-b439-4537-be22-743acedc8e5d,1,91,ZFM-03321
whisking,stim,2.749999999999999,287.67483404510944,131.611466677389,aff57b75-b439-4537-be22-743acedc8e5d,1,91,ZFM-03321
whisking,stim,2.849999999999999,280.6804120301357,124.61704466241525,aff57b75-b439-4537-be22-743acedc8e5d,1,91,ZFM-03321
whisking,stim,2.9499999999999993,279.4245420822431,123.36117471452263,aff57b75-b439-4537-be22-743acedc8e5d,1,91,ZFM-03321
whisking,stim,3.049999999999999,285.27308685962555,129.2097194919051,aff57b75-b439-4537-be22-743acedc8e5d,1,91,ZFM-03321
whisking,stim,3.149999999999999,294.8572189840188,138.79385161629835,aff57b75-b439-4537-be22-743acedc8e5d,1,91,ZFM-03321
whisking,stim,3.249999999999999,300.2772988229553,144.21393145523484,aff57b75-b439-4537-be22-743acedc8e5d,1,91,ZFM-03321
whisking,stim,3.3499999999999988,301.72357246801135,145.6602051002909,aff57b75-b439-4537-be22-743acedc8e5d,1,91,ZFM-03321
whisking,stim,3.449999999999999,307.7992094220792,151.73584205435873,aff57b75-b439-4537-be22-743acedc8e5d,1,91,ZFM-03321
whisking,stim,3.549999999999999,304.7843791805909,148.72101181287047,aff57b75-b439-4537-be22-743acedc8e5d,1,91,ZFM-03321
whisking,stim,3.649999999999999,302.89409063401854,146.8307232662981,aff57b75-b439-4537-be22-743acedc8e5d,1,91,ZFM-03321
whisking,stim,3.749999999999999,313.48965750314466,157.4262901354242,aff57b75-b439-4537-be22-743acedc8e5d,1,91,ZFM-03321
whisking,stim,3.8499999999999988,330.643202544488,174.57983517676757,aff57b75-b439-4537-be22-743acedc8e5d,1,91,ZFM-03321
whisking,stim,3.949999999999999,331.8009641284293,175.73759676070887,aff57b75-b439-4537-be22-743acedc8e5d,1,91,ZFM-03321
whisking,no_stim,-0.45,108.88287338870175,22.848374390329468,aff57b75-b439-4537-be22-743acedc8e5d,1,63,ZFM-03321
whisking,no_stim,-0.35000000000000003,92.86586715719407,6.831368158821789,aff57b75-b439-4537-be22-743acedc8e5d,1,63,ZFM-03321
whisking,no_stim,-0.25000000000000006,81.68841791095036,-4.346081087421922,aff57b75-b439-4537-be22-743acedc8e5d,1,63,ZFM-03321
whisking,no_stim,-0.15000000000000008,76.96996523472951,-9.064533763642771,aff57b75-b439-4537-be22-743acedc8e5d,1,63,ZFM-03321
whisking,no_stim,-0.050000000000000086,69.76537130028574,-16.26912769808655,aff57b75-b439-4537-be22-743acedc8e5d,1,63,ZFM-03321
whisking,no_stim,0.04999999999999989,65.13912567426588,-20.8953733241064,aff57b75-b439-4537-be22-743acedc8e5d,1,63,ZFM-03321
whisking,no_stim,0.14999999999999986,87.52776816060471,1.4932691622324228,aff57b75-b439-4537-be22-743acedc8e5d,1,63,ZFM-03321
whisking,no_stim,0.24999999999999983,150.73992925128633,64.70543025291404,aff57b75-b439-4537-be22-743acedc8e5d,1,63,ZFM-03321
whisking,no_stim,0.3499999999999998,217.36224525205233,131.32774625368006,aff57b75-b439-4537-be22-743acedc8e5d,1,63,ZFM-03321
whisking,no_stim,0.4499999999999998,255.1848577925715,169.15035879419924,aff57b75-b439-4537-be22-743acedc8e5d,1,63,ZFM-03321
whisking,no_stim,0.5499999999999998,261.95492245678963,175.92042345841736,aff57b75-b439-4537-be22-743acedc8e5d,1,63,ZFM-03321
whisking,no_stim,0.6499999999999998,265.55501539712486,179.5205163987526,aff57b75-b439-4537-be22-743acedc8e5d,1,63,ZFM-03321
whisking,no_stim,0.7499999999999998,274.6496971393802,188.6151981410079,aff57b75-b439-4537-be22-743acedc8e5d,1,63,ZFM-03321
whisking,no_stim,0.8499999999999998,291.735365193979,205.70086619560675,aff57b75-b439-4537-be22-743acedc8e5d,1,63,ZFM-03321
whisking,no_stim,0.9499999999999997,315.2485085945374,229.2140095961651,aff57b75-b439-4537-be22-743acedc8e5d,1,63,ZFM-03321
whisking,no_stim,1.0499999999999996,341.9482667111081,255.91376771273582,aff57b75-b439-4537-be22-743acedc8e5d,1,63,ZFM-03321
whisking,no_stim,1.1499999999999997,362.37536653016156,276.3408675317893,aff57b75-b439-4537-be22-743acedc8e5d,1,63,ZFM-03321
whisking,no_stim,1.2499999999999998,367.7117409847582,281.6772419863859,aff57b75-b439-4537-be22-743acedc8e5d,1,63,ZFM-03321
whisking,no_stim,1.3499999999999996,363.8261902651911,277.7916912668188,aff57b75-b439-4537-be22-743acedc8e5d,1,63,ZFM-03321
whisking,no_stim,1.4499999999999995,363.19512414515304,277.1606251467808,aff57b75-b439-4537-be22-743acedc8e5d,1,63,ZFM-03321
whisking,no_stim,1.5499999999999996,361.98832192333157,275.9538229249593,aff57b75-b439-4537-be22-743acedc8e5d,1,63,ZFM-03321
whisking,no_stim,1.6499999999999997,353.89718736936516,267.8626883709929,aff57b75-b439-4537-be22-743acedc8e5d,1,63,ZFM-03321
whisking,no_stim,1.7499999999999996,335.51634321762464,249.48184421925237,aff57b75-b439-4537-be22-743acedc8e5d,1,63,ZFM-03321
whisking,no_stim,1.8499999999999994,323.88335830733706,237.8488593089648,aff57b75-b439-4537-be22-743acedc8e5d,1,63,ZFM-03321
whisking,no_stim,1.9499999999999995,321.82516637005716,235.7906673716849,aff57b75-b439-4537-be22-743acedc8e5d,1,63,ZFM-03321
whisking,no_stim,2.0499999999999994,318.22960016424537,232.1951011658731,aff57b75-b439-4537-be22-743acedc8e5d,1,63,ZFM-03321
whisking,no_stim,2.1499999999999995,303.85587411331915,217.82137511494687,aff57b75-b439-4537-be22-743acedc8e5d,1,63,ZFM-03321
whisking,no_stim,2.249999999999999,284.95446129536464,198.91996229699237,aff57b75-b439-4537-be22-743acedc8e5d,1,63,ZFM-03321
whisking,no_stim,2.349999999999999,262.44818001470736,176.4136810163351,aff57b75-b439-4537-be22-743acedc8e5d,1,63,ZFM-03321
whisking,no_stim,2.4499999999999993,248.21793286380887,162.1834338654366,aff57b75-b439-4537-be22-743acedc8e5d,1,63,ZFM-03321
whisking,no_stim,2.549999999999999,242.25635875763575,156.22185975926345,aff57b75-b439-4537-be22-743acedc8e5d,1,63,ZFM-03321
whisking,no_stim,2.649999999999999,233.51513637564736,147.48063737727506,aff57b75-b439-4537-be22-743acedc8e5d,1,63,ZFM-03321
whisking,no_stim,2.749999999999999,221.37388980141517,135.33939080304287,aff57b75-b439-4537-be22-743acedc8e5d,1,63,ZFM-03321
whisking,no_stim,2.849999999999999,203.62072812377036,117.58622912539808,aff57b75-b439-4537-be22-743acedc8e5d,1,63,ZFM-03321
whisking,no_stim,2.9499999999999993,194.57841170011633,108.54391270174405,aff57b75-b439-4537-be22-743acedc8e5d,1,63,ZFM-03321
whisking,no_stim,3.049999999999999,189.91235485727495,103.87785585890266,aff57b75-b439-4537-be22-743acedc8e5d,1,63,ZFM-03321
whisking,no_stim,3.149999999999999,186.86449085203202,100.82999185365973,aff57b75-b439-4537-be22-743acedc8e5d,1,63,ZFM-03321
whisking,no_stim,3.249999999999999,190.42247978838347,104.38798079001118,aff57b75-b439-4537-be22-743acedc8e5d,1,63,ZFM-03321
whisking,no_stim,3.3499999999999988,190.72942372479804,104.69492472642575,aff57b75-b439-4537-be22-743acedc8e5d,1,63,ZFM-03321
whisking,no_stim,3.449999999999999,183.19674186783612,97.16224286946384,aff57b75-b439-4537-be22-743acedc8e5d,1,63,ZFM-03321
whisking,no_stim,3.549999999999999,173.09698969451836,87.06249069614607,aff57b75-b439-4537-be22-743acedc8e5d,1,63,ZFM-03321
whisking,no_stim,3.649999999999999,174.46983719194208,88.43533819356979,aff57b75-b439-4537-be22-743acedc8e5d,1,63,ZFM-03321
whisking,no_stim,3.749999999999999,182.96558914721848,96.9310901488462,aff57b75-b439-4537-be22-743acedc8e5d,1,63,ZFM-03321
whisking,no_stim,3.8499999999999988,197.04957011409394,111.01507111572165,aff57b75-b439-4537-be22-743acedc8e5d,1,63,ZFM-03321
whisking,no_stim,3.949999999999999,212.20959968792036,126.17510068954807,aff57b75-b439-4537-be22-743acedc8e5d,1,63,ZFM-03321
whisking,stim,-0.45,196.32866293606412,24.577502281821978,d0387aa6-b648-466a-b5a6-bb647c8acc41,0,80,ZFM-03331
whisking,stim,-0.35000000000000003,171.63812886866125,-0.11303178558088689,d0387aa6-b648-466a-b5a6-bb647c8acc41,0,80,ZFM-03331
whisking,stim,-0.25000000000000006,160.49694303401162,-11.25421762023052,d0387aa6-b648-466a-b5a6-bb647c8acc41,0,80,ZFM-03331
whisking,stim,-0.15000000000000008,161.09970656101126,-10.651454093230882,d0387aa6-b648-466a-b5a6-bb647c8acc41,0,80,ZFM-03331
whisking,stim,-0.050000000000000086,169.19236187146228,-2.55879878277986,d0387aa6-b648-466a-b5a6-bb647c8acc41,0,80,ZFM-03331
whisking,stim,0.04999999999999989,173.31075481907303,1.5595941648308838,d0387aa6-b648-466a-b5a6-bb647c8acc41,0,80,ZFM-03331
whisking,stim,0.14999999999999986,182.73304620755397,10.981885553311827,d0387aa6-b648-466a-b5a6-bb647c8acc41,0,80,ZFM-03331
whisking,stim,0.24999999999999983,199.95354148532883,28.202380831086685,d0387aa6-b648-466a-b5a6-bb647c8acc41,0,80,ZFM-03331
whisking,stim,0.3499999999999998,217.34531426153166,45.59415360728951,d0387aa6-b648-466a-b5a6-bb647c8acc41,0,80,ZFM-03331
whisking,stim,0.4499999999999998,239.884215966271,68.13305531202886,d0387aa6-b648-466a-b5a6-bb647c8acc41,0,80,ZFM-03331
whisking,stim,0.5499999999999998,258.68344978992536,86.93228913568322,d0387aa6-b648-466a-b5a6-bb647c8acc41,0,80,ZFM-03331
whisking,stim,0.6499999999999998,281.2188018358469,109.46764118160473,d0387aa6-b648-466a-b5a6-bb647c8acc41,0,80,ZFM-03331
whisking,stim,0.7499999999999998,295.5535405530062,123.80237989876406,d0387aa6-b648-466a-b5a6-bb647c8acc41,0,80,ZFM-03331
whisking,stim,0.8499999999999998,299.233028565067,127.48186791082486,d0387aa6-b648-466a-b5a6-bb647c8acc41,0,80,ZFM-03331
whisking,stim,0.9499999999999997,290.6390227728474,118.88786211860526,d0387aa6-b648-466a-b5a6-bb647c8acc41,0,80,ZFM-03331
whisking,stim,1.0499999999999996,275.1592346326032,103.40807397836107,d0387aa6-b648-466a-b5a6-bb647c8acc41,0,80,ZFM-03331
whisking,stim,1.1499999999999997,269.19669097429556,97.44553032005342,d0387aa6-b648-466a-b5a6-bb647c8acc41,0,80,ZFM-03331
whisking,stim,1.2499999999999998,272.6361789197357,100.88501826549356,d0387aa6-b648-466a-b5a6-bb647c8acc41,0,80,ZFM-03331
whisking,stim,1.3499999999999996,280.6385517189312,108.88739106468904,d0387aa6-b648-466a-b5a6-bb647c8acc41,0,80,ZFM-03331
whisking,stim,1.4499999999999995,272.3850839034234,100.63392324918124,d0387aa6-b648-466a-b5a6-bb647c8acc41,0,80,ZFM-03331
whisking,stim,1.5499999999999996,259.5842132912247,87.83305263698259,d0387aa6-b648-466a-b5a6-bb647c8acc41,0,80,ZFM-03331
whisking,stim,1.6499999999999997,254.62696255226433,82.87580189802219,d0387aa6-b648-466a-b5a6-bb647c8acc41,0,80,ZFM-03331
whisking,stim,1.7499999999999996,254.295260868151,82.54410021390885,d0387aa6-b648-466a-b5a6-bb647c8acc41,0,80,ZFM-03331
whisking,stim,1.8499999999999994,263.7736804258222,92.02251977158005,d0387aa6-b648-466a-b5a6-bb647c8acc41,0,80,ZFM-03331
whisking,stim,1.9499999999999995,268.1516583667488,96.40049771250665,d0387aa6-b648-466a-b5a6-bb647c8acc41,0,80,ZFM-03331
whisking,stim,2.0499999999999994,265.88850683107256,94.13734617683042,d0387aa6-b648-466a-b5a6-bb647c8acc41,0,80,ZFM-03331
whisking,stim,2.1499999999999995,258.57922000926953,86.82805935502739,d0387aa6-b648-466a-b5a6-bb647c8acc41,0,80,ZFM-03331
whisking,stim,2.249999999999999,251.87336074017102,80.12220008592888,d0387aa6-b648-466a-b5a6-bb647c8acc41,0,80,ZFM-03331
whisking,stim,2.349999999999999,257.13031162728237,85.37915097304023,d0387aa6-b648-466a-b5a6-bb647c8acc41,0,80,ZFM-03331
whisking,stim,2.4499999999999993,265.1242980989184,93.37313744467627,d0387aa6-b648-466a-b5a6-bb647c8acc41,0,80,ZFM-03331
whisking,stim,2.549999999999999,260.3786119833277,88.62745132908555,d0387aa6-b648-466a-b5a6-bb647c8acc41,0,80,ZFM-03331
whisking,stim,2.649999999999999,253.04980068436242,81.29864003012028,d0387aa6-b648-466a-b5a6-bb647c8acc41,0,80,ZFM-03331
whisking,stim,2.749999999999999,242.2674523048119,70.51629165056977,d0387aa6-b648-466a-b5a6-bb647c8acc41,0,80,ZFM-03331
whisking,stim,2.849999999999999,244.051281377122,72.30012072287985,d0387aa6-b648-466a-b5a6-bb647c8acc41,0,80,ZFM-03331
whisking,stim,2.9499999999999993,244.12767452356803,72.37651386932589,d0387aa6-b648-466a-b5a6-bb647c8acc41,0,80,ZFM-03331
whisking,stim,3.049999999999999,250.9772949597379,79.22613430549575,d0387aa6-b648-466a-b5a6-bb647c8acc41,0,80,ZFM-03331
whisking,stim,3.149999999999999,265.2022765283851,93.45111587414294,d0387aa6-b648-466a-b5a6-bb647c8acc41,0,80,ZFM-03331
whisking,stim,3.249999999999999,289.70375118920435,117.95259053496221,d0387aa6-b648-466a-b5a6-bb647c8acc41,0,80,ZFM-03331
whisking,stim,3.3499999999999988,300.62970808479093,128.8785474305488,d0387aa6-b648-466a-b5a6-bb647c8acc41,0,80,ZFM-03331
whisking,stim,3.449999999999999,295.698499325779,123.94733867153684,d0387aa6-b648-466a-b5a6-bb647c8acc41,0,80,ZFM-03331
whisking,stim,3.549999999999999,275.463633730765,103.71247307652288,d0387aa6-b648-466a-b5a6-bb647c8acc41,0,80,ZFM-03331
whisking,stim,3.649999999999999,258.53310233277574,86.7819416785336,d0387aa6-b648-466a-b5a6-bb647c8acc41,0,80,ZFM-03331
whisking,stim,3.749999999999999,247.3730323827703,75.62187172852816,d0387aa6-b648-466a-b5a6-bb647c8acc41,0,80,ZFM-03331
whisking,stim,3.8499999999999988,244.92275234016387,73.17159168592173,d0387aa6-b648-466a-b5a6-bb647c8acc41,0,80,ZFM-03331
whisking,stim,3.949999999999999,253.43327834867438,81.68211769443224,d0387aa6-b648-466a-b5a6-bb647c8acc41,0,80,ZFM-03331
whisking,no_stim,-0.45,196.35509844499856,55.63305293069891,d0387aa6-b648-466a-b5a6-bb647c8acc41,0,57,ZFM-03331
whisking,no_stim,-0.35000000000000003,156.29667367494613,15.574628160646483,d0387aa6-b648-466a-b5a6-bb647c8acc41,0,57,ZFM-03331
whisking,no_stim,-0.25000000000000006,127.72846680479067,-12.99357870950898,d0387aa6-b648-466a-b5a6-bb647c8acc41,0,57,ZFM-03331
whisking,no_stim,-0.15000000000000008,111.01607426760329,-29.705971246696365,d0387aa6-b648-466a-b5a6-bb647c8acc41,0,57,ZFM-03331
whisking,no_stim,-0.050000000000000086,112.21391437915968,-28.508131135139976,d0387aa6-b648-466a-b5a6-bb647c8acc41,0,57,ZFM-03331
whisking,no_stim,0.04999999999999989,115.15804564727875,-25.563999867020897,d0387aa6-b648-466a-b5a6-bb647c8acc41,0,57,ZFM-03331
whisking,no_stim,0.14999999999999986,128.82566439979496,-11.896381114504692,d0387aa6-b648-466a-b5a6-bb647c8acc41,0,57,ZFM-03331
whisking,no_stim,0.24999999999999983,141.72352076943028,1.0014752551306287,d0387aa6-b648-466a-b5a6-bb647c8acc41,0,57,ZFM-03331
whisking,no_stim,0.3499999999999998,162.27002970960555,21.5479841953059,d0387aa6-b648-466a-b5a6-bb647c8acc41,0,57,ZFM-03331
whisking,no_stim,0.4499999999999998,173.02261544312256,32.30056992882291,d0387aa6-b648-466a-b5a6-bb647c8acc41,0,57,ZFM-03331
whisking,no_stim,0.5499999999999998,180.00236806720548,39.28032255290583,d0387aa6-b648-466a-b5a6-bb647c8acc41,0,57,ZFM-03331
whisking,no_stim,0.6499999999999998,190.53608679893728,49.814041284637625,d0387aa6-b648-466a-b5a6-bb647c8acc41,0,57,ZFM-03331
whisking,no_stim,0.7499999999999998,203.1407103839017,62.418664869602054,d0387aa6-b648-466a-b5a6-bb647c8acc41,0,57,ZFM-03331
whisking,no_stim,0.8499999999999998,203.63871260814525,62.916667093845604,d0387aa6-b648-466a-b5a6-bb647c8acc41,0,57,ZFM-03331
whisking,no_stim,0.9499999999999997,202.18687646759366,61.46483095329401,d0387aa6-b648-466a-b5a6-bb647c8acc41,0,57,ZFM-03331
whisking,no_stim,1.0499999999999996,197.21981620700396,56.49777069270431,d0387aa6-b648-466a-b5a6-bb647c8acc41,0,57,ZFM-03331
whisking,no_stim,1.1499999999999997,192.82378538395832,52.10173986965867,d0387aa6-b648-466a-b5a6-bb647c8acc41,0,57,ZFM-03331
whisking,no_stim,1.2499999999999998,196.29880303904767,55.57675752474802,d0387aa6-b648-466a-b5a6-bb647c8acc41,0,57,ZFM-03331
whisking,no_stim,1.3499999999999996,203.36986039255947,62.64781487825982,d0387aa6-b648-466a-b5a6-bb647c8acc41,0,57,ZFM-03331
whisking,no_stim,1.4499999999999995,205.38685131031855,64.6648057960189,d0387aa6-b648-466a-b5a6-bb647c8acc41,0,57,ZFM-03331
whisking,no_stim,1.5499999999999996,196.8566820597453,56.13463654544566,d0387aa6-b648-466a-b5a6-bb647c8acc41,0,57,ZFM-03331
whisking,no_stim,1.6499999999999997,202.60033420709925,61.8782886927996,d0387aa6-b648-466a-b5a6-bb647c8acc41,0,57,ZFM-03331
whisking,no_stim,1.7499999999999996,229.87823209880455,89.1561865845049,d0387aa6-b648-466a-b5a6-bb647c8acc41,0,57,ZFM-03331
whisking,no_stim,1.8499999999999994,247.36212796512177,106.64008245082212,d0387aa6-b648-466a-b5a6-bb647c8acc41,0,57,ZFM-03331
whisking,no_stim,1.9499999999999995,235.44151503264976,94.71946951835011,d0387aa6-b648-466a-b5a6-bb647c8acc41,0,57,ZFM-03331
whisking,no_stim,2.0499999999999994,219.64164063705286,78.91959512275321,d0387aa6-b648-466a-b5a6-bb647c8acc41,0,57,ZFM-03331
whisking,no_stim,2.1499999999999995,214.26906165276932,73.54701613846967,d0387aa6-b648-466a-b5a6-bb647c8acc41,0,57,ZFM-03331
whisking,no_stim,2.249999999999999,230.663466549464,89.94142103516435,d0387aa6-b648-466a-b5a6-bb647c8acc41,0,57,ZFM-03331
whisking,no_stim,2.349999999999999,253.05505534750378,112.33300983320413,d0387aa6-b648-466a-b5a6-bb647c8acc41,0,57,ZFM-03331
whisking,no_stim,2.4499999999999993,270.1657285219451,129.44368300764543,d0387aa6-b648-466a-b5a6-bb647c8acc41,0,57,ZFM-03331
whisking,no_stim,2.549999999999999,274.1612179506039,133.43917243630423,d0387aa6-b648-466a-b5a6-bb647c8acc41,0,57,ZFM-03331
whisking,no_stim,2.649999999999999,272.52613640271113,131.80409088841148,d0387aa6-b648-466a-b5a6-bb647c8acc41,0,57,ZFM-03331
whisking,no_stim,2.749999999999999,274.1749333119917,133.45288779769206,d0387aa6-b648-466a-b5a6-bb647c8acc41,0,57,ZFM-03331
whisking,no_stim,2.849999999999999,274.1810304364701,133.45898492217046,d0387aa6-b648-466a-b5a6-bb647c8acc41,0,57,ZFM-03331
whisking,no_stim,2.9499999999999993,267.0640512470058,126.34200573270616,d0387aa6-b648-466a-b5a6-bb647c8acc41,0,57,ZFM-03331
whisking,no_stim,3.049999999999999,262.34463136399694,121.62258584969729,d0387aa6-b648-466a-b5a6-bb647c8acc41,0,57,ZFM-03331
whisking,no_stim,3.149999999999999,261.65571034845806,120.9336648341584,d0387aa6-b648-466a-b5a6-bb647c8acc41,0,57,ZFM-03331
whisking,no_stim,3.249999999999999,264.6944844998569,123.97243898555726,d0387aa6-b648-466a-b5a6-bb647c8acc41,0,57,ZFM-03331
whisking,no_stim,3.3499999999999988,266.20074740407375,125.4787018897741,d0387aa6-b648-466a-b5a6-bb647c8acc41,0,57,ZFM-03331
whisking,no_stim,3.449999999999999,278.2430054321422,137.52095991784253,d0387aa6-b648-466a-b5a6-bb647c8acc41,0,57,ZFM-03331
whisking,no_stim,3.549999999999999,290.0652722844488,149.34322677014913,d0387aa6-b648-466a-b5a6-bb647c8acc41,0,57,ZFM-03331
whisking,no_stim,3.649999999999999,289.2686326856169,148.54658717131727,d0387aa6-b648-466a-b5a6-bb647c8acc41,0,57,ZFM-03331
whisking,no_stim,3.749999999999999,285.2344359474397,144.51239043314004,d0387aa6-b648-466a-b5a6-bb647c8acc41,0,57,ZFM-03331
whisking,no_stim,3.8499999999999988,279.30205967467333,138.58001416037368,d0387aa6-b648-466a-b5a6-bb647c8acc41,0,57,ZFM-03331
whisking,no_stim,3.949999999999999,284.5220713323951,143.80002581809546,d0387aa6-b648-466a-b5a6-bb647c8acc41,0,57,ZFM-03331
whisking,stim,-0.45,131.02486814601443,9.33900189123041,d0d46f77-1066-4568-a984-b2469f948aa2,0,153,ZFM-03331
whisking,stim,-0.35000000000000003,119.64672344737737,-2.039142807406648,d0d46f77-1066-4568-a984-b2469f948aa2,0,153,ZFM-03331
whisking,stim,-0.25000000000000006,118.31757379387741,-3.368292460906602,d0d46f77-1066-4568-a984-b2469f948aa2,0,153,ZFM-03331
whisking,stim,-0.15000000000000008,120.21403125019978,-1.4718350045842357,d0d46f77-1066-4568-a984-b2469f948aa2,0,153,ZFM-03331
whisking,stim,-0.050000000000000086,119.2261346364511,-2.45973161833291,d0d46f77-1066-4568-a984-b2469f948aa2,0,153,ZFM-03331
whisking,stim,0.04999999999999989,121.52620620018669,-0.15966005459732457,d0d46f77-1066-4568-a984-b2469f948aa2,0,153,ZFM-03331
whisking,stim,0.14999999999999986,136.03858021539003,14.35271396060601,d0d46f77-1066-4568-a984-b2469f948aa2,0,153,ZFM-03331
whisking,stim,0.24999999999999983,169.75218827893195,48.06632202414794,d0d46f77-1066-4568-a984-b2469f948aa2,0,153,ZFM-03331
whisking,stim,0.3499999999999998,207.8885850517317,86.20271879694768,d0d46f77-1066-4568-a984-b2469f948aa2,0,153,ZFM-03331
whisking,stim,0.4499999999999998,249.75856272790753,128.07269647312353,d0d46f77-1066-4568-a984-b2469f948aa2,0,153,ZFM-03331
whisking,stim,0.5499999999999998,281.51512008643164,159.82925383164763,d0d46f77-1066-4568-a984-b2469f948aa2,0,153,ZFM-03331
whisking,stim,0.6499999999999998,306.46133517892594,184.77546892414193,d0d46f77-1066-4568-a984-b2469f948aa2,0,153,ZFM-03331
whisking,stim,0.7499999999999998,322.4306346977371,200.7447684429531,d0d46f77-1066-4568-a984-b2469f948aa2,0,153,ZFM-03331
whisking,stim,0.8499999999999998,337.5703595595808,215.88449330479682,d0d46f77-1066-4568-a984-b2469f948aa2,0,153,ZFM-03331
whisking,stim,0.9499999999999997,354.0038518446483,232.3179855898643,d0d46f77-1066-4568-a984-b2469f948aa2,0,153,ZFM-03331
whisking,stim,1.0499999999999996,367.4820835020018,245.79621724721778,d0d46f77-1066-4568-a984-b2469f948aa2,0,153,ZFM-03331
whisking,stim,1.1499999999999997,377.8380717339223,256.1522054791383,d0d46f77-1066-4568-a984-b2469f948aa2,0,153,ZFM-03331
whisking,stim,1.2499999999999998,386.12784888464256,264.44198262985856,d0d46f77-1066-4568-a984-b2469f948aa2,0,153,ZFM-03331
whisking,stim,1.3499999999999996,390.6608597726922,268.9749935179082,d0d46f77-1066-4568-a984-b2469f948aa2,0,153,ZFM-03331
whisking,stim,1.4499999999999995,391.146716760851,269.460850506067,d0d46f77-1066-4568-a984-b2469f948aa2,0,153,ZFM-03331
whisking,stim,1.5499999999999996,385.61591112151183,263.9300448667278,d0d46f77-1066-4568-a984-b2469f948aa2,0,153,ZFM-03331
whisking,stim,1.6499999999999997,387.9839755293153,266.29810927453127,d0d46f77-1066-4568-a984-b2469f948aa2,0,153,ZFM-03331
whisking,stim,1.7499999999999996,396.9188773152557,275.2330110604717,d0d46f77-1066-4568-a984-b2469f948aa2,0,153,ZFM-03331
whisking,stim,1.8499999999999994,402.0807071086755,280.3948408538915,d0d46f77-1066-4568-a984-b2469f948aa2,0,153,ZFM-03331
whisking,stim,1.9499999999999995,391.92597031493796,270.24010406015395,d0d46f77-1066-4568-a984-b2469f948aa2,0,153,ZFM-03331
whisking,stim,2.0499999999999994,378.9204787987917,257.2346125440077,d0d46f77-1066-4568-a984-b2469f948aa2,0,153,ZFM-03331
whisking,stim,2.1499999999999995,379.8895557669281,258.2036895121441,d0d46f77-1066-4568-a984-b2469f948aa2,0,153,ZFM-03331
whisking,stim,2.249999999999999,382.06380850357147,260.37794224878746,d0d46f77-1066-4568-a984-b2469f948aa2,0,153,ZFM-03331
whisking,stim,2.349999999999999,368.9693801575333,247.2835139027493,d0d46f77-1066-4568-a984-b2469f948aa2,0,153,ZFM-03331
whisking,stim,2.4499999999999993,344.2095227397534,222.52365648496942,d0d46f77-1066-4568-a984-b2469f948aa2,0,153,ZFM-03331
whisking,stim,2.549999999999999,331.11937656782845,209.43351031304445,d0d46f77-1066-4568-a984-b2469f948aa2,0,153,ZFM-03331
whisking,stim,2.649999999999999,331.4980202916908,209.8121540369068,d0d46f77-1066-4568-a984-b2469f948aa2,0,153,ZFM-03331
whisking,stim,2.749999999999999,332.67679555987286,210.99092930508886,d0d46f77-1066-4568-a984-b2469f948aa2,0,153,ZFM-03331
whisking,stim,2.849999999999999,322.2698548562503,200.58398860146627,d0d46f77-1066-4568-a984-b2469f948aa2,0,153,ZFM-03331
whisking,stim,2.9499999999999993,307.0918190605875,185.4059528058035,d0d46f77-1066-4568-a984-b2469f948aa2,0,153,ZFM-03331
whisking,stim,3.049999999999999,294.54702023956725,172.86115398478324,d0d46f77-1066-4568-a984-b2469f948aa2,0,153,ZFM-03331
whisking,stim,3.149999999999999,282.9110327194101,161.2251664646261,d0d46f77-1066-4568-a984-b2469f948aa2,0,153,ZFM-03331
whisking,stim,3.249999999999999,282.8958323505868,161.20996609580277,d0d46f77-1066-4568-a984-b2469f948aa2,0,153,ZFM-03331
whisking,stim,3.3499999999999988,282.198479047902,160.51261279311802,d0d46f77-1066-4568-a984-b2469f948aa2,0,153,ZFM-03331
whisking,stim,3.449999999999999,285.9122432434864,164.22637698870238,d0d46f77-1066-4568-a984-b2469f948aa2,0,153,ZFM-03331
whisking,stim,3.549999999999999,283.3385610649236,161.65269481013962,d0d46f77-1066-4568-a984-b2469f948aa2,0,153,ZFM-03331
whisking,stim,3.649999999999999,283.95234397437184,162.26647771958784,d0d46f77-1066-4568-a984-b2469f948aa2,0,153,ZFM-03331
whisking,stim,3.749999999999999,287.39622720720985,165.71036095242584,d0d46f77-1066-4568-a984-b2469f948aa2,0,153,ZFM-03331
whisking,stim,3.8499999999999988,295.1374644148651,173.45159816008112,d0d46f77-1066-4568-a984-b2469f948aa2,0,153,ZFM-03331
whisking,stim,3.949999999999999,299.1394016110264,177.4535353562424,d0d46f77-1066-4568-a984-b2469f948aa2,0,153,ZFM-03331
whisking,no_stim,-0.45,96.82430299133266,17.486353325372434,d0d46f77-1066-4568-a984-b2469f948aa2,0,142,ZFM-03331
whisking,no_stim,-0.35000000000000003,83.10959075811486,3.7716410921546384,d0d46f77-1066-4568-a984-b2469f948aa2,0,142,ZFM-03331
whisking,no_stim,-0.25000000000000006,74.64790492746168,-4.690044738498543,d0d46f77-1066-4568-a984-b2469f948aa2,0,142,ZFM-03331
whisking,no_stim,-0.15000000000000008,69.56093686650627,-9.777012799453956,d0d46f77-1066-4568-a984-b2469f948aa2,0,142,ZFM-03331
whisking,no_stim,-0.050000000000000086,72.54701278638558,-6.7909368795746445,d0d46f77-1066-4568-a984-b2469f948aa2,0,142,ZFM-03331
whisking,no_stim,0.04999999999999989,77.39193272207446,-1.9460169438857662,d0d46f77-1066-4568-a984-b2469f948aa2,0,142,ZFM-03331
whisking,no_stim,0.14999999999999986,96.18993346746831,16.851983801508084,d0d46f77-1066-4568-a984-b2469f948aa2,0,142,ZFM-03331
whisking,no_stim,0.24999999999999983,134.46344260651355,55.12549294055333,d0d46f77-1066-4568-a984-b2469f948aa2,0,142,ZFM-03331
whisking,no_stim,0.3499999999999998,187.91453908065,108.57658941468978,d0d46f77-1066-4568-a984-b2469f948aa2,0,142,ZFM-03331
whisking,no_stim,0.4499999999999998,230.77690885785833,151.4389591918981,d0d46f77-1066-4568-a984-b2469f948aa2,0,142,ZFM-03331
whisking,no_stim,0.5499999999999998,265.9768376234184,186.6388879574582,d0d46f77-1066-4568-a984-b2469f948aa2,0,142,ZFM-03331
whisking,no_stim,0.6499999999999998,282.07120247508215,202.73325280912192,d0d46f77-1066-4568-a984-b2469f948aa2,0,142,ZFM-03331
whisking,no_stim,0.7499999999999998,285.9611398943795,206.6231902284193,d0d46f77-1066-4568-a984-b2469f948aa2,0,142,ZFM-03331
whisking,no_stim,0.8499999999999998,287.5601900498272,208.222240383867,d0d46f77-1066-4568-a984-b2469f948aa2,0,142,ZFM-03331
whisking,no_stim,0.9499999999999997,295.386341186395,216.04839152043476,d0d46f77-1066-4568-a984-b2469f948aa2,0,142,ZFM-03331
whisking,no_stim,1.0499999999999996,313.4518328666183,234.11388320065808,d0d46f77-1066-4568-a984-b2469f948aa2,0,142,ZFM-03331
whisking,no_stim,1.1499999999999997,322.50934875704814,243.17139909108792,d0d46f77-1066-4568-a984-b2469f948aa2,0,142,ZFM-03331
whisking,no_stim,1.2499999999999998,326.53757116181276,247.19962149585254,d0d46f77-1066-4568-a984-b2469f948aa2,0,142,ZFM-03331
whisking,no_stim,1.3499999999999996,333.4436920797157,254.10574241375545,d0d46f77-1066-4568-a984-b2469f948aa2,0,142,ZFM-03331
whisking,no_stim,1.4499999999999995,346.11507158772633,266.77712192176614,d0d46f77-1066-4568-a984-b2469f948aa2,0,142,ZFM-03331
whisking,no_stim,1.5499999999999996,362.80943026791573,283.4714806019555,d0d46f77-1066-4568-a984-b2469f948aa2,0,142,ZFM-03331
whisking,no_stim,1.6499999999999997,378.22780744305464,298.88985777709445,d0d46f77-1066-4568-a984-b2469f948aa2,0,142,ZFM-03331
whisking,no_stim,1.7499999999999996,387.2557800498675,307.91783038390724,d0d46f77-1066-4568-a984-b2469f948aa2,0,142,ZFM-03331
whisking,no_stim,1.8499999999999994,390.6249929398855,311.2870432739253,d0d46f77-1066-4568-a984-b2469f948aa2,0,142,ZFM-03331
whisking,no_stim,1.9499999999999995,397.2147004228913,317.8767507569311,d0d46f77-1066-4568-a984-b2469f948aa2,0,142,ZFM-03331
whisking,no_stim,2.0499999999999994,392.3932208261921,313.0552711602319,d0d46f77-1066-4568-a984-b2469f948aa2,0,142,ZFM-03331
whisking,no_stim,2.1499999999999995,383.10627099407793,303.76832132811774,d0d46f77-1066-4568-a984-b2469f948aa2,0,142,ZFM-03331
whisking,no_stim,2.249999999999999,369.82332928337286,290.4853796174126,d0d46f77-1066-4568-a984-b2469f948aa2,0,142,ZFM-03331
whisking,no_stim,2.349999999999999,365.3063449239599,285.96839525799965,d0d46f77-1066-4568-a984-b2469f948aa2,0,142,ZFM-03331
whisking,no_stim,2.4499999999999993,350.4181016540719,271.08015198811165,d0d46f77-1066-4568-a984-b2469f948aa2,0,142,ZFM-03331
whisking,no_stim,2.549999999999999,334.33516919880805,254.99721953284782,d0d46f77-1066-4568-a984-b2469f948aa2,0,142,ZFM-03331
whisking,no_stim,2.649999999999999,320.6636381480793,241.3256884821191,d0d46f77-1066-4568-a984-b2469f948aa2,0,142,ZFM-03331
whisking,no_stim,2.749999999999999,312.38608545420755,233.04813578824732,d0d46f77-1066-4568-a984-b2469f948aa2,0,142,ZFM-03331
whisking,no_stim,2.849999999999999,310.3660266594572,231.02807699349697,d0d46f77-1066-4568-a984-b2469f948aa2,0,142,ZFM-03331
whisking,no_stim,2.9499999999999993,302.93974224838314,223.60179258242292,d0d46f77-1066-4568-a984-b2469f948aa2,0,142,ZFM-03331
whisking,no_stim,3.049999999999999,301.88743302545765,222.54948335949743,d0d46f77-1066-4568-a984-b2469f948aa2,0,142,ZFM-03331
whisking,no_stim,3.149999999999999,296.3929652979455,217.0550156319853,d0d46f77-1066-4568-a984-b2469f948aa2,0,142,ZFM-03331
whisking,no_stim,3.249999999999999,290.68695697660115,211.34900731064093,d0d46f77-1066-4568-a984-b2469f948aa2,0,142,ZFM-03331
whisking,no_stim,3.3499999999999988,286.66286762263735,207.32491795667713,d0d46f77-1066-4568-a984-b2469f948aa2,0,142,ZFM-03331
whisking,no_stim,3.449999999999999,275.97050566340147,196.63255599744124,d0d46f77-1066-4568-a984-b2469f948aa2,0,142,ZFM-03331
whisking,no_stim,3.549999999999999,264.79614713000905,185.45819746404882,d0d46f77-1066-4568-a984-b2469f948aa2,0,142,ZFM-03331
whisking,no_stim,3.649999999999999,256.8821804202341,177.54423075427385,d0d46f77-1066-4568-a984-b2469f948aa2,0,142,ZFM-03331
whisking,no_stim,3.749999999999999,250.5202627459326,171.18231307997237,d0d46f77-1066-4568-a984-b2469f948aa2,0,142,ZFM-03331
whisking,no_stim,3.8499999999999988,244.22707440551122,164.889124739551,d0d46f77-1066-4568-a984-b2469f948aa2,0,142,ZFM-03331
whisking,no_stim,3.949999999999999,241.91929576097615,162.58134609501593,d0d46f77-1066-4568-a984-b2469f948aa2,0,142,ZFM-03331
whisking,stim,-0.45,176.74554810930042,42.5192276424896,31684e30-6708-4816-a8cb-c32c63ea7541,0,135,ZFM-03331
whisking,stim,-0.35000000000000003,144.5048999760914,10.278579509280576,31684e30-6708-4816-a8cb-c32c63ea7541,0,135,ZFM-03331
whisking,stim,-0.25000000000000006,121.99324618531062,-12.233074281500194,31684e30-6708-4816-a8cb-c32c63ea7541,0,135,ZFM-03331
whisking,stim,-0.15000000000000008,114.93328779873568,-19.293032668075142,31684e30-6708-4816-a8cb-c32c63ea7541,0,135,ZFM-03331
whisking,stim,-0.050000000000000086,112.954620264616,-21.271700202194822,31684e30-6708-4816-a8cb-c32c63ea7541,0,135,ZFM-03331
whisking,stim,0.04999999999999989,120.60901540398883,-13.617305062821984,31684e30-6708-4816-a8cb-c32c63ea7541,0,135,ZFM-03331
whisking,stim,0.14999999999999986,144.74080774365643,10.514487276845614,31684e30-6708-4816-a8cb-c32c63ea7541,0,135,ZFM-03331
whisking,stim,0.24999999999999983,193.07240364425513,58.846083177444314,31684e30-6708-4816-a8cb-c32c63ea7541,0,135,ZFM-03331
whisking,stim,0.3499999999999998,251.45106828753725,117.22474782072644,31684e30-6708-4816-a8cb-c32c63ea7541,0,135,ZFM-03331
whisking,stim,0.4499999999999998,295.09450384731144,160.86818338050062,31684e30-6708-4816-a8cb-c32c63ea7541,0,135,ZFM-03331
whisking,stim,0.5499999999999998,311.437516619447,177.2111961526362,31684e30-6708-4816-a8cb-c32c63ea7541,0,135,ZFM-03331
whisking,stim,0.6499999999999998,315.55420302165885,181.32788255484803,31684e30-6708-4816-a8cb-c32c63ea7541,0,135,ZFM-03331
whisking,stim,0.7499999999999998,319.40586743570157,185.17954696889075,31684e30-6708-4816-a8cb-c32c63ea7541,0,135,ZFM-03331
whisking,stim,0.8499999999999998,329.8623747190422,195.63605425223136,31684e30-6708-4816-a8cb-c32c63ea7541,0,135,ZFM-03331
whisking,stim,0.9499999999999997,338.97743706960046,204.75111660278964,31684e30-6708-4816-a8cb-c32c63ea7541,0,135,ZFM-03331
whisking,stim,1.0499999999999996,347.7923302228027,213.5660097559919,31684e30-6708-4816-a8cb-c32c63ea7541,0,135,ZFM-03331
whisking,stim,1.1499999999999997,356.59149480312976,222.36517433631894,31684e30-6708-4816-a8cb-c32c63ea7541,0,135,ZFM-03331
whisking,stim,1.2499999999999998,368.74304858939786,234.51672812258704,31684e30-6708-4816-a8cb-c32c63ea7541,0,135,ZFM-03331
whisking,stim,1.3499999999999996,381.9150640888617,247.68874362205088,31684e30-6708-4816-a8cb-c32c63ea7541,0,135,ZFM-03331
whisking,stim,1.4499999999999995,394.17557517734747,259.94925471053665,31684e30-6708-4816-a8cb-c32c63ea7541,0,135,ZFM-03331
whisking,stim,1.5499999999999996,402.0193441487232,267.79302368191236,31684e30-6708-4816-a8cb-c32c63ea7541,0,135,ZFM-03331
whisking,stim,1.6499999999999997,413.14489039215624,278.9185699253454,31684e30-6708-4816-a8cb-c32c63ea7541,0,135,ZFM-03331
whisking,stim,1.7499999999999996,426.42075357829134,292.1944331114805,31684e30-6708-4816-a8cb-c32c63ea7541,0,135,ZFM-03331
whisking,stim,1.8499999999999994,435.84402143496055,301.61770096814973,31684e30-6708-4816-a8cb-c32c63ea7541,0,135,ZFM-03331
whisking,stim,1.9499999999999995,430.1749939530594,295.9486734862486,31684e30-6708-4816-a8cb-c32c63ea7541,0,135,ZFM-03331
whisking,stim,2.0499999999999994,424.5027708619529,290.2764503951421,31684e30-6708-4816-a8cb-c32c63ea7541,0,135,ZFM-03331
whisking,stim,2.1499999999999995,413.8804056714626,279.6540852046518,31684e30-6708-4816-a8cb-c32c63ea7541,0,135,ZFM-03331
whisking,stim,2.249999999999999,403.1553193611036,268.92899889429276,31684e30-6708-4816-a8cb-c32c63ea7541,0,135,ZFM-03331
whisking,stim,2.349999999999999,401.09058689482566,266.86426642801484,31684e30-6708-4816-a8cb-c32c63ea7541,0,135,ZFM-03331
whisking,stim,2.4499999999999993,401.0496232262646,266.8233027594538,31684e30-6708-4816-a8cb-c32c63ea7541,0,135,ZFM-03331
whisking,stim,2.549999999999999,394.2293215615634,260.00300109475256,31684e30-6708-4816-a8cb-c32c63ea7541,0,135,ZFM-03331
whisking,stim,2.649999999999999,378.1672120902956,243.9408916234848,31684e30-6708-4816-a8cb-c32c63ea7541,0,135,ZFM-03331
whisking,stim,2.749999999999999,370.03494164113624,235.80862117432542,31684e30-6708-4816-a8cb-c32c63ea7541,0,135,ZFM-03331
whisking,stim,2.849999999999999,362.3862952794815,228.15997481267067,31684e30-6708-4816-a8cb-c32c63ea7541,0,135,ZFM-03331
whisking,stim,2.9499999999999993,347.55385900502023,213.3275385382094,31684e30-6708-4816-a8cb-c32c63ea7541,0,135,ZFM-03331
whisking,stim,3.049999999999999,325.86813469463533,191.6418142278245,31684e30-6708-4816-a8cb-c32c63ea7541,0,135,ZFM-03331
whisking,stim,3.149999999999999,315.77898717369465,181.55266670688383,31684e30-6708-4816-a8cb-c32c63ea7541,0,135,ZFM-03331
whisking,stim,3.249999999999999,310.61873373342473,176.39241326661391,31684e30-6708-4816-a8cb-c32c63ea7541,0,135,ZFM-03331
whisking,stim,3.3499999999999988,311.1656920701929,176.93937160338209,31684e30-6708-4816-a8cb-c32c63ea7541,0,135,ZFM-03331
whisking,stim,3.449999999999999,313.4182785602547,179.19195809344387,31684e30-6708-4816-a8cb-c32c63ea7541,0,135,ZFM-03331
whisking,stim,3.549999999999999,307.79719213523305,173.57087166842223,31684e30-6708-4816-a8cb-c32c63ea7541,0,135,ZFM-03331
whisking,stim,3.649999999999999,303.5396042797671,169.31328381295629,31684e30-6708-4816-a8cb-c32c63ea7541,0,135,ZFM-03331
whisking,stim,3.749999999999999,302.96799766141777,168.74167719460695,31684e30-6708-4816-a8cb-c32c63ea7541,0,135,ZFM-03331
whisking,stim,3.8499999999999988,298.48964097226315,164.26332050545233,31684e30-6708-4816-a8cb-c32c63ea7541,0,135,ZFM-03331
whisking,stim,3.949999999999999,288.77751131872316,154.55119085191234,31684e30-6708-4816-a8cb-c32c63ea7541,0,135,ZFM-03331
whisking,no_stim,-0.45,141.39398407166274,36.98171158496524,31684e30-6708-4816-a8cb-c32c63ea7541,0,82,ZFM-03331
whisking,no_stim,-0.35000000000000003,108.45350939487687,4.041236908179371,31684e30-6708-4816-a8cb-c32c63ea7541,0,82,ZFM-03331
whisking,no_stim,-0.25000000000000006,94.32693225487492,-10.085340231822585,31684e30-6708-4816-a8cb-c32c63ea7541,0,82,ZFM-03331
whisking,no_stim,-0.15000000000000008,89.90721908018746,-14.505053406510044,31684e30-6708-4816-a8cb-c32c63ea7541,0,82,ZFM-03331
whisking,no_stim,-0.050000000000000086,87.97971763188552,-16.432554854811983,31684e30-6708-4816-a8cb-c32c63ea7541,0,82,ZFM-03331
whisking,no_stim,0.04999999999999989,76.92985660121543,-27.48241588548207,31684e30-6708-4816-a8cb-c32c63ea7541,0,82,ZFM-03331
whisking,no_stim,0.14999999999999986,89.53726265303295,-14.87500983366455,31684e30-6708-4816-a8cb-c32c63ea7541,0,82,ZFM-03331
whisking,no_stim,0.24999999999999983,156.48490753805345,52.072635051355945,31684e30-6708-4816-a8cb-c32c63ea7541,0,82,ZFM-03331
whisking,no_stim,0.3499999999999998,247.45620895302042,143.04393646632292,31684e30-6708-4816-a8cb-c32c63ea7541,0,82,ZFM-03331
whisking,no_stim,0.4499999999999998,311.9294929374355,207.517220450738,31684e30-6708-4816-a8cb-c32c63ea7541,0,82,ZFM-03331
whisking,no_stim,0.5499999999999998,334.9846603535977,230.5723878669002,31684e30-6708-4816-a8cb-c32c63ea7541,0,82,ZFM-03331
whisking,no_stim,0.6499999999999998,359.60441057151553,255.19213808481803,31684e30-6708-4816-a8cb-c32c63ea7541,0,82,ZFM-03331
whisking,no_stim,0.7499999999999998,380.60148926178067,276.1892167750832,31684e30-6708-4816-a8cb-c32c63ea7541,0,82,ZFM-03331
whisking,no_stim,0.8499999999999998,392.9890795252729,288.57680703857545,31684e30-6708-4816-a8cb-c32c63ea7541,0,82,ZFM-03331
whisking,no_stim,0.9499999999999997,399.58522832517974,295.17295583848227,31684e30-6708-4816-a8cb-c32c63ea7541,0,82,ZFM-03331
whisking,no_stim,1.0499999999999996,405.5030247384416,301.0907522517441,31684e30-6708-4816-a8cb-c32c63ea7541,0,82,ZFM-03331
whisking,no_stim,1.1499999999999997,401.02646840486847,296.61419591817094,31684e30-6708-4816-a8cb-c32c63ea7541,0,82,ZFM-03331
whisking,no_stim,1.2499999999999998,391.7857916398437,287.37351915314616,31684e30-6708-4816-a8cb-c32c63ea7541,0,82,ZFM-03331
whisking,no_stim,1.3499999999999996,388.42932902402987,284.01705653733234,31684e30-6708-4816-a8cb-c32c63ea7541,0,82,ZFM-03331
whisking,no_stim,1.4499999999999995,406.04070380513645,301.62843131843897,31684e30-6708-4816-a8cb-c32c63ea7541,0,82,ZFM-03331
whisking,no_stim,1.5499999999999996,422.2137989663342,317.80152647963666,31684e30-6708-4816-a8cb-c32c63ea7541,0,82,ZFM-03331
whisking,no_stim,1.6499999999999997,433.2649576937847,328.85268520708723,31684e30-6708-4816-a8cb-c32c63ea7541,0,82,ZFM-03331
whisking,no_stim,1.7499999999999996,437.02035000558345,332.6080775188859,31684e30-6708-4816-a8cb-c32c63ea7541,0,82,ZFM-03331
whisking,no_stim,1.8499999999999994,420.687409381162,316.2751368944645,31684e30-6708-4816-a8cb-c32c63ea7541,0,82,ZFM-03331
whisking,no_stim,1.9499999999999995,397.6078914989168,293.19561901221925,31684e30-6708-4816-a8cb-c32c63ea7541,0,82,ZFM-03331
whisking,no_stim,2.0499999999999994,374.26178303557816,269.84951054888063,31684e30-6708-4816-a8cb-c32c63ea7541,0,82,ZFM-03331
whisking,no_stim,2.1499999999999995,366.5621387856296,262.1498662989321,31684e30-6708-4816-a8cb-c32c63ea7541,0,82,ZFM-03331
whisking,no_stim,2.249999999999999,364.7754716366529,260.36319914995545,31684e30-6708-4816-a8cb-c32c63ea7541,0,82,ZFM-03331
whisking,no_stim,2.349999999999999,366.65311235300925,262.2408398663117,31684e30-6708-4816-a8cb-c32c63ea7541,0,82,ZFM-03331
whisking,no_stim,2.4499999999999993,371.36620585690844,266.95393337021096,31684e30-6708-4816-a8cb-c32c63ea7541,0,82,ZFM-03331
whisking,no_stim,2.549999999999999,383.46697214127846,279.054699654581,31684e30-6708-4816-a8cb-c32c63ea7541,0,82,ZFM-03331
whisking,no_stim,2.649999999999999,386.61422974554193,282.20195725884446,31684e30-6708-4816-a8cb-c32c63ea7541,0,82,ZFM-03331
whisking,no_stim,2.749999999999999,384.0666201282278,279.6543476415303,31684e30-6708-4816-a8cb-c32c63ea7541,0,82,ZFM-03331
whisking,no_stim,2.849999999999999,367.53385895557517,263.1215864688777,31684e30-6708-4816-a8cb-c32c63ea7541,0,82,ZFM-03331
whisking,no_stim,2.9499999999999993,355.7135287393281,251.30125625263062,31684e30-6708-4816-a8cb-c32c63ea7541,0,82,ZFM-03331
whisking,no_stim,3.049999999999999,351.8804530925248,247.4681806058273,31684e30-6708-4816-a8cb-c32c63ea7541,0,82,ZFM-03331
whisking,no_stim,3.149999999999999,343.4265768430384,239.0143043563409,31684e30-6708-4816-a8cb-c32c63ea7541,0,82,ZFM-03331
whisking,no_stim,3.249999999999999,330.0038968495948,225.5916243628973,31684e30-6708-4816-a8cb-c32c63ea7541,0,82,ZFM-03331
whisking,no_stim,3.3499999999999988,309.80912958530024,205.39685709860274,31684e30-6708-4816-a8cb-c32c63ea7541,0,82,ZFM-03331
whisking,no_stim,3.449999999999999,301.9063396258318,197.49406713913427,31684e30-6708-4816-a8cb-c32c63ea7541,0,82,ZFM-03331
whisking,no_stim,3.549999999999999,303.89092857536474,199.47865608866724,31684e30-6708-4816-a8cb-c32c63ea7541,0,82,ZFM-03331
whisking,no_stim,3.649999999999999,306.0156116730402,201.6033391863427,31684e30-6708-4816-a8cb-c32c63ea7541,0,82,ZFM-03331
whisking,no_stim,3.749999999999999,313.03653049504936,208.62425800835186,31684e30-6708-4816-a8cb-c32c63ea7541,0,82,ZFM-03331
whisking,no_stim,3.8499999999999988,316.1517475895632,211.73947510286567,31684e30-6708-4816-a8cb-c32c63ea7541,0,82,ZFM-03331
whisking,no_stim,3.949999999999999,313.8523934015618,209.4401209148643,31684e30-6708-4816-a8cb-c32c63ea7541,0,82,ZFM-03331
whisking,stim,-0.45,269.59584956532814,67.07493469569417,37ba7dd8-714f-4c63-a7e3-548e35d8664a,1,61,ZFM-03329
whisking,stim,-0.35000000000000003,201.84628677948146,-0.6746280901525097,37ba7dd8-714f-4c63-a7e3-548e35d8664a,1,61,ZFM-03329
whisking,stim,-0.25000000000000006,177.3361599204561,-25.184754949177858,37ba7dd8-714f-4c63-a7e3-548e35d8664a,1,61,ZFM-03329
whisking,stim,-0.15000000000000008,169.1324208873341,-33.38849398229988,37ba7dd8-714f-4c63-a7e3-548e35d8664a,1,61,ZFM-03329
whisking,stim,-0.050000000000000086,194.69385719557008,-7.827057674063894,37ba7dd8-714f-4c63-a7e3-548e35d8664a,1,61,ZFM-03329
whisking,stim,0.04999999999999989,264.28299719520095,61.76208232556698,37ba7dd8-714f-4c63-a7e3-548e35d8664a,1,61,ZFM-03329
whisking,stim,0.14999999999999986,357.41575044923565,154.89483557960168,37ba7dd8-714f-4c63-a7e3-548e35d8664a,1,61,ZFM-03329
whisking,stim,0.24999999999999983,414.6961429300472,212.17522806041322,37ba7dd8-714f-4c63-a7e3-548e35d8664a,1,61,ZFM-03329
whisking,stim,0.3499999999999998,430.35104750600567,227.8301326363717,37ba7dd8-714f-4c63-a7e3-548e35d8664a,1,61,ZFM-03329
whisking,stim,0.4499999999999998,424.9826405392195,222.46172566958555,37ba7dd8-714f-4c63-a7e3-548e35d8664a,1,61,ZFM-03329
whisking,stim,0.5499999999999998,440.11466295450106,237.5937480848671,37ba7dd8-714f-4c63-a7e3-548e35d8664a,1,61,ZFM-03329
whisking,stim,0.6499999999999998,451.28470839489984,248.76379352526587,37ba7dd8-714f-4c63-a7e3-548e35d8664a,1,61,ZFM-03329
whisking,stim,0.7499999999999998,456.3852286797736,253.86431381013963,37ba7dd8-714f-4c63-a7e3-548e35d8664a,1,61,ZFM-03329
whisking,stim,0.8499999999999998,444.47113743198815,241.95022256235418,37ba7dd8-714f-4c63-a7e3-548e35d8664a,1,61,ZFM-03329
whisking,stim,0.9499999999999997,422.4313086796332,219.91039380999925,37ba7dd8-714f-4c63-a7e3-548e35d8664a,1,61,ZFM-03329
whisking,stim,1.0499999999999996,413.3682117057201,210.84729683608614,37ba7dd8-714f-4c63-a7e3-548e35d8664a,1,61,ZFM-03329
whisking,stim,1.1499999999999997,422.3526262677975,219.83171139816355,37ba7dd8-714f-4c63-a7e3-548e35d8664a,1,61,ZFM-03329
whisking,stim,1.2499999999999998,440.18601838664364,237.66510351700967,37ba7dd8-714f-4c63-a7e3-548e35d8664a,1,61,ZFM-03329
whisking,stim,1.3499999999999996,468.15629442946056,265.63537955982656,37ba7dd8-714f-4c63-a7e3-548e35d8664a,1,61,ZFM-03329
whisking,stim,1.4499999999999995,501.1749009553375,298.65398608570354,37ba7dd8-714f-4c63-a7e3-548e35d8664a,1,61,ZFM-03329
whisking,stim,1.5499999999999996,543.0586651730806,340.5377503034466,37ba7dd8-714f-4c63-a7e3-548e35d8664a,1,61,ZFM-03329
whisking,stim,1.6499999999999997,578.4551010882711,375.93418621863714,37ba7dd8-714f-4c63-a7e3-548e35d8664a,1,61,ZFM-03329
whisking,stim,1.7499999999999996,602.3423147832289,399.82139991359486,37ba7dd8-714f-4c63-a7e3-548e35d8664a,1,61,ZFM-03329
whisking,stim,1.8499999999999994,631.0985460684308,428.5776311987968,37ba7dd8-714f-4c63-a7e3-548e35d8664a,1,61,ZFM-03329
whisking,stim,1.9499999999999995,643.1271602347266,440.6062453650926,37ba7dd8-714f-4c63-a7e3-548e35d8664a,1,61,ZFM-03329
whisking,stim,2.0499999999999994,653.1204232232074,450.59950835357336,37ba7dd8-714f-4c63-a7e3-548e35d8664a,1,61,ZFM-03329
whisking,stim,2.1499999999999995,656.924691898675,454.40377702904095,37ba7dd8-714f-4c63-a7e3-548e35d8664a,1,61,ZFM-03329
whisking,stim,2.249999999999999,668.3161643242983,465.79524945466426,37ba7dd8-714f-4c63-a7e3-548e35d8664a,1,61,ZFM-03329
whisking,stim,2.349999999999999,663.6419120346367,461.1209971650027,37ba7dd8-714f-4c63-a7e3-548e35d8664a,1,61,ZFM-03329
whisking,stim,2.4499999999999993,641.0298359351804,438.50892106554636,37ba7dd8-714f-4c63-a7e3-548e35d8664a,1,61,ZFM-03329
whisking,stim,2.549999999999999,620.596852126658,418.07593725702395,37ba7dd8-714f-4c63-a7e3-548e35d8664a,1,61,ZFM-03329
whisking,stim,2.649999999999999,595.868145016897,393.34723014726296,37ba7dd8-714f-4c63-a7e3-548e35d8664a,1,61,ZFM-03329
whisking,stim,2.749999999999999,580.0712455420626,377.5503306724286,37ba7dd8-714f-4c63-a7e3-548e35d8664a,1,61,ZFM-03329
whisking,stim,2.849999999999999,578.6912538185542,376.1703389489202,37ba7dd8-714f-4c63-a7e3-548e35d8664a,1,61,ZFM-03329
whisking,stim,2.9499999999999993,586.8838963716045,384.36298150197047,37ba7dd8-714f-4c63-a7e3-548e35d8664a,1,61,ZFM-03329
whisking,stim,3.049999999999999,577.8083763746164,375.2874615049824,37ba7dd8-714f-4c63-a7e3-548e35d8664a,1,61,ZFM-03329
whisking,stim,3.149999999999999,553.3025955962737,350.7816807266397,37ba7dd8-714f-4c63-a7e3-548e35d8664a,1,61,ZFM-03329
whisking,stim,3.249999999999999,526.9218873218024,324.4009724521684,37ba7dd8-714f-4c63-a7e3-548e35d8664a,1,61,ZFM-03329
whisking,stim,3.3499999999999988,535.2529589064957,332.7320440368617,37ba7dd8-714f-4c63-a7e3-548e35d8664a,1,61,ZFM-03329
whisking,stim,3.449999999999999,558.8641759735024,356.3432611038684,37ba7dd8-714f-4c63-a7e3-548e35d8664a,1,61,ZFM-03329
whisking,stim,3.549999999999999,581.3434204939437,378.82250562430966,37ba7dd8-714f-4c63-a7e3-548e35d8664a,1,61,ZFM-03329
whisking,stim,3.649999999999999,574.5071490853688,371.98623421573484,37ba7dd8-714f-4c63-a7e3-548e35d8664a,1,61,ZFM-03329
whisking,stim,3.749999999999999,552.6396521940209,350.11873732438687,37ba7dd8-714f-4c63-a7e3-548e35d8664a,1,61,ZFM-03329
whisking,stim,3.8499999999999988,538.5768469689427,336.05593209930873,37ba7dd8-714f-4c63-a7e3-548e35d8664a,1,61,ZFM-03329
whisking,stim,3.949999999999999,532.1958538519821,329.67493898234807,37ba7dd8-714f-4c63-a7e3-548e35d8664a,1,61,ZFM-03329
whisking,no_stim,-0.45,256.25820222892247,65.21228710197761,37ba7dd8-714f-4c63-a7e3-548e35d8664a,1,45,ZFM-03329
whisking,no_stim,-0.35000000000000003,198.37884763301082,7.3329325060659585,37ba7dd8-714f-4c63-a7e3-548e35d8664a,1,45,ZFM-03329
whisking,no_stim,-0.25000000000000006,166.9872738921491,-24.058641234795772,37ba7dd8-714f-4c63-a7e3-548e35d8664a,1,45,ZFM-03329
whisking,no_stim,-0.15000000000000008,156.51889210801983,-34.527023018925036,37ba7dd8-714f-4c63-a7e3-548e35d8664a,1,45,ZFM-03329
whisking,no_stim,-0.050000000000000086,177.0863597726221,-13.95955535432276,37ba7dd8-714f-4c63-a7e3-548e35d8664a,1,45,ZFM-03329
whisking,no_stim,0.04999999999999989,220.90718425742526,29.861269130480395,37ba7dd8-714f-4c63-a7e3-548e35d8664a,1,45,ZFM-03329
whisking,no_stim,0.14999999999999986,283.6640507374758,92.61813561053094,37ba7dd8-714f-4c63-a7e3-548e35d8664a,1,45,ZFM-03329
whisking,no_stim,0.24999999999999983,347.122850178388,156.07693505144312,37ba7dd8-714f-4c63-a7e3-548e35d8664a,1,45,ZFM-03329
whisking,no_stim,0.3499999999999998,386.8301677916254,195.78425266468054,37ba7dd8-714f-4c63-a7e3-548e35d8664a,1,45,ZFM-03329
whisking,no_stim,0.4499999999999998,416.21975985747946,225.1738447305346,37ba7dd8-714f-4c63-a7e3-548e35d8664a,1,45,ZFM-03329
whisking,no_stim,0.5499999999999998,435.492132251373,244.44621712442813,37ba7dd8-714f-4c63-a7e3-548e35d8664a,1,45,ZFM-03329
whisking,no_stim,0.6499999999999998,437.6427803602364,246.5968652332915,37ba7dd8-714f-4c63-a7e3-548e35d8664a,1,45,ZFM-03329
whisking,no_stim,0.7499999999999998,428.50516711882665,237.45925199188179,37ba7dd8-714f-4c63-a7e3-548e35d8664a,1,45,ZFM-03329
whisking,no_stim,0.8499999999999998,425.0978737919655,234.05195866502066,37ba7dd8-714f-4c63-a7e3-548e35d8664a,1,45,ZFM-03329
whisking,no_stim,0.9499999999999997,421.718346450305,230.67243132336012,37ba7dd8-714f-4c63-a7e3-548e35d8664a,1,45,ZFM-03329
whisking,no_stim,1.0499999999999996,399.70140583310064,208.65549070615577,37ba7dd8-714f-4c63-a7e3-548e35d8664a,1,45,ZFM-03329
whisking,no_stim,1.1499999999999997,397.713432804578,206.66751767763316,37ba7dd8-714f-4c63-a7e3-548e35d8664a,1,45,ZFM-03329
whisking,no_stim,1.2499999999999998,411.1450277693555,220.09911264241066,37ba7dd8-714f-4c63-a7e3-548e35d8664a,1,45,ZFM-03329
whisking,no_stim,1.3499999999999996,435.8706334862978,244.82471835935291,37ba7dd8-714f-4c63-a7e3-548e35d8664a,1,45,ZFM-03329
whisking,no_stim,1.4499999999999995,446.75778616573086,255.711871038786,37ba7dd8-714f-4c63-a7e3-548e35d8664a,1,45,ZFM-03329
whisking,no_stim,1.5499999999999996,453.47548494171167,262.4295698147668,37ba7dd8-714f-4c63-a7e3-548e35d8664a,1,45,ZFM-03329
whisking,no_stim,1.6499999999999997,455.17937213264213,264.13345700569727,37ba7dd8-714f-4c63-a7e3-548e35d8664a,1,45,ZFM-03329
whisking,no_stim,1.7499999999999996,445.6587797828807,254.61286465593582,37ba7dd8-714f-4c63-a7e3-548e35d8664a,1,45,ZFM-03329
whisking,no_stim,1.8499999999999994,427.29348477299675,236.2475696460519,37ba7dd8-714f-4c63-a7e3-548e35d8664a,1,45,ZFM-03329
whisking,no_stim,1.9499999999999995,406.5163759525666,215.47046082562173,37ba7dd8-714f-4c63-a7e3-548e35d8664a,1,45,ZFM-03329
whisking,no_stim,2.0499999999999994,391.0009760736506,199.95506094670571,37ba7dd8-714f-4c63-a7e3-548e35d8664a,1,45,ZFM-03329
whisking,no_stim,2.1499999999999995,380.41044074814465,189.3645256211998,37ba7dd8-714f-4c63-a7e3-548e35d8664a,1,45,ZFM-03329
whisking,no_stim,2.249999999999999,377.4895645187382,186.44364939179331,37ba7dd8-714f-4c63-a7e3-548e35d8664a,1,45,ZFM-03329
whisking,no_stim,2.349999999999999,375.62556245477816,184.5796473278333,37ba7dd8-714f-4c63-a7e3-548e35d8664a,1,45,ZFM-03329
whisking,no_stim,2.4499999999999993,386.3373817853133,195.29146665836845,37ba7dd8-714f-4c63-a7e3-548e35d8664a,1,45,ZFM-03329
whisking,no_stim,2.549999999999999,398.27040127467467,207.2244861477298,37ba7dd8-714f-4c63-a7e3-548e35d8664a,1,45,ZFM-03329
whisking,no_stim,2.649999999999999,409.21630021060184,218.17038508365698,37ba7dd8-714f-4c63-a7e3-548e35d8664a,1,45,ZFM-03329
whisking,no_stim,2.749999999999999,402.81314695489925,211.7672318279544,37ba7dd8-714f-4c63-a7e3-548e35d8664a,1,45,ZFM-03329
whisking,no_stim,2.849999999999999,379.24515553378257,188.1992404068377,37ba7dd8-714f-4c63-a7e3-548e35d8664a,1,45,ZFM-03329
whisking,no_stim,2.9499999999999993,358.0914588157566,167.04554368881173,37ba7dd8-714f-4c63-a7e3-548e35d8664a,1,45,ZFM-03329
whisking,no_stim,3.049999999999999,349.3924209701919,158.34650584324703,37ba7dd8-714f-4c63-a7e3-548e35d8664a,1,45,ZFM-03329
whisking,no_stim,3.149999999999999,353.43173558665956,162.3858204597147,37ba7dd8-714f-4c63-a7e3-548e35d8664a,1,45,ZFM-03329
whisking,no_stim,3.249999999999999,357.5799663309659,166.534051204021,37ba7dd8-714f-4c63-a7e3-548e35d8664a,1,45,ZFM-03329
whisking,no_stim,3.3499999999999988,370.30759300584697,179.2616778789021,37ba7dd8-714f-4c63-a7e3-548e35d8664a,1,45,ZFM-03329
whisking,no_stim,3.449999999999999,388.9198955644772,197.87398043753234,37ba7dd8-714f-4c63-a7e3-548e35d8664a,1,45,ZFM-03329
whisking,no_stim,3.549999999999999,382.08397565700113,191.03806053005627,37ba7dd8-714f-4c63-a7e3-548e35d8664a,1,45,ZFM-03329
whisking,no_stim,3.649999999999999,354.31940622922656,163.2734911022817,37ba7dd8-714f-4c63-a7e3-548e35d8664a,1,45,ZFM-03329
whisking,no_stim,3.749999999999999,341.2416917465276,150.19577661958272,37ba7dd8-714f-4c63-a7e3-548e35d8664a,1,45,ZFM-03329
whisking,no_stim,3.8499999999999988,360.18997426534304,169.14405913839818,37ba7dd8-714f-4c63-a7e3-548e35d8664a,1,45,ZFM-03329
whisking,no_stim,3.949999999999999,370.3671769208423,179.32126179389746,37ba7dd8-714f-4c63-a7e3-548e35d8664a,1,45,ZFM-03329
whisking,stim,-0.45,261.19735259010196,16.933908824019,e0b73b6d-3409-441b-95ce-f22f5d22d380,1,61,ZFM-03329
whisking,stim,-0.35000000000000003,221.49488349698385,-22.768560269099112,e0b73b6d-3409-441b-95ce-f22f5d22d380,1,61,ZFM-03329
whisking,stim,-0.25000000000000006,206.95923873980576,-37.3042050262772,e0b73b6d-3409-441b-95ce-f22f5d22d380,1,61,ZFM-03329
whisking,stim,-0.15000000000000008,216.25040960249885,-28.01303416358411,e0b73b6d-3409-441b-95ce-f22f5d22d380,1,61,ZFM-03329
whisking,stim,-0.050000000000000086,315.41533440102427,71.15189063494131,e0b73b6d-3409-441b-95ce-f22f5d22d380,1,61,ZFM-03329
whisking,stim,0.04999999999999989,412.64537126418963,168.38192749810668,e0b73b6d-3409-441b-95ce-f22f5d22d380,1,61,ZFM-03329
whisking,stim,0.14999999999999986,436.140322998269,191.87687923218607,e0b73b6d-3409-441b-95ce-f22f5d22d380,1,61,ZFM-03329
whisking,stim,0.24999999999999983,386.17732111587105,141.9138773497881,e0b73b6d-3409-441b-95ce-f22f5d22d380,1,61,ZFM-03329
whisking,stim,0.3499999999999998,349.1014152462471,104.83797148016413,e0b73b6d-3409-441b-95ce-f22f5d22d380,1,61,ZFM-03329
whisking,stim,0.4499999999999998,366.92066724443436,122.6572234783514,e0b73b6d-3409-441b-95ce-f22f5d22d380,1,61,ZFM-03329
whisking,stim,0.5499999999999998,377.23979362903555,132.9763498629526,e0b73b6d-3409-441b-95ce-f22f5d22d380,1,61,ZFM-03329
whisking,stim,0.6499999999999998,381.94045718686124,137.67701342077828,e0b73b6d-3409-441b-95ce-f22f5d22d380,1,61,ZFM-03329
whisking,stim,0.7499999999999998,383.49435132346406,139.2309075573811,e0b73b6d-3409-441b-95ce-f22f5d22d380,1,61,ZFM-03329
whisking,stim,0.8499999999999998,383.35787849501617,139.0944347289332,e0b73b6d-3409-441b-95ce-f22f5d22d380,1,61,ZFM-03329
whisking,stim,0.9499999999999997,388.4189832136204,144.15553944753742,e0b73b6d-3409-441b-95ce-f22f5d22d380,1,61,ZFM-03329
whisking,stim,1.0499999999999996,404.13829603565074,159.87485226956778,e0b73b6d-3409-441b-95ce-f22f5d22d380,1,61,ZFM-03329
whisking,stim,1.1499999999999997,424.0534800086228,179.79003624253983,e0b73b6d-3409-441b-95ce-f22f5d22d380,1,61,ZFM-03329
whisking,stim,1.2499999999999998,435.70330012888223,191.43985636279928,e0b73b6d-3409-441b-95ce-f22f5d22d380,1,61,ZFM-03329
whisking,stim,1.3499999999999996,435.0419628878846,190.77851912180165,e0b73b6d-3409-441b-95ce-f22f5d22d380,1,61,ZFM-03329
whisking,stim,1.4499999999999995,434.5910018327888,190.32755806670582,e0b73b6d-3409-441b-95ce-f22f5d22d380,1,61,ZFM-03329
whisking,stim,1.5499999999999996,459.0455077492555,214.78206398317252,e0b73b6d-3409-441b-95ce-f22f5d22d380,1,61,ZFM-03329
whisking,stim,1.6499999999999997,513.9396792936996,269.6762355276166,e0b73b6d-3409-441b-95ce-f22f5d22d380,1,61,ZFM-03329
whisking,stim,1.7499999999999996,583.8303822391672,339.56693847308424,e0b73b6d-3409-441b-95ce-f22f5d22d380,1,61,ZFM-03329
whisking,stim,1.8499999999999994,615.1871169305272,370.9236731644442,e0b73b6d-3409-441b-95ce-f22f5d22d380,1,61,ZFM-03329
whisking,stim,1.9499999999999995,581.9264887283882,337.66304496230526,e0b73b6d-3409-441b-95ce-f22f5d22d380,1,61,ZFM-03329
whisking,stim,2.0499999999999994,520.8957942581949,276.6323504921119,e0b73b6d-3409-441b-95ce-f22f5d22d380,1,61,ZFM-03329
whisking,stim,2.1499999999999995,479.1268350259236,234.86339125984063,e0b73b6d-3409-441b-95ce-f22f5d22d380,1,61,ZFM-03329
whisking,stim,2.249999999999999,470.8388802945916,226.57543652850865,e0b73b6d-3409-441b-95ce-f22f5d22d380,1,61,ZFM-03329
whisking,stim,2.349999999999999,458.11424576134203,213.85080199525908,e0b73b6d-3409-441b-95ce-f22f5d22d380,1,61,ZFM-03329
whisking,stim,2.4499999999999993,428.03710454200944,183.7736607759265,e0b73b6d-3409-441b-95ce-f22f5d22d380,1,61,ZFM-03329
whisking,stim,2.549999999999999,393.4894570010155,149.22601323493257,e0b73b6d-3409-441b-95ce-f22f5d22d380,1,61,ZFM-03329
whisking,stim,2.649999999999999,378.86788089010423,134.60443712402127,e0b73b6d-3409-441b-95ce-f22f5d22d380,1,61,ZFM-03329
whisking,stim,2.749999999999999,389.35204835104986,145.0886045849669,e0b73b6d-3409-441b-95ce-f22f5d22d380,1,61,ZFM-03329
whisking,stim,2.849999999999999,402.66066037038024,158.39721660429728,e0b73b6d-3409-441b-95ce-f22f5d22d380,1,61,ZFM-03329
whisking,stim,2.9499999999999993,413.0079001648642,168.74445639878127,e0b73b6d-3409-441b-95ce-f22f5d22d380,1,61,ZFM-03329
whisking,stim,3.049999999999999,417.11240405076427,172.8489602846813,e0b73b6d-3409-441b-95ce-f22f5d22d380,1,61,ZFM-03329
whisking,stim,3.149999999999999,429.53440063049874,185.27095686441578,e0b73b6d-3409-441b-95ce-f22f5d22d380,1,61,ZFM-03329
whisking,stim,3.249999999999999,463.59530610206144,219.33186233597849,e0b73b6d-3409-441b-95ce-f22f5d22d380,1,61,ZFM-03329
whisking,stim,3.3499999999999988,473.1028101410799,228.83936637499693,e0b73b6d-3409-441b-95ce-f22f5d22d380,1,61,ZFM-03329
whisking,stim,3.449999999999999,448.20627043814386,203.9428266720609,e0b73b6d-3409-441b-95ce-f22f5d22d380,1,61,ZFM-03329
whisking,stim,3.549999999999999,398.39248570525183,154.12904193916887,e0b73b6d-3409-441b-95ce-f22f5d22d380,1,61,ZFM-03329
whisking,stim,3.649999999999999,363.63512968726275,119.37168592117979,e0b73b6d-3409-441b-95ce-f22f5d22d380,1,61,ZFM-03329
whisking,stim,3.749999999999999,341.9339970026515,97.67055323656854,e0b73b6d-3409-441b-95ce-f22f5d22d380,1,61,ZFM-03329
whisking,stim,3.8499999999999988,332.15822418232403,87.89478041624108,e0b73b6d-3409-441b-95ce-f22f5d22d380,1,61,ZFM-03329
whisking,stim,3.949999999999999,327.18419381039337,82.92075004431041,e0b73b6d-3409-441b-95ce-f22f5d22d380,1,61,ZFM-03329
whisking,no_stim,-0.45,234.33771867318967,-45.30023760607537,e0b73b6d-3409-441b-95ce-f22f5d22d380,1,45,ZFM-03329
whisking,no_stim,-0.35000000000000003,231.79426415064222,-47.84369212862282,e0b73b6d-3409-441b-95ce-f22f5d22d380,1,45,ZFM-03329
whisking,no_stim,-0.25000000000000006,260.2610517284572,-19.376904550807865,e0b73b6d-3409-441b-95ce-f22f5d22d380,1,45,ZFM-03329
whisking,no_stim,-0.15000000000000008,291.9503546025859,12.31239832332085,e0b73b6d-3409-441b-95ce-f22f5d22d380,1,45,ZFM-03329
whisking,no_stim,-0.050000000000000086,379.84639224145036,100.20843596218532,e0b73b6d-3409-441b-95ce-f22f5d22d380,1,45,ZFM-03329
whisking,no_stim,0.04999999999999989,438.21255811205873,158.5746018327937,e0b73b6d-3409-441b-95ce-f22f5d22d380,1,45,ZFM-03329
whisking,no_stim,0.14999999999999986,447.10858575310016,167.47062947383512,e0b73b6d-3409-441b-95ce-f22f5d22d380,1,45,ZFM-03329
whisking,no_stim,0.24999999999999983,385.9212125162455,106.28325623698044,e0b73b6d-3409-441b-95ce-f22f5d22d380,1,45,ZFM-03329
whisking,no_stim,0.3499999999999998,322.82845524989625,43.19049897063121,e0b73b6d-3409-441b-95ce-f22f5d22d380,1,45,ZFM-03329
whisking,no_stim,0.4499999999999998,281.1821129240505,1.5441566447854598,e0b73b6d-3409-441b-95ce-f22f5d22d380,1,45,ZFM-03329
whisking,no_stim,0.5499999999999998,248.23343955211033,-31.404516727154714,e0b73b6d-3409-441b-95ce-f22f5d22d380,1,45,ZFM-03329
whisking,no_stim,0.6499999999999998,230.9070578807619,-48.73089839850314,e0b73b6d-3409-441b-95ce-f22f5d22d380,1,45,ZFM-03329
whisking,no_stim,0.7499999999999998,234.08166042522603,-45.55629585403901,e0b73b6d-3409-441b-95ce-f22f5d22d380,1,45,ZFM-03329
whisking,no_stim,0.8499999999999998,234.9600046787654,-44.677951600499654,e0b73b6d-3409-441b-95ce-f22f5d22d380,1,45,ZFM-03329
whisking,no_stim,0.9499999999999997,239.34263671984294,-40.2953195594221,e0b73b6d-3409-441b-95ce-f22f5d22d380,1,45,ZFM-03329
whisking,no_stim,1.0499999999999996,242.81461134471263,-36.82334493455241,e0b73b6d-3409-441b-95ce-f22f5d22d380,1,45,ZFM-03329
whisking,no_stim,1.1499999999999997,249.23617164475132,-30.401784634513717,e0b73b6d-3409-441b-95ce-f22f5d22d380,1,45,ZFM-03329
whisking,no_stim,1.2499999999999998,270.5679453244845,-9.070010954780514,e0b73b6d-3409-441b-95ce-f22f5d22d380,1,45,ZFM-03329
whisking,no_stim,1.3499999999999996,290.7925784362162,11.154622156951177,e0b73b6d-3409-441b-95ce-f22f5d22d380,1,45,ZFM-03329
whisking,no_stim,1.4499999999999995,293.8933298950214,14.255373615756355,e0b73b6d-3409-441b-95ce-f22f5d22d380,1,45,ZFM-03329
whisking,no_stim,1.5499999999999996,280.8843357311899,1.2463794519248381,e0b73b6d-3409-441b-95ce-f22f5d22d380,1,45,ZFM-03329
whisking,no_stim,1.6499999999999997,265.90620678372755,-13.731749495537485,e0b73b6d-3409-441b-95ce-f22f5d22d380,1,45,ZFM-03329
whisking,no_stim,1.7499999999999996,265.2173268102193,-14.420629469045764,e0b73b6d-3409-441b-95ce-f22f5d22d380,1,45,ZFM-03329
whisking,no_stim,1.8499999999999994,259.36781408630475,-20.270142192960293,e0b73b6d-3409-441b-95ce-f22f5d22d380,1,45,ZFM-03329
whisking,no_stim,1.9499999999999995,271.50393996571336,-8.134016313551683,e0b73b6d-3409-441b-95ce-f22f5d22d380,1,45,ZFM-03329
whisking,no_stim,2.0499999999999994,305.91999941335513,26.282043134090088,e0b73b6d-3409-441b-95ce-f22f5d22d380,1,45,ZFM-03329
whisking,no_stim,2.1499999999999995,325.2586053708825,45.62064909161745,e0b73b6d-3409-441b-95ce-f22f5d22d380,1,45,ZFM-03329
whisking,no_stim,2.249999999999999,336.43456300151917,56.796606722254126,e0b73b6d-3409-441b-95ce-f22f5d22d380,1,45,ZFM-03329
whisking,no_stim,2.349999999999999,322.9408189983705,43.30286271910546,e0b73b6d-3409-441b-95ce-f22f5d22d380,1,45,ZFM-03329
whisking,no_stim,2.4499999999999993,325.90202706653605,46.26407078727101,e0b73b6d-3409-441b-95ce-f22f5d22d380,1,45,ZFM-03329
whisking,no_stim,2.549999999999999,320.1661684055808,40.528212126315736,e0b73b6d-3409-441b-95ce-f22f5d22d380,1,45,ZFM-03329
whisking,no_stim,2.649999999999999,321.6197946412771,41.98183836201207,e0b73b6d-3409-441b-95ce-f22f5d22d380,1,45,ZFM-03329
whisking,no_stim,2.749999999999999,334.3901714895975,54.75221521033245,e0b73b6d-3409-441b-95ce-f22f5d22d380,1,45,ZFM-03329
whisking,no_stim,2.849999999999999,335.06575234101433,55.42779606174929,e0b73b6d-3409-441b-95ce-f22f5d22d380,1,45,ZFM-03329
whisking,no_stim,2.9499999999999993,321.80727830184463,42.16932202257959,e0b73b6d-3409-441b-95ce-f22f5d22d380,1,45,ZFM-03329
whisking,no_stim,3.049999999999999,301.34743850722333,21.70948222795829,e0b73b6d-3409-441b-95ce-f22f5d22d380,1,45,ZFM-03329
whisking,no_stim,3.149999999999999,281.652284286067,2.014328006801975,e0b73b6d-3409-441b-95ce-f22f5d22d380,1,45,ZFM-03329
whisking,no_stim,3.249999999999999,264.06853493350695,-15.569421345758087,e0b73b6d-3409-441b-95ce-f22f5d22d380,1,45,ZFM-03329
whisking,no_stim,3.3499999999999988,248.24157939546396,-31.396376883801082,e0b73b6d-3409-441b-95ce-f22f5d22d380,1,45,ZFM-03329
whisking,no_stim,3.449999999999999,241.40453090049712,-38.23342537876792,e0b73b6d-3409-441b-95ce-f22f5d22d380,1,45,ZFM-03329
whisking,no_stim,3.549999999999999,240.36905750084912,-39.26889877841592,e0b73b6d-3409-441b-95ce-f22f5d22d380,1,45,ZFM-03329
whisking,no_stim,3.649999999999999,237.40379696934093,-42.23415930992411,e0b73b6d-3409-441b-95ce-f22f5d22d380,1,45,ZFM-03329
whisking,no_stim,3.749999999999999,241.04302156932678,-38.59493470993826,e0b73b6d-3409-441b-95ce-f22f5d22d380,1,45,ZFM-03329
whisking,no_stim,3.8499999999999988,255.94628026269447,-23.691676016570568,e0b73b6d-3409-441b-95ce-f22f5d22d380,1,45,ZFM-03329
whisking,no_stim,3.949999999999999,277.4003854432492,-2.237570836015834,e0b73b6d-3409-441b-95ce-f22f5d22d380,1,45,ZFM-03329
whisking,stim,-0.45,236.86828353575902,42.859600560833115,87287aa4-727e-48c0-8b7d-92c9f35cc257,1,97,ZFM-03329
whisking,stim,-0.35000000000000003,193.19540716056457,-0.813275814361333,87287aa4-727e-48c0-8b7d-92c9f35cc257,1,97,ZFM-03329
whisking,stim,-0.25000000000000006,165.94493890115285,-28.06374407377305,87287aa4-727e-48c0-8b7d-92c9f35cc257,1,97,ZFM-03329
whisking,stim,-0.15000000000000008,148.7521380318332,-45.256544943092706,87287aa4-727e-48c0-8b7d-92c9f35cc257,1,97,ZFM-03329
whisking,stim,-0.050000000000000086,225.28264724531994,31.273964270394032,87287aa4-727e-48c0-8b7d-92c9f35cc257,1,97,ZFM-03329
whisking,stim,0.04999999999999989,352.16100698394104,158.15232400901513,87287aa4-727e-48c0-8b7d-92c9f35cc257,1,97,ZFM-03329
whisking,stim,0.14999999999999986,463.8773932560231,269.86871028109715,87287aa4-727e-48c0-8b7d-92c9f35cc257,1,97,ZFM-03329
whisking,stim,0.24999999999999983,485.6311835418484,291.62250056692244,87287aa4-727e-48c0-8b7d-92c9f35cc257,1,97,ZFM-03329
whisking,stim,0.3499999999999998,464.05819878354123,270.0495158086153,87287aa4-727e-48c0-8b7d-92c9f35cc257,1,97,ZFM-03329
whisking,stim,0.4499999999999998,466.1822160336599,272.17353305873405,87287aa4-727e-48c0-8b7d-92c9f35cc257,1,97,ZFM-03329
whisking,stim,0.5499999999999998,486.16456856814017,292.1558855932143,87287aa4-727e-48c0-8b7d-92c9f35cc257,1,97,ZFM-03329
whisking,stim,0.6499999999999998,510.0180602312842,316.00937725635833,87287aa4-727e-48c0-8b7d-92c9f35cc257,1,97,ZFM-03329
whisking,stim,0.7499999999999998,513.2262601676756,319.2175771927497,87287aa4-727e-48c0-8b7d-92c9f35cc257,1,97,ZFM-03329
whisking,stim,0.8499999999999998,494.99577116644815,300.9870881915223,87287aa4-727e-48c0-8b7d-92c9f35cc257,1,97,ZFM-03329
whisking,stim,0.9499999999999997,471.7429533557396,277.73427038081365,87287aa4-727e-48c0-8b7d-92c9f35cc257,1,97,ZFM-03329
whisking,stim,1.0499999999999996,451.83289519457725,257.8242122196514,87287aa4-727e-48c0-8b7d-92c9f35cc257,1,97,ZFM-03329
whisking,stim,1.1499999999999997,435.82564914773445,241.81696617280855,87287aa4-727e-48c0-8b7d-92c9f35cc257,1,97,ZFM-03329
whisking,stim,1.2499999999999998,412.1355298861084,218.12684691118247,87287aa4-727e-48c0-8b7d-92c9f35cc257,1,97,ZFM-03329
whisking,stim,1.3499999999999996,399.5022363274785,205.4935533525526,87287aa4-727e-48c0-8b7d-92c9f35cc257,1,97,ZFM-03329
whisking,stim,1.4499999999999995,407.0265865486999,213.01790357377402,87287aa4-727e-48c0-8b7d-92c9f35cc257,1,97,ZFM-03329
whisking,stim,1.5499999999999996,430.086003378232,236.07732040330612,87287aa4-727e-48c0-8b7d-92c9f35cc257,1,97,ZFM-03329
whisking,stim,1.6499999999999997,459.434737374132,265.4260543992061,87287aa4-727e-48c0-8b7d-92c9f35cc257,1,97,ZFM-03329
whisking,stim,1.7499999999999996,483.5745088674587,289.56582589253276,87287aa4-727e-48c0-8b7d-92c9f35cc257,1,97,ZFM-03329
whisking,stim,1.8499999999999994,511.41918680821857,317.41050383329264,87287aa4-727e-48c0-8b7d-92c9f35cc257,1,97,ZFM-03329
whisking,stim,1.9499999999999995,536.5538243390336,342.5451413641076,87287aa4-727e-48c0-8b7d-92c9f35cc257,1,97,ZFM-03329
whisking,stim,2.0499999999999994,547.7389585453578,353.7302755704319,87287aa4-727e-48c0-8b7d-92c9f35cc257,1,97,ZFM-03329
whisking,stim,2.1499999999999995,533.0017379028441,338.99305492791814,87287aa4-727e-48c0-8b7d-92c9f35cc257,1,97,ZFM-03329
whisking,stim,2.249999999999999,507.78337726809013,313.7746942931642,87287aa4-727e-48c0-8b7d-92c9f35cc257,1,97,ZFM-03329
whisking,stim,2.349999999999999,489.06350553032325,295.0548225553973,87287aa4-727e-48c0-8b7d-92c9f35cc257,1,97,ZFM-03329
whisking,stim,2.4499999999999993,478.02731021993105,284.0186272450052,87287aa4-727e-48c0-8b7d-92c9f35cc257,1,97,ZFM-03329
whisking,stim,2.549999999999999,477.17104496399855,283.1623619890727,87287aa4-727e-48c0-8b7d-92c9f35cc257,1,97,ZFM-03329
whisking,stim,2.649999999999999,463.32535907725685,269.3166761023309,87287aa4-727e-48c0-8b7d-92c9f35cc257,1,97,ZFM-03329
whisking,stim,2.749999999999999,459.4078195098304,265.3991365349045,87287aa4-727e-48c0-8b7d-92c9f35cc257,1,97,ZFM-03329
whisking,stim,2.849999999999999,442.9113135873533,248.90263061242737,87287aa4-727e-48c0-8b7d-92c9f35cc257,1,97,ZFM-03329
whisking,stim,2.9499999999999993,427.90340288008997,233.89471990516407,87287aa4-727e-48c0-8b7d-92c9f35cc257,1,97,ZFM-03329
whisking,stim,3.049999999999999,409.8934215401378,215.8847385652119,87287aa4-727e-48c0-8b7d-92c9f35cc257,1,97,ZFM-03329
whisking,stim,3.149999999999999,399.61774403287404,205.60906105794814,87287aa4-727e-48c0-8b7d-92c9f35cc257,1,97,ZFM-03329
whisking,stim,3.249999999999999,397.6316686860298,203.6229857111039,87287aa4-727e-48c0-8b7d-92c9f35cc257,1,97,ZFM-03329
whisking,stim,3.3499999999999988,385.7087850284419,191.70010205351602,87287aa4-727e-48c0-8b7d-92c9f35cc257,1,97,ZFM-03329
whisking,stim,3.449999999999999,369.9080108677239,175.89932789279797,87287aa4-727e-48c0-8b7d-92c9f35cc257,1,97,ZFM-03329
whisking,stim,3.549999999999999,366.4889854605272,172.4803024856013,87287aa4-727e-48c0-8b7d-92c9f35cc257,1,97,ZFM-03329
whisking,stim,3.649999999999999,378.32474461439244,184.31606163946654,87287aa4-727e-48c0-8b7d-92c9f35cc257,1,97,ZFM-03329
whisking,stim,3.749999999999999,384.1819674666206,190.17328449169472,87287aa4-727e-48c0-8b7d-92c9f35cc257,1,97,ZFM-03329
whisking,stim,3.8499999999999988,369.64765842484934,175.63897544992344,87287aa4-727e-48c0-8b7d-92c9f35cc257,1,97,ZFM-03329
whisking,stim,3.949999999999999,339.3998615462179,145.391178571292,87287aa4-727e-48c0-8b7d-92c9f35cc257,1,97,ZFM-03329
whisking,no_stim,-0.45,186.49081448680195,23.121969173080316,87287aa4-727e-48c0-8b7d-92c9f35cc257,1,56,ZFM-03329
whisking,no_stim,-0.35000000000000003,149.73996536781752,-13.628879945904117,87287aa4-727e-48c0-8b7d-92c9f35cc257,1,56,ZFM-03329
whisking,no_stim,-0.25000000000000006,136.96481085639945,-26.404034457322183,87287aa4-727e-48c0-8b7d-92c9f35cc257,1,56,ZFM-03329
whisking,no_stim,-0.15000000000000008,133.96827070484377,-29.40057460887786,87287aa4-727e-48c0-8b7d-92c9f35cc257,1,56,ZFM-03329
whisking,no_stim,-0.050000000000000086,209.68036515274548,46.311519839023845,87287aa4-727e-48c0-8b7d-92c9f35cc257,1,56,ZFM-03329
whisking,no_stim,0.04999999999999989,359.75503091633556,196.38618560261392,87287aa4-727e-48c0-8b7d-92c9f35cc257,1,56,ZFM-03329
whisking,no_stim,0.14999999999999986,514.0395457158937,350.6707004021721,87287aa4-727e-48c0-8b7d-92c9f35cc257,1,56,ZFM-03329
whisking,no_stim,0.24999999999999983,587.4034387096993,424.0345933959777,87287aa4-727e-48c0-8b7d-92c9f35cc257,1,56,ZFM-03329
whisking,no_stim,0.3499999999999998,577.899364035162,414.53051872144033,87287aa4-727e-48c0-8b7d-92c9f35cc257,1,56,ZFM-03329
whisking,no_stim,0.4499999999999998,562.1513559355925,398.78251062187087,87287aa4-727e-48c0-8b7d-92c9f35cc257,1,56,ZFM-03329
whisking,no_stim,0.5499999999999998,568.2822040629909,404.91335874926926,87287aa4-727e-48c0-8b7d-92c9f35cc257,1,56,ZFM-03329
whisking,no_stim,0.6499999999999998,588.4677456973251,425.09890038360345,87287aa4-727e-48c0-8b7d-92c9f35cc257,1,56,ZFM-03329
whisking,no_stim,0.7499999999999998,595.781841181738,432.4129958680163,87287aa4-727e-48c0-8b7d-92c9f35cc257,1,56,ZFM-03329
whisking,no_stim,0.8499999999999998,602.9646079479792,439.59576263425754,87287aa4-727e-48c0-8b7d-92c9f35cc257,1,56,ZFM-03329
whisking,no_stim,0.9499999999999997,588.90342548645,425.5345801727284,87287aa4-727e-48c0-8b7d-92c9f35cc257,1,56,ZFM-03329
whisking,no_stim,1.0499999999999996,580.920869791734,417.5520244780124,87287aa4-727e-48c0-8b7d-92c9f35cc257,1,56,ZFM-03329
whisking,no_stim,1.1499999999999997,564.9520489545997,401.5832036408781,87287aa4-727e-48c0-8b7d-92c9f35cc257,1,56,ZFM-03329
whisking,no_stim,1.2499999999999998,562.1114597865626,398.74261447284096,87287aa4-727e-48c0-8b7d-92c9f35cc257,1,56,ZFM-03329
whisking,no_stim,1.3499999999999996,564.6996581376735,401.3308128239519,87287aa4-727e-48c0-8b7d-92c9f35cc257,1,56,ZFM-03329
whisking,no_stim,1.4499999999999995,563.0185548881872,399.64970957446553,87287aa4-727e-48c0-8b7d-92c9f35cc257,1,56,ZFM-03329
whisking,no_stim,1.5499999999999996,558.0619856422688,394.6931403285472,87287aa4-727e-48c0-8b7d-92c9f35cc257,1,56,ZFM-03329
whisking,no_stim,1.6499999999999997,561.3831235460946,398.01427823237293,87287aa4-727e-48c0-8b7d-92c9f35cc257,1,56,ZFM-03329
whisking,no_stim,1.7499999999999996,558.8431100131392,395.4742646994175,87287aa4-727e-48c0-8b7d-92c9f35cc257,1,56,ZFM-03329
whisking,no_stim,1.8499999999999994,542.347218787249,378.9783734735273,87287aa4-727e-48c0-8b7d-92c9f35cc257,1,56,ZFM-03329
whisking,no_stim,1.9499999999999995,496.2773250055993,332.9084796918777,87287aa4-727e-48c0-8b7d-92c9f35cc257,1,56,ZFM-03329
whisking,no_stim,2.0499999999999994,450.3324526453069,286.96360733158525,87287aa4-727e-48c0-8b7d-92c9f35cc257,1,56,ZFM-03329
whisking,no_stim,2.1499999999999995,422.5152468868468,259.14640157312516,87287aa4-727e-48c0-8b7d-92c9f35cc257,1,56,ZFM-03329
whisking,no_stim,2.249999999999999,403.00487876392833,239.6360334502067,87287aa4-727e-48c0-8b7d-92c9f35cc257,1,56,ZFM-03329
whisking,no_stim,2.349999999999999,388.73399012419344,225.3651448104718,87287aa4-727e-48c0-8b7d-92c9f35cc257,1,56,ZFM-03329
whisking,no_stim,2.4499999999999993,370.6135390654008,207.24469375167916,87287aa4-727e-48c0-8b7d-92c9f35cc257,1,56,ZFM-03329
whisking,no_stim,2.549999999999999,358.59290465236523,195.2240593386436,87287aa4-727e-48c0-8b7d-92c9f35cc257,1,56,ZFM-03329
whisking,no_stim,2.649999999999999,358.07063529697143,194.7017899832498,87287aa4-727e-48c0-8b7d-92c9f35cc257,1,56,ZFM-03329
whisking,no_stim,2.749999999999999,364.1639736062362,200.79512829251456,87287aa4-727e-48c0-8b7d-92c9f35cc257,1,56,ZFM-03329
whisking,no_stim,2.849999999999999,368.3965187443046,205.02767343058298,87287aa4-727e-48c0-8b7d-92c9f35cc257,1,56,ZFM-03329
whisking,no_stim,2.9499999999999993,378.29625660485823,214.9274112911366,87287aa4-727e-48c0-8b7d-92c9f35cc257,1,56,ZFM-03329
whisking,no_stim,3.049999999999999,388.1472577371605,224.77841242343885,87287aa4-727e-48c0-8b7d-92c9f35cc257,1,56,ZFM-03329
whisking,no_stim,3.149999999999999,377.0435857942585,213.67474048053685,87287aa4-727e-48c0-8b7d-92c9f35cc257,1,56,ZFM-03329
whisking,no_stim,3.249999999999999,352.63288482693605,189.2640395132144,87287aa4-727e-48c0-8b7d-92c9f35cc257,1,56,ZFM-03329
whisking,no_stim,3.3499999999999988,329.97393885291984,166.6050935391982,87287aa4-727e-48c0-8b7d-92c9f35cc257,1,56,ZFM-03329
whisking,no_stim,3.449999999999999,328.24170646374415,164.87286115002252,87287aa4-727e-48c0-8b7d-92c9f35cc257,1,56,ZFM-03329
whisking,no_stim,3.549999999999999,324.8418943553815,161.47304904165986,87287aa4-727e-48c0-8b7d-92c9f35cc257,1,56,ZFM-03329
whisking,no_stim,3.649999999999999,321.3353205537324,157.96647524001077,87287aa4-727e-48c0-8b7d-92c9f35cc257,1,56,ZFM-03329
whisking,no_stim,3.749999999999999,326.6073997319384,163.23855441821678,87287aa4-727e-48c0-8b7d-92c9f35cc257,1,56,ZFM-03329
whisking,no_stim,3.8499999999999988,341.98225182728805,178.61340651356642,87287aa4-727e-48c0-8b7d-92c9f35cc257,1,56,ZFM-03329
whisking,no_stim,3.949999999999999,353.726795411125,190.35795009740337,87287aa4-727e-48c0-8b7d-92c9f35cc257,1,56,ZFM-03329
whisking,stim,-0.45,215.7441573046648,28.594925474059636,595c8ddd-a8e3-438d-9c31-62b2a07cc6cf,1,74,ZFM-03330
whisking,stim,-0.35000000000000003,180.21662612517562,-6.932605705429552,595c8ddd-a8e3-438d-9c31-62b2a07cc6cf,1,74,ZFM-03330
whisking,stim,-0.25000000000000006,174.02010277839904,-13.129129052206139,595c8ddd-a8e3-438d-9c31-62b2a07cc6cf,1,74,ZFM-03330
whisking,stim,-0.15000000000000008,179.80575018086216,-7.343481649743012,595c8ddd-a8e3-438d-9c31-62b2a07cc6cf,1,74,ZFM-03330
whisking,stim,-0.050000000000000086,185.95952276392416,-1.1897090666810186,595c8ddd-a8e3-438d-9c31-62b2a07cc6cf,1,74,ZFM-03330
whisking,stim,0.04999999999999989,217.95141738587353,30.802185555268352,595c8ddd-a8e3-438d-9c31-62b2a07cc6cf,1,74,ZFM-03330
whisking,stim,0.14999999999999986,254.83075909385695,67.68152726325178,595c8ddd-a8e3-438d-9c31-62b2a07cc6cf,1,74,ZFM-03330
whisking,stim,0.24999999999999983,316.99955710041576,129.85032526981058,595c8ddd-a8e3-438d-9c31-62b2a07cc6cf,1,74,ZFM-03330
whisking,stim,0.3499999999999998,395.86331241841515,208.71408058780997,595c8ddd-a8e3-438d-9c31-62b2a07cc6cf,1,74,ZFM-03330
whisking,stim,0.4499999999999998,476.5967038113875,289.4474719807823,595c8ddd-a8e3-438d-9c31-62b2a07cc6cf,1,74,ZFM-03330
whisking,stim,0.5499999999999998,555.8857550696251,368.73652323901996,595c8ddd-a8e3-438d-9c31-62b2a07cc6cf,1,74,ZFM-03330
whisking,stim,0.6499999999999998,588.4055785187585,401.2563466881533,595c8ddd-a8e3-438d-9c31-62b2a07cc6cf,1,74,ZFM-03330
whisking,stim,0.7499999999999998,592.5672086321927,405.4179768015875,595c8ddd-a8e3-438d-9c31-62b2a07cc6cf,1,74,ZFM-03330
whisking,stim,0.8499999999999998,569.6356389712658,382.4864071406607,595c8ddd-a8e3-438d-9c31-62b2a07cc6cf,1,74,ZFM-03330
whisking,stim,0.9499999999999997,557.2641515704979,370.11491973989274,595c8ddd-a8e3-438d-9c31-62b2a07cc6cf,1,74,ZFM-03330
whisking,stim,1.0499999999999996,580.810980313885,393.66174848327984,595c8ddd-a8e3-438d-9c31-62b2a07cc6cf,1,74,ZFM-03330
whisking,stim,1.1499999999999997,595.8977020403241,408.74847020971896,595c8ddd-a8e3-438d-9c31-62b2a07cc6cf,1,74,ZFM-03330
whisking,stim,1.2499999999999998,601.0163864238176,413.86715459321243,595c8ddd-a8e3-438d-9c31-62b2a07cc6cf,1,74,ZFM-03330
whisking,stim,1.3499999999999996,589.0160598186436,401.86682798803844,595c8ddd-a8e3-438d-9c31-62b2a07cc6cf,1,74,ZFM-03330
whisking,stim,1.4499999999999995,587.761638951634,400.61240712102887,595c8ddd-a8e3-438d-9c31-62b2a07cc6cf,1,74,ZFM-03330
whisking,stim,1.5499999999999996,594.7906953986992,407.641463568094,595c8ddd-a8e3-438d-9c31-62b2a07cc6cf,1,74,ZFM-03330
whisking,stim,1.6499999999999997,588.180985349222,401.0317535186169,595c8ddd-a8e3-438d-9c31-62b2a07cc6cf,1,74,ZFM-03330
whisking,stim,1.7499999999999996,580.0746860189067,392.92545418830156,595c8ddd-a8e3-438d-9c31-62b2a07cc6cf,1,74,ZFM-03330
whisking,stim,1.8499999999999994,572.4212600174019,385.2720281867967,595c8ddd-a8e3-438d-9c31-62b2a07cc6cf,1,74,ZFM-03330
whisking,stim,1.9499999999999995,562.368365188328,375.2191333577228,595c8ddd-a8e3-438d-9c31-62b2a07cc6cf,1,74,ZFM-03330
whisking,stim,2.0499999999999994,544.6971677530806,357.54793592247546,595c8ddd-a8e3-438d-9c31-62b2a07cc6cf,1,74,ZFM-03330
whisking,stim,2.1499999999999995,511.90881621068684,324.75958438008166,595c8ddd-a8e3-438d-9c31-62b2a07cc6cf,1,74,ZFM-03330
whisking,stim,2.249999999999999,489.24503797469004,302.09580614408486,595c8ddd-a8e3-438d-9c31-62b2a07cc6cf,1,74,ZFM-03330
whisking,stim,2.349999999999999,475.188624422296,288.03939259169084,595c8ddd-a8e3-438d-9c31-62b2a07cc6cf,1,74,ZFM-03330
whisking,stim,2.4499999999999993,449.4097880944411,262.26055626383595,595c8ddd-a8e3-438d-9c31-62b2a07cc6cf,1,74,ZFM-03330
whisking,stim,2.549999999999999,425.6636154040745,238.51438357346933,595c8ddd-a8e3-438d-9c31-62b2a07cc6cf,1,74,ZFM-03330
whisking,stim,2.649999999999999,410.05758122231566,222.9083493917105,595c8ddd-a8e3-438d-9c31-62b2a07cc6cf,1,74,ZFM-03330
whisking,stim,2.749999999999999,405.3615367949482,218.21230496434305,595c8ddd-a8e3-438d-9c31-62b2a07cc6cf,1,74,ZFM-03330
whisking,stim,2.849999999999999,391.94887650415143,204.79964467354625,595c8ddd-a8e3-438d-9c31-62b2a07cc6cf,1,74,ZFM-03330
whisking,stim,2.9499999999999993,365.5077370932415,178.3585052626363,595c8ddd-a8e3-438d-9c31-62b2a07cc6cf,1,74,ZFM-03330
whisking,stim,3.049999999999999,336.67985621528123,149.53062438467606,595c8ddd-a8e3-438d-9c31-62b2a07cc6cf,1,74,ZFM-03330
whisking,stim,3.149999999999999,316.4320673021073,129.28283547150215,595c8ddd-a8e3-438d-9c31-62b2a07cc6cf,1,74,ZFM-03330
whisking,stim,3.249999999999999,300.1049820742446,112.95575024363944,595c8ddd-a8e3-438d-9c31-62b2a07cc6cf,1,74,ZFM-03330
whisking,stim,3.3499999999999988,291.81057443077896,104.66134260017378,595c8ddd-a8e3-438d-9c31-62b2a07cc6cf,1,74,ZFM-03330
whisking,stim,3.449999999999999,300.15447546815454,113.00524363754937,595c8ddd-a8e3-438d-9c31-62b2a07cc6cf,1,74,ZFM-03330
whisking,stim,3.549999999999999,336.3492081088489,149.19997627824375,595c8ddd-a8e3-438d-9c31-62b2a07cc6cf,1,74,ZFM-03330
whisking,stim,3.649999999999999,367.48993716771713,180.34070533711196,595c8ddd-a8e3-438d-9c31-62b2a07cc6cf,1,74,ZFM-03330
whisking,stim,3.749999999999999,379.90444251911885,192.75521068851367,595c8ddd-a8e3-438d-9c31-62b2a07cc6cf,1,74,ZFM-03330
whisking,stim,3.8499999999999988,381.93168156325885,194.78244973265367,595c8ddd-a8e3-438d-9c31-62b2a07cc6cf,1,74,ZFM-03330
whisking,stim,3.949999999999999,397.1119763114715,209.96274448086632,595c8ddd-a8e3-438d-9c31-62b2a07cc6cf,1,74,ZFM-03330
whisking,no_stim,-0.45,242.2329468395444,42.61115164491571,595c8ddd-a8e3-438d-9c31-62b2a07cc6cf,1,43,ZFM-03330
whisking,no_stim,-0.35000000000000003,194.5182261807282,-5.103569013900511,595c8ddd-a8e3-438d-9c31-62b2a07cc6cf,1,43,ZFM-03330
whisking,no_stim,-0.25000000000000006,188.66289787107004,-10.95889732355866,595c8ddd-a8e3-438d-9c31-62b2a07cc6cf,1,43,ZFM-03330
whisking,no_stim,-0.15000000000000008,174.2609853747129,-25.3608098199158,595c8ddd-a8e3-438d-9c31-62b2a07cc6cf,1,43,ZFM-03330
whisking,no_stim,-0.050000000000000086,198.4339197070879,-1.1878754875407935,595c8ddd-a8e3-438d-9c31-62b2a07cc6cf,1,43,ZFM-03330
whisking,no_stim,0.04999999999999989,259.2724135882802,59.650618393651484,595c8ddd-a8e3-438d-9c31-62b2a07cc6cf,1,43,ZFM-03330
whisking,no_stim,0.14999999999999986,321.942824004283,122.32102880965431,595c8ddd-a8e3-438d-9c31-62b2a07cc6cf,1,43,ZFM-03330
whisking,no_stim,0.24999999999999983,355.7899082439553,156.16811304932662,595c8ddd-a8e3-438d-9c31-62b2a07cc6cf,1,43,ZFM-03330
whisking,no_stim,0.3499999999999998,355.66875096729274,156.04695577266403,595c8ddd-a8e3-438d-9c31-62b2a07cc6cf,1,43,ZFM-03330
whisking,no_stim,0.4499999999999998,352.3342333240308,152.71243812940207,595c8ddd-a8e3-438d-9c31-62b2a07cc6cf,1,43,ZFM-03330
whisking,no_stim,0.5499999999999998,333.20085252873633,133.57905733410763,595c8ddd-a8e3-438d-9c31-62b2a07cc6cf,1,43,ZFM-03330
whisking,no_stim,0.6499999999999998,296.42580719341646,96.80401199878776,595c8ddd-a8e3-438d-9c31-62b2a07cc6cf,1,43,ZFM-03330
whisking,no_stim,0.7499999999999998,289.8458009756013,90.22400578097262,595c8ddd-a8e3-438d-9c31-62b2a07cc6cf,1,43,ZFM-03330
whisking,no_stim,0.8499999999999998,290.5380356502245,90.91624045559581,595c8ddd-a8e3-438d-9c31-62b2a07cc6cf,1,43,ZFM-03330
whisking,no_stim,0.9499999999999997,280.2273895442771,80.60559434964841,595c8ddd-a8e3-438d-9c31-62b2a07cc6cf,1,43,ZFM-03330
whisking,no_stim,1.0499999999999996,263.0703932375395,63.44859804291082,595c8ddd-a8e3-438d-9c31-62b2a07cc6cf,1,43,ZFM-03330
whisking,no_stim,1.1499999999999997,249.32205432451025,49.700259129881545,595c8ddd-a8e3-438d-9c31-62b2a07cc6cf,1,43,ZFM-03330
whisking,no_stim,1.2499999999999998,238.79571491437207,39.17391971974337,595c8ddd-a8e3-438d-9c31-62b2a07cc6cf,1,43,ZFM-03330
whisking,no_stim,1.3499999999999996,250.36082038838885,50.73902519376014,595c8ddd-a8e3-438d-9c31-62b2a07cc6cf,1,43,ZFM-03330
whisking,no_stim,1.4499999999999995,279.41416323845647,79.79236804382776,595c8ddd-a8e3-438d-9c31-62b2a07cc6cf,1,43,ZFM-03330
whisking,no_stim,1.5499999999999996,311.641884454013,112.02008925938429,595c8ddd-a8e3-438d-9c31-62b2a07cc6cf,1,43,ZFM-03330
whisking,no_stim,1.6499999999999997,297.8081289644917,98.18633376986298,595c8ddd-a8e3-438d-9c31-62b2a07cc6cf,1,43,ZFM-03330
whisking,no_stim,1.7499999999999996,266.7446488781069,67.12285368347818,595c8ddd-a8e3-438d-9c31-62b2a07cc6cf,1,43,ZFM-03330
whisking,no_stim,1.8499999999999994,245.3597374506474,45.7379422560187,595c8ddd-a8e3-438d-9c31-62b2a07cc6cf,1,43,ZFM-03330
whisking,no_stim,1.9499999999999995,247.38322865084538,47.76143345621668,595c8ddd-a8e3-438d-9c31-62b2a07cc6cf,1,43,ZFM-03330
whisking,no_stim,2.0499999999999994,247.48071191746612,47.85891672283742,595c8ddd-a8e3-438d-9c31-62b2a07cc6cf,1,43,ZFM-03330
whisking,no_stim,2.1499999999999995,242.99102438246737,43.36922918783867,595c8ddd-a8e3-438d-9c31-62b2a07cc6cf,1,43,ZFM-03330
whisking,no_stim,2.249999999999999,233.58295595348864,33.96116075885993,595c8ddd-a8e3-438d-9c31-62b2a07cc6cf,1,43,ZFM-03330
whisking,no_stim,2.349999999999999,228.98581915173747,29.36402395710877,595c8ddd-a8e3-438d-9c31-62b2a07cc6cf,1,43,ZFM-03330
whisking,no_stim,2.4499999999999993,228.22387977295597,28.602084578327265,595c8ddd-a8e3-438d-9c31-62b2a07cc6cf,1,43,ZFM-03330
whisking,no_stim,2.549999999999999,227.71269058780015,28.09089539317145,595c8ddd-a8e3-438d-9c31-62b2a07cc6cf,1,43,ZFM-03330
whisking,no_stim,2.649999999999999,249.3346730532588,49.712877858630094,595c8ddd-a8e3-438d-9c31-62b2a07cc6cf,1,43,ZFM-03330
whisking,no_stim,2.749999999999999,264.1997766013325,64.57798140670377,595c8ddd-a8e3-438d-9c31-62b2a07cc6cf,1,43,ZFM-03330
whisking,no_stim,2.849999999999999,273.9032528442801,74.28145764965137,595c8ddd-a8e3-438d-9c31-62b2a07cc6cf,1,43,ZFM-03330
whisking,no_stim,2.9499999999999993,259.9403781557919,60.3185829611632,595c8ddd-a8e3-438d-9c31-62b2a07cc6cf,1,43,ZFM-03330
whisking,no_stim,3.049999999999999,251.57684367987298,51.955048485244276,595c8ddd-a8e3-438d-9c31-62b2a07cc6cf,1,43,ZFM-03330
whisking,no_stim,3.149999999999999,252.50872295575815,52.88692776112944,595c8ddd-a8e3-438d-9c31-62b2a07cc6cf,1,43,ZFM-03330
whisking,no_stim,3.249999999999999,272.05514791380773,72.43335271917903,595c8ddd-a8e3-438d-9c31-62b2a07cc6cf,1,43,ZFM-03330
whisking,no_stim,3.3499999999999988,261.01628000968867,61.39448481505997,595c8ddd-a8e3-438d-9c31-62b2a07cc6cf,1,43,ZFM-03330
whisking,no_stim,3.449999999999999,250.60094311142225,50.97914791679355,595c8ddd-a8e3-438d-9c31-62b2a07cc6cf,1,43,ZFM-03330
whisking,no_stim,3.549999999999999,235.29591108297177,35.67411588834307,595c8ddd-a8e3-438d-9c31-62b2a07cc6cf,1,43,ZFM-03330
whisking,no_stim,3.649999999999999,232.81631963040837,33.19452443577967,595c8ddd-a8e3-438d-9c31-62b2a07cc6cf,1,43,ZFM-03330
whisking,no_stim,3.749999999999999,229.84755816500572,30.22576297037702,595c8ddd-a8e3-438d-9c31-62b2a07cc6cf,1,43,ZFM-03330
whisking,no_stim,3.8499999999999988,227.2741175621569,27.6523223675282,595c8ddd-a8e3-438d-9c31-62b2a07cc6cf,1,43,ZFM-03330
whisking,no_stim,3.949999999999999,249.07859520094868,49.45680000631998,595c8ddd-a8e3-438d-9c31-62b2a07cc6cf,1,43,ZFM-03330
whisking,stim,-0.45,332.76222633351284,52.04334694579495,8e1bcbcb-43a3-4e08-8bdd-295255de6bb8,0,28,ZFM-03332
whisking,stim,-0.35000000000000003,273.32253327655195,-7.39634611116594,8e1bcbcb-43a3-4e08-8bdd-295255de6bb8,0,28,ZFM-03332
whisking,stim,-0.25000000000000006,249.77919762297324,-30.93968176474465,8e1bcbcb-43a3-4e08-8bdd-295255de6bb8,0,28,ZFM-03332
whisking,stim,-0.15000000000000008,265.91184093327166,-14.807038454446229,8e1bcbcb-43a3-4e08-8bdd-295255de6bb8,0,28,ZFM-03332
whisking,stim,-0.050000000000000086,281.81859877227964,1.0997193845617517,8e1bcbcb-43a3-4e08-8bdd-295255de6bb8,0,28,ZFM-03332
whisking,stim,0.04999999999999989,294.08903007798637,13.370150690268474,8e1bcbcb-43a3-4e08-8bdd-295255de6bb8,0,28,ZFM-03332
whisking,stim,0.14999999999999986,313.7178121102076,32.99893272248971,8e1bcbcb-43a3-4e08-8bdd-295255de6bb8,0,28,ZFM-03332
whisking,stim,0.24999999999999983,301.2311979772808,20.51231858956288,8e1bcbcb-43a3-4e08-8bdd-295255de6bb8,0,28,ZFM-03332
whisking,stim,0.3499999999999998,318.05219145725357,37.33331206953568,8e1bcbcb-43a3-4e08-8bdd-295255de6bb8,0,28,ZFM-03332
whisking,stim,0.4499999999999998,400.7286660767891,120.00978668907123,8e1bcbcb-43a3-4e08-8bdd-295255de6bb8,0,28,ZFM-03332
whisking,stim,0.5499999999999998,516.0553036344093,235.33642424669137,8e1bcbcb-43a3-4e08-8bdd-295255de6bb8,0,28,ZFM-03332
whisking,stim,0.6499999999999998,559.1452939216434,278.42641453392554,8e1bcbcb-43a3-4e08-8bdd-295255de6bb8,0,28,ZFM-03332
whisking,stim,0.7499999999999998,534.5355824748361,253.81670308711824,8e1bcbcb-43a3-4e08-8bdd-295255de6bb8,0,28,ZFM-03332
whisking,stim,0.8499999999999998,531.0223478773829,250.30346848966502,8e1bcbcb-43a3-4e08-8bdd-295255de6bb8,0,28,ZFM-03332
whisking,stim,0.9499999999999997,558.1895916958757,277.47071230815783,8e1bcbcb-43a3-4e08-8bdd-295255de6bb8,0,28,ZFM-03332
whisking,stim,1.0499999999999996,559.8106223276025,279.09174293988457,8e1bcbcb-43a3-4e08-8bdd-295255de6bb8,0,28,ZFM-03332
whisking,stim,1.1499999999999997,531.9246811575388,251.20580176982088,8e1bcbcb-43a3-4e08-8bdd-295255de6bb8,0,28,ZFM-03332
whisking,stim,1.2499999999999998,497.39587101014047,216.67699162242258,8e1bcbcb-43a3-4e08-8bdd-295255de6bb8,0,28,ZFM-03332
whisking,stim,1.3499999999999996,469.08611697441034,188.36723758669245,8e1bcbcb-43a3-4e08-8bdd-295255de6bb8,0,28,ZFM-03332
whisking,stim,1.4499999999999995,435.23412244077673,154.51524305305884,8e1bcbcb-43a3-4e08-8bdd-295255de6bb8,0,28,ZFM-03332
whisking,stim,1.5499999999999996,398.6754182877694,117.9565389000515,8e1bcbcb-43a3-4e08-8bdd-295255de6bb8,0,28,ZFM-03332
whisking,stim,1.6499999999999997,377.3381721128665,96.61929272514863,8e1bcbcb-43a3-4e08-8bdd-295255de6bb8,0,28,ZFM-03332
whisking,stim,1.7499999999999996,336.31543791783184,55.59655853011395,8e1bcbcb-43a3-4e08-8bdd-295255de6bb8,0,28,ZFM-03332
whisking,stim,1.8499999999999994,314.7044808033015,33.98560141558363,8e1bcbcb-43a3-4e08-8bdd-295255de6bb8,0,28,ZFM-03332
whisking,stim,1.9499999999999995,309.84707362344136,29.12819423572347,8e1bcbcb-43a3-4e08-8bdd-295255de6bb8,0,28,ZFM-03332
whisking,stim,2.0499999999999994,288.6215197936775,7.90264040595963,8e1bcbcb-43a3-4e08-8bdd-295255de6bb8,0,28,ZFM-03332
whisking,stim,2.1499999999999995,263.98975762490943,-16.72912176280846,8e1bcbcb-43a3-4e08-8bdd-295255de6bb8,0,28,ZFM-03332
whisking,stim,2.249999999999999,259.3864258208819,-21.332453566835966,8e1bcbcb-43a3-4e08-8bdd-295255de6bb8,0,28,ZFM-03332
whisking,stim,2.349999999999999,312.49131121014574,31.772431822427848,8e1bcbcb-43a3-4e08-8bdd-295255de6bb8,0,28,ZFM-03332
whisking,stim,2.4499999999999993,352.56563970836083,71.84676032064294,8e1bcbcb-43a3-4e08-8bdd-295255de6bb8,0,28,ZFM-03332
whisking,stim,2.549999999999999,364.834424319589,84.11554493187111,8e1bcbcb-43a3-4e08-8bdd-295255de6bb8,0,28,ZFM-03332
whisking,stim,2.649999999999999,354.0889167471478,73.37003735942989,8e1bcbcb-43a3-4e08-8bdd-295255de6bb8,0,28,ZFM-03332
whisking,stim,2.749999999999999,348.61672596443066,67.89784657671277,8e1bcbcb-43a3-4e08-8bdd-295255de6bb8,0,28,ZFM-03332
whisking,stim,2.849999999999999,348.05376551830125,67.33488613058336,8e1bcbcb-43a3-4e08-8bdd-295255de6bb8,0,28,ZFM-03332
whisking,stim,2.9499999999999993,359.81905814223256,79.10017875451467,8e1bcbcb-43a3-4e08-8bdd-295255de6bb8,0,28,ZFM-03332
whisking,stim,3.049999999999999,385.8155944715491,105.09671508383121,8e1bcbcb-43a3-4e08-8bdd-295255de6bb8,0,28,ZFM-03332
whisking,stim,3.149999999999999,445.24243825642515,164.52355886870725,8e1bcbcb-43a3-4e08-8bdd-295255de6bb8,0,28,ZFM-03332
whisking,stim,3.249999999999999,503.39101107245307,222.67213168473518,8e1bcbcb-43a3-4e08-8bdd-295255de6bb8,0,28,ZFM-03332
whisking,stim,3.3499999999999988,535.216335686772,254.49745629905414,8e1bcbcb-43a3-4e08-8bdd-295255de6bb8,0,28,ZFM-03332
whisking,stim,3.449999999999999,524.2612552527906,243.54237586507276,8e1bcbcb-43a3-4e08-8bdd-295255de6bb8,0,28,ZFM-03332
whisking,stim,3.549999999999999,512.3651396862398,231.6462602985219,8e1bcbcb-43a3-4e08-8bdd-295255de6bb8,0,28,ZFM-03332
whisking,stim,3.649999999999999,505.507359330306,224.78847994258808,8e1bcbcb-43a3-4e08-8bdd-295255de6bb8,0,28,ZFM-03332
whisking,stim,3.749999999999999,477.2265613390052,196.50768195128728,8e1bcbcb-43a3-4e08-8bdd-295255de6bb8,0,28,ZFM-03332
whisking,stim,3.8499999999999988,437.4130485038904,156.69416911617253,8e1bcbcb-43a3-4e08-8bdd-295255de6bb8,0,28,ZFM-03332
whisking,stim,3.949999999999999,408.6786833335897,127.95980394587178,8e1bcbcb-43a3-4e08-8bdd-295255de6bb8,0,28,ZFM-03332
whisking,no_stim,-0.45,380.87982285859374,76.58129459939056,8e1bcbcb-43a3-4e08-8bdd-295255de6bb8,0,37,ZFM-03332
whisking,no_stim,-0.35000000000000003,301.6032747434267,-2.6952535157764714,8e1bcbcb-43a3-4e08-8bdd-295255de6bb8,0,37,ZFM-03332
whisking,no_stim,-0.25000000000000006,246.42833957157637,-57.87018868762681,8e1bcbcb-43a3-4e08-8bdd-295255de6bb8,0,37,ZFM-03332
whisking,no_stim,-0.15000000000000008,259.41089413473145,-44.88763412447173,8e1bcbcb-43a3-4e08-8bdd-295255de6bb8,0,37,ZFM-03332
whisking,no_stim,-0.050000000000000086,333.1703099876877,28.871781728484507,8e1bcbcb-43a3-4e08-8bdd-295255de6bb8,0,37,ZFM-03332
whisking,no_stim,0.04999999999999989,391.90154360038787,87.60301534118469,8e1bcbcb-43a3-4e08-8bdd-295255de6bb8,0,37,ZFM-03332
whisking,no_stim,0.14999999999999986,409.8936611438085,105.59513288460533,8e1bcbcb-43a3-4e08-8bdd-295255de6bb8,0,37,ZFM-03332
whisking,no_stim,0.24999999999999983,413.7605647782066,109.46203651900339,8e1bcbcb-43a3-4e08-8bdd-295255de6bb8,0,37,ZFM-03332
whisking,no_stim,0.3499999999999998,430.33112638736736,126.03259812816418,8e1bcbcb-43a3-4e08-8bdd-295255de6bb8,0,37,ZFM-03332
whisking,no_stim,0.4499999999999998,464.91064297137297,160.61211471216978,8e1bcbcb-43a3-4e08-8bdd-295255de6bb8,0,37,ZFM-03332
whisking,no_stim,0.5499999999999998,467.7808993688795,163.4823711096763,8e1bcbcb-43a3-4e08-8bdd-295255de6bb8,0,37,ZFM-03332
whisking,no_stim,0.6499999999999998,431.9364575001762,127.637929240973,8e1bcbcb-43a3-4e08-8bdd-295255de6bb8,0,37,ZFM-03332
whisking,no_stim,0.7499999999999998,395.90585035922356,91.60732210002038,8e1bcbcb-43a3-4e08-8bdd-295255de6bb8,0,37,ZFM-03332
whisking,no_stim,0.8499999999999998,395.47633739002737,91.17780913082419,8e1bcbcb-43a3-4e08-8bdd-295255de6bb8,0,37,ZFM-03332
whisking,no_stim,0.9499999999999997,462.77483454244265,158.47630628323947,8e1bcbcb-43a3-4e08-8bdd-295255de6bb8,0,37,ZFM-03332
whisking,no_stim,1.0499999999999996,500.7189263972141,196.4203981380109,8e1bcbcb-43a3-4e08-8bdd-295255de6bb8,0,37,ZFM-03332
whisking,no_stim,1.1499999999999997,505.2620075074818,200.96347924827865,8e1bcbcb-43a3-4e08-8bdd-295255de6bb8,0,37,ZFM-03332
whisking,no_stim,1.2499999999999998,485.5445938914093,181.24606563220613,8e1bcbcb-43a3-4e08-8bdd-295255de6bb8,0,37,ZFM-03332
whisking,no_stim,1.3499999999999996,463.4284796665952,159.129951407392,8e1bcbcb-43a3-4e08-8bdd-295255de6bb8,0,37,ZFM-03332
whisking,no_stim,1.4499999999999995,450.8872860136356,146.58875775443244,8e1bcbcb-43a3-4e08-8bdd-295255de6bb8,0,37,ZFM-03332
whisking,no_stim,1.5499999999999996,431.8071106271703,127.50858236796711,8e1bcbcb-43a3-4e08-8bdd-295255de6bb8,0,37,ZFM-03332
whisking,no_stim,1.6499999999999997,436.1195608733977,131.8210326141945,8e1bcbcb-43a3-4e08-8bdd-295255de6bb8,0,37,ZFM-03332
whisking,no_stim,1.7499999999999996,439.1187703591254,134.8202420999222,8e1bcbcb-43a3-4e08-8bdd-295255de6bb8,0,37,ZFM-03332
whisking,no_stim,1.8499999999999994,434.08828077338256,129.78975251417938,8e1bcbcb-43a3-4e08-8bdd-295255de6bb8,0,37,ZFM-03332
whisking,no_stim,1.9499999999999995,402.08447531709254,97.78594705788936,8e1bcbcb-43a3-4e08-8bdd-295255de6bb8,0,37,ZFM-03332
whisking,no_stim,2.0499999999999994,356.34351196634435,52.04498370714117,8e1bcbcb-43a3-4e08-8bdd-295255de6bb8,0,37,ZFM-03332
whisking,no_stim,2.1499999999999995,340.566452169207,36.267923910003844,8e1bcbcb-43a3-4e08-8bdd-295255de6bb8,0,37,ZFM-03332
whisking,no_stim,2.249999999999999,331.2724269648439,26.973898705640693,8e1bcbcb-43a3-4e08-8bdd-295255de6bb8,0,37,ZFM-03332
whisking,no_stim,2.349999999999999,337.5301412216884,33.2316129624852,8e1bcbcb-43a3-4e08-8bdd-295255de6bb8,0,37,ZFM-03332
whisking,no_stim,2.4499999999999993,371.51163713644513,67.21310887724195,8e1bcbcb-43a3-4e08-8bdd-295255de6bb8,0,37,ZFM-03332
whisking,no_stim,2.549999999999999,412.9531399887964,108.65461172959323,8e1bcbcb-43a3-4e08-8bdd-295255de6bb8,0,37,ZFM-03332
whisking,no_stim,2.649999999999999,428.0462094306009,123.74768117139774,8e1bcbcb-43a3-4e08-8bdd-295255de6bb8,0,37,ZFM-03332
whisking,no_stim,2.749999999999999,411.20332207693156,106.90479381772838,8e1bcbcb-43a3-4e08-8bdd-295255de6bb8,0,37,ZFM-03332
whisking,no_stim,2.849999999999999,402.21362633269683,97.91509807349365,8e1bcbcb-43a3-4e08-8bdd-295255de6bb8,0,37,ZFM-03332
whisking,no_stim,2.9499999999999993,443.5617104192218,139.26318216001863,8e1bcbcb-43a3-4e08-8bdd-295255de6bb8,0,37,ZFM-03332
whisking,no_stim,3.049999999999999,463.74653677066254,159.44800851145936,8e1bcbcb-43a3-4e08-8bdd-295255de6bb8,0,37,ZFM-03332
whisking,no_stim,3.149999999999999,460.0875435575306,155.7890152983274,8e1bcbcb-43a3-4e08-8bdd-295255de6bb8,0,37,ZFM-03332
whisking,no_stim,3.249999999999999,440.6518397211459,136.35331146194272,8e1bcbcb-43a3-4e08-8bdd-295255de6bb8,0,37,ZFM-03332
whisking,no_stim,3.3499999999999988,429.4739983738635,125.1754701146603,8e1bcbcb-43a3-4e08-8bdd-295255de6bb8,0,37,ZFM-03332
whisking,no_stim,3.449999999999999,415.5475922234465,111.2490639642433,8e1bcbcb-43a3-4e08-8bdd-295255de6bb8,0,37,ZFM-03332
whisking,no_stim,3.549999999999999,380.16776022837087,75.86923196916769,8e1bcbcb-43a3-4e08-8bdd-295255de6bb8,0,37,ZFM-03332
whisking,no_stim,3.649999999999999,354.06781237954266,49.76928412033948,8e1bcbcb-43a3-4e08-8bdd-295255de6bb8,0,37,ZFM-03332
whisking,no_stim,3.749999999999999,360.72661658117664,56.42808832197346,8e1bcbcb-43a3-4e08-8bdd-295255de6bb8,0,37,ZFM-03332
whisking,no_stim,3.8499999999999988,366.61702037639935,62.31849211719617,8e1bcbcb-43a3-4e08-8bdd-295255de6bb8,0,37,ZFM-03332
whisking,no_stim,3.949999999999999,378.9336555888355,74.63512732963233,8e1bcbcb-43a3-4e08-8bdd-295255de6bb8,0,37,ZFM-03332
whisking,stim,-0.45,132.0055595762637,21.390329646091857,e3261da8-3d99-4cca-aabc-ef51ed2e5abc,1,38,ZFM-03330
whisking,stim,-0.35000000000000003,115.24554275080939,4.630312820637556,e3261da8-3d99-4cca-aabc-ef51ed2e5abc,1,38,ZFM-03330
whisking,stim,-0.25000000000000006,98.58501828504006,-12.030211645131772,e3261da8-3d99-4cca-aabc-ef51ed2e5abc,1,38,ZFM-03330
whisking,stim,-0.15000000000000008,92.28229643670397,-18.332933493467863,e3261da8-3d99-4cca-aabc-ef51ed2e5abc,1,38,ZFM-03330
whisking,stim,-0.050000000000000086,114.95773260204204,4.342502671870207,e3261da8-3d99-4cca-aabc-ef51ed2e5abc,1,38,ZFM-03330
whisking,stim,0.04999999999999989,169.76733395687242,59.152104026700584,e3261da8-3d99-4cca-aabc-ef51ed2e5abc,1,38,ZFM-03330
whisking,stim,0.14999999999999986,185.38391846473743,74.7686885345656,e3261da8-3d99-4cca-aabc-ef51ed2e5abc,1,38,ZFM-03330
whisking,stim,0.24999999999999983,278.23433458679534,167.6191046566235,e3261da8-3d99-4cca-aabc-ef51ed2e5abc,1,38,ZFM-03330
whisking,stim,0.3499999999999998,481.50725608158683,370.892026151415,e3261da8-3d99-4cca-aabc-ef51ed2e5abc,1,38,ZFM-03330
whisking,stim,0.4499999999999998,671.0213071911658,560.4060772609939,e3261da8-3d99-4cca-aabc-ef51ed2e5abc,1,38,ZFM-03330
whisking,stim,0.5499999999999998,764.6597533927387,654.0445234625669,e3261da8-3d99-4cca-aabc-ef51ed2e5abc,1,38,ZFM-03330
whisking,stim,0.6499999999999998,717.191223075709,606.5759931455372,e3261da8-3d99-4cca-aabc-ef51ed2e5abc,1,38,ZFM-03330
whisking,stim,0.7499999999999998,686.8569717536926,576.2417418235208,e3261da8-3d99-4cca-aabc-ef51ed2e5abc,1,38,ZFM-03330
whisking,stim,0.8499999999999998,609.6006433587341,498.9854134285623,e3261da8-3d99-4cca-aabc-ef51ed2e5abc,1,38,ZFM-03330
whisking,stim,0.9499999999999997,519.0946713095922,408.47944137942034,e3261da8-3d99-4cca-aabc-ef51ed2e5abc,1,38,ZFM-03330
whisking,stim,1.0499999999999996,478.89637453241085,368.281144602239,e3261da8-3d99-4cca-aabc-ef51ed2e5abc,1,38,ZFM-03330
whisking,stim,1.1499999999999997,468.32361593538263,357.7083860052108,e3261da8-3d99-4cca-aabc-ef51ed2e5abc,1,38,ZFM-03330
whisking,stim,1.2499999999999998,455.67159372526436,345.0563637950925,e3261da8-3d99-4cca-aabc-ef51ed2e5abc,1,38,ZFM-03330
whisking,stim,1.3499999999999996,416.57478093951875,305.9595510093469,e3261da8-3d99-4cca-aabc-ef51ed2e5abc,1,38,ZFM-03330
whisking,stim,1.4499999999999995,398.1548988154137,287.53966888524184,e3261da8-3d99-4cca-aabc-ef51ed2e5abc,1,38,ZFM-03330
whisking,stim,1.5499999999999996,421.5616668333644,310.9464369031926,e3261da8-3d99-4cca-aabc-ef51ed2e5abc,1,38,ZFM-03330
whisking,stim,1.6499999999999997,474.66901111871573,364.0537811885439,e3261da8-3d99-4cca-aabc-ef51ed2e5abc,1,38,ZFM-03330
whisking,stim,1.7499999999999996,520.0361533326617,409.42092340248985,e3261da8-3d99-4cca-aabc-ef51ed2e5abc,1,38,ZFM-03330
whisking,stim,1.8499999999999994,539.3280759503153,428.7128460201435,e3261da8-3d99-4cca-aabc-ef51ed2e5abc,1,38,ZFM-03330
whisking,stim,1.9499999999999995,555.0435338494749,444.42830391930306,e3261da8-3d99-4cca-aabc-ef51ed2e5abc,1,38,ZFM-03330
whisking,stim,2.0499999999999994,550.9765091471967,440.36127921702484,e3261da8-3d99-4cca-aabc-ef51ed2e5abc,1,38,ZFM-03330
whisking,stim,2.1499999999999995,511.677266910939,401.0620369807672,e3261da8-3d99-4cca-aabc-ef51ed2e5abc,1,38,ZFM-03330
whisking,stim,2.249999999999999,445.9048505088294,335.28962057865755,e3261da8-3d99-4cca-aabc-ef51ed2e5abc,1,38,ZFM-03330
whisking,stim,2.349999999999999,416.50099653168036,305.8857666015085,e3261da8-3d99-4cca-aabc-ef51ed2e5abc,1,38,ZFM-03330
whisking,stim,2.4499999999999993,421.2562585444862,310.64102861431434,e3261da8-3d99-4cca-aabc-ef51ed2e5abc,1,38,ZFM-03330
whisking,stim,2.549999999999999,421.46258252911366,310.8473525989418,e3261da8-3d99-4cca-aabc-ef51ed2e5abc,1,38,ZFM-03330
whisking,stim,2.649999999999999,393.4625291215943,282.84729919142245,e3261da8-3d99-4cca-aabc-ef51ed2e5abc,1,38,ZFM-03330
whisking,stim,2.749999999999999,357.6533081098789,247.03807817970704,e3261da8-3d99-4cca-aabc-ef51ed2e5abc,1,38,ZFM-03330
whisking,stim,2.849999999999999,328.2167006261745,217.60147069600265,e3261da8-3d99-4cca-aabc-ef51ed2e5abc,1,38,ZFM-03330
whisking,stim,2.9499999999999993,309.35987460449616,198.74464467432432,e3261da8-3d99-4cca-aabc-ef51ed2e5abc,1,38,ZFM-03330
whisking,stim,3.049999999999999,298.7647044863763,188.14947455620444,e3261da8-3d99-4cca-aabc-ef51ed2e5abc,1,38,ZFM-03330
whisking,stim,3.149999999999999,279.25891787260315,168.6436879424313,e3261da8-3d99-4cca-aabc-ef51ed2e5abc,1,38,ZFM-03330
whisking,stim,3.249999999999999,261.5337857537597,150.91855582358784,e3261da8-3d99-4cca-aabc-ef51ed2e5abc,1,38,ZFM-03330
whisking,stim,3.3499999999999988,264.5863465633764,153.9711166332046,e3261da8-3d99-4cca-aabc-ef51ed2e5abc,1,38,ZFM-03330
whisking,stim,3.449999999999999,296.2434140236003,185.62818409342844,e3261da8-3d99-4cca-aabc-ef51ed2e5abc,1,38,ZFM-03330
whisking,stim,3.549999999999999,328.9184120694932,218.30318213932134,e3261da8-3d99-4cca-aabc-ef51ed2e5abc,1,38,ZFM-03330
whisking,stim,3.649999999999999,351.5024776823781,240.8872477522063,e3261da8-3d99-4cca-aabc-ef51ed2e5abc,1,38,ZFM-03330
whisking,stim,3.749999999999999,339.26484508032814,228.6496151501563,e3261da8-3d99-4cca-aabc-ef51ed2e5abc,1,38,ZFM-03330
whisking,stim,3.8499999999999988,325.2346136649835,214.61938373481166,e3261da8-3d99-4cca-aabc-ef51ed2e5abc,1,38,ZFM-03330
whisking,stim,3.949999999999999,315.48794434641985,204.87271441624802,e3261da8-3d99-4cca-aabc-ef51ed2e5abc,1,38,ZFM-03330
whisking,no_stim,-0.45,183.10793226507033,-13.361284258734457,e3261da8-3d99-4cca-aabc-ef51ed2e5abc,1,30,ZFM-03330
whisking,no_stim,-0.35000000000000003,191.19976721978557,-5.2694493040192185,e3261da8-3d99-4cca-aabc-ef51ed2e5abc,1,30,ZFM-03330
whisking,no_stim,-0.25000000000000006,192.77555292096017,-3.693663602844623,e3261da8-3d99-4cca-aabc-ef51ed2e5abc,1,30,ZFM-03330
whisking,no_stim,-0.15000000000000008,191.95527212832832,-4.5139443954764715,e3261da8-3d99-4cca-aabc-ef51ed2e5abc,1,30,ZFM-03330
whisking,no_stim,-0.050000000000000086,223.30755808487942,26.83834156107463,e3261da8-3d99-4cca-aabc-ef51ed2e5abc,1,30,ZFM-03330
whisking,no_stim,0.04999999999999989,297.47602966545526,101.00681314165047,e3261da8-3d99-4cca-aabc-ef51ed2e5abc,1,30,ZFM-03330
whisking,no_stim,0.14999999999999986,340.90150772888614,144.43229120508136,e3261da8-3d99-4cca-aabc-ef51ed2e5abc,1,30,ZFM-03330
whisking,no_stim,0.24999999999999983,338.1504036234692,141.68118709966438,e3261da8-3d99-4cca-aabc-ef51ed2e5abc,1,30,ZFM-03330
whisking,no_stim,0.3499999999999998,282.54125245086806,86.07203592706327,e3261da8-3d99-4cca-aabc-ef51ed2e5abc,1,30,ZFM-03330
whisking,no_stim,0.4499999999999998,249.24037075300484,52.77115422920005,e3261da8-3d99-4cca-aabc-ef51ed2e5abc,1,30,ZFM-03330
whisking,no_stim,0.5499999999999998,222.2757868706784,25.8065703468736,e3261da8-3d99-4cca-aabc-ef51ed2e5abc,1,30,ZFM-03330
whisking,no_stim,0.6499999999999998,213.56616520986424,17.09694868605945,e3261da8-3d99-4cca-aabc-ef51ed2e5abc,1,30,ZFM-03330
whisking,no_stim,0.7499999999999998,222.99889998931582,26.529683465511027,e3261da8-3d99-4cca-aabc-ef51ed2e5abc,1,30,ZFM-03330
whisking,no_stim,0.8499999999999998,238.7325530867586,42.26333656295381,e3261da8-3d99-4cca-aabc-ef51ed2e5abc,1,30,ZFM-03330
whisking,no_stim,0.9499999999999997,238.53887479613064,42.06965827232585,e3261da8-3d99-4cca-aabc-ef51ed2e5abc,1,30,ZFM-03330
whisking,no_stim,1.0499999999999996,215.63289909332147,19.16368256951668,e3261da8-3d99-4cca-aabc-ef51ed2e5abc,1,30,ZFM-03330
whisking,no_stim,1.1499999999999997,204.45554154338734,7.9863250195825515,e3261da8-3d99-4cca-aabc-ef51ed2e5abc,1,30,ZFM-03330
whisking,no_stim,1.2499999999999998,230.71706615949782,34.24784963569303,e3261da8-3d99-4cca-aabc-ef51ed2e5abc,1,30,ZFM-03330
whisking,no_stim,1.3499999999999996,264.69147731360914,68.22226078980435,e3261da8-3d99-4cca-aabc-ef51ed2e5abc,1,30,ZFM-03330
whisking,no_stim,1.4499999999999995,297.0947394644457,100.6255229406409,e3261da8-3d99-4cca-aabc-ef51ed2e5abc,1,30,ZFM-03330
whisking,no_stim,1.5499999999999996,313.12443980004196,116.65522327623717,e3261da8-3d99-4cca-aabc-ef51ed2e5abc,1,30,ZFM-03330
whisking,no_stim,1.6499999999999997,336.2608682843286,139.7916517605238,e3261da8-3d99-4cca-aabc-ef51ed2e5abc,1,30,ZFM-03330
whisking,no_stim,1.7499999999999996,360.1387871368586,163.6695706130538,e3261da8-3d99-4cca-aabc-ef51ed2e5abc,1,30,ZFM-03330
whisking,no_stim,1.8499999999999994,370.73631981886024,174.26710329505545,e3261da8-3d99-4cca-aabc-ef51ed2e5abc,1,30,ZFM-03330
whisking,no_stim,1.9499999999999995,388.32970908586805,191.86049256206326,e3261da8-3d99-4cca-aabc-ef51ed2e5abc,1,30,ZFM-03330
whisking,no_stim,2.0499999999999994,398.2917718240641,201.8225553002593,e3261da8-3d99-4cca-aabc-ef51ed2e5abc,1,30,ZFM-03330
whisking,no_stim,2.1499999999999995,394.83069686102357,198.36148033721878,e3261da8-3d99-4cca-aabc-ef51ed2e5abc,1,30,ZFM-03330
whisking,no_stim,2.249999999999999,366.49378475571217,170.02456823190738,e3261da8-3d99-4cca-aabc-ef51ed2e5abc,1,30,ZFM-03330
whisking,no_stim,2.349999999999999,336.7278019277486,140.2585854039438,e3261da8-3d99-4cca-aabc-ef51ed2e5abc,1,30,ZFM-03330
whisking,no_stim,2.4499999999999993,360.9031528546258,164.43393633082098,e3261da8-3d99-4cca-aabc-ef51ed2e5abc,1,30,ZFM-03330
whisking,no_stim,2.549999999999999,388.2981384780623,191.8289219542575,e3261da8-3d99-4cca-aabc-ef51ed2e5abc,1,30,ZFM-03330
whisking,no_stim,2.649999999999999,398.42063727813496,201.95142075433017,e3261da8-3d99-4cca-aabc-ef51ed2e5abc,1,30,ZFM-03330
whisking,no_stim,2.749999999999999,386.25347980894617,189.78426328514138,e3261da8-3d99-4cca-aabc-ef51ed2e5abc,1,30,ZFM-03330
whisking,no_stim,2.849999999999999,373.7759676489955,177.30675112519071,e3261da8-3d99-4cca-aabc-ef51ed2e5abc,1,30,ZFM-03330
whisking,no_stim,2.9499999999999993,361.4759759832239,165.00675945941913,e3261da8-3d99-4cca-aabc-ef51ed2e5abc,1,30,ZFM-03330
whisking,no_stim,3.049999999999999,338.36561078292743,141.89639425912264,e3261da8-3d99-4cca-aabc-ef51ed2e5abc,1,30,ZFM-03330
whisking,no_stim,3.149999999999999,327.9741803438049,131.5049638200001,e3261da8-3d99-4cca-aabc-ef51ed2e5abc,1,30,ZFM-03330
whisking,no_stim,3.249999999999999,328.3073911185466,131.83817459474182,e3261da8-3d99-4cca-aabc-ef51ed2e5abc,1,30,ZFM-03330
whisking,no_stim,3.3499999999999988,306.3270608955808,109.85784437177603,e3261da8-3d99-4cca-aabc-ef51ed2e5abc,1,30,ZFM-03330
whisking,no_stim,3.449999999999999,269.0932084485502,72.62399192474538,e3261da8-3d99-4cca-aabc-ef51ed2e5abc,1,30,ZFM-03330
whisking,no_stim,3.549999999999999,266.02777537790956,69.55855885410477,e3261da8-3d99-4cca-aabc-ef51ed2e5abc,1,30,ZFM-03330
whisking,no_stim,3.649999999999999,292.98770978451756,96.51849326071277,e3261da8-3d99-4cca-aabc-ef51ed2e5abc,1,30,ZFM-03330
whisking,no_stim,3.749999999999999,297.6708079542069,101.20159143040212,e3261da8-3d99-4cca-aabc-ef51ed2e5abc,1,30,ZFM-03330
whisking,no_stim,3.8499999999999988,266.6850908360964,70.21587431229159,e3261da8-3d99-4cca-aabc-ef51ed2e5abc,1,30,ZFM-03330
whisking,no_stim,3.949999999999999,232.71987767519207,36.25066115138728,e3261da8-3d99-4cca-aabc-ef51ed2e5abc,1,30,ZFM-03330
whisking,stim,-0.45,424.28668624615256,42.30416751003219,91987e95-33ef-4af8-a2a9-377d26a97a52,0,31,ZFM-03332
whisking,stim,-0.35000000000000003,396.16207570689875,14.179556970778378,91987e95-33ef-4af8-a2a9-377d26a97a52,0,31,ZFM-03332
whisking,stim,-0.25000000000000006,363.0746325264345,-18.90788620968584,91987e95-33ef-4af8-a2a9-377d26a97a52,0,31,ZFM-03332
whisking,stim,-0.15000000000000008,351.93800805277584,-30.044510683344527,91987e95-33ef-4af8-a2a9-377d26a97a52,0,31,ZFM-03332
whisking,stim,-0.050000000000000086,374.45119114834006,-7.531327587780311,91987e95-33ef-4af8-a2a9-377d26a97a52,0,31,ZFM-03332
whisking,stim,0.04999999999999989,422.6906684011676,40.708149665047245,91987e95-33ef-4af8-a2a9-377d26a97a52,0,31,ZFM-03332
whisking,stim,0.14999999999999986,449.35523318233453,67.37271444621416,91987e95-33ef-4af8-a2a9-377d26a97a52,0,31,ZFM-03332
whisking,stim,0.24999999999999983,438.2511422567725,56.26862352065211,91987e95-33ef-4af8-a2a9-377d26a97a52,0,31,ZFM-03332
whisking,stim,0.3499999999999998,406.1735426577351,24.191023921614715,91987e95-33ef-4af8-a2a9-377d26a97a52,0,31,ZFM-03332
whisking,stim,0.4499999999999998,376.9419459700706,-5.040572766049763,91987e95-33ef-4af8-a2a9-377d26a97a52,0,31,ZFM-03332
whisking,stim,0.5499999999999998,400.60815000114354,18.625631265023173,91987e95-33ef-4af8-a2a9-377d26a97a52,0,31,ZFM-03332
whisking,stim,0.6499999999999998,415.39572369743286,33.41320496131249,91987e95-33ef-4af8-a2a9-377d26a97a52,0,31,ZFM-03332
whisking,stim,0.7499999999999998,407.2872171438865,25.304698407766125,91987e95-33ef-4af8-a2a9-377d26a97a52,0,31,ZFM-03332
whisking,stim,0.8499999999999998,376.3476316406553,-5.6348870954650465,91987e95-33ef-4af8-a2a9-377d26a97a52,0,31,ZFM-03332
whisking,stim,0.9499999999999997,380.41242103501907,-1.5700977011013038,91987e95-33ef-4af8-a2a9-377d26a97a52,0,31,ZFM-03332
whisking,stim,1.0499999999999996,403.2477747334991,21.265255997378745,91987e95-33ef-4af8-a2a9-377d26a97a52,0,31,ZFM-03332
whisking,stim,1.1499999999999997,432.5022902925441,50.519771556423734,91987e95-33ef-4af8-a2a9-377d26a97a52,0,31,ZFM-03332
whisking,stim,1.2499999999999998,411.8498008862768,29.867282150156427,91987e95-33ef-4af8-a2a9-377d26a97a52,0,31,ZFM-03332
whisking,stim,1.3499999999999996,369.67793488033,-12.304583855790383,91987e95-33ef-4af8-a2a9-377d26a97a52,0,31,ZFM-03332
whisking,stim,1.4499999999999995,348.9093154921594,-33.07320324396096,91987e95-33ef-4af8-a2a9-377d26a97a52,0,31,ZFM-03332
whisking,stim,1.5499999999999996,344.22581033415224,-37.756708401968126,91987e95-33ef-4af8-a2a9-377d26a97a52,0,31,ZFM-03332
whisking,stim,1.6499999999999997,331.3527128463277,-50.62980588979269,91987e95-33ef-4af8-a2a9-377d26a97a52,0,31,ZFM-03332
whisking,stim,1.7499999999999996,267.3142295572768,-114.66828917884357,91987e95-33ef-4af8-a2a9-377d26a97a52,0,31,ZFM-03332
whisking,stim,1.8499999999999994,219.51065631431814,-162.47186242180223,91987e95-33ef-4af8-a2a9-377d26a97a52,0,31,ZFM-03332
whisking,stim,1.9499999999999995,218.12821258614534,-163.85430614997503,91987e95-33ef-4af8-a2a9-377d26a97a52,0,31,ZFM-03332
whisking,stim,2.0499999999999994,281.0669160931986,-100.91560264292178,91987e95-33ef-4af8-a2a9-377d26a97a52,0,31,ZFM-03332
whisking,stim,2.1499999999999995,342.0095966158939,-39.972922120226485,91987e95-33ef-4af8-a2a9-377d26a97a52,0,31,ZFM-03332
whisking,stim,2.249999999999999,375.44539742633043,-6.5371213097899386,91987e95-33ef-4af8-a2a9-377d26a97a52,0,31,ZFM-03332
whisking,stim,2.349999999999999,396.0810135931411,14.09849485702074,91987e95-33ef-4af8-a2a9-377d26a97a52,0,31,ZFM-03332
whisking,stim,2.4499999999999993,444.51083430184036,62.52831556571999,91987e95-33ef-4af8-a2a9-377d26a97a52,0,31,ZFM-03332
whisking,stim,2.549999999999999,476.83609904025826,94.85358030413789,91987e95-33ef-4af8-a2a9-377d26a97a52,0,31,ZFM-03332
whisking,stim,2.649999999999999,478.8843740291332,96.90185529301283,91987e95-33ef-4af8-a2a9-377d26a97a52,0,31,ZFM-03332
whisking,stim,2.749999999999999,450.06309349696716,68.08057476084679,91987e95-33ef-4af8-a2a9-377d26a97a52,0,31,ZFM-03332
whisking,stim,2.849999999999999,439.3291680313543,57.34664929523393,91987e95-33ef-4af8-a2a9-377d26a97a52,0,31,ZFM-03332
whisking,stim,2.9499999999999993,445.0112592130598,63.02874047693945,91987e95-33ef-4af8-a2a9-377d26a97a52,0,31,ZFM-03332
whisking,stim,3.049999999999999,430.42101569081984,48.438496954699474,91987e95-33ef-4af8-a2a9-377d26a97a52,0,31,ZFM-03332
whisking,stim,3.149999999999999,419.35323754211447,37.3707188059941,91987e95-33ef-4af8-a2a9-377d26a97a52,0,31,ZFM-03332
whisking,stim,3.249999999999999,425.4659717379576,43.48345300183723,91987e95-33ef-4af8-a2a9-377d26a97a52,0,31,ZFM-03332
whisking,stim,3.3499999999999988,436.5452548156172,54.56273607949686,91987e95-33ef-4af8-a2a9-377d26a97a52,0,31,ZFM-03332
whisking,stim,3.449999999999999,420.4872918448976,38.504773108777215,91987e95-33ef-4af8-a2a9-377d26a97a52,0,31,ZFM-03332
whisking,stim,3.549999999999999,392.5394158562502,10.556897120129804,91987e95-33ef-4af8-a2a9-377d26a97a52,0,31,ZFM-03332
whisking,stim,3.649999999999999,393.00044088408225,11.017922147961883,91987e95-33ef-4af8-a2a9-377d26a97a52,0,31,ZFM-03332
whisking,stim,3.749999999999999,418.67842121896985,36.695902482849476,91987e95-33ef-4af8-a2a9-377d26a97a52,0,31,ZFM-03332
whisking,stim,3.8499999999999988,444.1655806774841,62.183061941363746,91987e95-33ef-4af8-a2a9-377d26a97a52,0,31,ZFM-03332
whisking,stim,3.949999999999999,464.2560070391755,82.2734883030551,91987e95-33ef-4af8-a2a9-377d26a97a52,0,31,ZFM-03332
whisking,no_stim,-0.45,401.2710004214055,55.081304911674124,91987e95-33ef-4af8-a2a9-377d26a97a52,0,34,ZFM-03332
whisking,no_stim,-0.35000000000000003,345.36102048715975,-0.8286750225716446,91987e95-33ef-4af8-a2a9-377d26a97a52,0,34,ZFM-03332
whisking,no_stim,-0.25000000000000006,334.03028167204076,-12.159413837690636,91987e95-33ef-4af8-a2a9-377d26a97a52,0,34,ZFM-03332
whisking,no_stim,-0.15000000000000008,330.4059973782031,-15.783698131528297,91987e95-33ef-4af8-a2a9-377d26a97a52,0,34,ZFM-03332
whisking,no_stim,-0.050000000000000086,319.880177589848,-26.309517919883376,91987e95-33ef-4af8-a2a9-377d26a97a52,0,34,ZFM-03332
whisking,no_stim,0.04999999999999989,301.38884734040937,-44.80084816932202,91987e95-33ef-4af8-a2a9-377d26a97a52,0,34,ZFM-03332
whisking,no_stim,0.14999999999999986,290.25732277000907,-55.932372739722325,91987e95-33ef-4af8-a2a9-377d26a97a52,0,34,ZFM-03332
whisking,no_stim,0.24999999999999983,299.2851878528423,-46.90450765688911,91987e95-33ef-4af8-a2a9-377d26a97a52,0,34,ZFM-03332
whisking,no_stim,0.3499999999999998,354.88329335606227,8.693597846330874,91987e95-33ef-4af8-a2a9-377d26a97a52,0,34,ZFM-03332
whisking,no_stim,0.4499999999999998,437.3080253376305,91.11832982789912,91987e95-33ef-4af8-a2a9-377d26a97a52,0,34,ZFM-03332
whisking,no_stim,0.5499999999999998,487.85697352239515,141.66727801266376,91987e95-33ef-4af8-a2a9-377d26a97a52,0,34,ZFM-03332
whisking,no_stim,0.6499999999999998,486.4325644355598,140.24286892582842,91987e95-33ef-4af8-a2a9-377d26a97a52,0,34,ZFM-03332
whisking,no_stim,0.7499999999999998,427.2725928109113,81.08289730117991,91987e95-33ef-4af8-a2a9-377d26a97a52,0,34,ZFM-03332
whisking,no_stim,0.8499999999999998,364.93487741319376,18.745181903462367,91987e95-33ef-4af8-a2a9-377d26a97a52,0,34,ZFM-03332
whisking,no_stim,0.9499999999999997,353.5989207024109,7.409225192679514,91987e95-33ef-4af8-a2a9-377d26a97a52,0,34,ZFM-03332
whisking,no_stim,1.0499999999999996,377.5258515092256,31.336155999494224,91987e95-33ef-4af8-a2a9-377d26a97a52,0,34,ZFM-03332
whisking,no_stim,1.1499999999999997,419.5665698471737,73.3768743374423,91987e95-33ef-4af8-a2a9-377d26a97a52,0,34,ZFM-03332
whisking,no_stim,1.2499999999999998,447.2069677282522,101.01727221852082,91987e95-33ef-4af8-a2a9-377d26a97a52,0,34,ZFM-03332
whisking,no_stim,1.3499999999999996,461.9679203086045,115.77822479887311,91987e95-33ef-4af8-a2a9-377d26a97a52,0,34,ZFM-03332
whisking,no_stim,1.4499999999999995,484.86155069694394,138.67185518721254,91987e95-33ef-4af8-a2a9-377d26a97a52,0,34,ZFM-03332
whisking,no_stim,1.5499999999999996,531.5191864128045,185.32949090307312,91987e95-33ef-4af8-a2a9-377d26a97a52,0,34,ZFM-03332
whisking,no_stim,1.6499999999999997,571.6220695672516,225.43237405752024,91987e95-33ef-4af8-a2a9-377d26a97a52,0,34,ZFM-03332
whisking,no_stim,1.7499999999999996,585.1957703921399,239.00607488240854,91987e95-33ef-4af8-a2a9-377d26a97a52,0,34,ZFM-03332
whisking,no_stim,1.8499999999999994,546.3505910950856,200.16089558535424,91987e95-33ef-4af8-a2a9-377d26a97a52,0,34,ZFM-03332
whisking,no_stim,1.9499999999999995,518.8561059500203,172.66641044028887,91987e95-33ef-4af8-a2a9-377d26a97a52,0,34,ZFM-03332
whisking,no_stim,2.0499999999999994,506.88942419764146,160.69972868791007,91987e95-33ef-4af8-a2a9-377d26a97a52,0,34,ZFM-03332
whisking,no_stim,2.1499999999999995,512.6886342737566,166.49893876402524,91987e95-33ef-4af8-a2a9-377d26a97a52,0,34,ZFM-03332
whisking,no_stim,2.249999999999999,544.3820117360227,198.19231622629133,91987e95-33ef-4af8-a2a9-377d26a97a52,0,34,ZFM-03332
whisking,no_stim,2.349999999999999,573.635722864582,227.44602735485063,91987e95-33ef-4af8-a2a9-377d26a97a52,0,34,ZFM-03332
whisking,no_stim,2.4499999999999993,615.6528392670514,269.46314375732,91987e95-33ef-4af8-a2a9-377d26a97a52,0,34,ZFM-03332
whisking,no_stim,2.549999999999999,596.4842921850759,250.2945966753445,91987e95-33ef-4af8-a2a9-377d26a97a52,0,34,ZFM-03332
whisking,no_stim,2.649999999999999,542.9207479142007,196.73105240446927,91987e95-33ef-4af8-a2a9-377d26a97a52,0,34,ZFM-03332
whisking,no_stim,2.749999999999999,478.1349210659608,131.9452255562294,91987e95-33ef-4af8-a2a9-377d26a97a52,0,34,ZFM-03332
whisking,no_stim,2.849999999999999,457.175517601945,110.9858220922136,91987e95-33ef-4af8-a2a9-377d26a97a52,0,34,ZFM-03332
whisking,no_stim,2.9499999999999993,469.1248071757271,122.93511166599569,91987e95-33ef-4af8-a2a9-377d26a97a52,0,34,ZFM-03332
whisking,no_stim,3.049999999999999,442.69556757519405,96.50587206546265,91987e95-33ef-4af8-a2a9-377d26a97a52,0,34,ZFM-03332
whisking,no_stim,3.149999999999999,431.6722923675813,85.4825968578499,91987e95-33ef-4af8-a2a9-377d26a97a52,0,34,ZFM-03332
whisking,no_stim,3.249999999999999,427.51299547933445,81.32329996960306,91987e95-33ef-4af8-a2a9-377d26a97a52,0,34,ZFM-03332
whisking,no_stim,3.3499999999999988,440.39429941208954,94.20460390235814,91987e95-33ef-4af8-a2a9-377d26a97a52,0,34,ZFM-03332
whisking,no_stim,3.449999999999999,448.0481095046347,101.85841399490329,91987e95-33ef-4af8-a2a9-377d26a97a52,0,34,ZFM-03332
whisking,no_stim,3.549999999999999,464.52354104697946,118.33384553724807,91987e95-33ef-4af8-a2a9-377d26a97a52,0,34,ZFM-03332
whisking,no_stim,3.649999999999999,493.69701458883367,147.50731907910227,91987e95-33ef-4af8-a2a9-377d26a97a52,0,34,ZFM-03332
whisking,no_stim,3.749999999999999,477.4632494127771,131.2735539030457,91987e95-33ef-4af8-a2a9-377d26a97a52,0,34,ZFM-03332
whisking,no_stim,3.8499999999999988,420.9849409826398,74.79524547290839,91987e95-33ef-4af8-a2a9-377d26a97a52,0,34,ZFM-03332
whisking,no_stim,3.949999999999999,357.14964686911793,10.959951359386537,91987e95-33ef-4af8-a2a9-377d26a97a52,0,34,ZFM-03332
whisking,stim,-0.45,198.4991745224897,58.183721863519395,5244890d-9353-4cfe-a18e-23481883e3a4,1,101,ZFM-03330
whisking,stim,-0.35000000000000003,146.05405168553898,5.738599026568664,5244890d-9353-4cfe-a18e-23481883e3a4,1,101,ZFM-03330
whisking,stim,-0.25000000000000006,126.23505373563793,-14.080398923332382,5244890d-9353-4cfe-a18e-23481883e3a4,1,101,ZFM-03330
whisking,stim,-0.15000000000000008,115.84650804250694,-24.468944616463375,5244890d-9353-4cfe-a18e-23481883e3a4,1,101,ZFM-03330
whisking,stim,-0.050000000000000086,114.94247530867797,-25.372977350292345,5244890d-9353-4cfe-a18e-23481883e3a4,1,101,ZFM-03330
whisking,stim,0.04999999999999989,164.42600274428005,24.11055008530974,5244890d-9353-4cfe-a18e-23481883e3a4,1,101,ZFM-03330
whisking,stim,0.14999999999999986,240.2280287347152,99.91257607574488,5244890d-9353-4cfe-a18e-23481883e3a4,1,101,ZFM-03330
whisking,stim,0.24999999999999983,417.0049851446137,276.68953248564344,5244890d-9353-4cfe-a18e-23481883e3a4,1,101,ZFM-03330
whisking,stim,0.3499999999999998,641.1505235242906,500.8350708653203,5244890d-9353-4cfe-a18e-23481883e3a4,1,101,ZFM-03330
whisking,stim,0.4499999999999998,828.0187883070427,687.7033356480723,5244890d-9353-4cfe-a18e-23481883e3a4,1,101,ZFM-03330
whisking,stim,0.5499999999999998,879.9938010504935,739.6783483915232,5244890d-9353-4cfe-a18e-23481883e3a4,1,101,ZFM-03330
whisking,stim,0.6499999999999998,826.604268835223,686.2888161762527,5244890d-9353-4cfe-a18e-23481883e3a4,1,101,ZFM-03330
whisking,stim,0.7499999999999998,794.3561356996839,654.0406830407136,5244890d-9353-4cfe-a18e-23481883e3a4,1,101,ZFM-03330
whisking,stim,0.8499999999999998,763.630836816449,623.3153841574787,5244890d-9353-4cfe-a18e-23481883e3a4,1,101,ZFM-03330
whisking,stim,0.9499999999999997,733.4758115496436,593.1603588906733,5244890d-9353-4cfe-a18e-23481883e3a4,1,101,ZFM-03330
whisking,stim,1.0499999999999996,704.3429842682963,564.0275316093259,5244890d-9353-4cfe-a18e-23481883e3a4,1,101,ZFM-03330
whisking,stim,1.1499999999999997,688.1262354738645,547.8107828148942,5244890d-9353-4cfe-a18e-23481883e3a4,1,101,ZFM-03330
whisking,stim,1.2499999999999998,665.038316357255,524.7228636982846,5244890d-9353-4cfe-a18e-23481883e3a4,1,101,ZFM-03330
whisking,stim,1.3499999999999996,634.8682980181067,494.5528453591363,5244890d-9353-4cfe-a18e-23481883e3a4,1,101,ZFM-03330
whisking,stim,1.4499999999999995,630.8072895989607,490.4918369399903,5244890d-9353-4cfe-a18e-23481883e3a4,1,101,ZFM-03330
whisking,stim,1.5499999999999996,637.1985383698379,496.8830857108676,5244890d-9353-4cfe-a18e-23481883e3a4,1,101,ZFM-03330
whisking,stim,1.6499999999999997,637.1467189887595,496.8312663297892,5244890d-9353-4cfe-a18e-23481883e3a4,1,101,ZFM-03330
whisking,stim,1.7499999999999996,625.0623806525025,484.74692799353215,5244890d-9353-4cfe-a18e-23481883e3a4,1,101,ZFM-03330
whisking,stim,1.8499999999999994,605.4169450051644,465.10149234619405,5244890d-9353-4cfe-a18e-23481883e3a4,1,101,ZFM-03330
whisking,stim,1.9499999999999995,590.703242994539,450.38779033556864,5244890d-9353-4cfe-a18e-23481883e3a4,1,101,ZFM-03330
whisking,stim,2.0499999999999994,581.8096576749643,441.494205015994,5244890d-9353-4cfe-a18e-23481883e3a4,1,101,ZFM-03330
whisking,stim,2.1499999999999995,578.8345914315302,438.5191387725598,5244890d-9353-4cfe-a18e-23481883e3a4,1,101,ZFM-03330
whisking,stim,2.249999999999999,565.2910384985535,424.9755858395831,5244890d-9353-4cfe-a18e-23481883e3a4,1,101,ZFM-03330
whisking,stim,2.349999999999999,544.6577670961265,404.3423144371561,5244890d-9353-4cfe-a18e-23481883e3a4,1,101,ZFM-03330
whisking,stim,2.4499999999999993,518.2602924843446,377.9448398253743,5244890d-9353-4cfe-a18e-23481883e3a4,1,101,ZFM-03330
whisking,stim,2.549999999999999,498.4971194915736,358.18166683260324,5244890d-9353-4cfe-a18e-23481883e3a4,1,101,ZFM-03330
whisking,stim,2.649999999999999,482.36167034490927,342.0462176859389,5244890d-9353-4cfe-a18e-23481883e3a4,1,101,ZFM-03330
whisking,stim,2.749999999999999,471.4861002132963,331.170647554326,5244890d-9353-4cfe-a18e-23481883e3a4,1,101,ZFM-03330
whisking,stim,2.849999999999999,469.90552273743947,329.5900700784691,5244890d-9353-4cfe-a18e-23481883e3a4,1,101,ZFM-03330
whisking,stim,2.9499999999999993,465.86159247684145,325.5461398178711,5244890d-9353-4cfe-a18e-23481883e3a4,1,101,ZFM-03330
whisking,stim,3.049999999999999,447.9306496171155,307.61519695814513,5244890d-9353-4cfe-a18e-23481883e3a4,1,101,ZFM-03330
whisking,stim,3.149999999999999,419.69535596233663,279.3799033033663,5244890d-9353-4cfe-a18e-23481883e3a4,1,101,ZFM-03330
whisking,stim,3.249999999999999,396.07577040123624,255.76031774226593,5244890d-9353-4cfe-a18e-23481883e3a4,1,101,ZFM-03330
whisking,stim,3.3499999999999988,383.5907087650104,243.27525610604008,5244890d-9353-4cfe-a18e-23481883e3a4,1,101,ZFM-03330
whisking,stim,3.449999999999999,370.15571092859824,229.84025826962792,5244890d-9353-4cfe-a18e-23481883e3a4,1,101,ZFM-03330
whisking,stim,3.549999999999999,352.1038726486088,211.78841998963847,5244890d-9353-4cfe-a18e-23481883e3a4,1,101,ZFM-03330
whisking,stim,3.649999999999999,332.2897619191948,191.9743092602245,5244890d-9353-4cfe-a18e-23481883e3a4,1,101,ZFM-03330
whisking,stim,3.749999999999999,324.46556953244925,184.15011687347894,5244890d-9353-4cfe-a18e-23481883e3a4,1,101,ZFM-03330
whisking,stim,3.8499999999999988,323.59837921454545,183.28292655557513,5244890d-9353-4cfe-a18e-23481883e3a4,1,101,ZFM-03330
whisking,stim,3.949999999999999,330.51018970261043,190.19473704364012,5244890d-9353-4cfe-a18e-23481883e3a4,1,101,ZFM-03330
whisking,no_stim,-0.45,230.97945250586494,50.87670944305205,5244890d-9353-4cfe-a18e-23481883e3a4,1,123,ZFM-03330
whisking,no_stim,-0.35000000000000003,190.35508529698052,10.252342234167628,5244890d-9353-4cfe-a18e-23481883e3a4,1,123,ZFM-03330
whisking,no_stim,-0.25000000000000006,170.45668290052086,-9.64606016229203,5244890d-9353-4cfe-a18e-23481883e3a4,1,123,ZFM-03330
whisking,no_stim,-0.15000000000000008,157.05282367303585,-23.049919389777045,5244890d-9353-4cfe-a18e-23481883e3a4,1,123,ZFM-03330
whisking,no_stim,-0.050000000000000086,151.66967093766226,-28.43307212515063,5244890d-9353-4cfe-a18e-23481883e3a4,1,123,ZFM-03330
whisking,no_stim,0.04999999999999989,221.32462390437001,41.22188084155712,5244890d-9353-4cfe-a18e-23481883e3a4,1,123,ZFM-03330
whisking,no_stim,0.14999999999999986,306.9778056597465,126.87506259693359,5244890d-9353-4cfe-a18e-23481883e3a4,1,123,ZFM-03330
whisking,no_stim,0.24999999999999983,356.7451371539616,176.6423940911487,5244890d-9353-4cfe-a18e-23481883e3a4,1,123,ZFM-03330
whisking,no_stim,0.3499999999999998,355.04616352336734,174.94342046055445,5244890d-9353-4cfe-a18e-23481883e3a4,1,123,ZFM-03330
whisking,no_stim,0.4499999999999998,343.5236728175413,163.4209297547284,5244890d-9353-4cfe-a18e-23481883e3a4,1,123,ZFM-03330
whisking,no_stim,0.5499999999999998,349.5359985340529,169.43325547124002,5244890d-9353-4cfe-a18e-23481883e3a4,1,123,ZFM-03330
whisking,no_stim,0.6499999999999998,338.17574254250815,158.07299947969526,5244890d-9353-4cfe-a18e-23481883e3a4,1,123,ZFM-03330
whisking,no_stim,0.7499999999999998,325.3847988817578,145.28205581894488,5244890d-9353-4cfe-a18e-23481883e3a4,1,123,ZFM-03330
whisking,no_stim,0.8499999999999998,327.4615962158121,147.35885315299922,5244890d-9353-4cfe-a18e-23481883e3a4,1,123,ZFM-03330
whisking,no_stim,0.9499999999999997,330.0590804464735,149.9563373836606,5244890d-9353-4cfe-a18e-23481883e3a4,1,123,ZFM-03330
whisking,no_stim,1.0499999999999996,329.0048915331708,148.9021484703579,5244890d-9353-4cfe-a18e-23481883e3a4,1,123,ZFM-03330
whisking,no_stim,1.1499999999999997,324.1350642374231,144.0323211746102,5244890d-9353-4cfe-a18e-23481883e3a4,1,123,ZFM-03330
whisking,no_stim,1.2499999999999998,325.8315071556483,145.7287640928354,5244890d-9353-4cfe-a18e-23481883e3a4,1,123,ZFM-03330
whisking,no_stim,1.3499999999999996,331.15696182557116,151.05421876275827,5244890d-9353-4cfe-a18e-23481883e3a4,1,123,ZFM-03330
whisking,no_stim,1.4499999999999995,328.1070417647642,148.00429870195129,5244890d-9353-4cfe-a18e-23481883e3a4,1,123,ZFM-03330
whisking,no_stim,1.5499999999999996,328.9209782072347,148.81823514442183,5244890d-9353-4cfe-a18e-23481883e3a4,1,123,ZFM-03330
whisking,no_stim,1.6499999999999997,336.1035696292119,156.000826566399,5244890d-9353-4cfe-a18e-23481883e3a4,1,123,ZFM-03330
whisking,no_stim,1.7499999999999996,346.2392725341899,166.13652947137703,5244890d-9353-4cfe-a18e-23481883e3a4,1,123,ZFM-03330
whisking,no_stim,1.8499999999999994,363.4497380306583,183.3469949678454,5244890d-9353-4cfe-a18e-23481883e3a4,1,123,ZFM-03330
whisking,no_stim,1.9499999999999995,379.1469866583998,199.0442435955869,5244890d-9353-4cfe-a18e-23481883e3a4,1,123,ZFM-03330
whisking,no_stim,2.0499999999999994,390.26225589347456,210.15951283066167,5244890d-9353-4cfe-a18e-23481883e3a4,1,123,ZFM-03330
whisking,no_stim,2.1499999999999995,393.98893937520387,213.88619631239098,5244890d-9353-4cfe-a18e-23481883e3a4,1,123,ZFM-03330
whisking,no_stim,2.249999999999999,403.10209833894464,222.99935527613175,5244890d-9353-4cfe-a18e-23481883e3a4,1,123,ZFM-03330
whisking,no_stim,2.349999999999999,424.4282070318576,244.3254639690447,5244890d-9353-4cfe-a18e-23481883e3a4,1,123,ZFM-03330
whisking,no_stim,2.4499999999999993,436.6688448936339,256.566101830821,5244890d-9353-4cfe-a18e-23481883e3a4,1,123,ZFM-03330
whisking,no_stim,2.549999999999999,438.1661326366488,258.06338957383593,5244890d-9353-4cfe-a18e-23481883e3a4,1,123,ZFM-03330
whisking,no_stim,2.649999999999999,435.09593928012157,254.99319621730868,5244890d-9353-4cfe-a18e-23481883e3a4,1,123,ZFM-03330
whisking,no_stim,2.749999999999999,451.25242019707866,271.14967713426574,5244890d-9353-4cfe-a18e-23481883e3a4,1,123,ZFM-03330
whisking,no_stim,2.849999999999999,461.1711674157239,281.06842435291105,5244890d-9353-4cfe-a18e-23481883e3a4,1,123,ZFM-03330
whisking,no_stim,2.9499999999999993,458.0655524998501,277.9628094370372,5244890d-9353-4cfe-a18e-23481883e3a4,1,123,ZFM-03330
whisking,no_stim,3.049999999999999,447.6925955101121,267.5898524472992,5244890d-9353-4cfe-a18e-23481883e3a4,1,123,ZFM-03330
whisking,no_stim,3.149999999999999,441.7074501993089,261.604707136496,5244890d-9353-4cfe-a18e-23481883e3a4,1,123,ZFM-03330
whisking,no_stim,3.249999999999999,439.9483695995804,259.84562653676755,5244890d-9353-4cfe-a18e-23481883e3a4,1,123,ZFM-03330
whisking,no_stim,3.3499999999999988,440.74645061843717,260.64370755562425,5244890d-9353-4cfe-a18e-23481883e3a4,1,123,ZFM-03330
whisking,no_stim,3.449999999999999,438.48381674903226,258.38107368621934,5244890d-9353-4cfe-a18e-23481883e3a4,1,123,ZFM-03330
whisking,no_stim,3.549999999999999,438.908100940974,258.8053578781611,5244890d-9353-4cfe-a18e-23481883e3a4,1,123,ZFM-03330
whisking,no_stim,3.649999999999999,434.4763786712585,254.3736356084456,5244890d-9353-4cfe-a18e-23481883e3a4,1,123,ZFM-03330
whisking,no_stim,3.749999999999999,433.3974107790914,253.2946677162785,5244890d-9353-4cfe-a18e-23481883e3a4,1,123,ZFM-03330
whisking,no_stim,3.8499999999999988,443.61318868994323,263.51044562713037,5244890d-9353-4cfe-a18e-23481883e3a4,1,123,ZFM-03330
whisking,no_stim,3.949999999999999,461.32392318207025,281.2211801192574,5244890d-9353-4cfe-a18e-23481883e3a4,1,123,ZFM-03330
whisking,stim,-0.45,315.3939314460626,55.054810075584214,7ab26936-81b3-482d-a60f-538e2e325f1e,1,45,ZFM-03330
whisking,stim,-0.35000000000000003,258.92799817993233,-1.41112319054605,7ab26936-81b3-482d-a60f-538e2e325f1e,1,45,ZFM-03330
whisking,stim,-0.25000000000000006,245.20745383661628,-15.1316675338621,7ab26936-81b3-482d-a60f-538e2e325f1e,1,45,ZFM-03330
whisking,stim,-0.15000000000000008,233.78667640531967,-26.552444965158713,7ab26936-81b3-482d-a60f-538e2e325f1e,1,45,ZFM-03330
whisking,stim,-0.050000000000000086,248.37954698446086,-11.959574386017522,7ab26936-81b3-482d-a60f-538e2e325f1e,1,45,ZFM-03330
whisking,stim,0.04999999999999989,305.3170701923124,44.97794882183405,7ab26936-81b3-482d-a60f-538e2e325f1e,1,45,ZFM-03330
whisking,stim,0.14999999999999986,380.3466003701568,120.00747899967843,7ab26936-81b3-482d-a60f-538e2e325f1e,1,45,ZFM-03330
whisking,stim,0.24999999999999983,443.34802253890894,183.00890116843055,7ab26936-81b3-482d-a60f-538e2e325f1e,1,45,ZFM-03330
whisking,stim,0.3499999999999998,515.3116384938287,254.97251712335031,7ab26936-81b3-482d-a60f-538e2e325f1e,1,45,ZFM-03330
whisking,stim,0.4499999999999998,616.417467145172,356.0783457746937,7ab26936-81b3-482d-a60f-538e2e325f1e,1,45,ZFM-03330
whisking,stim,0.5499999999999998,693.7683220853617,433.4292007148833,7ab26936-81b3-482d-a60f-538e2e325f1e,1,45,ZFM-03330
whisking,stim,0.6499999999999998,706.737439888699,446.3983185182206,7ab26936-81b3-482d-a60f-538e2e325f1e,1,45,ZFM-03330
whisking,stim,0.7499999999999998,690.2322299689259,429.89310859844755,7ab26936-81b3-482d-a60f-538e2e325f1e,1,45,ZFM-03330
whisking,stim,0.8499999999999998,676.1820541580865,415.84293278760816,7ab26936-81b3-482d-a60f-538e2e325f1e,1,45,ZFM-03330
whisking,stim,0.9499999999999997,648.4382130425239,388.0990916720455,7ab26936-81b3-482d-a60f-538e2e325f1e,1,45,ZFM-03330
whisking,stim,1.0499999999999996,626.6832480388482,366.3441266683698,7ab26936-81b3-482d-a60f-538e2e325f1e,1,45,ZFM-03330
whisking,stim,1.1499999999999997,596.7495402789185,336.41041890844014,7ab26936-81b3-482d-a60f-538e2e325f1e,1,45,ZFM-03330
whisking,stim,1.2499999999999998,568.2707800476921,307.93165867721376,7ab26936-81b3-482d-a60f-538e2e325f1e,1,45,ZFM-03330
whisking,stim,1.3499999999999996,570.9694855456094,310.630364175131,7ab26936-81b3-482d-a60f-538e2e325f1e,1,45,ZFM-03330
whisking,stim,1.4499999999999995,591.9142281247096,331.5751067542312,7ab26936-81b3-482d-a60f-538e2e325f1e,1,45,ZFM-03330
whisking,stim,1.5499999999999996,611.6382663376714,351.29914496719306,7ab26936-81b3-482d-a60f-538e2e325f1e,1,45,ZFM-03330
whisking,stim,1.6499999999999997,595.5241921739462,335.1850708034678,7ab26936-81b3-482d-a60f-538e2e325f1e,1,45,ZFM-03330
whisking,stim,1.7499999999999996,576.169913948223,315.8307925777446,7ab26936-81b3-482d-a60f-538e2e325f1e,1,45,ZFM-03330
whisking,stim,1.8499999999999994,561.1005337092687,300.7614123387903,7ab26936-81b3-482d-a60f-538e2e325f1e,1,45,ZFM-03330
whisking,stim,1.9499999999999995,581.0504218832293,320.71130051275094,7ab26936-81b3-482d-a60f-538e2e325f1e,1,45,ZFM-03330
whisking,stim,2.0499999999999994,607.8663873491391,347.52726597866075,7ab26936-81b3-482d-a60f-538e2e325f1e,1,45,ZFM-03330
whisking,stim,2.1499999999999995,608.4896672049921,348.1505458345137,7ab26936-81b3-482d-a60f-538e2e325f1e,1,45,ZFM-03330
whisking,stim,2.249999999999999,577.924387726212,317.5852663557336,7ab26936-81b3-482d-a60f-538e2e325f1e,1,45,ZFM-03330
whisking,stim,2.349999999999999,560.4726622532996,300.13354088282125,7ab26936-81b3-482d-a60f-538e2e325f1e,1,45,ZFM-03330
whisking,stim,2.4499999999999993,560.7911144867278,300.4519931162494,7ab26936-81b3-482d-a60f-538e2e325f1e,1,45,ZFM-03330
whisking,stim,2.549999999999999,540.2394757657096,279.9003543952312,7ab26936-81b3-482d-a60f-538e2e325f1e,1,45,ZFM-03330
whisking,stim,2.649999999999999,521.6111042087811,261.2719828383027,7ab26936-81b3-482d-a60f-538e2e325f1e,1,45,ZFM-03330
whisking,stim,2.749999999999999,513.1795180365511,252.84039666607276,7ab26936-81b3-482d-a60f-538e2e325f1e,1,45,ZFM-03330
whisking,stim,2.849999999999999,516.4397878277493,256.10066645727096,7ab26936-81b3-482d-a60f-538e2e325f1e,1,45,ZFM-03330
whisking,stim,2.9499999999999993,507.01712860813655,246.67800723765816,7ab26936-81b3-482d-a60f-538e2e325f1e,1,45,ZFM-03330
whisking,stim,3.049999999999999,512.2962633101464,251.95714193966802,7ab26936-81b3-482d-a60f-538e2e325f1e,1,45,ZFM-03330
whisking,stim,3.149999999999999,512.1038180265258,251.76469665604742,7ab26936-81b3-482d-a60f-538e2e325f1e,1,45,ZFM-03330
whisking,stim,3.249999999999999,511.8219866889013,251.4828653184229,7ab26936-81b3-482d-a60f-538e2e325f1e,1,45,ZFM-03330
whisking,stim,3.3499999999999988,511.6035659073362,251.2644445368578,7ab26936-81b3-482d-a60f-538e2e325f1e,1,45,ZFM-03330
whisking,stim,3.449999999999999,516.4232673411462,256.08414597066786,7ab26936-81b3-482d-a60f-538e2e325f1e,1,45,ZFM-03330
whisking,stim,3.549999999999999,516.6771065003493,256.3379851298709,7ab26936-81b3-482d-a60f-538e2e325f1e,1,45,ZFM-03330
whisking,stim,3.649999999999999,486.9536966348173,226.6145752643389,7ab26936-81b3-482d-a60f-538e2e325f1e,1,45,ZFM-03330
whisking,stim,3.749999999999999,469.83526249712406,209.49614112664568,7ab26936-81b3-482d-a60f-538e2e325f1e,1,45,ZFM-03330
whisking,stim,3.8499999999999988,459.4541594086764,199.115038038198,7ab26936-81b3-482d-a60f-538e2e325f1e,1,45,ZFM-03330
whisking,stim,3.949999999999999,453.34457241040354,193.00545103992516,7ab26936-81b3-482d-a60f-538e2e325f1e,1,45,ZFM-03330
whisking,no_stim,-0.45,123.95487795313555,7.791444771092586,7ab26936-81b3-482d-a60f-538e2e325f1e,1,33,ZFM-03330
whisking,no_stim,-0.35000000000000003,105.1245698054716,-11.03886337657137,7ab26936-81b3-482d-a60f-538e2e325f1e,1,33,ZFM-03330
whisking,no_stim,-0.25000000000000006,117.30111410071866,1.1376809186756986,7ab26936-81b3-482d-a60f-538e2e325f1e,1,33,ZFM-03330
whisking,no_stim,-0.15000000000000008,120.12679624102242,3.9633630589794535,7ab26936-81b3-482d-a60f-538e2e325f1e,1,33,ZFM-03330
whisking,no_stim,-0.050000000000000086,114.30980780986658,-1.8536253721763813,7ab26936-81b3-482d-a60f-538e2e325f1e,1,33,ZFM-03330
whisking,no_stim,0.04999999999999989,114.4025156932269,-1.7609174888160624,7ab26936-81b3-482d-a60f-538e2e325f1e,1,33,ZFM-03330
whisking,no_stim,0.14999999999999986,137.10955179100029,20.94611860895732,7ab26936-81b3-482d-a60f-538e2e325f1e,1,33,ZFM-03330
whisking,no_stim,0.24999999999999983,148.3637249138584,32.200291731815426,7ab26936-81b3-482d-a60f-538e2e325f1e,1,33,ZFM-03330
whisking,no_stim,0.3499999999999998,148.22809339214962,32.06466021010665,7ab26936-81b3-482d-a60f-538e2e325f1e,1,33,ZFM-03330
whisking,no_stim,0.4499999999999998,142.1282264902595,25.964793308216528,7ab26936-81b3-482d-a60f-538e2e325f1e,1,33,ZFM-03330
whisking,no_stim,0.5499999999999998,137.3542146349353,21.190781452892324,7ab26936-81b3-482d-a60f-538e2e325f1e,1,33,ZFM-03330
whisking,no_stim,0.6499999999999998,133.70157641563182,17.538143233588855,7ab26936-81b3-482d-a60f-538e2e325f1e,1,33,ZFM-03330
whisking,no_stim,0.7499999999999998,137.43808889745605,21.27465571541309,7ab26936-81b3-482d-a60f-538e2e325f1e,1,33,ZFM-03330
whisking,no_stim,0.8499999999999998,137.4191662013137,21.25573301927072,7ab26936-81b3-482d-a60f-538e2e325f1e,1,33,ZFM-03330
whisking,no_stim,0.9499999999999997,124.79420667316583,8.630773491122866,7ab26936-81b3-482d-a60f-538e2e325f1e,1,33,ZFM-03330
whisking,no_stim,1.0499999999999996,113.85619115608175,-2.307242025961216,7ab26936-81b3-482d-a60f-538e2e325f1e,1,33,ZFM-03330
whisking,no_stim,1.1499999999999997,105.77378066528142,-10.389652516761544,7ab26936-81b3-482d-a60f-538e2e325f1e,1,33,ZFM-03330
whisking,no_stim,1.2499999999999998,108.01240071069904,-8.151032471343925,7ab26936-81b3-482d-a60f-538e2e325f1e,1,33,ZFM-03330
whisking,no_stim,1.3499999999999996,101.01587829373001,-15.147554888312953,7ab26936-81b3-482d-a60f-538e2e325f1e,1,33,ZFM-03330
whisking,no_stim,1.4499999999999995,99.5788140569449,-16.584619125098058,7ab26936-81b3-482d-a60f-538e2e325f1e,1,33,ZFM-03330
whisking,no_stim,1.5499999999999996,105.52053859394785,-10.642894588095118,7ab26936-81b3-482d-a60f-538e2e325f1e,1,33,ZFM-03330
whisking,no_stim,1.6499999999999997,109.03876614522464,-7.124667036818323,7ab26936-81b3-482d-a60f-538e2e325f1e,1,33,ZFM-03330
whisking,no_stim,1.7499999999999996,103.78049331568918,-12.38293986635378,7ab26936-81b3-482d-a60f-538e2e325f1e,1,33,ZFM-03330
whisking,no_stim,1.8499999999999994,97.17247070800771,-18.990962474035257,7ab26936-81b3-482d-a60f-538e2e325f1e,1,33,ZFM-03330
whisking,no_stim,1.9499999999999995,99.49358086475848,-16.66985231728448,7ab26936-81b3-482d-a60f-538e2e325f1e,1,33,ZFM-03330
whisking,no_stim,2.0499999999999994,100.88738558002484,-15.276047602018124,7ab26936-81b3-482d-a60f-538e2e325f1e,1,33,ZFM-03330
whisking,no_stim,2.1499999999999995,86.13905921817577,-30.02437396386719,7ab26936-81b3-482d-a60f-538e2e325f1e,1,33,ZFM-03330
whisking,no_stim,2.249999999999999,84.26301275946919,-31.900420422573774,7ab26936-81b3-482d-a60f-538e2e325f1e,1,33,ZFM-03330
whisking,no_stim,2.349999999999999,95.20337808682397,-20.96005509521899,7ab26936-81b3-482d-a60f-538e2e325f1e,1,33,ZFM-03330
whisking,no_stim,2.4499999999999993,92.48120986558855,-23.68222331645441,7ab26936-81b3-482d-a60f-538e2e325f1e,1,33,ZFM-03330
whisking,no_stim,2.549999999999999,88.0147873732042,-28.148645808838765,7ab26936-81b3-482d-a60f-538e2e325f1e,1,33,ZFM-03330
whisking,no_stim,2.649999999999999,92.1267103549016,-24.03672282714136,7ab26936-81b3-482d-a60f-538e2e325f1e,1,33,ZFM-03330
whisking,no_stim,2.749999999999999,99.19813324866934,-16.96529993337363,7ab26936-81b3-482d-a60f-538e2e325f1e,1,33,ZFM-03330
whisking,no_stim,2.849999999999999,90.12072831805206,-26.042704863990906,7ab26936-81b3-482d-a60f-538e2e325f1e,1,33,ZFM-03330
whisking,no_stim,2.9499999999999993,81.82079807326369,-34.34263510877928,7ab26936-81b3-482d-a60f-538e2e325f1e,1,33,ZFM-03330
whisking,no_stim,3.049999999999999,91.56959518673418,-24.59383799530879,7ab26936-81b3-482d-a60f-538e2e325f1e,1,33,ZFM-03330
whisking,no_stim,3.149999999999999,101.80890508039006,-14.354528101652903,7ab26936-81b3-482d-a60f-538e2e325f1e,1,33,ZFM-03330
whisking,no_stim,3.249999999999999,107.21632551968086,-8.9471076623621,7ab26936-81b3-482d-a60f-538e2e325f1e,1,33,ZFM-03330
whisking,no_stim,3.3499999999999988,102.23701585542034,-13.926417326622627,7ab26936-81b3-482d-a60f-538e2e325f1e,1,33,ZFM-03330
whisking,no_stim,3.449999999999999,94.6656473178598,-21.49778586418317,7ab26936-81b3-482d-a60f-538e2e325f1e,1,33,ZFM-03330
whisking,no_stim,3.549999999999999,83.83077001996895,-32.33266316207401,7ab26936-81b3-482d-a60f-538e2e325f1e,1,33,ZFM-03330
whisking,no_stim,3.649999999999999,80.146822584742,-36.01661059730097,7ab26936-81b3-482d-a60f-538e2e325f1e,1,33,ZFM-03330
whisking,no_stim,3.749999999999999,84.06782963071703,-32.09560355132594,7ab26936-81b3-482d-a60f-538e2e325f1e,1,33,ZFM-03330
whisking,no_stim,3.8499999999999988,81.13534059306608,-35.02809258897689,7ab26936-81b3-482d-a60f-538e2e325f1e,1,33,ZFM-03330
whisking,no_stim,3.949999999999999,81.36393318166363,-34.79950000037934,7ab26936-81b3-482d-a60f-538e2e325f1e,1,33,ZFM-03330
whisking,stim,-0.45,223.80282034291875,29.436450477991315,40d3fa8b-3c47-4146-ad7a-c38dc7323e4e,1,88,ZFM-02601
whisking,stim,-0.35000000000000003,210.05915710347637,15.69278723854893,40d3fa8b-3c47-4146-ad7a-c38dc7323e4e,1,88,ZFM-02601
whisking,stim,-0.25000000000000006,192.50001433063844,-1.8663555342889993,40d3fa8b-3c47-4146-ad7a-c38dc7323e4e,1,88,ZFM-02601
whisking,stim,-0.15000000000000008,173.6061256948561,-20.76024417007133,40d3fa8b-3c47-4146-ad7a-c38dc7323e4e,1,88,ZFM-02601
whisking,stim,-0.050000000000000086,171.86373185274743,-22.50263801218,40d3fa8b-3c47-4146-ad7a-c38dc7323e4e,1,88,ZFM-02601
whisking,stim,0.04999999999999989,212.88885979303433,18.522489928106893,40d3fa8b-3c47-4146-ad7a-c38dc7323e4e,1,88,ZFM-02601
whisking,stim,0.14999999999999986,285.3809892611575,91.01461939623005,40d3fa8b-3c47-4146-ad7a-c38dc7323e4e,1,88,ZFM-02601
whisking,stim,0.24999999999999983,364.9378684787152,170.57149861378775,40d3fa8b-3c47-4146-ad7a-c38dc7323e4e,1,88,ZFM-02601
whisking,stim,0.3499999999999998,419.2179438751286,224.85157401020115,40d3fa8b-3c47-4146-ad7a-c38dc7323e4e,1,88,ZFM-02601
whisking,stim,0.4499999999999998,444.9519418694983,250.58557200457085,40d3fa8b-3c47-4146-ad7a-c38dc7323e4e,1,88,ZFM-02601
whisking,stim,0.5499999999999998,447.44858195990093,253.0822120949735,40d3fa8b-3c47-4146-ad7a-c38dc7323e4e,1,88,ZFM-02601
whisking,stim,0.6499999999999998,431.7210595284409,237.35468966351345,40d3fa8b-3c47-4146-ad7a-c38dc7323e4e,1,88,ZFM-02601
whisking,stim,0.7499999999999998,415.2679737237562,220.90160385882876,40d3fa8b-3c47-4146-ad7a-c38dc7323e4e,1,88,ZFM-02601
whisking,stim,0.8499999999999998,407.0266252941661,212.66025542923865,40d3fa8b-3c47-4146-ad7a-c38dc7323e4e,1,88,ZFM-02601
whisking,stim,0.9499999999999997,407.3847625673941,213.01839270246666,40d3fa8b-3c47-4146-ad7a-c38dc7323e4e,1,88,ZFM-02601
whisking,stim,1.0499999999999996,412.0271757717312,217.66080590680377,40d3fa8b-3c47-4146-ad7a-c38dc7323e4e,1,88,ZFM-02601
whisking,stim,1.1499999999999997,405.5566620332898,211.19029216836236,40d3fa8b-3c47-4146-ad7a-c38dc7323e4e,1,88,ZFM-02601
whisking,stim,1.2499999999999998,398.6426797100237,204.27630984509625,40d3fa8b-3c47-4146-ad7a-c38dc7323e4e,1,88,ZFM-02601
whisking,stim,1.3499999999999996,395.0278264730279,200.66145660810048,40d3fa8b-3c47-4146-ad7a-c38dc7323e4e,1,88,ZFM-02601
whisking,stim,1.4499999999999995,399.0822521204324,204.71588225550494,40d3fa8b-3c47-4146-ad7a-c38dc7323e4e,1,88,ZFM-02601
whisking,stim,1.5499999999999996,403.27223823810124,208.9058683731738,40d3fa8b-3c47-4146-ad7a-c38dc7323e4e,1,88,ZFM-02601
whisking,stim,1.6499999999999997,403.8430339001107,209.47666403518326,40d3fa8b-3c47-4146-ad7a-c38dc7323e4e,1,88,ZFM-02601
whisking,stim,1.7499999999999996,395.26681471195445,200.90044484702702,40d3fa8b-3c47-4146-ad7a-c38dc7323e4e,1,88,ZFM-02601
whisking,stim,1.8499999999999994,385.5581070019167,191.19173713698927,40d3fa8b-3c47-4146-ad7a-c38dc7323e4e,1,88,ZFM-02601
whisking,stim,1.9499999999999995,385.87634440879015,191.5099745438627,40d3fa8b-3c47-4146-ad7a-c38dc7323e4e,1,88,ZFM-02601
whisking,stim,2.0499999999999994,385.30338873208626,190.93701886715883,40d3fa8b-3c47-4146-ad7a-c38dc7323e4e,1,88,ZFM-02601
whisking,stim,2.1499999999999995,384.9232428276693,190.55687296274186,40d3fa8b-3c47-4146-ad7a-c38dc7323e4e,1,88,ZFM-02601
whisking,stim,2.249999999999999,380.9651134317886,186.59874356686117,40d3fa8b-3c47-4146-ad7a-c38dc7323e4e,1,88,ZFM-02601
whisking,stim,2.349999999999999,366.09072340441605,171.72435353948862,40d3fa8b-3c47-4146-ad7a-c38dc7323e4e,1,88,ZFM-02601
whisking,stim,2.4499999999999993,345.150699983984,150.78433011905656,40d3fa8b-3c47-4146-ad7a-c38dc7323e4e,1,88,ZFM-02601
whisking,stim,2.549999999999999,319.57003376815686,125.20366390322943,40d3fa8b-3c47-4146-ad7a-c38dc7323e4e,1,88,ZFM-02601
whisking,stim,2.649999999999999,303.9553913583548,109.58902149342737,40d3fa8b-3c47-4146-ad7a-c38dc7323e4e,1,88,ZFM-02601
whisking,stim,2.749999999999999,297.8196727370837,103.45330287215626,40d3fa8b-3c47-4146-ad7a-c38dc7323e4e,1,88,ZFM-02601
whisking,stim,2.849999999999999,288.5185321394214,94.15216227449395,40d3fa8b-3c47-4146-ad7a-c38dc7323e4e,1,88,ZFM-02601
whisking,stim,2.9499999999999993,279.14897511121814,84.7826052462907,40d3fa8b-3c47-4146-ad7a-c38dc7323e4e,1,88,ZFM-02601
whisking,stim,3.049999999999999,270.2690198312129,75.90264996628548,40d3fa8b-3c47-4146-ad7a-c38dc7323e4e,1,88,ZFM-02601
whisking,stim,3.149999999999999,267.13895606386393,72.7725861989365,40d3fa8b-3c47-4146-ad7a-c38dc7323e4e,1,88,ZFM-02601
whisking,stim,3.249999999999999,269.1252524250685,74.75888256014105,40d3fa8b-3c47-4146-ad7a-c38dc7323e4e,1,88,ZFM-02601
whisking,stim,3.3499999999999988,261.86790750869403,67.5015376437666,40d3fa8b-3c47-4146-ad7a-c38dc7323e4e,1,88,ZFM-02601
whisking,stim,3.449999999999999,262.9561364849612,68.58976662003374,40d3fa8b-3c47-4146-ad7a-c38dc7323e4e,1,88,ZFM-02601
whisking,stim,3.549999999999999,278.0461791822124,83.67980931728499,40d3fa8b-3c47-4146-ad7a-c38dc7323e4e,1,88,ZFM-02601
whisking,stim,3.649999999999999,301.24009557548413,106.8737257105567,40d3fa8b-3c47-4146-ad7a-c38dc7323e4e,1,88,ZFM-02601
whisking,stim,3.749999999999999,311.4541832517188,117.08781338679137,40d3fa8b-3c47-4146-ad7a-c38dc7323e4e,1,88,ZFM-02601
whisking,stim,3.8499999999999988,319.13694540654984,124.7705755416224,40d3fa8b-3c47-4146-ad7a-c38dc7323e4e,1,88,ZFM-02601
whisking,stim,3.949999999999999,331.9198928950691,137.55352303014166,40d3fa8b-3c47-4146-ad7a-c38dc7323e4e,1,88,ZFM-02601
whisking,no_stim,-0.45,224.72465152687508,15.502092153257479,40d3fa8b-3c47-4146-ad7a-c38dc7323e4e,1,120,ZFM-02601
whisking,no_stim,-0.35000000000000003,217.72502187083415,8.502462497216555,40d3fa8b-3c47-4146-ad7a-c38dc7323e4e,1,120,ZFM-02601
whisking,no_stim,-0.25000000000000006,211.69310466050624,2.470545286888637,40d3fa8b-3c47-4146-ad7a-c38dc7323e4e,1,120,ZFM-02601
whisking,no_stim,-0.15000000000000008,198.23480433265996,-10.987755040957637,40d3fa8b-3c47-4146-ad7a-c38dc7323e4e,1,120,ZFM-02601
whisking,no_stim,-0.050000000000000086,193.7352144772127,-15.487344896404892,40d3fa8b-3c47-4146-ad7a-c38dc7323e4e,1,120,ZFM-02601
whisking,no_stim,0.04999999999999989,217.0179256946282,7.79536632101059,40d3fa8b-3c47-4146-ad7a-c38dc7323e4e,1,120,ZFM-02601
whisking,no_stim,0.14999999999999986,267.70109363732286,58.47853426370526,40d3fa8b-3c47-4146-ad7a-c38dc7323e4e,1,120,ZFM-02601
whisking,no_stim,0.24999999999999983,341.93130973368403,132.70875036006643,40d3fa8b-3c47-4146-ad7a-c38dc7323e4e,1,120,ZFM-02601
whisking,no_stim,0.3499999999999998,400.02737268941644,190.80481331579884,40d3fa8b-3c47-4146-ad7a-c38dc7323e4e,1,120,ZFM-02601
whisking,no_stim,0.4499999999999998,432.2500959552012,223.02753658158358,40d3fa8b-3c47-4146-ad7a-c38dc7323e4e,1,120,ZFM-02601
whisking,no_stim,0.5499999999999998,439.9902259747519,230.76766660113432,40d3fa8b-3c47-4146-ad7a-c38dc7323e4e,1,120,ZFM-02601
whisking,no_stim,0.6499999999999998,439.60695595530336,230.38439658168576,40d3fa8b-3c47-4146-ad7a-c38dc7323e4e,1,120,ZFM-02601
whisking,no_stim,0.7499999999999998,434.6998025547545,225.4772431811369,40d3fa8b-3c47-4146-ad7a-c38dc7323e4e,1,120,ZFM-02601
whisking,no_stim,0.8499999999999998,417.6353678856182,208.41280851200062,40d3fa8b-3c47-4146-ad7a-c38dc7323e4e,1,120,ZFM-02601
whisking,no_stim,0.9499999999999997,405.7844867435346,196.56192736991702,40d3fa8b-3c47-4146-ad7a-c38dc7323e4e,1,120,ZFM-02601
whisking,no_stim,1.0499999999999996,401.38165853687565,192.15909916325805,40d3fa8b-3c47-4146-ad7a-c38dc7323e4e,1,120,ZFM-02601
whisking,no_stim,1.1499999999999997,385.3595540970253,176.1369947234077,40d3fa8b-3c47-4146-ad7a-c38dc7323e4e,1,120,ZFM-02601
whisking,no_stim,1.2499999999999998,369.28236075631196,160.05980138269436,40d3fa8b-3c47-4146-ad7a-c38dc7323e4e,1,120,ZFM-02601
whisking,no_stim,1.3499999999999996,356.43453834755076,147.21197897393316,40d3fa8b-3c47-4146-ad7a-c38dc7323e4e,1,120,ZFM-02601
whisking,no_stim,1.4499999999999995,351.35814582303004,142.13558644941244,40d3fa8b-3c47-4146-ad7a-c38dc7323e4e,1,120,ZFM-02601
whisking,no_stim,1.5499999999999996,343.73547371579923,134.51291434218163,40d3fa8b-3c47-4146-ad7a-c38dc7323e4e,1,120,ZFM-02601
whisking,no_stim,1.6499999999999997,326.9765129860558,117.75395361243821,40d3fa8b-3c47-4146-ad7a-c38dc7323e4e,1,120,ZFM-02601
whisking,no_stim,1.7499999999999996,311.80213597016035,102.57957659654275,40d3fa8b-3c47-4146-ad7a-c38dc7323e4e,1,120,ZFM-02601
whisking,no_stim,1.8499999999999994,305.4860555142044,96.2634961405868,40d3fa8b-3c47-4146-ad7a-c38dc7323e4e,1,120,ZFM-02601
whisking,no_stim,1.9499999999999995,308.8631064617231,99.64054708810548,40d3fa8b-3c47-4146-ad7a-c38dc7323e4e,1,120,ZFM-02601
whisking,no_stim,2.0499999999999994,308.1431176792994,98.9205583056818,40d3fa8b-3c47-4146-ad7a-c38dc7323e4e,1,120,ZFM-02601
whisking,no_stim,2.1499999999999995,297.63427754737694,88.41171817375934,40d3fa8b-3c47-4146-ad7a-c38dc7323e4e,1,120,ZFM-02601
whisking,no_stim,2.249999999999999,292.0690895834601,82.84653020984248,40d3fa8b-3c47-4146-ad7a-c38dc7323e4e,1,120,ZFM-02601
whisking,no_stim,2.349999999999999,288.69858403842386,79.47602466480626,40d3fa8b-3c47-4146-ad7a-c38dc7323e4e,1,120,ZFM-02601
whisking,no_stim,2.4499999999999993,290.0191387528619,80.79657937924432,40d3fa8b-3c47-4146-ad7a-c38dc7323e4e,1,120,ZFM-02601
whisking,no_stim,2.549999999999999,284.37676281504963,75.15420344143203,40d3fa8b-3c47-4146-ad7a-c38dc7323e4e,1,120,ZFM-02601
whisking,no_stim,2.649999999999999,278.62685259467185,69.40429322105425,40d3fa8b-3c47-4146-ad7a-c38dc7323e4e,1,120,ZFM-02601
whisking,no_stim,2.749999999999999,271.9576131729742,62.73505379935662,40d3fa8b-3c47-4146-ad7a-c38dc7323e4e,1,120,ZFM-02601
whisking,no_stim,2.849999999999999,262.17593788508776,52.95337851147016,40d3fa8b-3c47-4146-ad7a-c38dc7323e4e,1,120,ZFM-02601
whisking,no_stim,2.9499999999999993,252.2436483807318,43.0210890071142,40d3fa8b-3c47-4146-ad7a-c38dc7323e4e,1,120,ZFM-02601
whisking,no_stim,3.049999999999999,250.69280938174276,41.47025000812516,40d3fa8b-3c47-4146-ad7a-c38dc7323e4e,1,120,ZFM-02601
whisking,no_stim,3.149999999999999,254.04143327923666,44.81887390561906,40d3fa8b-3c47-4146-ad7a-c38dc7323e4e,1,120,ZFM-02601
whisking,no_stim,3.249999999999999,260.00806160126393,50.78550222764633,40d3fa8b-3c47-4146-ad7a-c38dc7323e4e,1,120,ZFM-02601
whisking,no_stim,3.3499999999999988,259.05315166989925,49.83059229628165,40d3fa8b-3c47-4146-ad7a-c38dc7323e4e,1,120,ZFM-02601
whisking,no_stim,3.449999999999999,253.62775428813117,44.40519491451357,40d3fa8b-3c47-4146-ad7a-c38dc7323e4e,1,120,ZFM-02601
whisking,no_stim,3.549999999999999,242.9137396545206,33.69118028090301,40d3fa8b-3c47-4146-ad7a-c38dc7323e4e,1,120,ZFM-02601
whisking,no_stim,3.649999999999999,233.12366143423594,23.901102060618342,40d3fa8b-3c47-4146-ad7a-c38dc7323e4e,1,120,ZFM-02601
whisking,no_stim,3.749999999999999,231.3481655072837,22.12560613366611,40d3fa8b-3c47-4146-ad7a-c38dc7323e4e,1,120,ZFM-02601
whisking,no_stim,3.8499999999999988,239.75811898769447,30.535559614076874,40d3fa8b-3c47-4146-ad7a-c38dc7323e4e,1,120,ZFM-02601
whisking,no_stim,3.949999999999999,252.25462897113087,43.03206959751327,40d3fa8b-3c47-4146-ad7a-c38dc7323e4e,1,120,ZFM-02601
whisking,stim,-0.45,412.1077371514723,57.01151990801975,53771a15-33be-4a62-a779-a8c609b742e2,1,74,ZFM-02601
whisking,stim,-0.35000000000000003,382.4960259053807,27.399808661928148,53771a15-33be-4a62-a779-a8c609b742e2,1,74,ZFM-02601
whisking,stim,-0.25000000000000006,346.12374467164426,-8.972472571808282,53771a15-33be-4a62-a779-a8c609b742e2,1,74,ZFM-02601
whisking,stim,-0.15000000000000008,316.60769451058104,-38.4885227328715,53771a15-33be-4a62-a779-a8c609b742e2,1,74,ZFM-02601
whisking,stim,-0.050000000000000086,318.14588397818426,-36.950333265268284,53771a15-33be-4a62-a779-a8c609b742e2,1,74,ZFM-02601
whisking,stim,0.04999999999999989,365.808356829624,10.712139586171475,53771a15-33be-4a62-a779-a8c609b742e2,1,74,ZFM-02601
whisking,stim,0.14999999999999986,450.1818374515487,95.08562020809615,53771a15-33be-4a62-a779-a8c609b742e2,1,74,ZFM-02601
whisking,stim,0.24999999999999983,514.7704591638662,159.6742419204137,53771a15-33be-4a62-a779-a8c609b742e2,1,74,ZFM-02601
whisking,stim,0.3499999999999998,547.381341539717,192.28512429626448,53771a15-33be-4a62-a779-a8c609b742e2,1,74,ZFM-02601
whisking,stim,0.4499999999999998,562.8411836775975,207.744966434145,53771a15-33be-4a62-a779-a8c609b742e2,1,74,ZFM-02601
whisking,stim,0.5499999999999998,582.5769608629932,227.4807436195407,53771a15-33be-4a62-a779-a8c609b742e2,1,74,ZFM-02601
whisking,stim,0.6499999999999998,595.47898530418,240.38276806072747,53771a15-33be-4a62-a779-a8c609b742e2,1,74,ZFM-02601
whisking,stim,0.7499999999999998,591.5680766666038,236.47185942315127,53771a15-33be-4a62-a779-a8c609b742e2,1,74,ZFM-02601
whisking,stim,0.8499999999999998,579.2786203650091,224.1824031215566,53771a15-33be-4a62-a779-a8c609b742e2,1,74,ZFM-02601
whisking,stim,0.9499999999999997,561.3099340419328,206.21371679848028,53771a15-33be-4a62-a779-a8c609b742e2,1,74,ZFM-02601
whisking,stim,1.0499999999999996,544.4323179947373,189.3361007512848,53771a15-33be-4a62-a779-a8c609b742e2,1,74,ZFM-02601
whisking,stim,1.1499999999999997,529.5726258589676,174.47640861551508,53771a15-33be-4a62-a779-a8c609b742e2,1,74,ZFM-02601
whisking,stim,1.2499999999999998,528.9123594355001,173.81614219204755,53771a15-33be-4a62-a779-a8c609b742e2,1,74,ZFM-02601
whisking,stim,1.3499999999999996,519.5482889826377,164.45207173918516,53771a15-33be-4a62-a779-a8c609b742e2,1,74,ZFM-02601
whisking,stim,1.4499999999999995,514.0109175612281,158.91470031777556,53771a15-33be-4a62-a779-a8c609b742e2,1,74,ZFM-02601
whisking,stim,1.5499999999999996,509.0612519914371,153.96503474798453,53771a15-33be-4a62-a779-a8c609b742e2,1,74,ZFM-02601
whisking,stim,1.6499999999999997,505.25102139367584,150.1548041502233,53771a15-33be-4a62-a779-a8c609b742e2,1,74,ZFM-02601
whisking,stim,1.7499999999999996,495.4516767722411,140.35545952878857,53771a15-33be-4a62-a779-a8c609b742e2,1,74,ZFM-02601
whisking,stim,1.8499999999999994,477.8233622829554,122.72714503950283,53771a15-33be-4a62-a779-a8c609b742e2,1,74,ZFM-02601
whisking,stim,1.9499999999999995,477.15242738040735,122.0562101369548,53771a15-33be-4a62-a779-a8c609b742e2,1,74,ZFM-02601
whisking,stim,2.0499999999999994,478.5117996066656,123.41558236321305,53771a15-33be-4a62-a779-a8c609b742e2,1,74,ZFM-02601
whisking,stim,2.1499999999999995,480.23393239609555,125.13771515264301,53771a15-33be-4a62-a779-a8c609b742e2,1,74,ZFM-02601
whisking,stim,2.249999999999999,482.6315635779696,127.53534633451704,53771a15-33be-4a62-a779-a8c609b742e2,1,74,ZFM-02601
whisking,stim,2.349999999999999,479.186111088305,124.08989384485244,53771a15-33be-4a62-a779-a8c609b742e2,1,74,ZFM-02601
whisking,stim,2.4499999999999993,466.90103110590695,111.80481386245441,53771a15-33be-4a62-a779-a8c609b742e2,1,74,ZFM-02601
whisking,stim,2.549999999999999,444.47238274539916,89.37616550194662,53771a15-33be-4a62-a779-a8c609b742e2,1,74,ZFM-02601
whisking,stim,2.649999999999999,436.3260837992226,81.22986655577006,53771a15-33be-4a62-a779-a8c609b742e2,1,74,ZFM-02601
whisking,stim,2.749999999999999,440.99841626762475,85.9021990241722,53771a15-33be-4a62-a779-a8c609b742e2,1,74,ZFM-02601
whisking,stim,2.849999999999999,432.5218094094738,77.42559216602126,53771a15-33be-4a62-a779-a8c609b742e2,1,74,ZFM-02601
whisking,stim,2.9499999999999993,408.1367581773403,53.04054093388777,53771a15-33be-4a62-a779-a8c609b742e2,1,74,ZFM-02601
whisking,stim,3.049999999999999,388.28558008522236,33.18936284176982,53771a15-33be-4a62-a779-a8c609b742e2,1,74,ZFM-02601
whisking,stim,3.149999999999999,395.54062684072034,40.44440959726779,53771a15-33be-4a62-a779-a8c609b742e2,1,74,ZFM-02601
whisking,stim,3.249999999999999,398.44736961768615,43.35115237423361,53771a15-33be-4a62-a779-a8c609b742e2,1,74,ZFM-02601
whisking,stim,3.3499999999999988,381.96859155037754,26.872374306924996,53771a15-33be-4a62-a779-a8c609b742e2,1,74,ZFM-02601
whisking,stim,3.449999999999999,364.37004085557965,9.273823612127103,53771a15-33be-4a62-a779-a8c609b742e2,1,74,ZFM-02601
whisking,stim,3.549999999999999,350.217869938539,-4.878347304913518,53771a15-33be-4a62-a779-a8c609b742e2,1,74,ZFM-02601
whisking,stim,3.649999999999999,334.27366562661183,-20.822551616840713,53771a15-33be-4a62-a779-a8c609b742e2,1,74,ZFM-02601
whisking,stim,3.749999999999999,306.89014305210014,-48.2060741913524,53771a15-33be-4a62-a779-a8c609b742e2,1,74,ZFM-02601
whisking,stim,3.8499999999999988,294.5718806877785,-60.52433655567404,53771a15-33be-4a62-a779-a8c609b742e2,1,74,ZFM-02601
whisking,stim,3.949999999999999,298.9388436432071,-56.15737360024542,53771a15-33be-4a62-a779-a8c609b742e2,1,74,ZFM-02601
whisking,no_stim,-0.45,501.7710171452121,74.21740326384912,53771a15-33be-4a62-a779-a8c609b742e2,1,63,ZFM-02601
whisking,no_stim,-0.35000000000000003,454.1167980664271,26.56318418506413,53771a15-33be-4a62-a779-a8c609b742e2,1,63,ZFM-02601
whisking,no_stim,-0.25000000000000006,415.51342615454007,-12.040187726822921,53771a15-33be-4a62-a779-a8c609b742e2,1,63,ZFM-02601
whisking,no_stim,-0.15000000000000008,384.5490906017976,-43.004523279565376,53771a15-33be-4a62-a779-a8c609b742e2,1,63,ZFM-02601
whisking,no_stim,-0.050000000000000086,381.8177374388379,-45.73587644252507,53771a15-33be-4a62-a779-a8c609b742e2,1,63,ZFM-02601
whisking,no_stim,0.04999999999999989,417.9020948802568,-9.65151900110618,53771a15-33be-4a62-a779-a8c609b742e2,1,63,ZFM-02601
whisking,no_stim,0.14999999999999986,466.5028680889529,38.94925420758989,53771a15-33be-4a62-a779-a8c609b742e2,1,63,ZFM-02601
whisking,no_stim,0.24999999999999983,499.07277924456105,71.51916536319806,53771a15-33be-4a62-a779-a8c609b742e2,1,63,ZFM-02601
whisking,no_stim,0.3499999999999998,524.6333627447319,97.07974886336893,53771a15-33be-4a62-a779-a8c609b742e2,1,63,ZFM-02601
whisking,no_stim,0.4499999999999998,551.5766682434526,124.02305436208957,53771a15-33be-4a62-a779-a8c609b742e2,1,63,ZFM-02601
whisking,no_stim,0.5499999999999998,577.803073192986,150.24945931162296,53771a15-33be-4a62-a779-a8c609b742e2,1,63,ZFM-02601
whisking,no_stim,0.6499999999999998,590.1167760922724,162.5631622109094,53771a15-33be-4a62-a779-a8c609b742e2,1,63,ZFM-02601
whisking,no_stim,0.7499999999999998,581.2650460006712,153.7114321193082,53771a15-33be-4a62-a779-a8c609b742e2,1,63,ZFM-02601
whisking,no_stim,0.8499999999999998,566.2207512136034,138.66713733224043,53771a15-33be-4a62-a779-a8c609b742e2,1,63,ZFM-02601
whisking,no_stim,0.9499999999999997,542.5050717281996,114.9514578468366,53771a15-33be-4a62-a779-a8c609b742e2,1,63,ZFM-02601
whisking,no_stim,1.0499999999999996,518.1501874466649,90.59657356530187,53771a15-33be-4a62-a779-a8c609b742e2,1,63,ZFM-02601
whisking,no_stim,1.1499999999999997,497.3237618691191,69.7701479877561,53771a15-33be-4a62-a779-a8c609b742e2,1,63,ZFM-02601
whisking,no_stim,1.2499999999999998,484.04224423541905,56.488630354056056,53771a15-33be-4a62-a779-a8c609b742e2,1,63,ZFM-02601
whisking,no_stim,1.3499999999999996,477.7151672033299,50.16155332196689,53771a15-33be-4a62-a779-a8c609b742e2,1,63,ZFM-02601
whisking,no_stim,1.4499999999999995,468.106945554287,40.553331672924,53771a15-33be-4a62-a779-a8c609b742e2,1,63,ZFM-02601
whisking,no_stim,1.5499999999999996,460.0542361954909,32.500622314127895,53771a15-33be-4a62-a779-a8c609b742e2,1,63,ZFM-02601
whisking,no_stim,1.6499999999999997,455.4433403756944,27.8897264943314,53771a15-33be-4a62-a779-a8c609b742e2,1,63,ZFM-02601
whisking,no_stim,1.7499999999999996,447.7401059489697,20.186492067606707,53771a15-33be-4a62-a779-a8c609b742e2,1,63,ZFM-02601
whisking,no_stim,1.8499999999999994,447.3443601448525,19.790746263489496,53771a15-33be-4a62-a779-a8c609b742e2,1,63,ZFM-02601
whisking,no_stim,1.9499999999999995,438.08848253551736,10.534868654154366,53771a15-33be-4a62-a779-a8c609b742e2,1,63,ZFM-02601
whisking,no_stim,2.0499999999999994,418.71931416711345,-8.83429971424954,53771a15-33be-4a62-a779-a8c609b742e2,1,63,ZFM-02601
whisking,no_stim,2.1499999999999995,399.62493473397785,-27.92867914738514,53771a15-33be-4a62-a779-a8c609b742e2,1,63,ZFM-02601
whisking,no_stim,2.249999999999999,367.5793400775411,-59.974273803821916,53771a15-33be-4a62-a779-a8c609b742e2,1,63,ZFM-02601
whisking,no_stim,2.349999999999999,329.5817732494806,-97.9718406318824,53771a15-33be-4a62-a779-a8c609b742e2,1,63,ZFM-02601
whisking,no_stim,2.4499999999999993,301.84630757786664,-125.70730630349635,53771a15-33be-4a62-a779-a8c609b742e2,1,63,ZFM-02601
whisking,no_stim,2.549999999999999,299.27876052867344,-128.27485335268955,53771a15-33be-4a62-a779-a8c609b742e2,1,63,ZFM-02601
whisking,no_stim,2.649999999999999,317.87857191252016,-109.67504196884283,53771a15-33be-4a62-a779-a8c609b742e2,1,63,ZFM-02601
whisking,no_stim,2.749999999999999,345.1426771791868,-82.41093670217617,53771a15-33be-4a62-a779-a8c609b742e2,1,63,ZFM-02601
whisking,no_stim,2.849999999999999,366.46399668686803,-61.08961719449496,53771a15-33be-4a62-a779-a8c609b742e2,1,63,ZFM-02601
whisking,no_stim,2.9499999999999993,382.73234833394076,-44.82126554742223,53771a15-33be-4a62-a779-a8c609b742e2,1,63,ZFM-02601
whisking,no_stim,3.049999999999999,377.163238786233,-50.39037509512997,53771a15-33be-4a62-a779-a8c609b742e2,1,63,ZFM-02601
whisking,no_stim,3.149999999999999,366.216978024268,-61.33663585709502,53771a15-33be-4a62-a779-a8c609b742e2,1,63,ZFM-02601
whisking,no_stim,3.249999999999999,351.07577374048407,-76.47784014087893,53771a15-33be-4a62-a779-a8c609b742e2,1,63,ZFM-02601
whisking,no_stim,3.3499999999999988,332.47191588196574,-95.08169799939725,53771a15-33be-4a62-a779-a8c609b742e2,1,63,ZFM-02601
whisking,no_stim,3.449999999999999,318.0066902811667,-109.5469236001963,53771a15-33be-4a62-a779-a8c609b742e2,1,63,ZFM-02601
whisking,no_stim,3.549999999999999,309.1123265005901,-118.4412873807729,53771a15-33be-4a62-a779-a8c609b742e2,1,63,ZFM-02601
whisking,no_stim,3.649999999999999,299.1649431389244,-128.3886707424386,53771a15-33be-4a62-a779-a8c609b742e2,1,63,ZFM-02601
whisking,no_stim,3.749999999999999,289.8732856508288,-137.6803282305342,53771a15-33be-4a62-a779-a8c609b742e2,1,63,ZFM-02601
whisking,no_stim,3.8499999999999988,284.49546265753975,-143.05815122382324,53771a15-33be-4a62-a779-a8c609b742e2,1,63,ZFM-02601
whisking,no_stim,3.949999999999999,304.65071915697405,-122.90289472438894,53771a15-33be-4a62-a779-a8c609b742e2,1,63,ZFM-02601
whisking,stim,-0.45,129.62354995181838,4.244950556775748,865496ae-3206-4974-af44-2cff2f7023f2,1,356,ZFM-02600
whisking,stim,-0.35000000000000003,116.53953880676352,-8.83906058827911,865496ae-3206-4974-af44-2cff2f7023f2,1,356,ZFM-02600
whisking,stim,-0.25000000000000006,117.65043487570975,-7.7281645193328785,865496ae-3206-4974-af44-2cff2f7023f2,1,356,ZFM-02600
whisking,stim,-0.15000000000000008,126.85190943247895,1.4733100374363204,865496ae-3206-4974-af44-2cff2f7023f2,1,356,ZFM-02600
whisking,stim,-0.050000000000000086,136.2275639084426,10.848964513399963,865496ae-3206-4974-af44-2cff2f7023f2,1,356,ZFM-02600
whisking,stim,0.04999999999999989,234.02522245428509,108.64662305924246,865496ae-3206-4974-af44-2cff2f7023f2,1,356,ZFM-02600
whisking,stim,0.14999999999999986,446.54715807508626,321.16855868004365,865496ae-3206-4974-af44-2cff2f7023f2,1,356,ZFM-02600
whisking,stim,0.24999999999999983,676.8729096773753,551.4943102823327,865496ae-3206-4974-af44-2cff2f7023f2,1,356,ZFM-02600
whisking,stim,0.3499999999999998,813.3421003821776,687.9635009871349,865496ae-3206-4974-af44-2cff2f7023f2,1,356,ZFM-02600
whisking,stim,0.4499999999999998,834.1997636169333,708.8211642218906,865496ae-3206-4974-af44-2cff2f7023f2,1,356,ZFM-02600
whisking,stim,0.5499999999999998,833.8917705951146,708.513171200072,865496ae-3206-4974-af44-2cff2f7023f2,1,356,ZFM-02600
whisking,stim,0.6499999999999998,822.0103758867349,696.6317764916922,865496ae-3206-4974-af44-2cff2f7023f2,1,356,ZFM-02600
whisking,stim,0.7499999999999998,802.8268414304804,677.4482420354377,865496ae-3206-4974-af44-2cff2f7023f2,1,356,ZFM-02600
whisking,stim,0.8499999999999998,792.9716666354459,667.5930672404032,865496ae-3206-4974-af44-2cff2f7023f2,1,356,ZFM-02600
whisking,stim,0.9499999999999997,796.6395640564017,671.260964661359,865496ae-3206-4974-af44-2cff2f7023f2,1,356,ZFM-02600
whisking,stim,1.0499999999999996,805.1356765790451,679.7570771840025,865496ae-3206-4974-af44-2cff2f7023f2,1,356,ZFM-02600
whisking,stim,1.1499999999999997,811.2746931671811,685.8960937721384,865496ae-3206-4974-af44-2cff2f7023f2,1,356,ZFM-02600
whisking,stim,1.2499999999999998,816.869734725535,691.4911353304923,865496ae-3206-4974-af44-2cff2f7023f2,1,356,ZFM-02600
whisking,stim,1.3499999999999996,815.6157491291555,690.2371497341128,865496ae-3206-4974-af44-2cff2f7023f2,1,356,ZFM-02600
whisking,stim,1.4499999999999995,821.0231274495976,695.6445280545549,865496ae-3206-4974-af44-2cff2f7023f2,1,356,ZFM-02600
whisking,stim,1.5499999999999996,824.9572111089686,699.578611713926,865496ae-3206-4974-af44-2cff2f7023f2,1,356,ZFM-02600
whisking,stim,1.6499999999999997,823.8035184402532,698.4249190452106,865496ae-3206-4974-af44-2cff2f7023f2,1,356,ZFM-02600
whisking,stim,1.7499999999999996,814.5776972132044,689.1990978181617,865496ae-3206-4974-af44-2cff2f7023f2,1,356,ZFM-02600
whisking,stim,1.8499999999999994,802.1829602516747,676.804360856632,865496ae-3206-4974-af44-2cff2f7023f2,1,356,ZFM-02600
whisking,stim,1.9499999999999995,786.5450803452621,661.1664809502195,865496ae-3206-4974-af44-2cff2f7023f2,1,356,ZFM-02600
whisking,stim,2.0499999999999994,758.441256078468,633.0626566834253,865496ae-3206-4974-af44-2cff2f7023f2,1,356,ZFM-02600
whisking,stim,2.1499999999999995,721.8195359936707,596.440936598628,865496ae-3206-4974-af44-2cff2f7023f2,1,356,ZFM-02600
whisking,stim,2.249999999999999,677.4956658542889,552.1170664592462,865496ae-3206-4974-af44-2cff2f7023f2,1,356,ZFM-02600
whisking,stim,2.349999999999999,625.0819085095509,499.7033091145083,865496ae-3206-4974-af44-2cff2f7023f2,1,356,ZFM-02600
whisking,stim,2.4499999999999993,563.8084188510529,438.4298194560103,865496ae-3206-4974-af44-2cff2f7023f2,1,356,ZFM-02600
whisking,stim,2.549999999999999,504.36775992909133,378.9891605340487,865496ae-3206-4974-af44-2cff2f7023f2,1,356,ZFM-02600
whisking,stim,2.649999999999999,456.3894840373865,331.0108846423439,865496ae-3206-4974-af44-2cff2f7023f2,1,356,ZFM-02600
whisking,stim,2.749999999999999,410.8045374105669,285.4259380155243,865496ae-3206-4974-af44-2cff2f7023f2,1,356,ZFM-02600
whisking,stim,2.849999999999999,370.0948060017097,244.71620660666707,865496ae-3206-4974-af44-2cff2f7023f2,1,356,ZFM-02600
whisking,stim,2.9499999999999993,339.9561479048855,214.57754850984287,865496ae-3206-4974-af44-2cff2f7023f2,1,356,ZFM-02600
whisking,stim,3.049999999999999,313.0219903581135,187.64339096307089,865496ae-3206-4974-af44-2cff2f7023f2,1,356,ZFM-02600
whisking,stim,3.149999999999999,290.18035061764425,164.80175122260164,865496ae-3206-4974-af44-2cff2f7023f2,1,356,ZFM-02600
whisking,stim,3.249999999999999,277.7439549445824,152.3653555495398,865496ae-3206-4974-af44-2cff2f7023f2,1,356,ZFM-02600
whisking,stim,3.3499999999999988,276.14909637874524,150.77049698370263,865496ae-3206-4974-af44-2cff2f7023f2,1,356,ZFM-02600
whisking,stim,3.449999999999999,284.2668857472034,158.88828635216078,865496ae-3206-4974-af44-2cff2f7023f2,1,356,ZFM-02600
whisking,stim,3.549999999999999,301.6970187698701,176.3184193748275,865496ae-3206-4974-af44-2cff2f7023f2,1,356,ZFM-02600
whisking,stim,3.649999999999999,336.0225362076218,210.64393681257917,865496ae-3206-4974-af44-2cff2f7023f2,1,356,ZFM-02600
whisking,stim,3.749999999999999,384.8428524905222,259.4642530954796,865496ae-3206-4974-af44-2cff2f7023f2,1,356,ZFM-02600
whisking,stim,3.8499999999999988,433.22511563325946,307.84651623821685,865496ae-3206-4974-af44-2cff2f7023f2,1,356,ZFM-02600
whisking,stim,3.949999999999999,477.66051672432866,352.28191732928605,865496ae-3206-4974-af44-2cff2f7023f2,1,356,ZFM-02600
whisking,no_stim,-0.45,117.68021426926295,5.018957184466487,865496ae-3206-4974-af44-2cff2f7023f2,1,330,ZFM-02600
whisking,no_stim,-0.35000000000000003,105.77415278193227,-6.887104302864188,865496ae-3206-4974-af44-2cff2f7023f2,1,330,ZFM-02600
whisking,no_stim,-0.25000000000000006,102.45478365659682,-10.206473428199644,865496ae-3206-4974-af44-2cff2f7023f2,1,330,ZFM-02600
whisking,no_stim,-0.15000000000000008,110.69559522908757,-1.9656618557088876,865496ae-3206-4974-af44-2cff2f7023f2,1,330,ZFM-02600
whisking,no_stim,-0.050000000000000086,126.70153948710272,14.04028240230626,865496ae-3206-4974-af44-2cff2f7023f2,1,330,ZFM-02600
whisking,no_stim,0.04999999999999989,226.011105586809,113.34984850201255,865496ae-3206-4974-af44-2cff2f7023f2,1,330,ZFM-02600
whisking,no_stim,0.14999999999999986,430.84639344394856,318.1851363591521,865496ae-3206-4974-af44-2cff2f7023f2,1,330,ZFM-02600
whisking,no_stim,0.24999999999999983,640.604734188202,527.9434771034055,865496ae-3206-4974-af44-2cff2f7023f2,1,330,ZFM-02600
whisking,no_stim,0.3499999999999998,747.4352615127618,634.7740044279653,865496ae-3206-4974-af44-2cff2f7023f2,1,330,ZFM-02600
whisking,no_stim,0.4499999999999998,736.372714465101,623.7114573803045,865496ae-3206-4974-af44-2cff2f7023f2,1,330,ZFM-02600
whisking,no_stim,0.5499999999999998,723.5135936729805,610.852336588184,865496ae-3206-4974-af44-2cff2f7023f2,1,330,ZFM-02600
whisking,no_stim,0.6499999999999998,719.7632415812154,607.1019844964189,865496ae-3206-4974-af44-2cff2f7023f2,1,330,ZFM-02600
whisking,no_stim,0.7499999999999998,716.1903436709974,603.529086586201,865496ae-3206-4974-af44-2cff2f7023f2,1,330,ZFM-02600
whisking,no_stim,0.8499999999999998,710.2830153256518,597.6217582408553,865496ae-3206-4974-af44-2cff2f7023f2,1,330,ZFM-02600
whisking,no_stim,0.9499999999999997,701.7161529730862,589.0548958882897,865496ae-3206-4974-af44-2cff2f7023f2,1,330,ZFM-02600
whisking,no_stim,1.0499999999999996,702.8282514016892,590.1669943168927,865496ae-3206-4974-af44-2cff2f7023f2,1,330,ZFM-02600
whisking,no_stim,1.1499999999999997,712.7327828265829,600.0715257417864,865496ae-3206-4974-af44-2cff2f7023f2,1,330,ZFM-02600
whisking,no_stim,1.2499999999999998,726.5063877957022,613.8451307109057,865496ae-3206-4974-af44-2cff2f7023f2,1,330,ZFM-02600
whisking,no_stim,1.3499999999999996,729.1822196266749,616.5209625418784,865496ae-3206-4974-af44-2cff2f7023f2,1,330,ZFM-02600
whisking,no_stim,1.4499999999999995,724.0952491678948,611.4339920830984,865496ae-3206-4974-af44-2cff2f7023f2,1,330,ZFM-02600
whisking,no_stim,1.5499999999999996,720.050796327127,607.3895392423306,865496ae-3206-4974-af44-2cff2f7023f2,1,330,ZFM-02600
whisking,no_stim,1.6499999999999997,712.5772190428173,599.9159619580208,865496ae-3206-4974-af44-2cff2f7023f2,1,330,ZFM-02600
whisking,no_stim,1.7499999999999996,691.3549999717301,578.6937428869336,865496ae-3206-4974-af44-2cff2f7023f2,1,330,ZFM-02600
whisking,no_stim,1.8499999999999994,670.3520590734935,557.690801988697,865496ae-3206-4974-af44-2cff2f7023f2,1,330,ZFM-02600
whisking,no_stim,1.9499999999999995,647.4588686769076,534.7976115921111,865496ae-3206-4974-af44-2cff2f7023f2,1,330,ZFM-02600
whisking,no_stim,2.0499999999999994,620.2267395834656,507.5654824986691,865496ae-3206-4974-af44-2cff2f7023f2,1,330,ZFM-02600
whisking,no_stim,2.1499999999999995,581.8037837635477,469.1425266787512,865496ae-3206-4974-af44-2cff2f7023f2,1,330,ZFM-02600
whisking,no_stim,2.249999999999999,538.375998624397,425.7147415396005,865496ae-3206-4974-af44-2cff2f7023f2,1,330,ZFM-02600
whisking,no_stim,2.349999999999999,500.16541882906193,387.5041617442655,865496ae-3206-4974-af44-2cff2f7023f2,1,330,ZFM-02600
whisking,no_stim,2.4499999999999993,465.6811137801085,353.019856695312,865496ae-3206-4974-af44-2cff2f7023f2,1,330,ZFM-02600
whisking,no_stim,2.549999999999999,432.57030534864083,319.9090482638444,865496ae-3206-4974-af44-2cff2f7023f2,1,330,ZFM-02600
whisking,no_stim,2.649999999999999,394.40910224257044,281.747845157774,865496ae-3206-4974-af44-2cff2f7023f2,1,330,ZFM-02600
whisking,no_stim,2.749999999999999,356.0607593322964,243.39950224749995,865496ae-3206-4974-af44-2cff2f7023f2,1,330,ZFM-02600
whisking,no_stim,2.849999999999999,320.8834457171325,208.222188632336,865496ae-3206-4974-af44-2cff2f7023f2,1,330,ZFM-02600
whisking,no_stim,2.9499999999999993,291.9832855480777,179.3220284632812,865496ae-3206-4974-af44-2cff2f7023f2,1,330,ZFM-02600
whisking,no_stim,3.049999999999999,269.0671960338511,156.40593894905462,865496ae-3206-4974-af44-2cff2f7023f2,1,330,ZFM-02600
whisking,no_stim,3.149999999999999,258.28047274066824,145.61921565587178,865496ae-3206-4974-af44-2cff2f7023f2,1,330,ZFM-02600
whisking,no_stim,3.249999999999999,259.10548339165007,146.4442263068536,865496ae-3206-4974-af44-2cff2f7023f2,1,330,ZFM-02600
whisking,no_stim,3.3499999999999988,268.7918889038246,156.13063181902814,865496ae-3206-4974-af44-2cff2f7023f2,1,330,ZFM-02600
whisking,no_stim,3.449999999999999,292.8530060272935,180.19174894249701,865496ae-3206-4974-af44-2cff2f7023f2,1,330,ZFM-02600
whisking,no_stim,3.549999999999999,321.51163330601815,208.8503762212217,865496ae-3206-4974-af44-2cff2f7023f2,1,330,ZFM-02600
whisking,no_stim,3.649999999999999,356.2544927526161,243.59323566781964,865496ae-3206-4974-af44-2cff2f7023f2,1,330,ZFM-02600
whisking,no_stim,3.749999999999999,391.5466069529324,278.8853498681359,865496ae-3206-4974-af44-2cff2f7023f2,1,330,ZFM-02600
whisking,no_stim,3.8499999999999988,430.9301704053734,318.268913320577,865496ae-3206-4974-af44-2cff2f7023f2,1,330,ZFM-02600
whisking,no_stim,3.949999999999999,468.4977122223575,355.8364551375611,865496ae-3206-4974-af44-2cff2f7023f2,1,330,ZFM-02600
whisking,stim,-0.45,142.44105409622796,-1.2315234895969809,0d24afce-9d3c-449e-ac9f-577eefefbd7e,1,470,ZFM-02600
whisking,stim,-0.35000000000000003,129.16810694182823,-14.504470643996711,0d24afce-9d3c-449e-ac9f-577eefefbd7e,1,470,ZFM-02600
whisking,stim,-0.25000000000000006,133.11981846033996,-10.552759125484982,0d24afce-9d3c-449e-ac9f-577eefefbd7e,1,470,ZFM-02600
whisking,stim,-0.15000000000000008,143.96864597796855,0.29606839214361,0d24afce-9d3c-449e-ac9f-577eefefbd7e,1,470,ZFM-02600
whisking,stim,-0.050000000000000086,169.66526245276,25.992684866935065,0d24afce-9d3c-449e-ac9f-577eefefbd7e,1,470,ZFM-02600
whisking,stim,0.04999999999999989,293.1953920339196,149.52281444809464,0d24afce-9d3c-449e-ac9f-577eefefbd7e,1,470,ZFM-02600
whisking,stim,0.14999999999999986,500.84161777609773,357.16904019027277,0d24afce-9d3c-449e-ac9f-577eefefbd7e,1,470,ZFM-02600
whisking,stim,0.24999999999999983,683.9854403178597,540.3128627320348,0d24afce-9d3c-449e-ac9f-577eefefbd7e,1,470,ZFM-02600
whisking,stim,0.3499999999999998,763.3819589957299,619.709381409905,0d24afce-9d3c-449e-ac9f-577eefefbd7e,1,470,ZFM-02600
whisking,stim,0.4499999999999998,767.0008844581147,623.3283068722898,0d24afce-9d3c-449e-ac9f-577eefefbd7e,1,470,ZFM-02600
whisking,stim,0.5499999999999998,769.2156130115201,625.5430354256952,0d24afce-9d3c-449e-ac9f-577eefefbd7e,1,470,ZFM-02600
whisking,stim,0.6499999999999998,771.5473285309328,627.8747509451078,0d24afce-9d3c-449e-ac9f-577eefefbd7e,1,470,ZFM-02600
whisking,stim,0.7499999999999998,773.1646906218161,629.4921130359912,0d24afce-9d3c-449e-ac9f-577eefefbd7e,1,470,ZFM-02600
whisking,stim,0.8499999999999998,784.5027458211742,640.8301682353493,0d24afce-9d3c-449e-ac9f-577eefefbd7e,1,470,ZFM-02600
whisking,stim,0.9499999999999997,795.4030629106359,651.730485324811,0d24afce-9d3c-449e-ac9f-577eefefbd7e,1,470,ZFM-02600
whisking,stim,1.0499999999999996,806.5767782961661,662.9042007103412,0d24afce-9d3c-449e-ac9f-577eefefbd7e,1,470,ZFM-02600
whisking,stim,1.1499999999999997,815.6481508196318,671.9755732338069,0d24afce-9d3c-449e-ac9f-577eefefbd7e,1,470,ZFM-02600
whisking,stim,1.2499999999999998,820.9136493265438,677.2410717407189,0d24afce-9d3c-449e-ac9f-577eefefbd7e,1,470,ZFM-02600
whisking,stim,1.3499999999999996,820.5951380354998,676.9225604496748,0d24afce-9d3c-449e-ac9f-577eefefbd7e,1,470,ZFM-02600
whisking,stim,1.4499999999999995,818.8286862787332,675.1561086929083,0d24afce-9d3c-449e-ac9f-577eefefbd7e,1,470,ZFM-02600
whisking,stim,1.5499999999999996,805.3530611319773,661.6804835461523,0d24afce-9d3c-449e-ac9f-577eefefbd7e,1,470,ZFM-02600
whisking,stim,1.6499999999999997,782.133589067463,638.4610114816381,0d24afce-9d3c-449e-ac9f-577eefefbd7e,1,470,ZFM-02600
whisking,stim,1.7499999999999996,756.5315260987063,612.8589485128814,0d24afce-9d3c-449e-ac9f-577eefefbd7e,1,470,ZFM-02600
whisking,stim,1.8499999999999994,729.659172992876,585.9865954070511,0d24afce-9d3c-449e-ac9f-577eefefbd7e,1,470,ZFM-02600
whisking,stim,1.9499999999999995,697.8934093997657,554.2208318139408,0d24afce-9d3c-449e-ac9f-577eefefbd7e,1,470,ZFM-02600
whisking,stim,2.0499999999999994,655.661818871602,511.9892412857771,0d24afce-9d3c-449e-ac9f-577eefefbd7e,1,470,ZFM-02600
whisking,stim,2.1499999999999995,610.3078772330176,466.6352996471927,0d24afce-9d3c-449e-ac9f-577eefefbd7e,1,470,ZFM-02600
whisking,stim,2.249999999999999,568.2785542891199,424.605976703295,0d24afce-9d3c-449e-ac9f-577eefefbd7e,1,470,ZFM-02600
whisking,stim,2.349999999999999,532.3307987406052,388.65822115478034,0d24afce-9d3c-449e-ac9f-577eefefbd7e,1,470,ZFM-02600
whisking,stim,2.4499999999999993,499.2968823547381,355.62430476891313,0d24afce-9d3c-449e-ac9f-577eefefbd7e,1,470,ZFM-02600
whisking,stim,2.549999999999999,473.8421600025133,330.1695824166884,0d24afce-9d3c-449e-ac9f-577eefefbd7e,1,470,ZFM-02600
whisking,stim,2.649999999999999,452.18793154387924,308.51535395805433,0d24afce-9d3c-449e-ac9f-577eefefbd7e,1,470,ZFM-02600
whisking,stim,2.749999999999999,431.5939800883168,287.9214025024919,0d24afce-9d3c-449e-ac9f-577eefefbd7e,1,470,ZFM-02600
whisking,stim,2.849999999999999,404.8219488337054,261.1493712478805,0d24afce-9d3c-449e-ac9f-577eefefbd7e,1,470,ZFM-02600
whisking,stim,2.9499999999999993,382.91804110014124,239.2454635143163,0d24afce-9d3c-449e-ac9f-577eefefbd7e,1,470,ZFM-02600
whisking,stim,3.049999999999999,367.82718929518126,224.15461170935632,0d24afce-9d3c-449e-ac9f-577eefefbd7e,1,470,ZFM-02600
whisking,stim,3.149999999999999,365.4661452258722,221.79356764004726,0d24afce-9d3c-449e-ac9f-577eefefbd7e,1,470,ZFM-02600
whisking,stim,3.249999999999999,363.8207856818762,220.14820809605126,0d24afce-9d3c-449e-ac9f-577eefefbd7e,1,470,ZFM-02600
whisking,stim,3.3499999999999988,366.2293177816602,222.55674019583526,0d24afce-9d3c-449e-ac9f-577eefefbd7e,1,470,ZFM-02600
whisking,stim,3.449999999999999,374.3608937463709,230.68831616054595,0d24afce-9d3c-449e-ac9f-577eefefbd7e,1,470,ZFM-02600
whisking,stim,3.549999999999999,385.59953975750346,241.92696217167853,0d24afce-9d3c-449e-ac9f-577eefefbd7e,1,470,ZFM-02600
whisking,stim,3.649999999999999,395.514351333515,251.84177374769004,0d24afce-9d3c-449e-ac9f-577eefefbd7e,1,470,ZFM-02600
whisking,stim,3.749999999999999,411.2496525737742,267.57707498794923,0d24afce-9d3c-449e-ac9f-577eefefbd7e,1,470,ZFM-02600
whisking,stim,3.8499999999999988,435.3560819516895,291.68350436586456,0d24afce-9d3c-449e-ac9f-577eefefbd7e,1,470,ZFM-02600
whisking,stim,3.949999999999999,467.8137235934256,324.1411460076007,0d24afce-9d3c-449e-ac9f-577eefefbd7e,1,470,ZFM-02600
whisking,no_stim,-0.45,133.78617124632743,-13.052464056538184,0d24afce-9d3c-449e-ac9f-577eefefbd7e,1,396,ZFM-02600
whisking,no_stim,-0.35000000000000003,125.54233719517211,-21.296298107693502,0d24afce-9d3c-449e-ac9f-577eefefbd7e,1,396,ZFM-02600
whisking,no_stim,-0.25000000000000006,132.2643892615645,-14.574246041301109,0d24afce-9d3c-449e-ac9f-577eefefbd7e,1,396,ZFM-02600
whisking,no_stim,-0.15000000000000008,154.7864042525382,7.947768949672593,0d24afce-9d3c-449e-ac9f-577eefefbd7e,1,396,ZFM-02600
whisking,no_stim,-0.050000000000000086,187.81387455872587,40.97523925586026,0d24afce-9d3c-449e-ac9f-577eefefbd7e,1,396,ZFM-02600
whisking,no_stim,0.04999999999999989,302.2102961676129,155.3716608647473,0d24afce-9d3c-449e-ac9f-577eefefbd7e,1,396,ZFM-02600
whisking,no_stim,0.14999999999999986,497.45142938201957,350.61279407915396,0d24afce-9d3c-449e-ac9f-577eefefbd7e,1,396,ZFM-02600
whisking,no_stim,0.24999999999999983,673.2780467250967,526.4394114222312,0d24afce-9d3c-449e-ac9f-577eefefbd7e,1,396,ZFM-02600
whisking,no_stim,0.3499999999999998,749.4498252089704,602.6111899061048,0d24afce-9d3c-449e-ac9f-577eefefbd7e,1,396,ZFM-02600
whisking,no_stim,0.4499999999999998,744.6172104312022,597.7785751283366,0d24afce-9d3c-449e-ac9f-577eefefbd7e,1,396,ZFM-02600
whisking,no_stim,0.5499999999999998,743.1239160523824,596.2852807495167,0d24afce-9d3c-449e-ac9f-577eefefbd7e,1,396,ZFM-02600
whisking,no_stim,0.6499999999999998,746.0928361989057,599.2542008960402,0d24afce-9d3c-449e-ac9f-577eefefbd7e,1,396,ZFM-02600
whisking,no_stim,0.7499999999999998,748.5039531065443,601.6653178036786,0d24afce-9d3c-449e-ac9f-577eefefbd7e,1,396,ZFM-02600
whisking,no_stim,0.8499999999999998,759.6217576416545,612.7831223387889,0d24afce-9d3c-449e-ac9f-577eefefbd7e,1,396,ZFM-02600
whisking,no_stim,0.9499999999999997,773.0264105761439,626.1877752732782,0d24afce-9d3c-449e-ac9f-577eefefbd7e,1,396,ZFM-02600
whisking,no_stim,1.0499999999999996,784.0444054491343,637.2057701462686,0d24afce-9d3c-449e-ac9f-577eefefbd7e,1,396,ZFM-02600
whisking,no_stim,1.1499999999999997,789.6953215537421,642.8566862508765,0d24afce-9d3c-449e-ac9f-577eefefbd7e,1,396,ZFM-02600
whisking,no_stim,1.2499999999999998,792.6626373022143,645.8240019993486,0d24afce-9d3c-449e-ac9f-577eefefbd7e,1,396,ZFM-02600
whisking,no_stim,1.3499999999999996,789.5330222316582,642.6943869287925,0d24afce-9d3c-449e-ac9f-577eefefbd7e,1,396,ZFM-02600
whisking,no_stim,1.4499999999999995,782.6023122097961,635.7636769069304,0d24afce-9d3c-449e-ac9f-577eefefbd7e,1,396,ZFM-02600
whisking,no_stim,1.5499999999999996,771.6785564192076,624.8399211163419,0d24afce-9d3c-449e-ac9f-577eefefbd7e,1,396,ZFM-02600
whisking,no_stim,1.6499999999999997,754.3403011395392,607.5016658366735,0d24afce-9d3c-449e-ac9f-577eefefbd7e,1,396,ZFM-02600
whisking,no_stim,1.7499999999999996,736.5431886333986,589.7045533305329,0d24afce-9d3c-449e-ac9f-577eefefbd7e,1,396,ZFM-02600
whisking,no_stim,1.8499999999999994,706.5506305802581,559.7119952773926,0d24afce-9d3c-449e-ac9f-577eefefbd7e,1,396,ZFM-02600
whisking,no_stim,1.9499999999999995,665.8019803891029,518.9633450862373,0d24afce-9d3c-449e-ac9f-577eefefbd7e,1,396,ZFM-02600
whisking,no_stim,2.0499999999999994,619.1710223651837,472.3323870623181,0d24afce-9d3c-449e-ac9f-577eefefbd7e,1,396,ZFM-02600
whisking,no_stim,2.1499999999999995,579.5803681047362,432.74173280187057,0d24afce-9d3c-449e-ac9f-577eefefbd7e,1,396,ZFM-02600
whisking,no_stim,2.249999999999999,542.3861033812681,395.54746807840246,0d24afce-9d3c-449e-ac9f-577eefefbd7e,1,396,ZFM-02600
whisking,no_stim,2.349999999999999,503.9012954293517,357.0626601264861,0d24afce-9d3c-449e-ac9f-577eefefbd7e,1,396,ZFM-02600
whisking,no_stim,2.4499999999999993,462.976679888225,316.1380445853594,0d24afce-9d3c-449e-ac9f-577eefefbd7e,1,396,ZFM-02600
whisking,no_stim,2.549999999999999,425.4029987649,278.5643634620344,0d24afce-9d3c-449e-ac9f-577eefefbd7e,1,396,ZFM-02600
whisking,no_stim,2.649999999999999,397.927696261496,251.0890609586304,0d24afce-9d3c-449e-ac9f-577eefefbd7e,1,396,ZFM-02600
whisking,no_stim,2.749999999999999,377.17812109113436,230.33948578826875,0d24afce-9d3c-449e-ac9f-577eefefbd7e,1,396,ZFM-02600
whisking,no_stim,2.849999999999999,359.13588238241215,212.29724707954654,0d24afce-9d3c-449e-ac9f-577eefefbd7e,1,396,ZFM-02600
whisking,no_stim,2.9499999999999993,337.9479618459586,191.109326543093,0d24afce-9d3c-449e-ac9f-577eefefbd7e,1,396,ZFM-02600
whisking,no_stim,3.049999999999999,323.88043717268755,177.04180186982194,0d24afce-9d3c-449e-ac9f-577eefefbd7e,1,396,ZFM-02600
whisking,no_stim,3.149999999999999,316.26986200264196,169.43122669977635,0d24afce-9d3c-449e-ac9f-577eefefbd7e,1,396,ZFM-02600
whisking,no_stim,3.249999999999999,320.02275263430175,173.18411733143614,0d24afce-9d3c-449e-ac9f-577eefefbd7e,1,396,ZFM-02600
whisking,no_stim,3.3499999999999988,329.002821205851,182.16418590298537,0d24afce-9d3c-449e-ac9f-577eefefbd7e,1,396,ZFM-02600
whisking,no_stim,3.449999999999999,348.9205840038548,202.0819487009892,0d24afce-9d3c-449e-ac9f-577eefefbd7e,1,396,ZFM-02600
whisking,no_stim,3.549999999999999,384.0017083201455,237.16307301727988,0d24afce-9d3c-449e-ac9f-577eefefbd7e,1,396,ZFM-02600
whisking,no_stim,3.649999999999999,427.1029689348857,280.2643336320201,0d24afce-9d3c-449e-ac9f-577eefefbd7e,1,396,ZFM-02600
whisking,no_stim,3.749999999999999,458.8393128958407,312.0006775929751,0d24afce-9d3c-449e-ac9f-577eefefbd7e,1,396,ZFM-02600
whisking,no_stim,3.8499999999999988,482.98334480952883,336.1447095066632,0d24afce-9d3c-449e-ac9f-577eefefbd7e,1,396,ZFM-02600
whisking,no_stim,3.949999999999999,506.72915294009806,359.89051763723245,0d24afce-9d3c-449e-ac9f-577eefefbd7e,1,396,ZFM-02600
whisking,stim,-0.45,219.20810883274962,9.336316588060612,c8f68575-e5a8-4960-a690-0149c5c4683f,1,309,ZFM-02600
whisking,stim,-0.35000000000000003,204.5473509464757,-5.324441298213316,c8f68575-e5a8-4960-a690-0149c5c4683f,1,309,ZFM-02600
whisking,stim,-0.25000000000000006,201.13640829125046,-8.735383953438543,c8f68575-e5a8-4960-a690-0149c5c4683f,1,309,ZFM-02600
whisking,stim,-0.15000000000000008,200.90629023546285,-8.965502009226157,c8f68575-e5a8-4960-a690-0149c5c4683f,1,309,ZFM-02600
whisking,stim,-0.050000000000000086,223.56080291750638,13.689010672817375,c8f68575-e5a8-4960-a690-0149c5c4683f,1,309,ZFM-02600
whisking,stim,0.04999999999999989,345.90407652296653,136.03228427827753,c8f68575-e5a8-4960-a690-0149c5c4683f,1,309,ZFM-02600
whisking,stim,0.14999999999999986,551.0246202815698,341.1528280368808,c8f68575-e5a8-4960-a690-0149c5c4683f,1,309,ZFM-02600
whisking,stim,0.24999999999999983,725.4583227712258,515.5865305265368,c8f68575-e5a8-4960-a690-0149c5c4683f,1,309,ZFM-02600
whisking,stim,0.3499999999999998,781.5308530888619,571.6590608441729,c8f68575-e5a8-4960-a690-0149c5c4683f,1,309,ZFM-02600
whisking,stim,0.4499999999999998,762.6660752324022,552.7942829877132,c8f68575-e5a8-4960-a690-0149c5c4683f,1,309,ZFM-02600
whisking,stim,0.5499999999999998,764.187090545279,554.31529830059,c8f68575-e5a8-4960-a690-0149c5c4683f,1,309,ZFM-02600
whisking,stim,0.6499999999999998,776.9156319841381,567.0438397394491,c8f68575-e5a8-4960-a690-0149c5c4683f,1,309,ZFM-02600
whisking,stim,0.7499999999999998,782.979486860848,573.107694616159,c8f68575-e5a8-4960-a690-0149c5c4683f,1,309,ZFM-02600
whisking,stim,0.8499999999999998,782.9773618810565,573.1055696363675,c8f68575-e5a8-4960-a690-0149c5c4683f,1,309,ZFM-02600
whisking,stim,0.9499999999999997,781.7312612737234,571.8594690290344,c8f68575-e5a8-4960-a690-0149c5c4683f,1,309,ZFM-02600
whisking,stim,1.0499999999999996,784.2305514512168,574.3587592065278,c8f68575-e5a8-4960-a690-0149c5c4683f,1,309,ZFM-02600
whisking,stim,1.1499999999999997,792.1714776285362,582.2996853838472,c8f68575-e5a8-4960-a690-0149c5c4683f,1,309,ZFM-02600
whisking,stim,1.2499999999999998,805.0675775153991,595.1957852707101,c8f68575-e5a8-4960-a690-0149c5c4683f,1,309,ZFM-02600
whisking,stim,1.3499999999999996,811.8306857708725,601.9588935261835,c8f68575-e5a8-4960-a690-0149c5c4683f,1,309,ZFM-02600
whisking,stim,1.4499999999999995,810.6430136753395,600.7712214306505,c8f68575-e5a8-4960-a690-0149c5c4683f,1,309,ZFM-02600
whisking,stim,1.5499999999999996,806.6028381501121,596.7310459054231,c8f68575-e5a8-4960-a690-0149c5c4683f,1,309,ZFM-02600
whisking,stim,1.6499999999999997,797.7679039305771,587.8961116858881,c8f68575-e5a8-4960-a690-0149c5c4683f,1,309,ZFM-02600
whisking,stim,1.7499999999999996,782.138078793922,572.266286549233,c8f68575-e5a8-4960-a690-0149c5c4683f,1,309,ZFM-02600
whisking,stim,1.8499999999999994,756.3038875540445,546.4320953093555,c8f68575-e5a8-4960-a690-0149c5c4683f,1,309,ZFM-02600
whisking,stim,1.9499999999999995,726.8836557436061,517.0118634989171,c8f68575-e5a8-4960-a690-0149c5c4683f,1,309,ZFM-02600
whisking,stim,2.0499999999999994,699.3971702414111,489.5253779967221,c8f68575-e5a8-4960-a690-0149c5c4683f,1,309,ZFM-02600
whisking,stim,2.1499999999999995,665.9125614605356,456.0407692158466,c8f68575-e5a8-4960-a690-0149c5c4683f,1,309,ZFM-02600
whisking,stim,2.249999999999999,626.9481119612461,417.0763197165571,c8f68575-e5a8-4960-a690-0149c5c4683f,1,309,ZFM-02600
whisking,stim,2.349999999999999,585.8595613994707,375.98776915478174,c8f68575-e5a8-4960-a690-0149c5c4683f,1,309,ZFM-02600
whisking,stim,2.4499999999999993,550.0183819029396,340.1465896582506,c8f68575-e5a8-4960-a690-0149c5c4683f,1,309,ZFM-02600
whisking,stim,2.549999999999999,518.4348291909191,308.5630369462301,c8f68575-e5a8-4960-a690-0149c5c4683f,1,309,ZFM-02600
whisking,stim,2.649999999999999,493.363687632781,283.491895388092,c8f68575-e5a8-4960-a690-0149c5c4683f,1,309,ZFM-02600
whisking,stim,2.749999999999999,475.73627589938985,265.86448365470085,c8f68575-e5a8-4960-a690-0149c5c4683f,1,309,ZFM-02600
whisking,stim,2.849999999999999,465.3793594766034,255.50756723191438,c8f68575-e5a8-4960-a690-0149c5c4683f,1,309,ZFM-02600
whisking,stim,2.9499999999999993,456.3031108604516,246.43131861576262,c8f68575-e5a8-4960-a690-0149c5c4683f,1,309,ZFM-02600
whisking,stim,3.049999999999999,452.94269686783355,243.07090462314454,c8f68575-e5a8-4960-a690-0149c5c4683f,1,309,ZFM-02600
whisking,stim,3.149999999999999,462.2370521346742,252.36525988998517,c8f68575-e5a8-4960-a690-0149c5c4683f,1,309,ZFM-02600
whisking,stim,3.249999999999999,472.7670068010009,262.8952145563119,c8f68575-e5a8-4960-a690-0149c5c4683f,1,309,ZFM-02600
whisking,stim,3.3499999999999988,486.9221044949605,277.0503122502715,c8f68575-e5a8-4960-a690-0149c5c4683f,1,309,ZFM-02600
whisking,stim,3.449999999999999,490.4364004090799,280.5646081643909,c8f68575-e5a8-4960-a690-0149c5c4683f,1,309,ZFM-02600
whisking,stim,3.549999999999999,496.61748228678675,286.74569004209775,c8f68575-e5a8-4960-a690-0149c5c4683f,1,309,ZFM-02600
whisking,stim,3.649999999999999,511.21827625962044,301.34648401493143,c8f68575-e5a8-4960-a690-0149c5c4683f,1,309,ZFM-02600
whisking,stim,3.749999999999999,533.9597320355257,324.0879397908367,c8f68575-e5a8-4960-a690-0149c5c4683f,1,309,ZFM-02600
whisking,stim,3.8499999999999988,555.9681339219878,346.0963416772988,c8f68575-e5a8-4960-a690-0149c5c4683f,1,309,ZFM-02600
whisking,stim,3.949999999999999,565.2113868541699,355.33959460948086,c8f68575-e5a8-4960-a690-0149c5c4683f,1,309,ZFM-02600
whisking,no_stim,-0.45,192.11196816744612,-8.086381250328571,c8f68575-e5a8-4960-a690-0149c5c4683f,1,345,ZFM-02600
whisking,no_stim,-0.35000000000000003,181.24842843237084,-18.94992098540385,c8f68575-e5a8-4960-a690-0149c5c4683f,1,345,ZFM-02600
whisking,no_stim,-0.25000000000000006,186.03004934600906,-14.168300071765628,c8f68575-e5a8-4960-a690-0149c5c4683f,1,345,ZFM-02600
whisking,no_stim,-0.15000000000000008,202.52746566446277,2.3291162466880735,c8f68575-e5a8-4960-a690-0149c5c4683f,1,345,ZFM-02600
whisking,no_stim,-0.050000000000000086,239.0738354785847,38.875486060810005,c8f68575-e5a8-4960-a690-0149c5c4683f,1,345,ZFM-02600
whisking,no_stim,0.04999999999999989,355.1789727393258,154.9806233215511,c8f68575-e5a8-4960-a690-0149c5c4683f,1,345,ZFM-02600
whisking,no_stim,0.14999999999999986,537.8283228949141,337.6299734771394,c8f68575-e5a8-4960-a690-0149c5c4683f,1,345,ZFM-02600
whisking,no_stim,0.24999999999999983,705.5756758248588,505.37732640708407,c8f68575-e5a8-4960-a690-0149c5c4683f,1,345,ZFM-02600
whisking,no_stim,0.3499999999999998,774.9610934485482,574.7627440307735,c8f68575-e5a8-4960-a690-0149c5c4683f,1,345,ZFM-02600
whisking,no_stim,0.4499999999999998,776.5641803807493,576.3658309629747,c8f68575-e5a8-4960-a690-0149c5c4683f,1,345,ZFM-02600
whisking,no_stim,0.5499999999999998,770.1271679454196,569.9288185276449,c8f68575-e5a8-4960-a690-0149c5c4683f,1,345,ZFM-02600
whisking,no_stim,0.6499999999999998,766.7811642987671,566.5828148809924,c8f68575-e5a8-4960-a690-0149c5c4683f,1,345,ZFM-02600
whisking,no_stim,0.7499999999999998,758.0328230677226,557.8344736499479,c8f68575-e5a8-4960-a690-0149c5c4683f,1,345,ZFM-02600
whisking,no_stim,0.8499999999999998,748.7077767523344,548.5094273345597,c8f68575-e5a8-4960-a690-0149c5c4683f,1,345,ZFM-02600
whisking,no_stim,0.9499999999999997,744.976399294403,544.7780498766283,c8f68575-e5a8-4960-a690-0149c5c4683f,1,345,ZFM-02600
whisking,no_stim,1.0499999999999996,747.2435209601388,547.0451715423641,c8f68575-e5a8-4960-a690-0149c5c4683f,1,345,ZFM-02600
whisking,no_stim,1.1499999999999997,747.2581033060692,547.0597538882945,c8f68575-e5a8-4960-a690-0149c5c4683f,1,345,ZFM-02600
whisking,no_stim,1.2499999999999998,745.673521646005,545.4751722282303,c8f68575-e5a8-4960-a690-0149c5c4683f,1,345,ZFM-02600
whisking,no_stim,1.3499999999999996,739.609565252633,539.4112158348584,c8f68575-e5a8-4960-a690-0149c5c4683f,1,345,ZFM-02600
whisking,no_stim,1.4499999999999995,731.9936433189132,531.7952939011385,c8f68575-e5a8-4960-a690-0149c5c4683f,1,345,ZFM-02600
whisking,no_stim,1.5499999999999996,723.2018828364719,523.0035334186972,c8f68575-e5a8-4960-a690-0149c5c4683f,1,345,ZFM-02600
whisking,no_stim,1.6499999999999997,708.166164400321,507.9678149825463,c8f68575-e5a8-4960-a690-0149c5c4683f,1,345,ZFM-02600
whisking,no_stim,1.7499999999999996,691.2548402534735,491.0564908356988,c8f68575-e5a8-4960-a690-0149c5c4683f,1,345,ZFM-02600
whisking,no_stim,1.8499999999999994,663.1210593018941,462.9227098841194,c8f68575-e5a8-4960-a690-0149c5c4683f,1,345,ZFM-02600
whisking,no_stim,1.9499999999999995,635.0207785010508,434.8224290832761,c8f68575-e5a8-4960-a690-0149c5c4683f,1,345,ZFM-02600
whisking,no_stim,2.0499999999999994,612.1658646847916,411.9675152670169,c8f68575-e5a8-4960-a690-0149c5c4683f,1,345,ZFM-02600
whisking,no_stim,2.1499999999999995,589.7747536196198,389.5764042018451,c8f68575-e5a8-4960-a690-0149c5c4683f,1,345,ZFM-02600
whisking,no_stim,2.249999999999999,561.8194146179353,361.6210652001606,c8f68575-e5a8-4960-a690-0149c5c4683f,1,345,ZFM-02600
whisking,no_stim,2.349999999999999,531.133398790386,330.9350493726113,c8f68575-e5a8-4960-a690-0149c5c4683f,1,345,ZFM-02600
whisking,no_stim,2.4499999999999993,504.79890579090113,304.60055637312644,c8f68575-e5a8-4960-a690-0149c5c4683f,1,345,ZFM-02600
whisking,no_stim,2.549999999999999,480.36705588014905,280.16870646237436,c8f68575-e5a8-4960-a690-0149c5c4683f,1,345,ZFM-02600
whisking,no_stim,2.649999999999999,456.06450741905013,255.86615800127544,c8f68575-e5a8-4960-a690-0149c5c4683f,1,345,ZFM-02600
whisking,no_stim,2.749999999999999,437.64289597030563,237.44454655253094,c8f68575-e5a8-4960-a690-0149c5c4683f,1,345,ZFM-02600
whisking,no_stim,2.849999999999999,428.31175302147386,228.11340360369917,c8f68575-e5a8-4960-a690-0149c5c4683f,1,345,ZFM-02600
whisking,no_stim,2.9499999999999993,422.5389195728305,222.3405701550558,c8f68575-e5a8-4960-a690-0149c5c4683f,1,345,ZFM-02600
whisking,no_stim,3.049999999999999,423.5168728549112,223.3185234371365,c8f68575-e5a8-4960-a690-0149c5c4683f,1,345,ZFM-02600
whisking,no_stim,3.149999999999999,429.4867582061452,229.28840878837053,c8f68575-e5a8-4960-a690-0149c5c4683f,1,345,ZFM-02600
whisking,no_stim,3.249999999999999,441.0546625251915,240.85631310741678,c8f68575-e5a8-4960-a690-0149c5c4683f,1,345,ZFM-02600
whisking,no_stim,3.3499999999999988,453.6933822953193,253.4950328775446,c8f68575-e5a8-4960-a690-0149c5c4683f,1,345,ZFM-02600
whisking,no_stim,3.449999999999999,464.86865937199445,264.67030995421976,c8f68575-e5a8-4960-a690-0149c5c4683f,1,345,ZFM-02600
whisking,no_stim,3.549999999999999,472.8711586245463,272.6728092067716,c8f68575-e5a8-4960-a690-0149c5c4683f,1,345,ZFM-02600
whisking,no_stim,3.649999999999999,477.8169628904763,277.6186134727016,c8f68575-e5a8-4960-a690-0149c5c4683f,1,345,ZFM-02600
whisking,no_stim,3.749999999999999,480.8790633061441,280.6807138883694,c8f68575-e5a8-4960-a690-0149c5c4683f,1,345,ZFM-02600
whisking,no_stim,3.8499999999999988,488.27454764627174,288.07619822849705,c8f68575-e5a8-4960-a690-0149c5c4683f,1,345,ZFM-02600
whisking,no_stim,3.949999999999999,503.408267099141,303.20991768136633,c8f68575-e5a8-4960-a690-0149c5c4683f,1,345,ZFM-02600
whisking,stim,-0.45,188.36157214686915,17.42102737144046,5b7e1b65-b844-4fe8-b19e-1c3175290a63,1,354,ZFM-02600
whisking,stim,-0.35000000000000003,165.7199507044021,-5.220594071026596,5b7e1b65-b844-4fe8-b19e-1c3175290a63,1,354,ZFM-02600
whisking,stim,-0.25000000000000006,154.88066553033863,-16.05987924509006,5b7e1b65-b844-4fe8-b19e-1c3175290a63,1,354,ZFM-02600
whisking,stim,-0.15000000000000008,157.1254735235405,-13.815071251888185,5b7e1b65-b844-4fe8-b19e-1c3175290a63,1,354,ZFM-02600
whisking,stim,-0.050000000000000086,188.61506197199324,17.67451719656455,5b7e1b65-b844-4fe8-b19e-1c3175290a63,1,354,ZFM-02600
whisking,stim,0.04999999999999989,335.14501370983083,164.20446893440214,5b7e1b65-b844-4fe8-b19e-1c3175290a63,1,354,ZFM-02600
whisking,stim,0.14999999999999986,559.5281042403653,388.58755946493665,5b7e1b65-b844-4fe8-b19e-1c3175290a63,1,354,ZFM-02600
whisking,stim,0.24999999999999983,740.0636958361326,569.123151060704,5b7e1b65-b844-4fe8-b19e-1c3175290a63,1,354,ZFM-02600
whisking,stim,0.3499999999999998,795.1059055887417,624.1653608133131,5b7e1b65-b844-4fe8-b19e-1c3175290a63,1,354,ZFM-02600
whisking,stim,0.4499999999999998,777.3801216194081,606.4395768439795,5b7e1b65-b844-4fe8-b19e-1c3175290a63,1,354,ZFM-02600
whisking,stim,0.5499999999999998,779.3714203497714,608.4308755743427,5b7e1b65-b844-4fe8-b19e-1c3175290a63,1,354,ZFM-02600
whisking,stim,0.6499999999999998,784.7602353911412,613.8196906157125,5b7e1b65-b844-4fe8-b19e-1c3175290a63,1,354,ZFM-02600
whisking,stim,0.7499999999999998,781.7727636618274,610.8322188863988,5b7e1b65-b844-4fe8-b19e-1c3175290a63,1,354,ZFM-02600
whisking,stim,0.8499999999999998,777.5379990637354,606.5974542883066,5b7e1b65-b844-4fe8-b19e-1c3175290a63,1,354,ZFM-02600
whisking,stim,0.9499999999999997,784.2637018023771,613.3231570269484,5b7e1b65-b844-4fe8-b19e-1c3175290a63,1,354,ZFM-02600
whisking,stim,1.0499999999999996,793.8549924136099,622.9144476381812,5b7e1b65-b844-4fe8-b19e-1c3175290a63,1,354,ZFM-02600
whisking,stim,1.1499999999999997,803.5175439141212,632.5769991386926,5b7e1b65-b844-4fe8-b19e-1c3175290a63,1,354,ZFM-02600
whisking,stim,1.2499999999999998,806.3555246583751,635.4149798829465,5b7e1b65-b844-4fe8-b19e-1c3175290a63,1,354,ZFM-02600
whisking,stim,1.3499999999999996,803.7796133240734,632.8390685486447,5b7e1b65-b844-4fe8-b19e-1c3175290a63,1,354,ZFM-02600
whisking,stim,1.4499999999999995,797.7026071391775,626.7620623637488,5b7e1b65-b844-4fe8-b19e-1c3175290a63,1,354,ZFM-02600
whisking,stim,1.5499999999999996,791.1444494757151,620.2039047002863,5b7e1b65-b844-4fe8-b19e-1c3175290a63,1,354,ZFM-02600
whisking,stim,1.6499999999999997,778.2785370683728,607.3379922929441,5b7e1b65-b844-4fe8-b19e-1c3175290a63,1,354,ZFM-02600
whisking,stim,1.7499999999999996,751.8183074390347,580.8777626636061,5b7e1b65-b844-4fe8-b19e-1c3175290a63,1,354,ZFM-02600
whisking,stim,1.8499999999999994,719.4992336221036,548.5586888466748,5b7e1b65-b844-4fe8-b19e-1c3175290a63,1,354,ZFM-02600
whisking,stim,1.9499999999999995,688.445098351344,517.5045535759152,5b7e1b65-b844-4fe8-b19e-1c3175290a63,1,354,ZFM-02600
whisking,stim,2.0499999999999994,659.5820254849612,488.64148070953246,5b7e1b65-b844-4fe8-b19e-1c3175290a63,1,354,ZFM-02600
whisking,stim,2.1499999999999995,628.4669422724627,457.526397497034,5b7e1b65-b844-4fe8-b19e-1c3175290a63,1,354,ZFM-02600
whisking,stim,2.249999999999999,595.5404698569704,424.5999250815417,5b7e1b65-b844-4fe8-b19e-1c3175290a63,1,354,ZFM-02600
whisking,stim,2.349999999999999,576.2618034999736,405.32125872454486,5b7e1b65-b844-4fe8-b19e-1c3175290a63,1,354,ZFM-02600
whisking,stim,2.4499999999999993,548.7333060143363,377.79276123890764,5b7e1b65-b844-4fe8-b19e-1c3175290a63,1,354,ZFM-02600
whisking,stim,2.549999999999999,513.3309956452334,342.39045086980474,5b7e1b65-b844-4fe8-b19e-1c3175290a63,1,354,ZFM-02600
whisking,stim,2.649999999999999,469.864032109546,298.9234873341173,5b7e1b65-b844-4fe8-b19e-1c3175290a63,1,354,ZFM-02600
whisking,stim,2.749999999999999,428.8950605819839,257.9545158065552,5b7e1b65-b844-4fe8-b19e-1c3175290a63,1,354,ZFM-02600
whisking,stim,2.849999999999999,401.4947269190839,230.55418214365523,5b7e1b65-b844-4fe8-b19e-1c3175290a63,1,354,ZFM-02600
whisking,stim,2.9499999999999993,382.58042372571845,211.63987895028976,5b7e1b65-b844-4fe8-b19e-1c3175290a63,1,354,ZFM-02600
whisking,stim,3.049999999999999,369.65580246194554,198.71525768651685,5b7e1b65-b844-4fe8-b19e-1c3175290a63,1,354,ZFM-02600
whisking,stim,3.149999999999999,359.9734938018123,189.03294902638362,5b7e1b65-b844-4fe8-b19e-1c3175290a63,1,354,ZFM-02600
whisking,stim,3.249999999999999,352.2320597323535,181.2915149569248,5b7e1b65-b844-4fe8-b19e-1c3175290a63,1,354,ZFM-02600
whisking,stim,3.3499999999999988,360.16513869769864,189.22459392226995,5b7e1b65-b844-4fe8-b19e-1c3175290a63,1,354,ZFM-02600
whisking,stim,3.449999999999999,376.72891310459397,205.78836832916528,5b7e1b65-b844-4fe8-b19e-1c3175290a63,1,354,ZFM-02600
whisking,stim,3.549999999999999,401.4291546386155,230.4886098631868,5b7e1b65-b844-4fe8-b19e-1c3175290a63,1,354,ZFM-02600
whisking,stim,3.649999999999999,433.2357504547882,262.2952056793595,5b7e1b65-b844-4fe8-b19e-1c3175290a63,1,354,ZFM-02600
whisking,stim,3.749999999999999,473.2019999406963,302.2614551652676,5b7e1b65-b844-4fe8-b19e-1c3175290a63,1,354,ZFM-02600
whisking,stim,3.8499999999999988,514.6656360806485,343.7250913052198,5b7e1b65-b844-4fe8-b19e-1c3175290a63,1,354,ZFM-02600
whisking,stim,3.949999999999999,550.0769485932207,379.136403817792,5b7e1b65-b844-4fe8-b19e-1c3175290a63,1,354,ZFM-02600
whisking,no_stim,-0.45,163.75875563796734,-11.750269753678111,5b7e1b65-b844-4fe8-b19e-1c3175290a63,1,342,ZFM-02600
whisking,no_stim,-0.35000000000000003,156.73635531775903,-18.772670073886417,5b7e1b65-b844-4fe8-b19e-1c3175290a63,1,342,ZFM-02600
whisking,no_stim,-0.25000000000000006,165.355232816815,-10.153792574830447,5b7e1b65-b844-4fe8-b19e-1c3175290a63,1,342,ZFM-02600
whisking,no_stim,-0.15000000000000008,178.48228130316753,2.973255911522074,5b7e1b65-b844-4fe8-b19e-1c3175290a63,1,342,ZFM-02600
whisking,no_stim,-0.050000000000000086,213.21250188251838,37.70347649087293,5b7e1b65-b844-4fe8-b19e-1c3175290a63,1,342,ZFM-02600
whisking,no_stim,0.04999999999999989,339.6694472325766,164.16042184093115,5b7e1b65-b844-4fe8-b19e-1c3175290a63,1,342,ZFM-02600
whisking,no_stim,0.14999999999999986,543.2212204972388,367.7121951055934,5b7e1b65-b844-4fe8-b19e-1c3175290a63,1,342,ZFM-02600
whisking,no_stim,0.24999999999999983,714.2351803057345,538.7261549140891,5b7e1b65-b844-4fe8-b19e-1c3175290a63,1,342,ZFM-02600
whisking,no_stim,0.3499999999999998,774.2853134453019,598.7762880536565,5b7e1b65-b844-4fe8-b19e-1c3175290a63,1,342,ZFM-02600
whisking,no_stim,0.4499999999999998,756.4608615956274,580.951836203982,5b7e1b65-b844-4fe8-b19e-1c3175290a63,1,342,ZFM-02600
whisking,no_stim,0.5499999999999998,750.7468961631268,575.2378707714814,5b7e1b65-b844-4fe8-b19e-1c3175290a63,1,342,ZFM-02600
whisking,no_stim,0.6499999999999998,758.0973982918622,582.5883729002168,5b7e1b65-b844-4fe8-b19e-1c3175290a63,1,342,ZFM-02600
whisking,no_stim,0.7499999999999998,763.2983075866953,587.7892821950499,5b7e1b65-b844-4fe8-b19e-1c3175290a63,1,342,ZFM-02600
whisking,no_stim,0.8499999999999998,761.1439285404027,585.6349031487573,5b7e1b65-b844-4fe8-b19e-1c3175290a63,1,342,ZFM-02600
whisking,no_stim,0.9499999999999997,764.8913124395207,589.3822870478753,5b7e1b65-b844-4fe8-b19e-1c3175290a63,1,342,ZFM-02600
whisking,no_stim,1.0499999999999996,770.5436514535259,595.0346260618804,5b7e1b65-b844-4fe8-b19e-1c3175290a63,1,342,ZFM-02600
whisking,no_stim,1.1499999999999997,767.6434754585375,592.1344500668921,5b7e1b65-b844-4fe8-b19e-1c3175290a63,1,342,ZFM-02600
whisking,no_stim,1.2499999999999998,759.0428836113472,583.5338582197018,5b7e1b65-b844-4fe8-b19e-1c3175290a63,1,342,ZFM-02600
whisking,no_stim,1.3499999999999996,751.0637503104955,575.5547249188501,5b7e1b65-b844-4fe8-b19e-1c3175290a63,1,342,ZFM-02600
whisking,no_stim,1.4499999999999995,742.8507367877655,567.3417113961201,5b7e1b65-b844-4fe8-b19e-1c3175290a63,1,342,ZFM-02600
whisking,no_stim,1.5499999999999996,722.5526180643435,547.0435926726981,5b7e1b65-b844-4fe8-b19e-1c3175290a63,1,342,ZFM-02600
whisking,no_stim,1.6499999999999997,697.5748633194257,522.0658379277803,5b7e1b65-b844-4fe8-b19e-1c3175290a63,1,342,ZFM-02600
whisking,no_stim,1.7499999999999996,668.8040928307238,493.29506743907837,5b7e1b65-b844-4fe8-b19e-1c3175290a63,1,342,ZFM-02600
whisking,no_stim,1.8499999999999994,644.1574995340868,468.6484741424414,5b7e1b65-b844-4fe8-b19e-1c3175290a63,1,342,ZFM-02600
whisking,no_stim,1.9499999999999995,614.273166143135,438.76414075148955,5b7e1b65-b844-4fe8-b19e-1c3175290a63,1,342,ZFM-02600
whisking,no_stim,2.0499999999999994,584.4425060259045,408.9334806342591,5b7e1b65-b844-4fe8-b19e-1c3175290a63,1,342,ZFM-02600
whisking,no_stim,2.1499999999999995,552.0017742194357,376.49274882779025,5b7e1b65-b844-4fe8-b19e-1c3175290a63,1,342,ZFM-02600
whisking,no_stim,2.249999999999999,518.884609070601,343.37558367895554,5b7e1b65-b844-4fe8-b19e-1c3175290a63,1,342,ZFM-02600
whisking,no_stim,2.349999999999999,486.06458229396884,310.55555690232336,5b7e1b65-b844-4fe8-b19e-1c3175290a63,1,342,ZFM-02600
whisking,no_stim,2.4499999999999993,454.012074087313,278.50304869566753,5b7e1b65-b844-4fe8-b19e-1c3175290a63,1,342,ZFM-02600
whisking,no_stim,2.549999999999999,427.14197389057693,251.63294849893148,5b7e1b65-b844-4fe8-b19e-1c3175290a63,1,342,ZFM-02600
whisking,no_stim,2.649999999999999,401.3940823861461,225.88505699450067,5b7e1b65-b844-4fe8-b19e-1c3175290a63,1,342,ZFM-02600
whisking,no_stim,2.749999999999999,387.5614521291343,212.05242673748884,5b7e1b65-b844-4fe8-b19e-1c3175290a63,1,342,ZFM-02600
whisking,no_stim,2.849999999999999,374.2069101979483,198.69788480630282,5b7e1b65-b844-4fe8-b19e-1c3175290a63,1,342,ZFM-02600
whisking,no_stim,2.9499999999999993,363.2796428757429,187.77061748409747,5b7e1b65-b844-4fe8-b19e-1c3175290a63,1,342,ZFM-02600
whisking,no_stim,3.049999999999999,352.90382724098237,177.39480184933691,5b7e1b65-b844-4fe8-b19e-1c3175290a63,1,342,ZFM-02600
whisking,no_stim,3.149999999999999,345.7161425463594,170.20711715471393,5b7e1b65-b844-4fe8-b19e-1c3175290a63,1,342,ZFM-02600
whisking,no_stim,3.249999999999999,345.27201499102915,169.7629895993837,5b7e1b65-b844-4fe8-b19e-1c3175290a63,1,342,ZFM-02600
whisking,no_stim,3.3499999999999988,349.86946863776245,174.360443246117,5b7e1b65-b844-4fe8-b19e-1c3175290a63,1,342,ZFM-02600
whisking,no_stim,3.449999999999999,358.5881356946583,183.07911030301287,5b7e1b65-b844-4fe8-b19e-1c3175290a63,1,342,ZFM-02600
whisking,no_stim,3.549999999999999,371.01883259924335,195.5098072075979,5b7e1b65-b844-4fe8-b19e-1c3175290a63,1,342,ZFM-02600
whisking,no_stim,3.649999999999999,393.80171785468923,218.29269246304378,5b7e1b65-b844-4fe8-b19e-1c3175290a63,1,342,ZFM-02600
whisking,no_stim,3.749999999999999,422.27269711368103,246.76367172203558,5b7e1b65-b844-4fe8-b19e-1c3175290a63,1,342,ZFM-02600
whisking,no_stim,3.8499999999999988,458.6833240741563,283.1742986825109,5b7e1b65-b844-4fe8-b19e-1c3175290a63,1,342,ZFM-02600
whisking,no_stim,3.949999999999999,493.93907924788283,318.43005385623735,5b7e1b65-b844-4fe8-b19e-1c3175290a63,1,342,ZFM-02600
whisking,stim,-0.45,344.29453753564337,81.05988943076858,91e629f5-f161-44e4-8dd0-15954c602f02,0,55,ZFM-02181
whisking,stim,-0.35000000000000003,286.5087506333893,23.274102528514504,91e629f5-f161-44e4-8dd0-15954c602f02,0,55,ZFM-02181
whisking,stim,-0.25000000000000006,238.5643674333814,-24.6702806714934,91e629f5-f161-44e4-8dd0-15954c602f02,0,55,ZFM-02181
whisking,stim,-0.15000000000000008,220.8774140413956,-42.35723406347918,91e629f5-f161-44e4-8dd0-15954c602f02,0,55,ZFM-02181
whisking,stim,-0.050000000000000086,225.9281708805643,-37.3064772243105,91e629f5-f161-44e4-8dd0-15954c602f02,0,55,ZFM-02181
whisking,stim,0.04999999999999989,233.74612338621122,-29.48852471866357,91e629f5-f161-44e4-8dd0-15954c602f02,0,55,ZFM-02181
whisking,stim,0.14999999999999986,239.19465806360145,-24.03999004127334,91e629f5-f161-44e4-8dd0-15954c602f02,0,55,ZFM-02181
whisking,stim,0.24999999999999983,275.84097338016943,12.606325275294637,91e629f5-f161-44e4-8dd0-15954c602f02,0,55,ZFM-02181
whisking,stim,0.3499999999999998,322.914325848751,59.6796777438762,91e629f5-f161-44e4-8dd0-15954c602f02,0,55,ZFM-02181
whisking,stim,0.4499999999999998,352.903732332452,89.66908422757723,91e629f5-f161-44e4-8dd0-15954c602f02,0,55,ZFM-02181
whisking,stim,0.5499999999999998,353.8131498457815,90.57850174090669,91e629f5-f161-44e4-8dd0-15954c602f02,0,55,ZFM-02181
whisking,stim,0.6499999999999998,352.9005912587108,89.665943153836,91e629f5-f161-44e4-8dd0-15954c602f02,0,55,ZFM-02181
whisking,stim,0.7499999999999998,358.389685796336,95.15503769146119,91e629f5-f161-44e4-8dd0-15954c602f02,0,55,ZFM-02181
whisking,stim,0.8499999999999998,374.3519224318127,111.11727432693789,91e629f5-f161-44e4-8dd0-15954c602f02,0,55,ZFM-02181
whisking,stim,0.9499999999999997,380.50268805792797,117.26803995305318,91e629f5-f161-44e4-8dd0-15954c602f02,0,55,ZFM-02181
whisking,stim,1.0499999999999996,393.7062231864422,130.47157508156738,91e629f5-f161-44e4-8dd0-15954c602f02,0,55,ZFM-02181
whisking,stim,1.1499999999999997,403.1021361475183,139.86748804264352,91e629f5-f161-44e4-8dd0-15954c602f02,0,55,ZFM-02181
whisking,stim,1.2499999999999998,400.7250469469118,137.490398842037,91e629f5-f161-44e4-8dd0-15954c602f02,0,55,ZFM-02181
whisking,stim,1.3499999999999996,400.1721921173501,136.9375440124753,91e629f5-f161-44e4-8dd0-15954c602f02,0,55,ZFM-02181
whisking,stim,1.4499999999999995,393.51160885334923,130.27696074847444,91e629f5-f161-44e4-8dd0-15954c602f02,0,55,ZFM-02181
whisking,stim,1.5499999999999996,390.4866904037528,127.252042298878,91e629f5-f161-44e4-8dd0-15954c602f02,0,55,ZFM-02181
whisking,stim,1.6499999999999997,395.7991927107166,132.56454460584183,91e629f5-f161-44e4-8dd0-15954c602f02,0,55,ZFM-02181
whisking,stim,1.7499999999999996,410.2964181364604,147.06177003158558,91e629f5-f161-44e4-8dd0-15954c602f02,0,55,ZFM-02181
whisking,stim,1.8499999999999994,425.8855099777052,162.65086187283043,91e629f5-f161-44e4-8dd0-15954c602f02,0,55,ZFM-02181
whisking,stim,1.9499999999999995,421.6025818039855,158.36793369911072,91e629f5-f161-44e4-8dd0-15954c602f02,0,55,ZFM-02181
whisking,stim,2.0499999999999994,416.0943728880161,152.8597247831413,91e629f5-f161-44e4-8dd0-15954c602f02,0,55,ZFM-02181
whisking,stim,2.1499999999999995,417.9912230848983,154.75657498002352,91e629f5-f161-44e4-8dd0-15954c602f02,0,55,ZFM-02181
whisking,stim,2.249999999999999,425.82790457685786,162.59325647198307,91e629f5-f161-44e4-8dd0-15954c602f02,0,55,ZFM-02181
whisking,stim,2.349999999999999,435.89530109895355,172.66065299407876,91e629f5-f161-44e4-8dd0-15954c602f02,0,55,ZFM-02181
whisking,stim,2.4499999999999993,422.4702924445972,159.2356443397224,91e629f5-f161-44e4-8dd0-15954c602f02,0,55,ZFM-02181
whisking,stim,2.549999999999999,392.97585074174475,129.74120263686996,91e629f5-f161-44e4-8dd0-15954c602f02,0,55,ZFM-02181
whisking,stim,2.649999999999999,359.48006413036916,96.24541602549436,91e629f5-f161-44e4-8dd0-15954c602f02,0,55,ZFM-02181
whisking,stim,2.749999999999999,330.5201967461108,67.285548641236,91e629f5-f161-44e4-8dd0-15954c602f02,0,55,ZFM-02181
whisking,stim,2.849999999999999,319.13629072710415,55.90164262222936,91e629f5-f161-44e4-8dd0-15954c602f02,0,55,ZFM-02181
whisking,stim,2.9499999999999993,318.70945368978767,55.47480558491287,91e629f5-f161-44e4-8dd0-15954c602f02,0,55,ZFM-02181
whisking,stim,3.049999999999999,320.82443952723503,57.589791422360236,91e629f5-f161-44e4-8dd0-15954c602f02,0,55,ZFM-02181
whisking,stim,3.149999999999999,324.2177684695319,60.98312036465711,91e629f5-f161-44e4-8dd0-15954c602f02,0,55,ZFM-02181
whisking,stim,3.249999999999999,324.4827968314301,61.248148726555314,91e629f5-f161-44e4-8dd0-15954c602f02,0,55,ZFM-02181
whisking,stim,3.3499999999999988,329.70438143036273,66.46973332548794,91e629f5-f161-44e4-8dd0-15954c602f02,0,55,ZFM-02181
whisking,stim,3.449999999999999,319.54557744196006,56.31092933708527,91e629f5-f161-44e4-8dd0-15954c602f02,0,55,ZFM-02181
whisking,stim,3.549999999999999,296.85491843519253,33.62027033031774,91e629f5-f161-44e4-8dd0-15954c602f02,0,55,ZFM-02181
whisking,stim,3.649999999999999,263.81498249154293,0.5803343866681416,91e629f5-f161-44e4-8dd0-15954c602f02,0,55,ZFM-02181
whisking,stim,3.749999999999999,252.6424327857695,-10.592215319105293,91e629f5-f161-44e4-8dd0-15954c602f02,0,55,ZFM-02181
whisking,stim,3.8499999999999988,248.46090662691822,-14.773741477956577,91e629f5-f161-44e4-8dd0-15954c602f02,0,55,ZFM-02181
whisking,stim,3.949999999999999,256.93297796147243,-6.301670143402362,91e629f5-f161-44e4-8dd0-15954c602f02,0,55,ZFM-02181
whisking,no_stim,-0.45,309.01171066006077,74.37990669923343,91e629f5-f161-44e4-8dd0-15954c602f02,0,72,ZFM-02181
whisking,no_stim,-0.35000000000000003,253.16527153769,18.53346757686265,91e629f5-f161-44e4-8dd0-15954c602f02,0,72,ZFM-02181
whisking,no_stim,-0.25000000000000006,220.29226377787694,-14.339540182950401,91e629f5-f161-44e4-8dd0-15954c602f02,0,72,ZFM-02181
whisking,no_stim,-0.15000000000000008,199.41476293902335,-35.21704102180399,91e629f5-f161-44e4-8dd0-15954c602f02,0,72,ZFM-02181
whisking,no_stim,-0.050000000000000086,191.27501088948554,-43.3567930713418,91e629f5-f161-44e4-8dd0-15954c602f02,0,72,ZFM-02181
whisking,no_stim,0.04999999999999989,206.18929958196475,-28.442504378862594,91e629f5-f161-44e4-8dd0-15954c602f02,0,72,ZFM-02181
whisking,no_stim,0.14999999999999986,233.0690710276934,-1.5627329331339297,91e629f5-f161-44e4-8dd0-15954c602f02,0,72,ZFM-02181
whisking,no_stim,0.24999999999999983,274.0034893183835,39.371685357556174,91e629f5-f161-44e4-8dd0-15954c602f02,0,72,ZFM-02181
whisking,no_stim,0.3499999999999998,314.36312979988355,79.73132583905621,91e629f5-f161-44e4-8dd0-15954c602f02,0,72,ZFM-02181
whisking,no_stim,0.4499999999999998,353.72841828816695,119.09661432733961,91e629f5-f161-44e4-8dd0-15954c602f02,0,72,ZFM-02181
whisking,no_stim,0.5499999999999998,373.32619803706865,138.6943940762413,91e629f5-f161-44e4-8dd0-15954c602f02,0,72,ZFM-02181
whisking,no_stim,0.6499999999999998,386.7230191035353,152.09121514270797,91e629f5-f161-44e4-8dd0-15954c602f02,0,72,ZFM-02181
whisking,no_stim,0.7499999999999998,409.5888539735239,174.95705001269656,91e629f5-f161-44e4-8dd0-15954c602f02,0,72,ZFM-02181
whisking,no_stim,0.8499999999999998,434.54184709219396,199.91004313136662,91e629f5-f161-44e4-8dd0-15954c602f02,0,72,ZFM-02181
whisking,no_stim,0.9499999999999997,451.14038681015296,216.50858284932562,91e629f5-f161-44e4-8dd0-15954c602f02,0,72,ZFM-02181
whisking,no_stim,1.0499999999999996,461.68166193893205,227.0498579781047,91e629f5-f161-44e4-8dd0-15954c602f02,0,72,ZFM-02181
whisking,no_stim,1.1499999999999997,471.50888277978004,236.8770788189527,91e629f5-f161-44e4-8dd0-15954c602f02,0,72,ZFM-02181
whisking,no_stim,1.2499999999999998,479.06016525864004,244.4283612978127,91e629f5-f161-44e4-8dd0-15954c602f02,0,72,ZFM-02181
whisking,no_stim,1.3499999999999996,483.21622193664956,248.58441797582222,91e629f5-f161-44e4-8dd0-15954c602f02,0,72,ZFM-02181
whisking,no_stim,1.4499999999999995,480.7001708376088,246.06836687678148,91e629f5-f161-44e4-8dd0-15954c602f02,0,72,ZFM-02181
whisking,no_stim,1.5499999999999996,475.76658173458395,241.1347777737566,91e629f5-f161-44e4-8dd0-15954c602f02,0,72,ZFM-02181
whisking,no_stim,1.6499999999999997,473.6022761150273,238.97047215419994,91e629f5-f161-44e4-8dd0-15954c602f02,0,72,ZFM-02181
whisking,no_stim,1.7499999999999996,475.0831356688462,240.45133170801884,91e629f5-f161-44e4-8dd0-15954c602f02,0,72,ZFM-02181
whisking,no_stim,1.8499999999999994,477.58323842419094,242.9514344633636,91e629f5-f161-44e4-8dd0-15954c602f02,0,72,ZFM-02181
whisking,no_stim,1.9499999999999995,477.8147845743906,243.18298061356327,91e629f5-f161-44e4-8dd0-15954c602f02,0,72,ZFM-02181
whisking,no_stim,2.0499999999999994,483.55975200498403,248.9279480441567,91e629f5-f161-44e4-8dd0-15954c602f02,0,72,ZFM-02181
whisking,no_stim,2.1499999999999995,494.0759454599731,259.44414149914576,91e629f5-f161-44e4-8dd0-15954c602f02,0,72,ZFM-02181
whisking,no_stim,2.249999999999999,509.176320793835,274.5445168330076,91e629f5-f161-44e4-8dd0-15954c602f02,0,72,ZFM-02181
whisking,no_stim,2.349999999999999,509.39566065218474,274.76385669135743,91e629f5-f161-44e4-8dd0-15954c602f02,0,72,ZFM-02181
whisking,no_stim,2.4499999999999993,495.4896485215206,260.85784456069325,91e629f5-f161-44e4-8dd0-15954c602f02,0,72,ZFM-02181
whisking,no_stim,2.549999999999999,484.6470118884374,250.01520792761008,91e629f5-f161-44e4-8dd0-15954c602f02,0,72,ZFM-02181
whisking,no_stim,2.649999999999999,488.3713296984727,253.73952573764538,91e629f5-f161-44e4-8dd0-15954c602f02,0,72,ZFM-02181
whisking,no_stim,2.749999999999999,494.09144400764194,259.45964004681457,91e629f5-f161-44e4-8dd0-15954c602f02,0,72,ZFM-02181
whisking,no_stim,2.849999999999999,490.96053041086026,256.32872645003295,91e629f5-f161-44e4-8dd0-15954c602f02,0,72,ZFM-02181
whisking,no_stim,2.9499999999999993,482.6662470121776,248.03444305135028,91e629f5-f161-44e4-8dd0-15954c602f02,0,72,ZFM-02181
whisking,no_stim,3.049999999999999,471.75592430815493,237.1241203473276,91e629f5-f161-44e4-8dd0-15954c602f02,0,72,ZFM-02181
whisking,no_stim,3.149999999999999,463.11459771653944,228.4827937557121,91e629f5-f161-44e4-8dd0-15954c602f02,0,72,ZFM-02181
whisking,no_stim,3.249999999999999,456.7788966766773,222.14709271584994,91e629f5-f161-44e4-8dd0-15954c602f02,0,72,ZFM-02181
whisking,no_stim,3.3499999999999988,447.6071898233517,212.97538586252435,91e629f5-f161-44e4-8dd0-15954c602f02,0,72,ZFM-02181
whisking,no_stim,3.449999999999999,435.6788307816328,201.04702682080548,91e629f5-f161-44e4-8dd0-15954c602f02,0,72,ZFM-02181
whisking,no_stim,3.549999999999999,420.0830795196777,185.45127555885037,91e629f5-f161-44e4-8dd0-15954c602f02,0,72,ZFM-02181
whisking,no_stim,3.649999999999999,399.0731235123798,164.44131955155248,91e629f5-f161-44e4-8dd0-15954c602f02,0,72,ZFM-02181
whisking,no_stim,3.749999999999999,399.9639476318324,165.33214367100507,91e629f5-f161-44e4-8dd0-15954c602f02,0,72,ZFM-02181
whisking,no_stim,3.8499999999999988,396.48401624990447,161.85221228907713,91e629f5-f161-44e4-8dd0-15954c602f02,0,72,ZFM-02181
whisking,no_stim,3.949999999999999,395.30001038014365,160.6682064193163,91e629f5-f161-44e4-8dd0-15954c602f02,0,72,ZFM-02181
whisking,stim,-0.45,324.6661530025703,77.43132823503959,299bf322-e039-4444-8f04-67fde247ae5e,0,92,ZFM-02181
whisking,stim,-0.35000000000000003,268.6385851966425,21.4037604291118,299bf322-e039-4444-8f04-67fde247ae5e,0,92,ZFM-02181
whisking,stim,-0.25000000000000006,231.71845555067398,-15.51636921685673,299bf322-e039-4444-8f04-67fde247ae5e,0,92,ZFM-02181
whisking,stim,-0.15000000000000008,208.87611587300822,-38.35870889452249,299bf322-e039-4444-8f04-67fde247ae5e,0,92,ZFM-02181
whisking,stim,-0.050000000000000086,202.2748142147583,-44.96001055277242,299bf322-e039-4444-8f04-67fde247ae5e,0,92,ZFM-02181
whisking,stim,0.04999999999999989,207.51219747764773,-39.72262728988298,299bf322-e039-4444-8f04-67fde247ae5e,0,92,ZFM-02181
whisking,stim,0.14999999999999986,217.71036385186034,-29.524460915670375,299bf322-e039-4444-8f04-67fde247ae5e,0,92,ZFM-02181
whisking,stim,0.24999999999999983,224.36186370651617,-22.872961061014536,299bf322-e039-4444-8f04-67fde247ae5e,0,92,ZFM-02181
whisking,stim,0.3499999999999998,225.17380314174304,-22.061021625787674,299bf322-e039-4444-8f04-67fde247ae5e,0,92,ZFM-02181
whisking,stim,0.4499999999999998,232.0577250138079,-15.177099753722814,299bf322-e039-4444-8f04-67fde247ae5e,0,92,ZFM-02181
whisking,stim,0.5499999999999998,244.23135678077588,-3.0034679867548277,299bf322-e039-4444-8f04-67fde247ae5e,0,92,ZFM-02181
whisking,stim,0.6499999999999998,259.36383164193694,12.12900687440623,299bf322-e039-4444-8f04-67fde247ae5e,0,92,ZFM-02181
whisking,stim,0.7499999999999998,270.87313673421136,23.638311966680646,299bf322-e039-4444-8f04-67fde247ae5e,0,92,ZFM-02181
whisking,stim,0.8499999999999998,270.5453355963829,23.310510828852216,299bf322-e039-4444-8f04-67fde247ae5e,0,92,ZFM-02181
whisking,stim,0.9499999999999997,277.02786926110406,29.793044493573348,299bf322-e039-4444-8f04-67fde247ae5e,0,92,ZFM-02181
whisking,stim,1.0499999999999996,282.795439035074,35.560614267543315,299bf322-e039-4444-8f04-67fde247ae5e,0,92,ZFM-02181
whisking,stim,1.1499999999999997,290.401298904816,43.16647413728526,299bf322-e039-4444-8f04-67fde247ae5e,0,92,ZFM-02181
whisking,stim,1.2499999999999998,296.37275588319613,49.137931115665424,299bf322-e039-4444-8f04-67fde247ae5e,0,92,ZFM-02181
whisking,stim,1.3499999999999996,299.34264288737177,52.107818119841056,299bf322-e039-4444-8f04-67fde247ae5e,0,92,ZFM-02181
whisking,stim,1.4499999999999995,304.794407491935,57.559582724404265,299bf322-e039-4444-8f04-67fde247ae5e,0,92,ZFM-02181
whisking,stim,1.5499999999999996,306.8439287433907,59.609103975859966,299bf322-e039-4444-8f04-67fde247ae5e,0,92,ZFM-02181
whisking,stim,1.6499999999999997,315.2881328843131,68.05330811678238,299bf322-e039-4444-8f04-67fde247ae5e,0,92,ZFM-02181
whisking,stim,1.7499999999999996,331.16337632866214,83.92855156113143,299bf322-e039-4444-8f04-67fde247ae5e,0,92,ZFM-02181
whisking,stim,1.8499999999999994,347.73224156423885,100.49741679670814,299bf322-e039-4444-8f04-67fde247ae5e,0,92,ZFM-02181
whisking,stim,1.9499999999999995,355.1956494828684,107.96082471533771,299bf322-e039-4444-8f04-67fde247ae5e,0,92,ZFM-02181
whisking,stim,2.0499999999999994,367.1437389091596,119.90891414162888,299bf322-e039-4444-8f04-67fde247ae5e,0,92,ZFM-02181
whisking,stim,2.1499999999999995,374.45169198251557,127.21686721498486,299bf322-e039-4444-8f04-67fde247ae5e,0,92,ZFM-02181
whisking,stim,2.249999999999999,383.11995379451116,135.88512902698045,299bf322-e039-4444-8f04-67fde247ae5e,0,92,ZFM-02181
whisking,stim,2.349999999999999,400.1488743250343,152.91404955750357,299bf322-e039-4444-8f04-67fde247ae5e,0,92,ZFM-02181
whisking,stim,2.4499999999999993,420.36955212948794,173.13472736195723,299bf322-e039-4444-8f04-67fde247ae5e,0,92,ZFM-02181
whisking,stim,2.549999999999999,423.6014451178333,176.36662035030258,299bf322-e039-4444-8f04-67fde247ae5e,0,92,ZFM-02181
whisking,stim,2.649999999999999,414.1822386539316,166.9474138864009,299bf322-e039-4444-8f04-67fde247ae5e,0,92,ZFM-02181
whisking,stim,2.749999999999999,407.4372083263838,160.2023835588531,299bf322-e039-4444-8f04-67fde247ae5e,0,92,ZFM-02181
whisking,stim,2.849999999999999,414.29984607256375,167.06502130503304,299bf322-e039-4444-8f04-67fde247ae5e,0,92,ZFM-02181
whisking,stim,2.9499999999999993,418.7067459827526,171.47192121522187,299bf322-e039-4444-8f04-67fde247ae5e,0,92,ZFM-02181
whisking,stim,3.049999999999999,408.21321780419726,160.97839303666655,299bf322-e039-4444-8f04-67fde247ae5e,0,92,ZFM-02181
whisking,stim,3.149999999999999,398.9274434744675,151.6926187069368,299bf322-e039-4444-8f04-67fde247ae5e,0,92,ZFM-02181
whisking,stim,3.249999999999999,403.19435984318443,155.95953507565372,299bf322-e039-4444-8f04-67fde247ae5e,0,92,ZFM-02181
whisking,stim,3.3499999999999988,428.6090263229222,181.3742015553915,299bf322-e039-4444-8f04-67fde247ae5e,0,92,ZFM-02181
whisking,stim,3.449999999999999,440.9743649837721,193.73954021624138,299bf322-e039-4444-8f04-67fde247ae5e,0,92,ZFM-02181
whisking,stim,3.549999999999999,427.45656449654336,180.22173972901265,299bf322-e039-4444-8f04-67fde247ae5e,0,92,ZFM-02181
whisking,stim,3.649999999999999,405.80873955713594,158.57391478960523,299bf322-e039-4444-8f04-67fde247ae5e,0,92,ZFM-02181
whisking,stim,3.749999999999999,402.7187350041575,155.4839102366268,299bf322-e039-4444-8f04-67fde247ae5e,0,92,ZFM-02181
whisking,stim,3.8499999999999988,412.2147210147834,164.97989624725267,299bf322-e039-4444-8f04-67fde247ae5e,0,92,ZFM-02181
whisking,stim,3.949999999999999,416.65928879224157,169.42446402471086,299bf322-e039-4444-8f04-67fde247ae5e,0,92,ZFM-02181
whisking,no_stim,-0.45,327.90653820322774,65.64595713221678,299bf322-e039-4444-8f04-67fde247ae5e,0,111,ZFM-02181
whisking,no_stim,-0.35000000000000003,271.17809033846527,8.917509267454307,299bf322-e039-4444-8f04-67fde247ae5e,0,111,ZFM-02181
whisking,no_stim,-0.25000000000000006,241.31916202994347,-20.94141904106749,299bf322-e039-4444-8f04-67fde247ae5e,0,111,ZFM-02181
whisking,no_stim,-0.15000000000000008,238.25761863606522,-24.002962434945744,299bf322-e039-4444-8f04-67fde247ae5e,0,111,ZFM-02181
whisking,no_stim,-0.050000000000000086,232.64149614735285,-29.619084923658107,299bf322-e039-4444-8f04-67fde247ae5e,0,111,ZFM-02181
whisking,no_stim,0.04999999999999989,220.1349534449115,-42.12562762609946,299bf322-e039-4444-8f04-67fde247ae5e,0,111,ZFM-02181
whisking,no_stim,0.14999999999999986,224.93691069494716,-37.3236703760638,299bf322-e039-4444-8f04-67fde247ae5e,0,111,ZFM-02181
whisking,no_stim,0.24999999999999983,257.39787569540664,-4.862705375604321,299bf322-e039-4444-8f04-67fde247ae5e,0,111,ZFM-02181
whisking,no_stim,0.3499999999999998,304.17867630115694,41.91809523014598,299bf322-e039-4444-8f04-67fde247ae5e,0,111,ZFM-02181
whisking,no_stim,0.4499999999999998,333.8866880709009,71.62610699988994,299bf322-e039-4444-8f04-67fde247ae5e,0,111,ZFM-02181
whisking,no_stim,0.5499999999999998,349.9482961251448,87.68771505413383,299bf322-e039-4444-8f04-67fde247ae5e,0,111,ZFM-02181
whisking,no_stim,0.6499999999999998,354.76595393902045,92.50537286800949,299bf322-e039-4444-8f04-67fde247ae5e,0,111,ZFM-02181
whisking,no_stim,0.7499999999999998,361.11821814144326,98.8576370704323,299bf322-e039-4444-8f04-67fde247ae5e,0,111,ZFM-02181
whisking,no_stim,0.8499999999999998,365.5719817122561,103.31140064124514,299bf322-e039-4444-8f04-67fde247ae5e,0,111,ZFM-02181
whisking,no_stim,0.9499999999999997,377.2848825290476,115.02430145803663,299bf322-e039-4444-8f04-67fde247ae5e,0,111,ZFM-02181
whisking,no_stim,1.0499999999999996,394.0347847385391,131.77420366752813,299bf322-e039-4444-8f04-67fde247ae5e,0,111,ZFM-02181
whisking,no_stim,1.1499999999999997,418.1895987906236,155.92901771961266,299bf322-e039-4444-8f04-67fde247ae5e,0,111,ZFM-02181
whisking,no_stim,1.2499999999999998,441.0143113792221,178.75373030821112,299bf322-e039-4444-8f04-67fde247ae5e,0,111,ZFM-02181
whisking,no_stim,1.3499999999999996,454.3840257607532,192.12344468974226,299bf322-e039-4444-8f04-67fde247ae5e,0,111,ZFM-02181
whisking,no_stim,1.4499999999999995,461.2201248732569,198.95954380224595,299bf322-e039-4444-8f04-67fde247ae5e,0,111,ZFM-02181
whisking,no_stim,1.5499999999999996,471.6811490502795,209.42056797926853,299bf322-e039-4444-8f04-67fde247ae5e,0,111,ZFM-02181
whisking,no_stim,1.6499999999999997,474.68008592014223,212.41950484913127,299bf322-e039-4444-8f04-67fde247ae5e,0,111,ZFM-02181
whisking,no_stim,1.7499999999999996,474.34759264509194,212.08701157408098,299bf322-e039-4444-8f04-67fde247ae5e,0,111,ZFM-02181
whisking,no_stim,1.8499999999999994,468.13884811143237,205.8782670404214,299bf322-e039-4444-8f04-67fde247ae5e,0,111,ZFM-02181
whisking,no_stim,1.9499999999999995,473.7733027386675,211.51272166765654,299bf322-e039-4444-8f04-67fde247ae5e,0,111,ZFM-02181
whisking,no_stim,2.0499999999999994,480.6753787989677,218.41479772795674,299bf322-e039-4444-8f04-67fde247ae5e,0,111,ZFM-02181
whisking,no_stim,2.1499999999999995,488.9995669129995,226.73898584198855,299bf322-e039-4444-8f04-67fde247ae5e,0,111,ZFM-02181
whisking,no_stim,2.249999999999999,490.9610488546148,228.7004677836038,299bf322-e039-4444-8f04-67fde247ae5e,0,111,ZFM-02181
whisking,no_stim,2.349999999999999,492.06704130605465,229.8064602350437,299bf322-e039-4444-8f04-67fde247ae5e,0,111,ZFM-02181
whisking,no_stim,2.4499999999999993,490.7531323690992,228.49255129808824,299bf322-e039-4444-8f04-67fde247ae5e,0,111,ZFM-02181
whisking,no_stim,2.549999999999999,479.62364766212306,217.3630665911121,299bf322-e039-4444-8f04-67fde247ae5e,0,111,ZFM-02181
whisking,no_stim,2.649999999999999,468.5978566776064,206.33727560659543,299bf322-e039-4444-8f04-67fde247ae5e,0,111,ZFM-02181
whisking,no_stim,2.749999999999999,448.1001818298684,185.83960075885744,299bf322-e039-4444-8f04-67fde247ae5e,0,111,ZFM-02181
whisking,no_stim,2.849999999999999,435.94810827890353,173.68752720789257,299bf322-e039-4444-8f04-67fde247ae5e,0,111,ZFM-02181
whisking,no_stim,2.9499999999999993,423.76479520995906,161.5042141389481,299bf322-e039-4444-8f04-67fde247ae5e,0,111,ZFM-02181
whisking,no_stim,3.049999999999999,418.35655204694706,156.0959709759361,299bf322-e039-4444-8f04-67fde247ae5e,0,111,ZFM-02181
whisking,no_stim,3.149999999999999,416.7034502685854,154.44286919757445,299bf322-e039-4444-8f04-67fde247ae5e,0,111,ZFM-02181
whisking,no_stim,3.249999999999999,416.011874494471,153.75129342346003,299bf322-e039-4444-8f04-67fde247ae5e,0,111,ZFM-02181
whisking,no_stim,3.3499999999999988,417.0283093574013,154.76772828639037,299bf322-e039-4444-8f04-67fde247ae5e,0,111,ZFM-02181
whisking,no_stim,3.449999999999999,408.41254576988047,146.1519646988695,299bf322-e039-4444-8f04-67fde247ae5e,0,111,ZFM-02181
whisking,no_stim,3.549999999999999,402.308833892269,140.04825282125802,299bf322-e039-4444-8f04-67fde247ae5e,0,111,ZFM-02181
whisking,no_stim,3.649999999999999,398.3168160144988,136.05623494348782,299bf322-e039-4444-8f04-67fde247ae5e,0,111,ZFM-02181
whisking,no_stim,3.749999999999999,398.7105718779759,136.44999080696493,299bf322-e039-4444-8f04-67fde247ae5e,0,111,ZFM-02181
whisking,no_stim,3.8499999999999988,402.8062268894565,140.54564581844556,299bf322-e039-4444-8f04-67fde247ae5e,0,111,ZFM-02181
whisking,no_stim,3.949999999999999,395.34755348044337,133.0869724094324,299bf322-e039-4444-8f04-67fde247ae5e,0,111,ZFM-02181
