coef_choice,coef_stim,coef_interaction,p_choice,p_stim,p_interaction,eid,pid,probe,subject,date,neuron_id,acronym
0.06464414682506844,-0.7884754475576278,-0.0008020935055205111,0.4213116328269514,6.72501218525864e-08,0.9956183556307513,dfa58635-10b6-48d2-b77b-c4022ad0899a,227781ff-b3d4-4380-bfed-00942195ca62,probe00,ZFM-05170,2022-12-08,50,MB
0.03078392028842805,0.10893183276595615,-0.18751655292068184,0.23028660033483772,0.002623366308614004,2.2275035918107813e-07,dfa58635-10b6-48d2-b77b-c4022ad0899a,227781ff-b3d4-4380-bfed-00942195ca62,probe00,ZFM-05170,2022-12-08,143,PAG
-0.05918964625307917,-0.43908726594734004,-0.17984677239401226,0.16901926358702724,7.323110328347635e-10,0.011647207075007118,dfa58635-10b6-48d2-b77b-c4022ad0899a,227781ff-b3d4-4380-bfed-00942195ca62,probe00,ZFM-05170,2022-12-08,394,PAG
0.24340397556881327,0.6844585303040864,-0.17129329036608557,2.0242188937867677e-06,3.028848849752947e-27,0.006814910659967083,dfa58635-10b6-48d2-b77b-c4022ad0899a,227781ff-b3d4-4380-bfed-00942195ca62,probe00,ZFM-05170,2022-12-08,395,PAG
0.053226724465256725,0.006943171840538637,-0.006930331051343809,3.0984512954310734e-06,0.6701722112469558,0.6707462953719552,dfa58635-10b6-48d2-b77b-c4022ad0899a,227781ff-b3d4-4380-bfed-00942195ca62,probe00,ZFM-05170,2022-12-08,489,PAG
-0.14029548801332126,-0.08708058301147052,-0.029612168966866158,9.840780744466576e-18,0.000301240294549947,0.21905809269159282,dfa58635-10b6-48d2-b77b-c4022ad0899a,227781ff-b3d4-4380-bfed-00942195ca62,probe00,ZFM-05170,2022-12-08,854,SCig
-0.03400593201931883,-0.003368136723300094,0.05646590262458322,0.06307296637579364,0.8975180713680199,0.030830673618922676,dfa58635-10b6-48d2-b77b-c4022ad0899a,227781ff-b3d4-4380-bfed-00942195ca62,probe00,ZFM-05170,2022-12-08,901,SCig
-0.10418600256933148,-0.020087898491126653,0.14072250504858508,0.018195459707030497,0.7499657887689628,0.025582447252109113,dfa58635-10b6-48d2-b77b-c4022ad0899a,227781ff-b3d4-4380-bfed-00942195ca62,probe00,ZFM-05170,2022-12-08,939,SCop
0.02614428235243208,-0.026961147008021664,0.0172942503984026,0.09555538045444485,0.23262762301605489,0.4438863993743164,dfa58635-10b6-48d2-b77b-c4022ad0899a,227781ff-b3d4-4380-bfed-00942195ca62,probe00,ZFM-05170,2022-12-08,1340,RSPagl2/3
-0.3152977528525468,0.0041602969768421705,-0.03611401907782702,2.2076544395930563e-27,0.9211147300470451,0.389987398232131,dfa58635-10b6-48d2-b77b-c4022ad0899a,227781ff-b3d4-4380-bfed-00942195ca62,probe00,ZFM-05170,2022-12-08,1425,PAG
-0.07505681792382572,0.09355823553182249,0.0003900659829160144,0.032513136948078995,0.0570418635131424,0.9936696453283984,dfa58635-10b6-48d2-b77b-c4022ad0899a,227781ff-b3d4-4380-bfed-00942195ca62,probe00,ZFM-05170,2022-12-08,1455,RSPv2/3
0.026219690470450353,-0.10529412409105392,0.008097401595002565,7.316844002124434e-05,2.53352807088865e-27,0.4050082032467238,dfa58635-10b6-48d2-b77b-c4022ad0899a,99d3a9fd-4fdd-4dba-a380-1dfecdb0675a,probe01,ZFM-05170,2022-12-08,372,MRN
0.006046618953769067,-0.04294245612841427,0.007916217614023044,0.7074048390988453,0.06547587622131795,0.7341862719043268,dfa58635-10b6-48d2-b77b-c4022ad0899a,99d3a9fd-4fdd-4dba-a380-1dfecdb0675a,probe01,ZFM-05170,2022-12-08,513,APN
0.15462983654816398,-0.5244195185455756,-0.44703285493015466,0.133823858808989,0.0032828931142499383,0.012207351369979708,dfa58635-10b6-48d2-b77b-c4022ad0899a,99d3a9fd-4fdd-4dba-a380-1dfecdb0675a,probe01,ZFM-05170,2022-12-08,1355,SCsg
0.05380496048047409,0.10552311486271329,-0.06470629566970432,0.027104562796034008,0.003304705236229383,0.07162545101745837,2d93903c-d02b-4e0d-9218-681f2884598d,30d9dfa6-6b48-4b6a-9407-d930dfc93fb1,probe01,ZFM-05170,2022-12-07,86,PIR
-0.021592613088242715,0.06867260191291678,0.031718947150041726,0.16637876579803546,0.0031289230864919083,0.17232445002103525,2d93903c-d02b-4e0d-9218-681f2884598d,30d9dfa6-6b48-4b6a-9407-d930dfc93fb1,probe01,ZFM-05170,2022-12-07,106,PIR
-0.0026318362211908766,0.06258068846177396,-0.0452705520261337,0.8834204850536096,0.01991494809660543,0.09217691039502443,2d93903c-d02b-4e0d-9218-681f2884598d,30d9dfa6-6b48-4b6a-9407-d930dfc93fb1,probe01,ZFM-05170,2022-12-07,144,PIR
-0.11334583821654022,-0.05107936065167806,-0.027922608725103867,0.05048625205250926,0.5717176493957525,0.7572117301250194,2d93903c-d02b-4e0d-9218-681f2884598d,30d9dfa6-6b48-4b6a-9407-d930dfc93fb1,probe01,ZFM-05170,2022-12-07,298,EPd
-0.1463505066389783,-0.6668648079716897,0.05243885837321982,0.006407466432514452,5.700931217183762e-11,0.6064363938995978,2d93903c-d02b-4e0d-9218-681f2884598d,30d9dfa6-6b48-4b6a-9407-d930dfc93fb1,probe01,ZFM-05170,2022-12-07,372,EPd
0.03078039809974205,0.3313493995629281,0.03777220817483927,0.38864031044543,2.2687137679044733e-11,0.4458494612703412,2d93903c-d02b-4e0d-9218-681f2884598d,30d9dfa6-6b48-4b6a-9407-d930dfc93fb1,probe01,ZFM-05170,2022-12-07,404,OLF
0.04972048389940892,-0.1108290465896189,-0.01603247441231149,9.064784766461352e-05,2.4428494711130896e-08,0.41977655823907456,2d93903c-d02b-4e0d-9218-681f2884598d,30d9dfa6-6b48-4b6a-9407-d930dfc93fb1,probe01,ZFM-05170,2022-12-07,416,OLF
-0.2068633693675539,-0.4203561914832453,0.09967906702000852,0.00013119109823300434,7.71989372724331e-06,0.2888548571873327,2d93903c-d02b-4e0d-9218-681f2884598d,30d9dfa6-6b48-4b6a-9407-d930dfc93fb1,probe01,ZFM-05170,2022-12-07,484,ORBl5
-0.07667518342659674,-0.598913169624089,-0.0039738106227226195,0.0034885356988797914,6.978348093672525e-35,0.9348450514746911,2d93903c-d02b-4e0d-9218-681f2884598d,30d9dfa6-6b48-4b6a-9407-d930dfc93fb1,probe01,ZFM-05170,2022-12-07,568,ORBl2/3
-0.14236200775583843,0.5816307835241673,0.04771452418503985,0.04140403910473484,2.8381532297789316e-10,0.6048560458648433,2d93903c-d02b-4e0d-9218-681f2884598d,30d9dfa6-6b48-4b6a-9407-d930dfc93fb1,probe01,ZFM-05170,2022-12-07,622,ORBl5
0.033208008625431155,-0.010836098744288584,0.004655534698817934,0.0612522483611592,0.6878092333164876,0.8629352178319406,2d93903c-d02b-4e0d-9218-681f2884598d,30d9dfa6-6b48-4b6a-9407-d930dfc93fb1,probe01,ZFM-05170,2022-12-07,649,ORBl5
-0.037450654086559364,0.049840668585801925,0.025060639587315865,0.3815503802071052,0.4373645818562307,0.6961580312014016,2d93903c-d02b-4e0d-9218-681f2884598d,30d9dfa6-6b48-4b6a-9407-d930dfc93fb1,probe01,ZFM-05170,2022-12-07,691,ORBl5
0.09919601341327962,-0.1723041743031647,-0.06140979964196203,0.23759638344976952,0.1971784471435004,0.6457823330827239,2d93903c-d02b-4e0d-9218-681f2884598d,30d9dfa6-6b48-4b6a-9407-d930dfc93fb1,probe01,ZFM-05170,2022-12-07,745,ORBl5
-0.021632700687092568,-0.6023207171780228,-0.022142845290576425,0.17478298990525998,6.724777496929157e-93,0.45229655119965617,2d93903c-d02b-4e0d-9218-681f2884598d,30d9dfa6-6b48-4b6a-9407-d930dfc93fb1,probe01,ZFM-05170,2022-12-07,751,ORBl5
0.16883627208718513,-0.026207377390106226,-0.09174230707810012,1.2696784494573476e-09,0.534264553781447,0.02957967208088137,2d93903c-d02b-4e0d-9218-681f2884598d,30d9dfa6-6b48-4b6a-9407-d930dfc93fb1,probe01,ZFM-05170,2022-12-07,754,ORBl5
0.004798977763495582,-0.14040867171176957,0.08551362400939064,0.9567218665764183,0.31340677630335056,0.5392374322861504,2d93903c-d02b-4e0d-9218-681f2884598d,30d9dfa6-6b48-4b6a-9407-d930dfc93fb1,probe01,ZFM-05170,2022-12-07,855,ORBl6a
-0.0024565911339905384,-0.20721196342237072,-0.19640104731815583,0.9780947472182284,0.15970871212621074,0.18263235945344058,2d93903c-d02b-4e0d-9218-681f2884598d,30d9dfa6-6b48-4b6a-9407-d930dfc93fb1,probe01,ZFM-05170,2022-12-07,1109,FRP6a
-0.5097691086099425,-1.2432395464269268,0.011173968777867839,8.324235611315906e-12,1.1920253619148629e-11,0.9514008322945052,2d93903c-d02b-4e0d-9218-681f2884598d,30d9dfa6-6b48-4b6a-9407-d930dfc93fb1,probe01,ZFM-05170,2022-12-07,1118,MOs6a
0.1779984707609548,-0.5898256636155449,-0.01853353329947726,2.7179968595829452e-06,7.197503977968363e-18,0.7867003929342531,2d93903c-d02b-4e0d-9218-681f2884598d,30d9dfa6-6b48-4b6a-9407-d930dfc93fb1,probe01,ZFM-05170,2022-12-07,1153,MOs6a
-0.17675393937101602,-0.09694057861529486,-0.20391269816746233,4.647117358528103e-05,0.17037572333103967,0.003928236992933482,2d93903c-d02b-4e0d-9218-681f2884598d,30d9dfa6-6b48-4b6a-9407-d930dfc93fb1,probe01,ZFM-05170,2022-12-07,1232,MOs6a
0.012774606993538344,-0.7734019877795858,0.13349695288134272,0.8974225521316492,5.835319480048397e-05,0.4878175644204341,2d93903c-d02b-4e0d-9218-681f2884598d,30d9dfa6-6b48-4b6a-9407-d930dfc93fb1,probe01,ZFM-05170,2022-12-07,1287,MOs6a
-0.5757673450612247,-0.38262380606105695,-0.5671216422776072,6.0646521392948006e-09,0.06523056183310032,0.006282163189454904,2d93903c-d02b-4e0d-9218-681f2884598d,30d9dfa6-6b48-4b6a-9407-d930dfc93fb1,probe01,ZFM-05170,2022-12-07,1313,MOs6a
-0.4354901157974517,0.3344477469173205,0.07766334913649314,1.67438321579699e-28,1.646942236755522e-09,0.16148910665995186,2d93903c-d02b-4e0d-9218-681f2884598d,30d9dfa6-6b48-4b6a-9407-d930dfc93fb1,probe01,ZFM-05170,2022-12-07,1333,MOs6a
0.1021292348219678,0.09637486529734735,-0.08156448980191952,0.0006765706699535432,0.029580476350783785,0.06557488011775653,2d93903c-d02b-4e0d-9218-681f2884598d,30d9dfa6-6b48-4b6a-9407-d930dfc93fb1,probe01,ZFM-05170,2022-12-07,1483,PIR
0.07019845477457747,0.37099987011073654,-0.19325710627943468,0.13105817369364842,9.261461393748903e-09,0.0027719393494194137,2d93903c-d02b-4e0d-9218-681f2884598d,30d9dfa6-6b48-4b6a-9407-d930dfc93fb1,probe01,ZFM-05170,2022-12-07,1531,ORBl5
-0.011559435531880975,-0.15818736523913787,0.01464828712324654,0.5699563345817464,1.0272243194709936e-06,0.6509230381678554,2d93903c-d02b-4e0d-9218-681f2884598d,3dbad004-4cc5-42ad-a5a1-fba9e5fbcc41,probe00,ZFM-05170,2022-12-07,162,MD
0.13473408119908145,0.022701503063425266,-0.00022093807488004092,1.0479720810835771e-10,0.46668003707194927,0.9943477807439786,2d93903c-d02b-4e0d-9218-681f2884598d,3dbad004-4cc5-42ad-a5a1-fba9e5fbcc41,probe00,ZFM-05170,2022-12-07,191,CL
-0.02646120072717178,0.0756254476210451,0.01083362298231059,0.3703697289792275,0.08557927771206142,0.8054649687716635,2d93903c-d02b-4e0d-9218-681f2884598d,3dbad004-4cc5-42ad-a5a1-fba9e5fbcc41,probe00,ZFM-05170,2022-12-07,250,CL
0.28184793231429617,0.28880409454730555,-0.08533995077243337,1.3201999425738413e-47,6.58179959886018e-27,0.0015050814488970154,2d93903c-d02b-4e0d-9218-681f2884598d,3dbad004-4cc5-42ad-a5a1-fba9e5fbcc41,probe00,ZFM-05170,2022-12-07,342,CL
-0.093123237870408,0.030191835622386847,-0.0856107178050495,0.0008382803498390635,0.478835925604143,0.044635353227981234,2d93903c-d02b-4e0d-9218-681f2884598d,3dbad004-4cc5-42ad-a5a1-fba9e5fbcc41,probe00,ZFM-05170,2022-12-07,600,LP
0.002592614676438322,-0.08309295877448446,-0.07334984843081435,0.9094033619020994,0.019739397301518812,0.03959866474717241,2d93903c-d02b-4e0d-9218-681f2884598d,3dbad004-4cc5-42ad-a5a1-fba9e5fbcc41,probe00,ZFM-05170,2022-12-07,607,LP
0.07740533104123079,-0.3686284370153925,-0.02463820748700936,0.00297949280377456,6.256228782839468e-17,0.5763110332694135,2d93903c-d02b-4e0d-9218-681f2884598d,3dbad004-4cc5-42ad-a5a1-fba9e5fbcc41,probe00,ZFM-05170,2022-12-07,801,DG-po
0.039751092097596,0.1973314562299639,0.07960128671124689,0.3828753203921754,0.0024871018953999784,0.22238409549801907,2d93903c-d02b-4e0d-9218-681f2884598d,3dbad004-4cc5-42ad-a5a1-fba9e5fbcc41,probe00,ZFM-05170,2022-12-07,915,DG-sg
-0.04868708201258831,-0.05780821171264453,-0.06348466971746039,0.05691858850264212,0.14696872547697987,0.11121943509264869,2d93903c-d02b-4e0d-9218-681f2884598d,3dbad004-4cc5-42ad-a5a1-fba9e5fbcc41,probe00,ZFM-05170,2022-12-07,1109,CA1
-0.00288119289880992,-0.15207705905090754,-0.04967138640523725,0.896590776265506,1.693247459372397e-05,0.15999382036730592,2d93903c-d02b-4e0d-9218-681f2884598d,3dbad004-4cc5-42ad-a5a1-fba9e5fbcc41,probe00,ZFM-05170,2022-12-07,1114,CA1
0.27089235314617466,-0.09673185904541787,-0.04336132852240583,0.0025843672461198304,0.4822646898026586,0.7527778060302596,2d93903c-d02b-4e0d-9218-681f2884598d,3dbad004-4cc5-42ad-a5a1-fba9e5fbcc41,probe00,ZFM-05170,2022-12-07,1128,CA1
-0.370797650809683,-0.2086293463546055,-0.05506247366262658,1.3888942394472069e-28,0.00019727547625535328,0.32587570189646153,2d93903c-d02b-4e0d-9218-681f2884598d,3dbad004-4cc5-42ad-a5a1-fba9e5fbcc41,probe00,ZFM-05170,2022-12-07,1509,LP
0.08411949432776376,0.06122736834719494,-0.21068099867462262,0.20778526289222732,0.5426264811758659,0.03616960019457399,2d93903c-d02b-4e0d-9218-681f2884598d,3dbad004-4cc5-42ad-a5a1-fba9e5fbcc41,probe00,ZFM-05170,2022-12-07,1534,alv
0.025646647193775872,-0.06857682550999841,0.01611325597425827,0.23756517034475677,0.0365495457106715,0.6232435308650583,401dc15a-96d1-47a9-81f5-bebdfcd2465d,985707c8-27a6-4f20-b08b-8e60b3e8b00b,probe00,ZFM-05170,2022-12-06,39,TTd
-0.21920342060157433,-0.05412457041396924,0.18922168821779514,0.0049374076909748585,0.6472591223698326,0.10966641260424999,401dc15a-96d1-47a9-81f5-bebdfcd2465d,985707c8-27a6-4f20-b08b-8e60b3e8b00b,probe00,ZFM-05170,2022-12-06,109,TTd
-0.15076827365653778,0.30110754205328555,-0.11301562879799487,0.2700028922877076,0.10689925250798656,0.5450825800601515,401dc15a-96d1-47a9-81f5-bebdfcd2465d,985707c8-27a6-4f20-b08b-8e60b3e8b00b,probe00,ZFM-05170,2022-12-06,117,TTd
-0.13538244432802535,0.5571753820876303,0.09262135760447801,0.15862043118087688,8.355498613150936e-06,0.4588659914801323,401dc15a-96d1-47a9-81f5-bebdfcd2465d,985707c8-27a6-4f20-b08b-8e60b3e8b00b,probe00,ZFM-05170,2022-12-06,126,TTd
0.1374715233371784,0.5831601922834782,-0.42583993769493955,0.2876050614151442,0.0003611182777801924,0.009195224115471258,401dc15a-96d1-47a9-81f5-bebdfcd2465d,985707c8-27a6-4f20-b08b-8e60b3e8b00b,probe00,ZFM-05170,2022-12-06,151,TTd
-0.03311971397256473,0.1482342465189575,-0.07292714359125854,0.23454747156078704,0.00017276775377998496,0.06463642311103526,401dc15a-96d1-47a9-81f5-bebdfcd2465d,985707c8-27a6-4f20-b08b-8e60b3e8b00b,probe00,ZFM-05170,2022-12-06,450,ILA2/3
0.021707571379826877,0.5064715200869435,-0.1059209556174852,0.5535585993133495,2.5304823333875475e-26,0.026416985585168615,401dc15a-96d1-47a9-81f5-bebdfcd2465d,985707c8-27a6-4f20-b08b-8e60b3e8b00b,probe00,ZFM-05170,2022-12-06,604,PL5
0.04221710965364411,0.13605683235391114,0.0015259393963048644,0.39667788657541014,0.05578299445725463,0.9828850080159781,401dc15a-96d1-47a9-81f5-bebdfcd2465d,985707c8-27a6-4f20-b08b-8e60b3e8b00b,probe00,ZFM-05170,2022-12-06,741,PL5
-0.14078790237524352,0.24458677267796053,-0.08726651808934577,0.22982743819832718,0.13203893437278985,0.5910138044734745,401dc15a-96d1-47a9-81f5-bebdfcd2465d,985707c8-27a6-4f20-b08b-8e60b3e8b00b,probe00,ZFM-05170,2022-12-06,742,PL5
-0.14666191817922486,0.7411854952338566,0.09933160906145987,0.05720509693662994,2.0313160454558507e-14,0.3053405222759549,401dc15a-96d1-47a9-81f5-bebdfcd2465d,985707c8-27a6-4f20-b08b-8e60b3e8b00b,probe00,ZFM-05170,2022-12-06,770,PL5
0.006219161451786113,-0.5507633051928765,0.017881889454756175,0.8931040405514991,1.1590180226718521e-11,0.8256381214591324,401dc15a-96d1-47a9-81f5-bebdfcd2465d,985707c8-27a6-4f20-b08b-8e60b3e8b00b,probe00,ZFM-05170,2022-12-06,819,PL5
0.23859842076000018,0.8511510583560926,-0.3197818918927562,0.019242675552973293,4.1056348808006304e-12,0.009188743398535577,401dc15a-96d1-47a9-81f5-bebdfcd2465d,985707c8-27a6-4f20-b08b-8e60b3e8b00b,probe00,ZFM-05170,2022-12-06,826,PL5
-0.035291125514356696,0.26059310819922793,-0.0031893950537082803,0.35384030223205754,7.553501347246401e-07,0.9517248282572475,401dc15a-96d1-47a9-81f5-bebdfcd2465d,985707c8-27a6-4f20-b08b-8e60b3e8b00b,probe00,ZFM-05170,2022-12-06,834,PL5
0.008382320069769017,-0.09817081102899805,-0.08873041724991054,0.8682901851972243,0.19835379566068512,0.24500576236100124,401dc15a-96d1-47a9-81f5-bebdfcd2465d,985707c8-27a6-4f20-b08b-8e60b3e8b00b,probe00,ZFM-05170,2022-12-06,862,PL5
0.06436056420289175,0.19888839730603067,-0.1422567450145756,0.2405222317405551,0.009100647329428144,0.06210090141605345,401dc15a-96d1-47a9-81f5-bebdfcd2465d,985707c8-27a6-4f20-b08b-8e60b3e8b00b,probe00,ZFM-05170,2022-12-06,884,PL5
0.35729404648365237,0.06178143420796183,-0.09496328078055494,3.330188395671285e-19,0.28098658092026907,0.09749127198343438,401dc15a-96d1-47a9-81f5-bebdfcd2465d,985707c8-27a6-4f20-b08b-8e60b3e8b00b,probe00,ZFM-05170,2022-12-06,1077,ACAd5
-0.3826548134040886,0.1615383972538962,0.37225942856955324,0.0009446411211120339,0.3304753608870542,0.02492230173143207,401dc15a-96d1-47a9-81f5-bebdfcd2465d,985707c8-27a6-4f20-b08b-8e60b3e8b00b,probe00,ZFM-05170,2022-12-06,1098,ACAd5
-0.12020886612851536,-0.15416157319210988,0.023799755328866565,0.04279067003165754,0.09309052498584845,0.7954377713790948,401dc15a-96d1-47a9-81f5-bebdfcd2465d,985707c8-27a6-4f20-b08b-8e60b3e8b00b,probe00,ZFM-05170,2022-12-06,1109,ACAd5
-0.08088730248976701,0.04172920297406196,0.1879117131959249,0.5257321697443029,0.8258113171812937,0.32166949609427964,401dc15a-96d1-47a9-81f5-bebdfcd2465d,985707c8-27a6-4f20-b08b-8e60b3e8b00b,probe00,ZFM-05170,2022-12-06,1127,ACAd5
-0.07361822324594221,-0.0959814234241125,0.04486897721510394,0.07335891020699123,0.12571187342012935,0.4741061948006887,401dc15a-96d1-47a9-81f5-bebdfcd2465d,985707c8-27a6-4f20-b08b-8e60b3e8b00b,probe00,ZFM-05170,2022-12-06,1516,PL5
-0.10574902014557658,0.03778935466510962,-0.09872266609666736,0.17864682968163292,0.741628555625225,0.3890634613056896,401dc15a-96d1-47a9-81f5-bebdfcd2465d,985707c8-27a6-4f20-b08b-8e60b3e8b00b,probe00,ZFM-05170,2022-12-06,1554,ACAd5
0.27769372591295,-0.1413155147953981,-0.14131551479539814,0.03915157551584634,0.4872028347082944,0.48720283470829295,401dc15a-96d1-47a9-81f5-bebdfcd2465d,985707c8-27a6-4f20-b08b-8e60b3e8b00b,probe00,ZFM-05170,2022-12-06,1567,ACAd5
0.01107411661150503,0.018227776197373514,-0.307194624237255,0.9483553377009782,0.941417725548303,0.2155298333847403,401dc15a-96d1-47a9-81f5-bebdfcd2465d,985707c8-27a6-4f20-b08b-8e60b3e8b00b,probe00,ZFM-05170,2022-12-06,1590,MOs5
0.0783557158306225,-0.0030259195279668874,-0.06401384094251467,0.07094030039498812,0.9598337328197228,0.28668520558516397,54014195-8d46-4a06-a291-4761d1c98f10,183b9938-9872-4ba5-afbd-372ac9adffc7,probe00,ZFM-04811,2022-11-10,149,DP
0.18164738773469594,0.5079675033138911,-0.18557959726751205,0.027909205945133037,7.23167930495155e-07,0.07025535932875912,54014195-8d46-4a06-a291-4761d1c98f10,183b9938-9872-4ba5-afbd-372ac9adffc7,probe00,ZFM-04811,2022-11-10,406,ILA5
0.09732326028783336,0.037208023971401105,0.3608221056492453,0.3916651730284011,0.8177569765791911,0.02544450220235556,54014195-8d46-4a06-a291-4761d1c98f10,183b9938-9872-4ba5-afbd-372ac9adffc7,probe00,ZFM-04811,2022-11-10,423,ILA5
0.10243984842784698,-0.05707535165246619,-0.017823552301728093,0.04035965850527129,0.4165480060030856,0.7997235905152931,54014195-8d46-4a06-a291-4761d1c98f10,183b9938-9872-4ba5-afbd-372ac9adffc7,probe00,ZFM-04811,2022-11-10,570,ILA5
-0.1372247579390479,-0.2730572054611159,0.012991792580739008,0.07487162002714626,0.016741189607182603,0.9093762664921873,54014195-8d46-4a06-a291-4761d1c98f10,183b9938-9872-4ba5-afbd-372ac9adffc7,probe00,ZFM-04811,2022-11-10,662,PL5
0.21551764932013964,-0.23479960603573805,-0.18881726095557272,0.04668375079036781,0.13751508156286266,0.23237237545146516,54014195-8d46-4a06-a291-4761d1c98f10,183b9938-9872-4ba5-afbd-372ac9adffc7,probe00,ZFM-04811,2022-11-10,795,PL6a
0.14584985229888892,-0.09084147426360113,-0.17215219839586635,1.1411394201758345e-06,0.03156055992892356,4.615257268050096e-05,54014195-8d46-4a06-a291-4761d1c98f10,183b9938-9872-4ba5-afbd-372ac9adffc7,probe00,ZFM-04811,2022-11-10,936,PL6a
-0.18666875851513787,0.17464198580158968,0.28921144054472725,0.16679567644904558,0.3319706158600447,0.1081430088194587,54014195-8d46-4a06-a291-4761d1c98f10,183b9938-9872-4ba5-afbd-372ac9adffc7,probe00,ZFM-04811,2022-11-10,953,PL6a
-0.3894013125692185,-0.2342833437288608,0.762675291212748,0.2034515218627585,0.6077491145502825,0.09473395482238381,54014195-8d46-4a06-a291-4761d1c98f10,183b9938-9872-4ba5-afbd-372ac9adffc7,probe00,ZFM-04811,2022-11-10,1012,PL6a
-0.025819279650119847,0.2913766760755624,0.09339975971717782,0.5313190665124738,5.71537194918623e-08,0.08190099162188759,54014195-8d46-4a06-a291-4761d1c98f10,183b9938-9872-4ba5-afbd-372ac9adffc7,probe00,ZFM-04811,2022-11-10,1029,PL6a
0.038986989601654296,0.00989304022810679,-0.1376070016238123,0.7004868243643995,0.9435711871495562,0.3248492208099467,54014195-8d46-4a06-a291-4761d1c98f10,183b9938-9872-4ba5-afbd-372ac9adffc7,probe00,ZFM-04811,2022-11-10,1157,ACAd6a
-0.09637679006740599,-0.5309014785637136,-0.26791201870232734,0.13355893196803678,2.9543182040917306e-07,0.009683386685622455,54014195-8d46-4a06-a291-4761d1c98f10,183b9938-9872-4ba5-afbd-372ac9adffc7,probe00,ZFM-04811,2022-11-10,1290,MOs5
-0.32417486837050147,-0.17540274624548985,0.05978020174707878,1.0530279548615578e-09,0.021393218876677337,0.4329169740653205,54014195-8d46-4a06-a291-4761d1c98f10,183b9938-9872-4ba5-afbd-372ac9adffc7,probe00,ZFM-04811,2022-11-10,1365,MOs5
-0.22372274459199878,0.25349154291437903,0.2876394303469417,0.03192231073466636,0.06296162007302863,0.03486258378925484,54014195-8d46-4a06-a291-4761d1c98f10,183b9938-9872-4ba5-afbd-372ac9adffc7,probe00,ZFM-04811,2022-11-10,1416,MOs5
-0.22820205786444375,0.03739736317983405,0.0535267451097175,7.61459250475256e-05,0.6351052418276097,0.4969939314438029,54014195-8d46-4a06-a291-4761d1c98f10,84017f2c-f02a-4887-870b-fdc53a8af398,probe01,ZFM-04811,2022-11-10,8,BLAv
0.03947580214157008,0.013136413348587297,-0.05565309297946526,0.013902601565744405,0.552952755773166,0.011946487155952607,54014195-8d46-4a06-a291-4761d1c98f10,84017f2c-f02a-4887-870b-fdc53a8af398,probe01,ZFM-04811,2022-11-10,80,BLAv
0.09200406118530431,-0.061736853896300146,-0.045607471966416666,0.07250715867741826,0.39126198199479034,0.5265086721758732,54014195-8d46-4a06-a291-4761d1c98f10,84017f2c-f02a-4887-870b-fdc53a8af398,probe01,ZFM-04811,2022-11-10,221,CTXsp
-0.027181073978385872,-0.023014797725454013,0.015888508852981768,0.28712393116168067,0.5175641837169962,0.6550659970312827,54014195-8d46-4a06-a291-4761d1c98f10,84017f2c-f02a-4887-870b-fdc53a8af398,probe01,ZFM-04811,2022-11-10,339,BLAa
-0.035447514497686794,-0.3886723798556221,-0.019578633383541735,0.40924253755216977,3.5808394722651217e-09,0.7662175742996992,54014195-8d46-4a06-a291-4761d1c98f10,84017f2c-f02a-4887-870b-fdc53a8af398,probe01,ZFM-04811,2022-11-10,362,BLAa
0.005203272150872268,-0.02882364310542053,-0.006990330751076773,0.7404307071469369,0.18826588739187633,0.7496575695789971,54014195-8d46-4a06-a291-4761d1c98f10,84017f2c-f02a-4887-870b-fdc53a8af398,probe01,ZFM-04811,2022-11-10,432,BLAa
-0.10959341860150683,0.32552082227366147,0.19261462504304838,0.26250069983308266,0.010044633850459403,0.12769915670366672,54014195-8d46-4a06-a291-4761d1c98f10,84017f2c-f02a-4887-870b-fdc53a8af398,probe01,ZFM-04811,2022-11-10,1594,CEAl
-0.06083913347093118,-0.07561678582968115,-0.048723864308476604,0.09792871964983495,0.1736075549230116,0.38061027826146343,126cf6e8-fc3a-4fab-aad4-75772af0aa5d,0bdd7931-661f-452a-903f-6467a0661499,probe00,ZFM-04811,2022-11-09,0,MB
0.5948900678832599,0.00986967273771738,0.005167611447612316,9.074703055114684e-160,0.7519594894857253,0.8685642243909503,126cf6e8-fc3a-4fab-aad4-75772af0aa5d,0bdd7931-661f-452a-903f-6467a0661499,probe00,ZFM-04811,2022-11-09,136,RPF
0.34940416799732094,0.3243941816635469,-0.03879544329860322,1.5267741636567703e-07,0.00024246226240689914,0.6607199741390808,126cf6e8-fc3a-4fab-aad4-75772af0aa5d,0bdd7931-661f-452a-903f-6467a0661499,probe00,ZFM-04811,2022-11-09,181,RPF
0.4497743074996814,0.0326639216638214,0.07025087541323977,3.614273830591484e-40,0.49833198762846,0.14531339684311342,126cf6e8-fc3a-4fab-aad4-75772af0aa5d,0bdd7931-661f-452a-903f-6467a0661499,probe00,ZFM-04811,2022-11-09,189,RPF
0.12393500196550511,0.15088940407349893,0.10376741294678749,2.637865212384296e-05,0.0002608097281373569,0.012035909509876234,126cf6e8-fc3a-4fab-aad4-75772af0aa5d,0bdd7931-661f-452a-903f-6467a0661499,probe00,ZFM-04811,2022-11-09,190,RPF
0.06650728050456506,-0.053306852591449426,0.1208957378437614,0.0015284418705817102,0.08621288028028051,9.978137950924144e-05,126cf6e8-fc3a-4fab-aad4-75772af0aa5d,0bdd7931-661f-452a-903f-6467a0661499,probe00,ZFM-04811,2022-11-09,213,RPF
-0.23851705869620146,-0.19457682305626312,0.15498694240200378,1.4670886720896986e-05,0.022942915656388844,0.07004450366246004,126cf6e8-fc3a-4fab-aad4-75772af0aa5d,0bdd7931-661f-452a-903f-6467a0661499,probe00,ZFM-04811,2022-11-09,223,RPF
-0.035123437084429054,-0.022906099396358043,0.0035444685175697807,2.1438507922849137e-06,0.03694658707598825,0.7468160803039138,126cf6e8-fc3a-4fab-aad4-75772af0aa5d,0bdd7931-661f-452a-903f-6467a0661499,probe00,ZFM-04811,2022-11-09,253,NPC
-0.12109405015125138,0.4606443330962617,0.06207844744836902,0.0034782110661930763,3.604961716992388e-17,0.2562073368657102,126cf6e8-fc3a-4fab-aad4-75772af0aa5d,0bdd7931-661f-452a-903f-6467a0661499,probe00,ZFM-04811,2022-11-09,254,RPF
-0.16075849055994484,0.10472621123390162,0.0687853069120326,1.9768953091147723e-05,0.05292768722535849,0.20363468272300633,126cf6e8-fc3a-4fab-aad4-75772af0aa5d,0bdd7931-661f-452a-903f-6467a0661499,probe00,ZFM-04811,2022-11-09,580,PPT
-0.11973065129881504,-0.1804851511157872,0.051650111389163214,0.052960636306758194,0.06018729359557972,0.5906872426622707,126cf6e8-fc3a-4fab-aad4-75772af0aa5d,0bdd7931-661f-452a-903f-6467a0661499,probe00,ZFM-04811,2022-11-09,647,PPT
0.0994687191842775,-0.015113858177454434,-0.07872535961674765,4.418051371743773e-07,0.6014443033862151,0.006514486046701577,126cf6e8-fc3a-4fab-aad4-75772af0aa5d,0bdd7931-661f-452a-903f-6467a0661499,probe00,ZFM-04811,2022-11-09,752,NOT
0.02956637720025171,0.015518520355916401,-0.01811456979444355,0.22549303619518357,0.6633024152503744,0.6113214401934393,126cf6e8-fc3a-4fab-aad4-75772af0aa5d,0bdd7931-661f-452a-903f-6467a0661499,probe00,ZFM-04811,2022-11-09,763,NOT
0.5601368928844216,0.13110914472035712,-0.9964906808614045,0.162343936988398,0.8171164634189276,0.0788073753536694,126cf6e8-fc3a-4fab-aad4-75772af0aa5d,0bdd7931-661f-452a-903f-6467a0661499,probe00,ZFM-04811,2022-11-09,1059,RSPv5
0.1448659193952592,0.048203317353160094,-0.0761542455197067,2.718816813960984e-06,0.2780233400169365,0.08656916323967513,126cf6e8-fc3a-4fab-aad4-75772af0aa5d,0bdd7931-661f-452a-903f-6467a0661499,probe00,ZFM-04811,2022-11-09,1111,RSPv5
0.08573448936012452,-0.11227078039027383,-0.15712732332392737,0.03632556017035356,0.07095186974468791,0.0114954115795758,126cf6e8-fc3a-4fab-aad4-75772af0aa5d,0bdd7931-661f-452a-903f-6467a0661499,probe00,ZFM-04811,2022-11-09,1113,RSPv5
-0.42458343050810815,-0.16457309826457014,0.24827211714121597,1.7783280146038691e-10,0.1065755671854431,0.014911654552473123,126cf6e8-fc3a-4fab-aad4-75772af0aa5d,0bdd7931-661f-452a-903f-6467a0661499,probe00,ZFM-04811,2022-11-09,1240,RSPv6a
0.10877306006137774,-0.2891794172844198,-0.26864122540928675,0.052000643130080876,0.001333622965347216,0.0028753488811356074,126cf6e8-fc3a-4fab-aad4-75772af0aa5d,0bdd7931-661f-452a-903f-6467a0661499,probe00,ZFM-04811,2022-11-09,1277,RSPd6a
-0.01858950162087699,0.6215237713662937,0.053539733760355125,0.8348932961898856,4.3329092661495303e-08,0.6370844590361318,126cf6e8-fc3a-4fab-aad4-75772af0aa5d,0bdd7931-661f-452a-903f-6467a0661499,probe00,ZFM-04811,2022-11-09,1378,RSPagl5
0.14350070020829708,-0.055432617655146225,-0.03783095628598612,1.8889216202060976e-14,0.045279736894742365,0.17183493944767514,126cf6e8-fc3a-4fab-aad4-75772af0aa5d,0bdd7931-661f-452a-903f-6467a0661499,probe00,ZFM-04811,2022-11-09,1446,RPF
0.23552291941209055,0.12036962902187619,0.16857173083975338,5.437503357688141e-07,0.06940928021560544,0.010994822377837214,126cf6e8-fc3a-4fab-aad4-75772af0aa5d,0bdd7931-661f-452a-903f-6467a0661499,probe00,ZFM-04811,2022-11-09,1449,RPF
0.043282191508308615,0.24770742668269866,-0.03937422545683167,0.6518178585132669,0.060996134534916674,0.765851919881032,126cf6e8-fc3a-4fab-aad4-75772af0aa5d,0bdd7931-661f-452a-903f-6467a0661499,probe00,ZFM-04811,2022-11-09,1624,RSPd6a
0.008633450995186486,-0.04125327743366317,-0.03333452212948059,0.7528246564755536,0.3116751121529918,0.41363682226139653,126cf6e8-fc3a-4fab-aad4-75772af0aa5d,b7de18f4-31d4-4ec5-94ed-8303e9d17dcd,probe01,ZFM-04811,2022-11-09,24,PIR
-0.020832524950982815,0.05593286260633482,-0.030778858984942398,0.46474363265427276,0.17646737675267687,0.4569834356314705,126cf6e8-fc3a-4fab-aad4-75772af0aa5d,b7de18f4-31d4-4ec5-94ed-8303e9d17dcd,probe01,ZFM-04811,2022-11-09,33,PIR
0.09757648706343088,-0.3227902716483389,-0.012223905362969793,0.007316253332657691,2.9712576412452536e-08,0.8337338253778397,126cf6e8-fc3a-4fab-aad4-75772af0aa5d,b7de18f4-31d4-4ec5-94ed-8303e9d17dcd,probe01,ZFM-04811,2022-11-09,147,PIR
-0.016429671047644107,0.22917923683854527,-0.09003814456551279,0.6256319809417865,1.06560739748769e-06,0.055254437392708425,126cf6e8-fc3a-4fab-aad4-75772af0aa5d,b7de18f4-31d4-4ec5-94ed-8303e9d17dcd,probe01,ZFM-04811,2022-11-09,202,PIR
-0.01801445842925841,0.16722176393454846,0.05966708238778279,0.46349011068809787,1.2753461974380643e-06,0.08394347004566204,126cf6e8-fc3a-4fab-aad4-75772af0aa5d,b7de18f4-31d4-4ec5-94ed-8303e9d17dcd,probe01,ZFM-04811,2022-11-09,263,EPd
-0.4877882554484697,-0.1601848501360082,0.24008158306291716,1.737746186575693e-11,0.14933800081294132,0.030691547116955223,126cf6e8-fc3a-4fab-aad4-75772af0aa5d,b7de18f4-31d4-4ec5-94ed-8303e9d17dcd,probe01,ZFM-04811,2022-11-09,492,OLF
-0.06551091567599557,-0.1286090146190871,-0.11188534291109908,2.8004492577029033e-05,1.0088659184144499e-07,3.60983525931452e-06,126cf6e8-fc3a-4fab-aad4-75772af0aa5d,b7de18f4-31d4-4ec5-94ed-8303e9d17dcd,probe01,ZFM-04811,2022-11-09,1580,ORBl6a
0.051925842819198806,-0.3692214203579345,-0.1655222980733363,0.2827578753524802,1.851172822102023e-07,0.019423408092947785,2ec37e95-4266-45ac-8a42-a1b2d5bc8b7e,05db6d4d-cfda-4686-b485-481423912b33,probe00,ZFM-04811,2022-11-08,563,LP
0.3218707211741495,-0.21399189083626488,-0.30444735550906543,0.00010156698849590587,0.05961184069911871,0.007364775310123823,2ec37e95-4266-45ac-8a42-a1b2d5bc8b7e,05db6d4d-cfda-4686-b485-481423912b33,probe00,ZFM-04811,2022-11-08,830,DG-sg
0.08778048383203846,-0.43286273181500506,-0.3580391906187364,0.07962772562876846,4.671950734949114e-09,1.261171509242743e-06,2ec37e95-4266-45ac-8a42-a1b2d5bc8b7e,05db6d4d-cfda-4686-b485-481423912b33,probe00,ZFM-04811,2022-11-08,1073,CA1
0.09790688240088172,0.0965059940390999,0.023336165653324692,0.00213957193078654,0.022534035396966128,0.5812027492072411,2ec37e95-4266-45ac-8a42-a1b2d5bc8b7e,05db6d4d-cfda-4686-b485-481423912b33,probe00,ZFM-04811,2022-11-08,1310,VISa6a
0.26327959386265487,-0.11019154397301238,-0.10843376535201962,0.0034398165500021437,0.37048974748320207,0.3781714679610223,2ec37e95-4266-45ac-8a42-a1b2d5bc8b7e,05db6d4d-cfda-4686-b485-481423912b33,probe00,ZFM-04811,2022-11-08,1457,VISa4
0.09196141908050094,-0.1599673582406479,-0.04004161767192342,0.016739720613861787,0.002939801628825037,0.4566246779991786,2ec37e95-4266-45ac-8a42-a1b2d5bc8b7e,05db6d4d-cfda-4686-b485-481423912b33,probe00,ZFM-04811,2022-11-08,1476,Eth
0.013684636858679794,-0.20444017004423645,-0.09220677509864862,0.8642020399773384,0.07047823977085105,0.4146044527162559,2ec37e95-4266-45ac-8a42-a1b2d5bc8b7e,05db6d4d-cfda-4686-b485-481423912b33,probe00,ZFM-04811,2022-11-08,1495,VISa5
0.027060729594407272,0.09922745833752793,-0.0313706530033159,0.18953041375748525,0.0002718658938466307,0.24972692981002365,2ec37e95-4266-45ac-8a42-a1b2d5bc8b7e,e4cf7b8d-7e0e-4483-b4a5-0fa316ab7be4,probe01,ZFM-04811,2022-11-08,203,MB
-0.23530960164397438,0.06384843516704544,-0.17222486415558225,5.4515988972308675e-06,0.35703943904281865,0.01297832380416018,2ec37e95-4266-45ac-8a42-a1b2d5bc8b7e,e4cf7b8d-7e0e-4483-b4a5-0fa316ab7be4,probe01,ZFM-04811,2022-11-08,286,MB
-0.1412834858924407,-0.08762522602961903,-0.10123087808539788,0.22779192714101715,0.5879902496468716,0.5314009615284208,2ec37e95-4266-45ac-8a42-a1b2d5bc8b7e,e4cf7b8d-7e0e-4483-b4a5-0fa316ab7be4,probe01,ZFM-04811,2022-11-08,694,SCig
0.0036346557023594853,0.007542496998857974,0.06733777774096039,0.9177780828385367,0.8747543067083836,0.15936242439847015,2ec37e95-4266-45ac-8a42-a1b2d5bc8b7e,e4cf7b8d-7e0e-4483-b4a5-0fa316ab7be4,probe01,ZFM-04811,2022-11-08,731,SCig
-0.40441755975699467,0.012210208971467962,0.05094419032821437,1.0644724507828e-42,0.7608370603544503,0.20409871943254776,2ec37e95-4266-45ac-8a42-a1b2d5bc8b7e,e4cf7b8d-7e0e-4483-b4a5-0fa316ab7be4,probe01,ZFM-04811,2022-11-08,742,SCig
0.10739352726385408,0.04860010902303472,0.008126867713600144,2.313911791418859e-05,0.1524635760526475,0.8108953696493706,2ec37e95-4266-45ac-8a42-a1b2d5bc8b7e,e4cf7b8d-7e0e-4483-b4a5-0fa316ab7be4,probe01,ZFM-04811,2022-11-08,767,SCig
-0.053550843612262596,0.040189986557194454,0.09078806356563265,5.395769419788178e-07,0.0053885904402476165,3.250145600823279e-10,2ec37e95-4266-45ac-8a42-a1b2d5bc8b7e,e4cf7b8d-7e0e-4483-b4a5-0fa316ab7be4,probe01,ZFM-04811,2022-11-08,892,SCop
-0.07036282790140636,-0.027823217115382742,0.0984037900608017,5.722041336901082e-07,0.1500465809962774,3.567770320616485e-07,2ec37e95-4266-45ac-8a42-a1b2d5bc8b7e,e4cf7b8d-7e0e-4483-b4a5-0fa316ab7be4,probe01,ZFM-04811,2022-11-08,908,SCsg
-0.08857574606207469,-0.13793196842254488,0.08948142383325607,1.205532138225817e-06,8.186567551453147e-08,0.0005030073214449642,2ec37e95-4266-45ac-8a42-a1b2d5bc8b7e,e4cf7b8d-7e0e-4483-b4a5-0fa316ab7be4,probe01,ZFM-04811,2022-11-08,1052,void
0.03259983909322459,0.0004766861577947812,-0.1448839048881581,0.5188916930106519,0.9946220933233648,0.04073191483998218,a3b8947c-4fb1-43ef-a8df-c51fffe78c11,e48c0695-b465-4e44-9020-2a19ecca414a,probe00,ZFM-04811,2022-11-07,1135,or
0.01907588298218764,0.08146530597319945,0.009748062608906302,0.8592983974196855,0.5892115465296653,0.9485371472927656,a3b8947c-4fb1-43ef-a8df-c51fffe78c11,e48c0695-b465-4e44-9020-2a19ecca414a,probe00,ZFM-04811,2022-11-07,1544,CP
-0.4487187230151406,0.383310728204203,0.21520604179800967,2.609392129226096e-34,1.78966095890357e-14,1.7112120811199083e-05,cce8c6b0-2695-42d3-bc35-af35b4546c65,3ac05dd2-a294-4939-a837-93fe5ca543b6,probe00,ZFM-04300,2022-09-22,548,VL
-0.10806061525530122,0.11779664852800734,0.040842896718958105,0.002036106784029468,0.022069675875495926,0.42776876286841503,cce8c6b0-2695-42d3-bc35-af35b4546c65,3ac05dd2-a294-4939-a837-93fe5ca543b6,probe00,ZFM-04300,2022-09-22,689,CA3
-0.05473001010338285,-0.7068155342931642,-0.16685671587418752,0.49582134420397983,9.34457146396177e-06,0.29569846147479373,cce8c6b0-2695-42d3-bc35-af35b4546c65,3ac05dd2-a294-4939-a837-93fe5ca543b6,probe00,ZFM-04300,2022-09-22,1201,CA1
-0.2197283705150902,0.09689749348615699,-0.028546388461028017,8.560483008914423e-08,0.1173831004436385,0.6448434281236518,cce8c6b0-2695-42d3-bc35-af35b4546c65,3ac05dd2-a294-4939-a837-93fe5ca543b6,probe00,ZFM-04300,2022-09-22,1301,CA1
0.18657068764601561,-0.036926617447022324,0.041076579636821514,6.761632116807121e-19,0.20204978918287475,0.15629366937681177,2457a923-5efb-42ba-80c2-a83a5b659e28,d47ad5d8-5c7e-4ec6-9a94-0d2a23033dda,probe00,ZFM-04300,2022-09-21,895,SCdw
-0.02655681263056678,0.042104008691990574,-0.0056798150505857365,0.07916552231330097,0.038656954571505815,0.7805009316631717,2457a923-5efb-42ba-80c2-a83a5b659e28,d47ad5d8-5c7e-4ec6-9a94-0d2a23033dda,probe00,ZFM-04300,2022-09-21,1215,SCiw
0.08884508177433098,-0.2299452206805071,-0.013383559455273666,0.013411971965452345,9.177081922476624e-06,0.7964559980990976,2457a923-5efb-42ba-80c2-a83a5b659e28,d47ad5d8-5c7e-4ec6-9a94-0d2a23033dda,probe00,ZFM-04300,2022-09-21,1320,SCig
-0.100182399185796,-0.24239659401601607,0.012399626846872543,0.6033667151629151,0.2779240486266653,0.9596214594628942,7d962737-6858-4d85-9420-c83d20e3ff0a,3c2e0334-d7d7-4843-a43b-bd71758c7d33,probe01,ZFM-04300,2022-09-19,450,MRN
0.37516671364133597,-0.6849227777767883,-0.612520256012819,0.30106068566437805,0.15165643511529214,0.24175561906438836,7d962737-6858-4d85-9420-c83d20e3ff0a,3c2e0334-d7d7-4843-a43b-bd71758c7d33,probe01,ZFM-04300,2022-09-19,737,MRN
0.5518929401622148,-0.6953851293742538,0.117186780722033,2.763680595214845e-07,1.3186346054025546e-06,0.45577306077380764,7d962737-6858-4d85-9420-c83d20e3ff0a,6b68ff0d-9014-4a81-b2c2-915ddfdba3a3,probe00,ZFM-04300,2022-09-19,646,PoT
0.004638081852907816,-0.14577209134475816,0.2684367743149176,0.951713879564837,0.09353081914000466,0.00505823978026286,7d962737-6858-4d85-9420-c83d20e3ff0a,6b68ff0d-9014-4a81-b2c2-915ddfdba3a3,probe00,ZFM-04300,2022-09-19,685,SGN
1.1021773807184054,-0.7497208416910535,-2.083484856890407,2.557746262450554e-19,3.772281197247091e-05,7.862377043444781e-27,7d962737-6858-4d85-9420-c83d20e3ff0a,6b68ff0d-9014-4a81-b2c2-915ddfdba3a3,probe00,ZFM-04300,2022-09-19,710,SGN
0.6403062229555804,-0.008917045469152517,-0.07507308662803329,4.202820576172344e-06,0.9545367282516033,0.6650225583335859,7d962737-6858-4d85-9420-c83d20e3ff0a,6b68ff0d-9014-4a81-b2c2-915ddfdba3a3,probe00,ZFM-04300,2022-09-19,792,LP
0.38528172453469195,-0.4125032185043155,0.04383869320765566,2.6827404187603087e-06,3.621993284082287e-05,0.690541883475619,7d962737-6858-4d85-9420-c83d20e3ff0a,6b68ff0d-9014-4a81-b2c2-915ddfdba3a3,probe00,ZFM-04300,2022-09-19,831,LP
0.36575865868809915,-0.5592789529814829,-0.27410193785900944,0.0007479184691274511,3.817217358374709e-05,0.06681532278909892,7d962737-6858-4d85-9420-c83d20e3ff0a,6b68ff0d-9014-4a81-b2c2-915ddfdba3a3,probe00,ZFM-04300,2022-09-19,851,LP
0.4502108108159698,-0.20971758201187551,-0.054562348960416944,4.4491791644197994e-07,0.042679410567116896,0.6338948984253168,7d962737-6858-4d85-9420-c83d20e3ff0a,6b68ff0d-9014-4a81-b2c2-915ddfdba3a3,probe00,ZFM-04300,2022-09-19,890,LP
0.15244518652281683,-0.4756869045514331,0.09373975786722509,0.23114510669887844,0.002232250004742095,0.5838368860712146,7d962737-6858-4d85-9420-c83d20e3ff0a,6b68ff0d-9014-4a81-b2c2-915ddfdba3a3,probe00,ZFM-04300,2022-09-19,1542,SGN
0.42914314621849536,-0.25470309537962743,0.028030210174846075,0.007335509708979285,0.17575874673197256,0.8927932722101388,7d962737-6858-4d85-9420-c83d20e3ff0a,6b68ff0d-9014-4a81-b2c2-915ddfdba3a3,probe00,ZFM-04300,2022-09-19,1557,LP
0.5058004558392402,0.14250599755266913,-0.46702684546649104,0.04739419940704789,0.6050887839017565,0.12843746191736058,7d962737-6858-4d85-9420-c83d20e3ff0a,6b68ff0d-9014-4a81-b2c2-915ddfdba3a3,probe00,ZFM-04300,2022-09-19,1626,CA1
0.12766605573646064,-0.2159296490485873,0.39285516269073784,0.2941811010705778,0.26046092653238606,0.04062496876291358,ae4a54de-43c9-4eff-8a7d-bd2d05c5f993,ac9a1b86-f421-4bef-a613-3579684f8720,probe01,ZFM-04083,2022-07-21,99,PIR
0.155199841061755,0.1814275955578401,-0.07951706247125057,6.556473601888693e-08,1.7209713905713732e-06,0.03602670075129111,ae4a54de-43c9-4eff-8a7d-bd2d05c5f993,ac9a1b86-f421-4bef-a613-3579684f8720,probe01,ZFM-04083,2022-07-21,145,AIv5
0.01781732522065834,-0.007171128737816949,-0.06288173575182256,0.5767179355894055,0.8712876883414438,0.1553930772551095,ae4a54de-43c9-4eff-8a7d-bd2d05c5f993,ac9a1b86-f421-4bef-a613-3579684f8720,probe01,ZFM-04083,2022-07-21,311,AId6a
0.7332730385250077,-0.7074073058530909,0.11495160618685782,9.341302581503725e-07,0.006331532385198287,0.6573079116394571,ae4a54de-43c9-4eff-8a7d-bd2d05c5f993,ac9a1b86-f421-4bef-a613-3579684f8720,probe01,ZFM-04083,2022-07-21,334,AId6a
0.1126004650129866,-0.6832114368792366,0.08785418077316587,0.21466088715153575,1.1049096445000763e-05,0.5719211854520818,ae4a54de-43c9-4eff-8a7d-bd2d05c5f993,ac9a1b86-f421-4bef-a613-3579684f8720,probe01,ZFM-04083,2022-07-21,340,AId6a
-0.05737594806983147,-0.03699359785280633,0.038553991889674906,0.011720124524745698,0.25022976186133183,0.2308042083472488,ae4a54de-43c9-4eff-8a7d-bd2d05c5f993,ac9a1b86-f421-4bef-a613-3579684f8720,probe01,ZFM-04083,2022-07-21,391,MOs6a
-0.6912512440148024,-0.3430953112983337,-0.18265672047507306,7.128190220420317e-116,9.477393502994842e-13,0.00014465945985173433,ae4a54de-43c9-4eff-8a7d-bd2d05c5f993,ac9a1b86-f421-4bef-a613-3579684f8720,probe01,ZFM-04083,2022-07-21,440,MOs6a
-0.2412064729928286,0.057605371202699096,0.06256202320097232,4.663834414070889e-104,0.00019355054446548812,5.1656407636773635e-05,ae4a54de-43c9-4eff-8a7d-bd2d05c5f993,ac9a1b86-f421-4bef-a613-3579684f8720,probe01,ZFM-04083,2022-07-21,455,MOs6a
0.15379268575564717,0.10414936046095252,-0.1364863805543132,0.00019256519332038597,0.058590516654161706,0.013194977968524023,ae4a54de-43c9-4eff-8a7d-bd2d05c5f993,ac9a1b86-f421-4bef-a613-3579684f8720,probe01,ZFM-04083,2022-07-21,645,PIR
0.4074739497014689,0.2924283571202885,-0.18449571497001868,0.06148378612242659,0.28931185680430327,0.5037942213758018,ae4a54de-43c9-4eff-8a7d-bd2d05c5f993,ac9a1b86-f421-4bef-a613-3579684f8720,probe01,ZFM-04083,2022-07-21,856,CLA
-0.022139769479275324,-0.05047995730946088,0.02089192929911495,0.043225489761540836,0.0011206297150734925,0.17749157534812843,ae4a54de-43c9-4eff-8a7d-bd2d05c5f993,ad7dbfe0-6a72-49da-a6f6-9a10ab8230cb,probe00,ZFM-04083,2022-07-21,91,PAG
-0.08836507554737197,0.04099618435058632,0.0009394812812173817,7.224099978750025e-05,0.18304036588426487,0.9756587514584881,ae4a54de-43c9-4eff-8a7d-bd2d05c5f993,ad7dbfe0-6a72-49da-a6f6-9a10ab8230cb,probe00,ZFM-04083,2022-07-21,102,PAG
0.1791273615491269,-0.3233586956324619,0.014216076932850395,6.941670906304393e-09,4.846495434392476e-12,0.7612879546250836,ae4a54de-43c9-4eff-8a7d-bd2d05c5f993,ad7dbfe0-6a72-49da-a6f6-9a10ab8230cb,probe00,ZFM-04083,2022-07-21,159,SCig
-0.22347841452528827,0.4177827629793629,0.24850150590339073,0.0023763870204943837,1.2469146164738372e-05,0.009353477125223983,ae4a54de-43c9-4eff-8a7d-bd2d05c5f993,ad7dbfe0-6a72-49da-a6f6-9a10ab8230cb,probe00,ZFM-04083,2022-07-21,347,SCdg
-18.18829518083912,17.862841782137313,17.624062554930255,0.9989737029950175,0.9989920670932019,0.999005540501459,27c5e5e6-0359-4375-b53e-677aa57a73c0,307f9e04-5beb-4a91-a3be-fe3b5c37ed7c,probe00,ZFM-04083,2022-07-20,21,ACB
0.256403433891919,0.31899043255992016,-0.48334717843168495,0.19064228296883468,0.18148800222993755,0.04569417152942784,27c5e5e6-0359-4375-b53e-677aa57a73c0,307f9e04-5beb-4a91-a3be-fe3b5c37ed7c,probe00,ZFM-04083,2022-07-20,31,ACB
-0.47657073723913024,0.04209607544266955,0.156438268196929,5.656480673669959e-12,0.6574687851280656,0.1050074930100011,27c5e5e6-0359-4375-b53e-677aa57a73c0,307f9e04-5beb-4a91-a3be-fe3b5c37ed7c,probe00,ZFM-04083,2022-07-20,39,ACB
-0.3776691743126901,0.27484505577517004,0.06314500921074588,9.145759062842451e-05,0.02794907988197378,0.619320221132845,27c5e5e6-0359-4375-b53e-677aa57a73c0,307f9e04-5beb-4a91-a3be-fe3b5c37ed7c,probe00,ZFM-04083,2022-07-20,45,ACB
0.11683772536761006,0.2304179165102796,0.48836782686139524,0.42306641057201066,0.2601274091690885,0.018266252064536442,27c5e5e6-0359-4375-b53e-677aa57a73c0,307f9e04-5beb-4a91-a3be-fe3b5c37ed7c,probe00,ZFM-04083,2022-07-20,69,STR
-0.4534294551090316,-0.2923636409993447,-0.3517891968325637,0.00010027275118193112,0.09383419755503243,0.04726993520517912,27c5e5e6-0359-4375-b53e-677aa57a73c0,307f9e04-5beb-4a91-a3be-fe3b5c37ed7c,probe00,ZFM-04083,2022-07-20,72,OLF
8.275096452046299e-06,-0.08812576052586571,-0.10021020982235493,0.9997043029085133,0.004291173354205511,0.0013669893505315095,27c5e5e6-0359-4375-b53e-677aa57a73c0,307f9e04-5beb-4a91-a3be-fe3b5c37ed7c,probe00,ZFM-04083,2022-07-20,73,OLF
0.6518816636722099,0.25288349912089064,-0.28523819664958033,5.6825712746116715e-06,0.1556913187478343,0.11272105902981448,27c5e5e6-0359-4375-b53e-677aa57a73c0,307f9e04-5beb-4a91-a3be-fe3b5c37ed7c,probe00,ZFM-04083,2022-07-20,106,fa
-0.7747041774972954,0.08793383296863133,0.08804237260963924,3.359698734362322e-51,0.20721849775759216,0.21428057468515394,27c5e5e6-0359-4375-b53e-677aa57a73c0,307f9e04-5beb-4a91-a3be-fe3b5c37ed7c,probe00,ZFM-04083,2022-07-20,125,fa
-0.0018416664322623427,1.091180729552473,0.24336949300635266,0.9968791391939088,0.04353320642317792,0.6570423468335502,27c5e5e6-0359-4375-b53e-677aa57a73c0,307f9e04-5beb-4a91-a3be-fe3b5c37ed7c,probe00,ZFM-04083,2022-07-20,264,ACB
-0.2573658244331075,-0.4364739897189921,-0.048862901416402454,2.7968230986354376e-08,9.1171502938847e-10,0.4996787978023499,27c5e5e6-0359-4375-b53e-677aa57a73c0,307f9e04-5beb-4a91-a3be-fe3b5c37ed7c,probe00,ZFM-04083,2022-07-20,298,MOs6a
0.009637330295238097,-0.7709873054220862,0.11859103432954608,0.8921744009460695,5.116886261113345e-10,0.3453371185739411,27c5e5e6-0359-4375-b53e-677aa57a73c0,5d2acdf4-b7f6-4545-b72c-ee88a64b81c5,probe01,ZFM-04083,2022-07-20,29,COApl
0.27555527867700363,0.8817676204864238,-0.6229651855372417,0.13489503449291776,1.9232765078856525e-05,0.0028760796557276867,27c5e5e6-0359-4375-b53e-677aa57a73c0,5d2acdf4-b7f6-4545-b72c-ee88a64b81c5,probe01,ZFM-04083,2022-07-20,61,COApl
0.25109160706361866,-0.028763025589819247,-0.3176297040280927,0.0035334268644005456,0.800280151688635,0.005821415264198355,27c5e5e6-0359-4375-b53e-677aa57a73c0,5d2acdf4-b7f6-4545-b72c-ee88a64b81c5,probe01,ZFM-04083,2022-07-20,74,COApl
0.04365205458359001,0.41127396285587464,-0.17230346588295287,0.7142784833067669,0.005163401253359689,0.2480384199277602,27c5e5e6-0359-4375-b53e-677aa57a73c0,5d2acdf4-b7f6-4545-b72c-ee88a64b81c5,probe01,ZFM-04083,2022-07-20,75,COApl
0.13122695186186994,0.6084388191706319,-0.44157731536422984,0.06566042977239173,3.53329892149379e-13,1.941479693678352e-07,27c5e5e6-0359-4375-b53e-677aa57a73c0,5d2acdf4-b7f6-4545-b72c-ee88a64b81c5,probe01,ZFM-04083,2022-07-20,92,PA
0.18116197862337974,0.07647875043657008,-0.05818163301161609,0.10547613884735389,0.6077836881392522,0.6998672629058907,27c5e5e6-0359-4375-b53e-677aa57a73c0,5d2acdf4-b7f6-4545-b72c-ee88a64b81c5,probe01,ZFM-04083,2022-07-20,117,BMAp
0.1485076463672577,-0.06432103685536744,-0.16175720752656253,0.07970999520364128,0.5765434670476391,0.16581512052302272,27c5e5e6-0359-4375-b53e-677aa57a73c0,5d2acdf4-b7f6-4545-b72c-ee88a64b81c5,probe01,ZFM-04083,2022-07-20,133,BMAp
0.20728729691853665,-0.15378319557381598,-0.13556335979385764,0.014774600581435194,0.19360984918079704,0.25788689983111546,27c5e5e6-0359-4375-b53e-677aa57a73c0,5d2acdf4-b7f6-4545-b72c-ee88a64b81c5,probe01,ZFM-04083,2022-07-20,135,BMAp
0.00757515089540995,-0.16524175400013874,0.23276035340819193,0.9593507908021509,0.4518146079509062,0.29543814181424644,27c5e5e6-0359-4375-b53e-677aa57a73c0,5d2acdf4-b7f6-4545-b72c-ee88a64b81c5,probe01,ZFM-04083,2022-07-20,138,BMAp
0.12096528996504607,-0.9745901975941234,0.6064947280404587,0.3840514819645512,0.0011101533462056867,0.044327298780520275,27c5e5e6-0359-4375-b53e-677aa57a73c0,5d2acdf4-b7f6-4545-b72c-ee88a64b81c5,probe01,ZFM-04083,2022-07-20,161,BMAp
0.28913084083200313,-0.30097533035720914,0.1947662574341321,0.007576063610174266,0.0701093651822434,0.24619806124902466,27c5e5e6-0359-4375-b53e-677aa57a73c0,5d2acdf4-b7f6-4545-b72c-ee88a64b81c5,probe01,ZFM-04083,2022-07-20,165,BMAp
-0.11668766616328768,0.09268978900186756,0.028901768051995187,0.006354022519091872,0.10664765555891172,0.6200991401378861,27c5e5e6-0359-4375-b53e-677aa57a73c0,5d2acdf4-b7f6-4545-b72c-ee88a64b81c5,probe01,ZFM-04083,2022-07-20,185,BMAp
-0.7066310484300395,0.11311130603582867,0.14849923598594725,1.2825671219339461e-79,0.024592105372682724,0.0037108770763648606,27c5e5e6-0359-4375-b53e-677aa57a73c0,5d2acdf4-b7f6-4545-b72c-ee88a64b81c5,probe01,ZFM-04083,2022-07-20,203,opt
-0.005558169531340407,-0.007596855634789415,0.038986162029113175,0.7980844978270484,0.7995343536340582,0.19869700764889875,27c5e5e6-0359-4375-b53e-677aa57a73c0,5d2acdf4-b7f6-4545-b72c-ee88a64b81c5,probe01,ZFM-04083,2022-07-20,205,opt
-0.45252345823469337,0.40526266233407804,-0.037936982566174705,0.0001711590911113402,0.007494620572965865,0.8055612360810874,27c5e5e6-0359-4375-b53e-677aa57a73c0,5d2acdf4-b7f6-4545-b72c-ee88a64b81c5,probe01,ZFM-04083,2022-07-20,219,LGv
-0.2927494929545873,-0.022123449143508493,0.07293728212050431,7.722512907159745e-15,0.6720879780809509,0.16951256501082834,27c5e5e6-0359-4375-b53e-677aa57a73c0,5d2acdf4-b7f6-4545-b72c-ee88a64b81c5,probe01,ZFM-04083,2022-07-20,229,LGv
-0.17460262727358383,0.04690707602705664,0.04180157832506251,5.189505467895869e-17,0.09780169271355825,0.14614631807329737,27c5e5e6-0359-4375-b53e-677aa57a73c0,5d2acdf4-b7f6-4545-b72c-ee88a64b81c5,probe01,ZFM-04083,2022-07-20,238,LGv
-0.1147603218221693,0.21143513932046737,-0.056291552166215154,0.02763954241548306,0.0017825393787037171,0.4125770229685022,27c5e5e6-0359-4375-b53e-677aa57a73c0,5d2acdf4-b7f6-4545-b72c-ee88a64b81c5,probe01,ZFM-04083,2022-07-20,254,LGv
-0.12322715100908198,0.04500092166273559,-0.021628769148115706,1.9095464679956328e-11,0.06983668984394524,0.3906511046549276,27c5e5e6-0359-4375-b53e-677aa57a73c0,5d2acdf4-b7f6-4545-b72c-ee88a64b81c5,probe01,ZFM-04083,2022-07-20,258,LGv
-0.11664809162912607,0.005711388888596791,0.044959344212804814,1.690254034977567e-13,0.7927757587934481,0.04156468534567049,27c5e5e6-0359-4375-b53e-677aa57a73c0,5d2acdf4-b7f6-4545-b72c-ee88a64b81c5,probe01,ZFM-04083,2022-07-20,267,LGv
-0.14064332884548017,0.13922497226552558,0.13360479562947886,0.005608603824618919,0.04132403268932176,0.053676307738775776,27c5e5e6-0359-4375-b53e-677aa57a73c0,5d2acdf4-b7f6-4545-b72c-ee88a64b81c5,probe01,ZFM-04083,2022-07-20,275,LGv
-0.006990101644883496,-0.02293668333352908,-0.03930545480896909,0.7431067019804014,0.4322238580062543,0.1845174672401464,27c5e5e6-0359-4375-b53e-677aa57a73c0,5d2acdf4-b7f6-4545-b72c-ee88a64b81c5,probe01,ZFM-04083,2022-07-20,278,LGv
0.4213453177356742,0.3149519054391214,-0.38787836285001565,0.08392797573842416,0.28920641776840106,0.19699906043254312,27c5e5e6-0359-4375-b53e-677aa57a73c0,5d2acdf4-b7f6-4545-b72c-ee88a64b81c5,probe01,ZFM-04083,2022-07-20,280,LGv
-0.09388788456151698,-0.0827002455176673,0.10396564309305253,0.00029360483386976224,0.024142606868722456,0.005197992616789646,27c5e5e6-0359-4375-b53e-677aa57a73c0,5d2acdf4-b7f6-4545-b72c-ee88a64b81c5,probe01,ZFM-04083,2022-07-20,285,LGv
-0.0869444392288534,-0.038578787360166844,0.05783373760360894,2.344145178716074e-12,0.025276466326922372,0.0009472249901373477,27c5e5e6-0359-4375-b53e-677aa57a73c0,5d2acdf4-b7f6-4545-b72c-ee88a64b81c5,probe01,ZFM-04083,2022-07-20,286,LGv
-0.08045994739456239,-0.026738193531562218,0.02645516090208122,1.3442570414617343e-06,0.24507567401807273,0.25697834040997725,27c5e5e6-0359-4375-b53e-677aa57a73c0,5d2acdf4-b7f6-4545-b72c-ee88a64b81c5,probe01,ZFM-04083,2022-07-20,288,LGv
-0.16436405919498384,-0.05330553815071473,0.06618711467906131,7.194915785767823e-17,0.05280511997039711,0.017841634013502763,27c5e5e6-0359-4375-b53e-677aa57a73c0,5d2acdf4-b7f6-4545-b72c-ee88a64b81c5,probe01,ZFM-04083,2022-07-20,310,LGv
-0.12594866924508585,-0.0015105477101090142,0.02139308216770791,5.46038538156998e-06,0.9683211417632632,0.5794601874825892,27c5e5e6-0359-4375-b53e-677aa57a73c0,5d2acdf4-b7f6-4545-b72c-ee88a64b81c5,probe01,ZFM-04083,2022-07-20,326,LGv
0.06331717504390551,0.022434846236364235,-0.08570294882711926,0.05824644721949896,0.6181150420047106,0.06033462803466144,27c5e5e6-0359-4375-b53e-677aa57a73c0,5d2acdf4-b7f6-4545-b72c-ee88a64b81c5,probe01,ZFM-04083,2022-07-20,337,alv
-0.46232530402258154,-0.4772179430089441,-0.24504382056592322,1.8341170193522947e-05,0.004941502153509828,0.1555570899188946,27c5e5e6-0359-4375-b53e-677aa57a73c0,5d2acdf4-b7f6-4545-b72c-ee88a64b81c5,probe01,ZFM-04083,2022-07-20,363,CA3
0.10039908461744665,-0.014292257670215192,-0.0036362304524503453,0.003737516233111482,0.7633417516039697,0.9397372614766683,27c5e5e6-0359-4375-b53e-677aa57a73c0,5d2acdf4-b7f6-4545-b72c-ee88a64b81c5,probe01,ZFM-04083,2022-07-20,376,CA3
-0.22239312431127567,0.02055038692647773,0.040569308052362904,3.329361157691442e-17,0.5691581948926842,0.26842903019000686,27c5e5e6-0359-4375-b53e-677aa57a73c0,5d2acdf4-b7f6-4545-b72c-ee88a64b81c5,probe01,ZFM-04083,2022-07-20,377,CA3
0.05834619194496382,-0.023380489348502113,-0.08932523717837512,0.36319915932188473,0.7887886314600531,0.31277978423761676,27c5e5e6-0359-4375-b53e-677aa57a73c0,5d2acdf4-b7f6-4545-b72c-ee88a64b81c5,probe01,ZFM-04083,2022-07-20,468,LGv
0.05975331379566635,-0.06701933191997096,-0.030861749369298502,0.4678115310888753,0.5563211480275225,0.7892740973923633,27c5e5e6-0359-4375-b53e-677aa57a73c0,5d2acdf4-b7f6-4545-b72c-ee88a64b81c5,probe01,ZFM-04083,2022-07-20,478,LGv
-0.38337753819687304,-0.36549538199263004,0.5795345959528487,1.2266277724409379e-05,0.006444338093609406,1.600369259342698e-05,bd02e951-760a-448d-9c52-3f2990f9cf42,87ddbc18-7a81-49f7-a9fb-d0add506ee27,probe00,ZFM-04083,2022-07-19,24,MD
-0.015506050429270148,-0.1577813847990307,-0.1355768315534422,0.7895762300264878,0.037688852270664853,0.07451829032908432,bd02e951-760a-448d-9c52-3f2990f9cf42,87ddbc18-7a81-49f7-a9fb-d0add506ee27,probe00,ZFM-04083,2022-07-19,32,MD
-0.011467843780693869,-0.012230164082377981,0.022993254530738347,0.5940261769151046,0.6590454328283336,0.4074316906358503,bd02e951-760a-448d-9c52-3f2990f9cf42,87ddbc18-7a81-49f7-a9fb-d0add506ee27,probe00,ZFM-04083,2022-07-19,85,MD
0.6296342921765191,0.13838802477128254,-0.0135624515239533,0.22095875124007436,0.8267565831418645,0.9829018830993121,bd02e951-760a-448d-9c52-3f2990f9cf42,87ddbc18-7a81-49f7-a9fb-d0add506ee27,probe00,ZFM-04083,2022-07-19,119,MD
-0.3162775285557398,-0.49410627279455654,0.4043230320773984,0.1375122702877554,0.13199694819768545,0.21826708542641593,bd02e951-760a-448d-9c52-3f2990f9cf42,87ddbc18-7a81-49f7-a9fb-d0add506ee27,probe00,ZFM-04083,2022-07-19,134,CL
-0.02835621075579507,-0.16601962788644453,-0.09484893335291156,0.7222532566883647,0.11347634245347663,0.36648932076627827,bd02e951-760a-448d-9c52-3f2990f9cf42,87ddbc18-7a81-49f7-a9fb-d0add506ee27,probe00,ZFM-04083,2022-07-19,137,CL
-0.025275583724381517,-0.14695195426584623,0.09257122179266328,0.6566603129169635,0.053259310267161145,0.22397449540279157,bd02e951-760a-448d-9c52-3f2990f9cf42,87ddbc18-7a81-49f7-a9fb-d0add506ee27,probe00,ZFM-04083,2022-07-19,201,DG-sg
-0.083894923803506,-0.11455765944054233,-0.010979313236914374,0.018015322997775807,0.014064118692138135,0.8141858343598932,bd02e951-760a-448d-9c52-3f2990f9cf42,87ddbc18-7a81-49f7-a9fb-d0add506ee27,probe00,ZFM-04083,2022-07-19,242,CA1
-0.08923437985651607,0.903259490364907,-0.214195654332935,0.3635604598509866,1.5179585574918037e-16,0.050717219181738896,bd02e951-760a-448d-9c52-3f2990f9cf42,87ddbc18-7a81-49f7-a9fb-d0add506ee27,probe00,ZFM-04083,2022-07-19,270,CA1
-0.11555549699850931,-0.41835148607493294,-0.24000887642454077,0.0002831045754580003,2.5194587452044e-21,5.5588049604803686e-08,bd02e951-760a-448d-9c52-3f2990f9cf42,87ddbc18-7a81-49f7-a9fb-d0add506ee27,probe00,ZFM-04083,2022-07-19,314,ccs
0.32590452729911407,0.3020905866045523,-0.18232547693198176,0.0006860993894147209,0.007746506589493075,0.10843934226758195,bd02e951-760a-448d-9c52-3f2990f9cf42,87ddbc18-7a81-49f7-a9fb-d0add506ee27,probe00,ZFM-04083,2022-07-19,315,ccs
-0.07917354710528401,-0.3206746353582749,-0.282097022343639,0.019706268258840122,2.313394695890361e-12,7.166112698094506e-10,bd02e951-760a-448d-9c52-3f2990f9cf42,87ddbc18-7a81-49f7-a9fb-d0add506ee27,probe00,ZFM-04083,2022-07-19,316,ccs
0.1723416604353928,0.16999904536259286,-0.162231342267126,0.0386792728183067,0.0931492166592589,0.10955348833936107,bd02e951-760a-448d-9c52-3f2990f9cf42,87ddbc18-7a81-49f7-a9fb-d0add506ee27,probe00,ZFM-04083,2022-07-19,325,VISa6b
19.24100013339577,19.405640948425418,-19.014349243581812,0.9989391201008876,0.9989300424008936,0.9989516168127552,bd02e951-760a-448d-9c52-3f2990f9cf42,87ddbc18-7a81-49f7-a9fb-d0add506ee27,probe00,ZFM-04083,2022-07-19,331,VISa6b
0.07944970579562069,0.16717305679957226,-0.20265484990425686,0.08601964150799285,0.0029854624520216206,0.00032515426228263997,bd02e951-760a-448d-9c52-3f2990f9cf42,87ddbc18-7a81-49f7-a9fb-d0add506ee27,probe00,ZFM-04083,2022-07-19,334,VISa6b
0.2244177535115155,0.20950994102646278,0.1113733798930224,0.13866444655641405,0.2655383407828731,0.5544122082681092,bd02e951-760a-448d-9c52-3f2990f9cf42,87ddbc18-7a81-49f7-a9fb-d0add506ee27,probe00,ZFM-04083,2022-07-19,342,VISa6a
0.10916836000739526,0.07519417110083115,-0.10385507634950153,0.15368651902491384,0.42977074166260476,0.2761041765252208,bd02e951-760a-448d-9c52-3f2990f9cf42,87ddbc18-7a81-49f7-a9fb-d0add506ee27,probe00,ZFM-04083,2022-07-19,357,VISa6a
0.1065511268292454,0.1796258139041689,-0.012037227792227543,0.17530785057820175,0.0639548142891534,0.9013350647950901,bd02e951-760a-448d-9c52-3f2990f9cf42,87ddbc18-7a81-49f7-a9fb-d0add506ee27,probe00,ZFM-04083,2022-07-19,375,VISa6a
-0.31691458138328105,0.057752036608507334,0.13771240097899243,8.598467936869494e-14,0.2953598677879786,0.01273016821645362,bd02e951-760a-448d-9c52-3f2990f9cf42,87ddbc18-7a81-49f7-a9fb-d0add506ee27,probe00,ZFM-04083,2022-07-19,389,VISa5
0.5544030935618527,0.6093476401468537,-0.23331272507789447,1.7060186822239627e-05,2.722716852475817e-05,0.10856808530586219,bd02e951-760a-448d-9c52-3f2990f9cf42,87ddbc18-7a81-49f7-a9fb-d0add506ee27,probe00,ZFM-04083,2022-07-19,404,VISa5
0.030458273935502867,0.08666846744519036,0.22760588097901055,0.7433771723418572,0.47180291016016407,0.05913035093427305,bd02e951-760a-448d-9c52-3f2990f9cf42,87ddbc18-7a81-49f7-a9fb-d0add506ee27,probe00,ZFM-04083,2022-07-19,419,VISa5
-1.200343521800431,-0.0334535500811564,1.6349626156021024,0.008775162255586466,0.961869037310659,0.01963804512868179,bd02e951-760a-448d-9c52-3f2990f9cf42,87ddbc18-7a81-49f7-a9fb-d0add506ee27,probe00,ZFM-04083,2022-07-19,518,MD
0.21552300792276635,0.3185039007367267,-0.16231746472010192,0.0776431238289616,0.027806081778650193,0.2628431347728649,bd02e951-760a-448d-9c52-3f2990f9cf42,87ddbc18-7a81-49f7-a9fb-d0add506ee27,probe00,ZFM-04083,2022-07-19,523,LP
0.38231607582518334,-0.4541975951251265,-0.07266785425801922,0.014689848746367829,0.035750460124299784,0.7371280292508398,bd02e951-760a-448d-9c52-3f2990f9cf42,87ddbc18-7a81-49f7-a9fb-d0add506ee27,probe00,ZFM-04083,2022-07-19,557,CA1
0.4515140356068089,0.3086647648648063,-0.2576439461409119,0.0031108095043721373,0.0836583798048182,0.149216591999138,bd02e951-760a-448d-9c52-3f2990f9cf42,87ddbc18-7a81-49f7-a9fb-d0add506ee27,probe00,ZFM-04083,2022-07-19,566,VISa6b
0.20140539446661565,0.34938979438072354,0.20920908974183614,0.4437359973907111,0.27917663659262437,0.5175167465951525,bd02e951-760a-448d-9c52-3f2990f9cf42,87ddbc18-7a81-49f7-a9fb-d0add506ee27,probe00,ZFM-04083,2022-07-19,621,VISa4
0.17519662360898589,0.02645072658652861,-0.15110907613171992,0.03148911962092267,0.8072184265613538,0.1633093873910615,40b82e4e-4df4-4638-8c06-1d7ce0a58015,8f914cf1-3466-4fa4-a49d-a8c9182da684,probe00,ZFM-04080,2022-07-07,23,PIR
-0.16812080466137835,-0.3190599367743823,0.15507278668462393,0.010228474237865619,0.0012410657932193801,0.1165261106792163,40b82e4e-4df4-4638-8c06-1d7ce0a58015,8f914cf1-3466-4fa4-a49d-a8c9182da684,probe00,ZFM-04080,2022-07-07,30,PIR
0.24698090885699037,0.462650244849305,-0.32637870741391806,0.4375043628207702,0.23057047662305896,0.39768507344340565,40b82e4e-4df4-4638-8c06-1d7ce0a58015,8f914cf1-3466-4fa4-a49d-a8c9182da684,probe00,ZFM-04080,2022-07-07,76,ee
-0.4292154958946317,-0.30289205427400506,0.26047180296602096,0.000629415894391431,0.11352897762106023,0.17354712181033982,40b82e4e-4df4-4638-8c06-1d7ce0a58015,8f914cf1-3466-4fa4-a49d-a8c9182da684,probe00,ZFM-04080,2022-07-07,94,EPd
-0.06408885783038236,-0.2723349780362678,0.04424758582941311,0.00018544082760018978,4.197328586027836e-27,0.07981398040340265,40b82e4e-4df4-4638-8c06-1d7ce0a58015,8f914cf1-3466-4fa4-a49d-a8c9182da684,probe00,ZFM-04080,2022-07-07,157,VL
-0.36874770905175747,-0.1802932706595151,0.2857313886277124,1.3022091197782485e-52,3.8664043569720406e-07,8.723722099470854e-16,40b82e4e-4df4-4638-8c06-1d7ce0a58015,8f914cf1-3466-4fa4-a49d-a8c9182da684,probe00,ZFM-04080,2022-07-07,190,CA3
0.010847804677383374,-0.030394638145902222,0.017272878656302892,0.5165718910807804,0.18657159677690005,0.45290095634431593,40b82e4e-4df4-4638-8c06-1d7ce0a58015,8f914cf1-3466-4fa4-a49d-a8c9182da684,probe00,ZFM-04080,2022-07-07,225,CA3
0.1859902104100601,0.14040010854706017,-0.1938926866012199,0.00014149668443819632,0.02668929275831263,0.0022108385202206236,40b82e4e-4df4-4638-8c06-1d7ce0a58015,8f914cf1-3466-4fa4-a49d-a8c9182da684,probe00,ZFM-04080,2022-07-07,260,CA3
0.12068553253673808,-0.6178761937136934,0.26707128759475307,0.5455741446883742,0.05976668000631088,0.4158179899201848,40b82e4e-4df4-4638-8c06-1d7ce0a58015,8f914cf1-3466-4fa4-a49d-a8c9182da684,probe00,ZFM-04080,2022-07-07,289,CA3
0.03789660400874578,0.08989964605393909,0.034480737963867095,0.21941985208041426,0.029337715813870565,0.40331376143418274,40b82e4e-4df4-4638-8c06-1d7ce0a58015,8f914cf1-3466-4fa4-a49d-a8c9182da684,probe00,ZFM-04080,2022-07-07,297,CA3
0.020988346985464743,0.34356959266048315,-0.06246710734663767,0.8347874001947884,0.007068513352677286,0.6243146581317853,40b82e4e-4df4-4638-8c06-1d7ce0a58015,8f914cf1-3466-4fa4-a49d-a8c9182da684,probe00,ZFM-04080,2022-07-07,314,CA3
0.0895643780981267,-0.12011088515371576,0.2948329669089914,0.37296627449960296,0.404127143689768,0.0405729712418101,40b82e4e-4df4-4638-8c06-1d7ce0a58015,8f914cf1-3466-4fa4-a49d-a8c9182da684,probe00,ZFM-04080,2022-07-07,317,CA3
-0.2878983835286337,-0.48878076575975704,0.35652574603285636,9.889621420247778e-10,1.1104604629028588e-10,2.53186127816546e-06,40b82e4e-4df4-4638-8c06-1d7ce0a58015,8f914cf1-3466-4fa4-a49d-a8c9182da684,probe00,ZFM-04080,2022-07-07,344,CA3
0.02223162778457681,-0.2771976924601217,-0.11318637064031181,0.25569001662955504,2.389175553325039e-22,7.174601244677548e-05,40b82e4e-4df4-4638-8c06-1d7ce0a58015,8f914cf1-3466-4fa4-a49d-a8c9182da684,probe00,ZFM-04080,2022-07-07,363,CA3
0.07923594972144317,-0.25080029238858215,-0.21392257424592373,0.005042340980162498,6.381695108620962e-10,1.3502526541096616e-07,40b82e4e-4df4-4638-8c06-1d7ce0a58015,8f914cf1-3466-4fa4-a49d-a8c9182da684,probe00,ZFM-04080,2022-07-07,411,CA2
0.041586843558453684,-0.17686204115214155,-0.022201287353099564,0.2813216588179809,0.0012555367868171618,0.6855140944320153,40b82e4e-4df4-4638-8c06-1d7ce0a58015,8f914cf1-3466-4fa4-a49d-a8c9182da684,probe00,ZFM-04080,2022-07-07,420,CA2
-0.14756332829364752,-0.5251967685561192,0.11921976987244551,1.4818929200948533e-05,5.3239810617889655e-22,0.02861914632111983,40b82e4e-4df4-4638-8c06-1d7ce0a58015,8f914cf1-3466-4fa4-a49d-a8c9182da684,probe00,ZFM-04080,2022-07-07,421,CA1
-0.18678139408295089,-0.45329234785769257,0.08830771254440187,8.202261852094825e-19,1.0006934909780396e-42,0.007604201099427799,40b82e4e-4df4-4638-8c06-1d7ce0a58015,8f914cf1-3466-4fa4-a49d-a8c9182da684,probe00,ZFM-04080,2022-07-07,422,CA1
-0.21337458412213273,-0.2652428474265839,-0.013871586432753054,3.6159549466578746e-10,1.7591121593650586e-07,0.784731540457307,40b82e4e-4df4-4638-8c06-1d7ce0a58015,8f914cf1-3466-4fa4-a49d-a8c9182da684,probe00,ZFM-04080,2022-07-07,426,CA1
0.21698737386011552,-0.3760884584622739,0.13584765958774192,1.9295937547079028e-05,7.546746562457258e-07,0.07396641708339223,40b82e4e-4df4-4638-8c06-1d7ce0a58015,8f914cf1-3466-4fa4-a49d-a8c9182da684,probe00,ZFM-04080,2022-07-07,460,PIR
-0.14569112911222917,-0.21575771978212926,0.06437348327906377,0.0001792826674749968,7.010918976025409e-05,0.23696507933437372,08371a0c-22d9-4f6e-ac22-c15788b39180,a0651da1-582c-4df1-ae78-4eafef6b17dc,probe00,ZFM-04080,2022-07-06,16,OLF
-0.00546624216726723,-0.16556736462177063,0.07365001298752948,0.9322142142834612,0.061232435959414064,0.40639334409730565,08371a0c-22d9-4f6e-ac22-c15788b39180,a0651da1-582c-4df1-ae78-4eafef6b17dc,probe00,ZFM-04080,2022-07-06,61,BMAp
-0.5137855950214854,0.16768700730534117,0.4978263624095223,0.00019629803205300307,0.3479545731228908,0.005446217313309371,08371a0c-22d9-4f6e-ac22-c15788b39180,a0651da1-582c-4df1-ae78-4eafef6b17dc,probe00,ZFM-04080,2022-07-06,68,BMAp
0.006820787841077692,0.3055393813264202,-0.05089570771105918,0.9289201031189006,0.0012755821700157345,0.5923503370813904,08371a0c-22d9-4f6e-ac22-c15788b39180,a0651da1-582c-4df1-ae78-4eafef6b17dc,probe00,ZFM-04080,2022-07-06,89,BMAp
0.003723878571024832,0.02910362336285846,0.07204510214819966,0.9038489161562715,0.4735797768777318,0.07680605233326053,08371a0c-22d9-4f6e-ac22-c15788b39180,a0651da1-582c-4df1-ae78-4eafef6b17dc,probe00,ZFM-04080,2022-07-06,154,BMAp
-0.5307363708593338,0.8514396778256869,0.3090964709444794,0.025235333247314938,0.0018543532040358251,0.25925263529613307,08371a0c-22d9-4f6e-ac22-c15788b39180,a0651da1-582c-4df1-ae78-4eafef6b17dc,probe00,ZFM-04080,2022-07-06,156,BMAp
-0.007478567032370711,0.008441196998501054,-0.062516641037279,0.8335674155260422,0.8566972251582333,0.18225202017860576,08371a0c-22d9-4f6e-ac22-c15788b39180,a0651da1-582c-4df1-ae78-4eafef6b17dc,probe00,ZFM-04080,2022-07-06,161,BMAp
-11.247009337291473,11.842795772227243,10.467161118480101,0.998983185761201,0.9989293222181387,0.9990536898718679,08371a0c-22d9-4f6e-ac22-c15788b39180,a0651da1-582c-4df1-ae78-4eafef6b17dc,probe00,ZFM-04080,2022-07-06,175,BMAp
-0.1411191281567452,-0.1475909324306456,0.03759880532843659,0.0013468155985284372,0.014481794585001278,0.5345767753794153,08371a0c-22d9-4f6e-ac22-c15788b39180,a0651da1-582c-4df1-ae78-4eafef6b17dc,probe00,ZFM-04080,2022-07-06,196,BLAa
0.04942371622477242,0.050400232252439545,-0.07145356876948622,0.018079714510831697,0.06340665251640233,0.008663028744454163,08371a0c-22d9-4f6e-ac22-c15788b39180,a0651da1-582c-4df1-ae78-4eafef6b17dc,probe00,ZFM-04080,2022-07-06,296,CA3
0.13084428993619826,-0.10832571162793345,-0.07182815491007416,8.018016632461366e-07,0.0022756299817542794,0.043586875228482785,08371a0c-22d9-4f6e-ac22-c15788b39180,a0651da1-582c-4df1-ae78-4eafef6b17dc,probe00,ZFM-04080,2022-07-06,297,CA3
-0.06459083424903506,-0.17575911795932833,0.11523838394273267,0.40499821224125543,0.10182795153918384,0.2848176102294294,08371a0c-22d9-4f6e-ac22-c15788b39180,a0651da1-582c-4df1-ae78-4eafef6b17dc,probe00,ZFM-04080,2022-07-06,306,CA3
-0.01203559204771892,-0.1031464688951245,-0.001743848778081385,0.6885868058531256,0.010954505330515705,0.9657877788499564,08371a0c-22d9-4f6e-ac22-c15788b39180,a0651da1-582c-4df1-ae78-4eafef6b17dc,probe00,ZFM-04080,2022-07-06,314,CA3
-0.1215188999241063,-0.26521951936451976,-0.2081142196735337,0.13393086858755435,0.0198209194355276,0.06840866984492183,08371a0c-22d9-4f6e-ac22-c15788b39180,a0651da1-582c-4df1-ae78-4eafef6b17dc,probe00,ZFM-04080,2022-07-06,316,CA3
-0.2284230234913821,-0.04710612326369534,0.15747470408995243,3.128996614335842e-07,0.43388632792915915,0.00908994671609782,08371a0c-22d9-4f6e-ac22-c15788b39180,a0651da1-582c-4df1-ae78-4eafef6b17dc,probe00,ZFM-04080,2022-07-06,331,CA3
-0.010911572474819022,-0.03839455976194143,0.013544669621544849,0.4424254596658088,0.06984646152004291,0.5244895895760151,d45f1a4a-7f14-4f84-a85c-34b21c6d498c,c941ee0a-5552-4a96-9464-f57c95c7837c,probe00,ZFM-04080,2022-07-05,11,TH
-0.07120407176931835,0.11698745967342361,0.17043166144456093,1.2595150894658742e-06,5.246282626741326e-08,2.955659955771217e-15,d45f1a4a-7f14-4f84-a85c-34b21c6d498c,c941ee0a-5552-4a96-9464-f57c95c7837c,probe00,ZFM-04080,2022-07-05,12,TH
-0.42063585113585367,-0.43867860031321243,-0.3916175426214266,7.762360483980217e-13,3.7736292521955265e-06,4.109691866970361e-05,d45f1a4a-7f14-4f84-a85c-34b21c6d498c,c941ee0a-5552-4a96-9464-f57c95c7837c,probe00,ZFM-04080,2022-07-05,40,MB
-0.5797363951299292,0.22601978396310496,0.03116114193956164,9.38534377555636e-08,0.12420223612337956,0.8330300105256828,d45f1a4a-7f14-4f84-a85c-34b21c6d498c,c941ee0a-5552-4a96-9464-f57c95c7837c,probe00,ZFM-04080,2022-07-05,86,APN
0.008280305433767994,0.09785908446815066,-0.052326686451980874,0.8227498049258982,0.06304550795890107,0.3225499709324553,d45f1a4a-7f14-4f84-a85c-34b21c6d498c,c941ee0a-5552-4a96-9464-f57c95c7837c,probe00,ZFM-04080,2022-07-05,152,DG-sg
0.18048430296138546,-0.44864618861538225,-0.22290211415394093,7.441739839991868e-05,1.2581930984594966e-09,0.002687157993740959,d45f1a4a-7f14-4f84-a85c-34b21c6d498c,c941ee0a-5552-4a96-9464-f57c95c7837c,probe00,ZFM-04080,2022-07-05,223,CA1
0.1375416697106851,0.7802685939314971,-0.0678146925331885,0.07334665308493368,1.7279419842362862e-16,0.4755763285144494,d45f1a4a-7f14-4f84-a85c-34b21c6d498c,c941ee0a-5552-4a96-9464-f57c95c7837c,probe00,ZFM-04080,2022-07-05,282,CA1
0.3237010042701908,1.7923992546408278,-0.5952233711669843,0.11925806962114342,6.123753121931409e-16,0.00740476703677907,d45f1a4a-7f14-4f84-a85c-34b21c6d498c,c941ee0a-5552-4a96-9464-f57c95c7837c,probe00,ZFM-04080,2022-07-05,289,fp
0.8780211779475702,0.42902304264257146,-1.2416865180191796,0.09089068251235098,0.47637148843983856,0.039902453940737555,d45f1a4a-7f14-4f84-a85c-34b21c6d498c,c941ee0a-5552-4a96-9464-f57c95c7837c,probe00,ZFM-04080,2022-07-05,301,VISp6a
0.10315930082278603,0.030187964260989016,-0.15554270118956978,0.0021560968598580803,0.5302272888544897,0.001287948906816682,d45f1a4a-7f14-4f84-a85c-34b21c6d498c,c941ee0a-5552-4a96-9464-f57c95c7837c,probe00,ZFM-04080,2022-07-05,324,VISp5
-0.11597923995464322,-0.1799126908124552,0.012464825323667092,0.0005200213453486063,0.00048714765871219937,0.8100500089004234,d45f1a4a-7f14-4f84-a85c-34b21c6d498c,c941ee0a-5552-4a96-9464-f57c95c7837c,probe00,ZFM-04080,2022-07-05,386,VISp4
-0.09796079268927384,-0.21106710137784207,-0.12321245726896826,7.23228112548352e-05,2.225985141472516e-08,0.0011650709702642962,d45f1a4a-7f14-4f84-a85c-34b21c6d498c,c941ee0a-5552-4a96-9464-f57c95c7837c,probe00,ZFM-04080,2022-07-05,394,VISp4
0.07192836554743992,0.8386817541048727,-0.08423699457708703,0.48869971408923396,3.324259743072238e-11,0.5070107828942247,d45f1a4a-7f14-4f84-a85c-34b21c6d498c,c941ee0a-5552-4a96-9464-f57c95c7837c,probe00,ZFM-04080,2022-07-05,473,CA1
-0.02517975658185442,-0.19444092444646352,-0.14258687715786852,0.8422413127098451,0.31190905140358827,0.4607585104875985,d45f1a4a-7f14-4f84-a85c-34b21c6d498c,c941ee0a-5552-4a96-9464-f57c95c7837c,probe00,ZFM-04080,2022-07-05,528,VISp5
-0.0006974630220484349,-0.030711016421755756,0.017269585138962762,0.9817966339293136,0.507194873262318,0.7091924385836685,8a1808ee-44ab-4572-b7ac-921a1af98748,fd4d4d6b-f2e3-464d-8604-084265d32b76,probe00,ZFM-04122,2022-05-13,61,PIR
-0.024231830682999722,-0.3497374043095019,0.06448631401872967,0.39367700440751807,2.1670545897144428e-13,0.1760465007246187,8a1808ee-44ab-4572-b7ac-921a1af98748,fd4d4d6b-f2e3-464d-8604-084265d32b76,probe00,ZFM-04122,2022-05-13,65,PIR
-0.009003780944832713,0.11979397407869188,-0.05445437202301558,0.6614929998896055,5.2282482631464204e-05,0.06594376326676257,8a1808ee-44ab-4572-b7ac-921a1af98748,fd4d4d6b-f2e3-464d-8604-084265d32b76,probe00,ZFM-04122,2022-05-13,81,PIR
-0.014958097629464442,0.10866225304899532,0.00588683146330052,0.7064673911680086,0.06000990334933654,0.9188447935988223,8a1808ee-44ab-4572-b7ac-921a1af98748,fd4d4d6b-f2e3-464d-8604-084265d32b76,probe00,ZFM-04122,2022-05-13,165,EPd
0.06793802979188868,-0.7132865292364668,-0.19559925463111133,0.4997800300487366,0.00010817147888717391,0.2883944872443287,8a1808ee-44ab-4572-b7ac-921a1af98748,fd4d4d6b-f2e3-464d-8604-084265d32b76,probe00,ZFM-04122,2022-05-13,168,EPd
0.25997498885531184,-0.03897222991355653,0.149449363059948,4.633816963052711e-07,0.6338964438021009,0.0678041514798414,8a1808ee-44ab-4572-b7ac-921a1af98748,fd4d4d6b-f2e3-464d-8604-084265d32b76,probe00,ZFM-04122,2022-05-13,193,EPd
0.15939214935304455,-0.896828519621067,-0.19738290986435789,0.001413566489563942,4.7897018690525035e-20,0.0435987770731623,8a1808ee-44ab-4572-b7ac-921a1af98748,fd4d4d6b-f2e3-464d-8604-084265d32b76,probe00,ZFM-04122,2022-05-13,223,LA
0.23219006327877953,-1.55582358787453,-0.4369266280316308,0.016884220870254027,5.5313165580816854e-11,0.06560563033032439,8a1808ee-44ab-4572-b7ac-921a1af98748,fd4d4d6b-f2e3-464d-8604-084265d32b76,probe00,ZFM-04122,2022-05-13,281,CP
-0.03286049536925319,-0.4470572901310068,-0.057025593453414306,0.18353303574073532,1.610871021652935e-26,0.17401051156932634,8a1808ee-44ab-4572-b7ac-921a1af98748,fd4d4d6b-f2e3-464d-8604-084265d32b76,probe00,ZFM-04122,2022-05-13,376,VL
0.029209000272386564,-0.0012012372040631353,-0.06000325068874377,0.14347407044482677,0.967771677425972,0.043571602746956706,8a1808ee-44ab-4572-b7ac-921a1af98748,fd4d4d6b-f2e3-464d-8604-084265d32b76,probe00,ZFM-04122,2022-05-13,381,VL
0.0011723334796267665,0.4084720052101455,-0.22454459563109527,0.9915580886255001,0.005381914399659869,0.12601726901558388,8a1808ee-44ab-4572-b7ac-921a1af98748,fd4d4d6b-f2e3-464d-8604-084265d32b76,probe00,ZFM-04122,2022-05-13,408,PIR
0.02355589546985208,-0.06283822259627943,-0.015238159485141248,0.1375668353228702,0.007277872027516717,0.5161703087300922,c3ac69ad-851a-475c-8ba8-e44e9bd76dcb,09249aa4-006c-4aa9-b86a-215da86e1778,probe00,ZFM-04122,2022-05-12,215,SCiw
0.024898420969395055,0.14091826359610518,0.0049380142258011565,0.4013516228519848,0.0007016474196736892,0.9056851217679901,c3ac69ad-851a-475c-8ba8-e44e9bd76dcb,09249aa4-006c-4aa9-b86a-215da86e1778,probe00,ZFM-04122,2022-05-12,238,SCig
0.2077895507142602,0.2545529008056568,-0.019826231747537074,0.05552910324159055,0.08654302771509179,0.8940309259565551,c3ac69ad-851a-475c-8ba8-e44e9bd76dcb,09249aa4-006c-4aa9-b86a-215da86e1778,probe00,ZFM-04122,2022-05-12,239,SCig
0.06963000630491722,-0.0943264432701872,-0.005404357504581946,0.08163879608794736,0.11377894107100493,0.9279786601634893,c3ac69ad-851a-475c-8ba8-e44e9bd76dcb,09249aa4-006c-4aa9-b86a-215da86e1778,probe00,ZFM-04122,2022-05-12,390,RSPv5
-0.09782275583972787,-0.32063490481663875,0.25395792935692546,0.2170494639972198,0.013359010863442666,0.053286539574191855,30e67309-433b-4839-88ad-2bef7b33d39e,fb97e357-0c74-43a4-9556-1f18d6d63f9d,probe00,ZFM-04122,2022-05-10,15,BLAp
-0.015150453425709741,0.1755568213578419,-0.2984978664052145,0.85546588138942,0.11775699612577367,0.0087975096571907,30e67309-433b-4839-88ad-2bef7b33d39e,fb97e357-0c74-43a4-9556-1f18d6d63f9d,probe00,ZFM-04122,2022-05-10,46,BLAp
0.16111973241360478,-0.22008470591729762,-0.050585563851300606,0.030211218107998202,0.05581486162337961,0.6646028162769606,30e67309-433b-4839-88ad-2bef7b33d39e,fb97e357-0c74-43a4-9556-1f18d6d63f9d,probe00,ZFM-04122,2022-05-10,86,BLAa
-0.17183671284735966,0.15116725597640557,0.06991252089431832,4.8200389778546095e-05,0.00972984080341448,0.23874523424223482,30e67309-433b-4839-88ad-2bef7b33d39e,fb97e357-0c74-43a4-9556-1f18d6d63f9d,probe00,ZFM-04122,2022-05-10,104,LA
0.022729693987379142,0.08949661634315392,-0.06847816436293898,0.7909465015212277,0.45765574707917744,0.5753950005068759,30e67309-433b-4839-88ad-2bef7b33d39e,fb97e357-0c74-43a4-9556-1f18d6d63f9d,probe00,ZFM-04122,2022-05-10,110,LA
0.01685473055667468,-0.28351530380181234,0.02648067150465822,0.8841774658473915,0.12055370880609664,0.8863369796128431,30e67309-433b-4839-88ad-2bef7b33d39e,fb97e357-0c74-43a4-9556-1f18d6d63f9d,probe00,ZFM-04122,2022-05-10,123,LA
-0.038126501829137176,0.6976158572910254,-0.1115986423931223,0.8467598751643813,0.003910355154283476,0.6491435723848453,30e67309-433b-4839-88ad-2bef7b33d39e,fb97e357-0c74-43a4-9556-1f18d6d63f9d,probe00,ZFM-04122,2022-05-10,146,LA
0.06821726206224923,-0.3634613020004423,0.03780465917301128,0.11462069372877356,2.467886386304107e-07,0.5966195891758515,30e67309-433b-4839-88ad-2bef7b33d39e,fb97e357-0c74-43a4-9556-1f18d6d63f9d,probe00,ZFM-04122,2022-05-10,149,LA
-0.025648114480741554,0.7051061120032512,0.17303648965328858,0.8287824990879586,2.1666406265972894e-06,0.2514855674046086,30e67309-433b-4839-88ad-2bef7b33d39e,fb97e357-0c74-43a4-9556-1f18d6d63f9d,probe00,ZFM-04122,2022-05-10,165,STR
0.017800539289888954,0.36734032859112026,-0.09416377969910843,0.7143400520478544,8.679118346351811e-09,0.1459254688011702,30e67309-433b-4839-88ad-2bef7b33d39e,fb97e357-0c74-43a4-9556-1f18d6d63f9d,probe00,ZFM-04122,2022-05-10,182,fiber tracts
0.014017326369851795,-0.041842856797908196,-0.016251038259656597,0.47999953363093306,0.1495239178924282,0.5811242020708782,30e67309-433b-4839-88ad-2bef7b33d39e,fb97e357-0c74-43a4-9556-1f18d6d63f9d,probe00,ZFM-04122,2022-05-10,240,CA3
-0.08371261047452,-0.024006849384254732,0.030416865674336074,0.00028515628396647035,0.47369722248635815,0.37102218584036983,30e67309-433b-4839-88ad-2bef7b33d39e,fb97e357-0c74-43a4-9556-1f18d6d63f9d,probe00,ZFM-04122,2022-05-10,260,CA3
0.05619935807978225,-0.36693553897241277,0.08298853725346661,0.09234691630270209,2.183054660786214e-11,0.1354388085160187,30e67309-433b-4839-88ad-2bef7b33d39e,fb97e357-0c74-43a4-9556-1f18d6d63f9d,probe00,ZFM-04122,2022-05-10,274,CA3
0.01632065790496674,-0.037508963547793296,0.019850514687888718,0.6551106773993665,0.48449792428592375,0.7153055519875082,30e67309-433b-4839-88ad-2bef7b33d39e,fb97e357-0c74-43a4-9556-1f18d6d63f9d,probe00,ZFM-04122,2022-05-10,277,CA3
0.4256307777027588,0.003036407689932269,-0.2823228787795203,0.03214778229631621,0.9889374233027438,0.31022202628036866,91cb57bf-bf33-4fa4-9880-7c03da910ac2,15589ad2-9972-445e-bf76-faffbffa56d8,probe01,ZFM-03324,2022-04-14,149,EPd
0.17185025692665862,0.1213118229031721,-0.8214103273771122,0.7858380030705533,0.8422745462262755,0.3369939795250412,91cb57bf-bf33-4fa4-9880-7c03da910ac2,15589ad2-9972-445e-bf76-faffbffa56d8,probe01,ZFM-03324,2022-04-14,531,OLF
-0.05001859695554939,0.0041621598728592835,0.2876687124380396,0.6404959213782881,0.968500050127714,0.04237491216721445,91cb57bf-bf33-4fa4-9880-7c03da910ac2,b9dd6c90-7984-4bb1-a095-6f5407e75a70,probe00,ZFM-03324,2022-04-14,146,MB
0.5773153650348241,0.18404861497947644,0.504027677159854,0.0012610115562215467,0.35991442443808264,0.03519668026611771,91cb57bf-bf33-4fa4-9880-7c03da910ac2,b9dd6c90-7984-4bb1-a095-6f5407e75a70,probe00,ZFM-03324,2022-04-14,205,SCig
0.10833685120433345,-0.5428627549013181,0.12223372585656128,0.5433648375699488,0.011952944970438178,0.6589429748482113,91cb57bf-bf33-4fa4-9880-7c03da910ac2,b9dd6c90-7984-4bb1-a095-6f5407e75a70,probe00,ZFM-03324,2022-04-14,269,SCsg
0.6931471800822758,1.9789509135932224,-1.2138450058926753,0.23874171897002816,3.973470925290796e-05,0.05306687233553048,c5eff7e4-71ad-4983-96ac-a7e5affaadbb,2040786c-773d-46e4-88dc-eb61beab2ef9,probe00,ZFM-03324,2022-04-13,51,DP
0.23833750140391716,0.3682263031720503,-0.0868032286175476,0.3626123364349655,0.10469850374495819,0.7871589072996632,c5eff7e4-71ad-4983-96ac-a7e5affaadbb,2040786c-773d-46e4-88dc-eb61beab2ef9,probe00,ZFM-03324,2022-04-13,108,ORBm2/3
0.2520747462249663,0.53838187727454,0.03234561930404123,0.7274597622616434,0.38154807975657035,0.9699158771816556,c5eff7e4-71ad-4983-96ac-a7e5affaadbb,2040786c-773d-46e4-88dc-eb61beab2ef9,probe00,ZFM-03324,2022-04-13,214,ORBm5
0.3076470811212559,-0.12934626168609187,0.02183742086949536,0.41133079622116153,0.7171681703419623,0.9651423821402848,c5eff7e4-71ad-4983-96ac-a7e5affaadbb,2040786c-773d-46e4-88dc-eb61beab2ef9,probe00,ZFM-03324,2022-04-13,218,ORBm5
0.11836741740571523,0.20391346919203585,-0.008023409465602399,0.7203047066755044,0.4806700057872355,0.9847091988522862,c5eff7e4-71ad-4983-96ac-a7e5affaadbb,2040786c-773d-46e4-88dc-eb61beab2ef9,probe00,ZFM-03324,2022-04-13,252,ORBm5
-0.19496614755658728,-1.0993897902999548,0.9568839057424127,0.23505814829410587,1.835102013544293e-08,0.0003748622612228693,c5eff7e4-71ad-4983-96ac-a7e5affaadbb,2040786c-773d-46e4-88dc-eb61beab2ef9,probe00,ZFM-03324,2022-04-13,367,ILA6a
-0.5680384565464764,0.15745279293180453,0.7195727293328463,0.1085897372913743,0.5942837602658223,0.10829026308370314,c5eff7e4-71ad-4983-96ac-a7e5affaadbb,2040786c-773d-46e4-88dc-eb61beab2ef9,probe00,ZFM-03324,2022-04-13,417,ILA6a
0.3277486343480232,-0.5938783457102166,-0.28785337776034425,0.11223092671941297,0.006248859129106591,0.36821318343984777,c5eff7e4-71ad-4983-96ac-a7e5affaadbb,2040786c-773d-46e4-88dc-eb61beab2ef9,probe00,ZFM-03324,2022-04-13,523,PL6a
-0.29844763798931123,0.9010932927381756,0.08203445215185727,0.18286207567841883,1.234883614507417e-07,0.7514008083403193,c5eff7e4-71ad-4983-96ac-a7e5affaadbb,2040786c-773d-46e4-88dc-eb61beab2ef9,probe00,ZFM-03324,2022-04-13,670,MOs5
0.22078376126072363,0.633340102469843,-0.35637792515754113,0.06348011159602673,1.6307426463093436e-10,0.012504716946110068,c5eff7e4-71ad-4983-96ac-a7e5affaadbb,2040786c-773d-46e4-88dc-eb61beab2ef9,probe00,ZFM-03324,2022-04-13,740,MOs2/3
-1.8351108960992424,0.7413864110811653,2.3779852734228752,4.4352382563056074e-16,0.0001270616329028635,2.907670220890973e-20,c5eff7e4-71ad-4983-96ac-a7e5affaadbb,2040786c-773d-46e4-88dc-eb61beab2ef9,probe00,ZFM-03324,2022-04-13,743,MOs2/3
0.279020947847637,1.2974458440806007,-0.42157154018024917,0.2834261833866266,3.1244844244733153e-10,0.14350912117717404,c5eff7e4-71ad-4983-96ac-a7e5affaadbb,2040786c-773d-46e4-88dc-eb61beab2ef9,probe00,ZFM-03324,2022-04-13,750,TTd
0.3444605963793924,-0.2539322768268063,-0.654132273865341,0.3145919336395846,0.4435344973014288,0.1930913682082699,c5eff7e4-71ad-4983-96ac-a7e5affaadbb,2040786c-773d-46e4-88dc-eb61beab2ef9,probe00,ZFM-03324,2022-04-13,819,ORBm5
-0.16507975035944866,-0.468611126821034,0.32339937706947974,0.6105619541017506,0.029632278267865294,0.39572164671488663,c5f0df31-60ca-42da-900d-7881fbc40c23,7fa93f93-4c54-48bf-a4b2-4ef35134c5a3,probe00,ZFM-03324,2022-04-12,10,PIR
1.515127232962855,0.2954442593716647,-0.08671552306618398,0.009665487417093865,0.6021950109197799,0.9009938615351055,c5f0df31-60ca-42da-900d-7881fbc40c23,7fa93f93-4c54-48bf-a4b2-4ef35134c5a3,probe00,ZFM-03324,2022-04-12,207,CP
0.4992644150426961,0.0,0.0,0.015194562697226955,,,bec8e669-cc9a-4d4d-bdb7-5e9604fe2fcc,56c34de2-8fc4-4f37-979b-094951ab79ae,probe00,ZFM-03323,2022-04-07,441,RSPv6a
9.549306145724621,0.0,0.0,0.9987342061845151,,,bec8e669-cc9a-4d4d-bdb7-5e9604fe2fcc,77cb0293-f054-4488-b34e-65869853e20e,probe01,ZFM-03323,2022-04-07,147,OLF
-1.0397207708399143,0.0,0.0,0.06289838118572888,,,bec8e669-cc9a-4d4d-bdb7-5e9604fe2fcc,77cb0293-f054-4488-b34e-65869853e20e,probe01,ZFM-03323,2022-04-07,467,ORBl6a
0.20273255405408194,0.0,0.0,0.5430563841093898,,,bec8e669-cc9a-4d4d-bdb7-5e9604fe2fcc,77cb0293-f054-4488-b34e-65869853e20e,probe01,ZFM-03323,2022-04-07,479,ORBvl6a
-0.2694982503663435,0.0,0.0,0.3326396599363969,,,bec8e669-cc9a-4d4d-bdb7-5e9604fe2fcc,77cb0293-f054-4488-b34e-65869853e20e,probe01,ZFM-03323,2022-04-07,525,FRP6a
9.549306142862726,0.0,0.0,0.9987342061877487,,,bec8e669-cc9a-4d4d-bdb7-5e9604fe2fcc,77cb0293-f054-4488-b34e-65869853e20e,probe01,ZFM-03323,2022-04-07,969,MOs5
0.10136627702704111,0.10136627702704114,0.10136627702704111,0.7254810064030555,0.7254810064030554,0.7254810064030555,731910b7-8e36-4599-be41-dddbb8c9b198,c4eb99d1-36ef-4e80-9a02-f51c8c81c618,probe01,ZFM-03323,2022-04-05,63,CEAm
5.024653070604705,-4.821920516550624,5.024653070604707,0.9986006041689062,0.9986570663392197,0.9986006041689062,731910b7-8e36-4599-be41-dddbb8c9b198,c4eb99d1-36ef-4e80-9a02-f51c8c81c618,probe01,ZFM-03323,2022-04-05,64,CEAm
-0.27465307213162404,0.2746530722024379,-0.274653072131624,0.228792334845764,0.22879233472575744,0.2287923348457641,731910b7-8e36-4599-be41-dddbb8c9b198,c4eb99d1-36ef-4e80-9a02-f51c8c81c618,probe01,ZFM-03323,2022-04-05,69,CEAm
0.018526993040056682,1.3010016717708257,0.018526993040056297,0.8252383137317291,3.164711849129e-54,0.8252383137317327,731910b7-8e36-4599-be41-dddbb8c9b198,c4eb99d1-36ef-4e80-9a02-f51c8c81c618,probe01,ZFM-03323,2022-04-05,188,GPe
-0.12996886482147654,1.6754900915006352,-0.12996886482147715,0.01976985457391792,2.4630638684121504e-198,0.019769854573917413,731910b7-8e36-4599-be41-dddbb8c9b198,c4eb99d1-36ef-4e80-9a02-f51c8c81c618,probe01,ZFM-03323,2022-04-05,316,RT
0.15475980210155502,1.4742884669091862,0.15475980210155502,0.03978763442979828,2.0529927209446658e-85,0.03978763442979828,731910b7-8e36-4599-be41-dddbb8c9b198,f5ed13b0-a301-4340-aa63-e78ed0b82a9f,probe00,ZFM-03323,2022-04-05,373,PL6a
0.05119860316150338,1.250146239560689,0.05119860316150338,0.5669573570021262,2.0648174310074028e-44,0.5669573570021262,731910b7-8e36-4599-be41-dddbb8c9b198,f5ed13b0-a301-4340-aa63-e78ed0b82a9f,probe00,ZFM-03323,2022-04-05,458,ACAd5
-0.1732867951126798,-0.17328679511267975,-0.1732867951126798,0.6240412849213437,0.6240412849213437,0.6240412849213437,731910b7-8e36-4599-be41-dddbb8c9b198,f5ed13b0-a301-4340-aa63-e78ed0b82a9f,probe00,ZFM-03323,2022-04-05,497,MOs5
4.77465307359287,-5.121226663872845,4.774653073592871,0.9987342061858089,0.9986423271967166,0.9987342061858089,731910b7-8e36-4599-be41-dddbb8c9b198,f5ed13b0-a301-4340-aa63-e78ed0b82a9f,probe00,ZFM-03323,2022-04-05,536,MOs5
-0.03665086854796796,1.1622967678512164,-0.03665086854796796,0.698791949575029,1.2920920354964152e-34,0.698791949575029,731910b7-8e36-4599-be41-dddbb8c9b198,f5ed13b0-a301-4340-aa63-e78ed0b82a9f,probe00,ZFM-03323,2022-04-05,704,ORBm5
0.1282753716833136,-0.7291095883585168,0.2870706044291448,0.28024017428511083,0.0007052284169030475,0.18987627136981344,c1fbabc4-21b1-47f9-92b0-57ed9da5ec4b,25c481bf-47df-4a59-946c-60fdb4afbaba,probe01,ZFM-03321,2022-03-23,46,BLAp
0.6024940134458201,-0.33407216927272343,0.2867854036365573,0.003406068549759232,0.2842692748152408,0.3630706312048786,c1fbabc4-21b1-47f9-92b0-57ed9da5ec4b,25c481bf-47df-4a59-946c-60fdb4afbaba,probe01,ZFM-03321,2022-03-23,79,BLAp
0.34256354847188847,-1.4622078358501671,1.553317697795824,0.4110272309329399,0.16783480190416966,0.14505976249005678,c1fbabc4-21b1-47f9-92b0-57ed9da5ec4b,25c481bf-47df-4a59-946c-60fdb4afbaba,probe01,ZFM-03321,2022-03-23,89,BLAp
0.16951692207763402,0.12032752699503446,-0.17400548464061028,0.059633623532520184,0.31959229798141675,0.15845983090544935,c1fbabc4-21b1-47f9-92b0-57ed9da5ec4b,25c481bf-47df-4a59-946c-60fdb4afbaba,probe01,ZFM-03321,2022-03-23,142,VL
0.11521301586631255,-0.029844916500586738,0.0874023828977637,0.24120897267774621,0.8321481962291286,0.5424967624887933,c1fbabc4-21b1-47f9-92b0-57ed9da5ec4b,25c481bf-47df-4a59-946c-60fdb4afbaba,probe01,ZFM-03321,2022-03-23,143,CA3
0.4858386394427334,0.8734212437617073,-1.0178942557210182,0.02089810627651946,0.0001856565051421187,1.876079059927012e-05,c1fbabc4-21b1-47f9-92b0-57ed9da5ec4b,25c481bf-47df-4a59-946c-60fdb4afbaba,probe01,ZFM-03321,2022-03-23,269,CA3
1.049572523205627,0.7662423952142535,-1.281162858550771,0.0033682682363851157,0.05365202070624342,0.0014281376517389856,c1fbabc4-21b1-47f9-92b0-57ed9da5ec4b,25c481bf-47df-4a59-946c-60fdb4afbaba,probe01,ZFM-03321,2022-03-23,320,CA2
-0.156257070160147,-0.19655441841317994,0.6124022719832213,0.414986530469047,0.5263459785733131,0.05257159751842776,c1fbabc4-21b1-47f9-92b0-57ed9da5ec4b,25c481bf-47df-4a59-946c-60fdb4afbaba,probe01,ZFM-03321,2022-03-23,354,BLAp
0.012150490278186626,0.13577224763337847,-0.05719736774365414,0.9457592634829705,0.5773254438022775,0.8184091039569847,c1fbabc4-21b1-47f9-92b0-57ed9da5ec4b,25c481bf-47df-4a59-946c-60fdb4afbaba,probe01,ZFM-03321,2022-03-23,387,CA2
-0.24115339270273517,-0.8377577917849126,1.0114866849347202,0.12255101741758086,0.0121654817968347,0.00285086401610198,c1fbabc4-21b1-47f9-92b0-57ed9da5ec4b,c63e091f-9dc6-4e97-9a23-fd7ac37e43fc,probe00,ZFM-03321,2022-03-23,20,ORBm5
0.02528088904005943,-0.2047143178839026,-0.2354122620479136,0.9507679792106852,0.7319139409799831,0.701002758828768,c1fbabc4-21b1-47f9-92b0-57ed9da5ec4b,c63e091f-9dc6-4e97-9a23-fd7ac37e43fc,probe00,ZFM-03321,2022-03-23,38,ORBm5
-0.6300741771528524,-0.3070411033962497,-0.7916620661043793,0.1209387489637858,0.5940656029484086,0.19722514318052975,c1fbabc4-21b1-47f9-92b0-57ed9da5ec4b,c63e091f-9dc6-4e97-9a23-fd7ac37e43fc,probe00,ZFM-03321,2022-03-23,64,ORBm5
-0.22580982128015298,-0.5248005140873716,0.2768950411600174,0.33524274261376885,0.2007146617790332,0.5099729339753754,c1fbabc4-21b1-47f9-92b0-57ed9da5ec4b,c63e091f-9dc6-4e97-9a23-fd7ac37e43fc,probe00,ZFM-03321,2022-03-23,100,ORBm5
0.5154660033224956,0.19434535399480168,-0.8780711421085029,0.053178512850916154,0.5538325488316247,0.008769762720125253,c1fbabc4-21b1-47f9-92b0-57ed9da5ec4b,c63e091f-9dc6-4e97-9a23-fd7ac37e43fc,probe00,ZFM-03321,2022-03-23,142,ORBm5
0.25957013264584966,0.02492374150871174,-0.40368165467030526,0.22533446212235664,0.9306884854608,0.16794687968907673,c1fbabc4-21b1-47f9-92b0-57ed9da5ec4b,c63e091f-9dc6-4e97-9a23-fd7ac37e43fc,probe00,ZFM-03321,2022-03-23,145,ORBm5
20.924127377685235,-1.1093011742290795,-1.00933312851393,0.9989194862108443,0.9999638868927535,0.9999671413351378,c1fbabc4-21b1-47f9-92b0-57ed9da5ec4b,c63e091f-9dc6-4e97-9a23-fd7ac37e43fc,probe00,ZFM-03321,2022-03-23,159,ORBm5
0.6823431034385599,0.3303117061077083,-0.42507759751277663,0.00017599198373285713,0.1419690739826397,0.062185673924147686,c1fbabc4-21b1-47f9-92b0-57ed9da5ec4b,c63e091f-9dc6-4e97-9a23-fd7ac37e43fc,probe00,ZFM-03321,2022-03-23,174,ORBm5
0.1058938533008491,-0.27006233465666707,0.17095454527313603,0.536744370133261,0.3080286443025483,0.5264719763197632,c1fbabc4-21b1-47f9-92b0-57ed9da5ec4b,c63e091f-9dc6-4e97-9a23-fd7ac37e43fc,probe00,ZFM-03321,2022-03-23,188,ORBm5
1.4415158644500847,0.988419830975414,-1.0435087630576607,0.023818523462963547,0.15715345283820875,0.13789713027036146,c1fbabc4-21b1-47f9-92b0-57ed9da5ec4b,c63e091f-9dc6-4e97-9a23-fd7ac37e43fc,probe00,ZFM-03321,2022-03-23,215,ORBm5
0.92315228580923,1.5095910421192609,-1.8701700270242128,0.28787077990076904,0.09323122624233246,0.039844449844774095,c1fbabc4-21b1-47f9-92b0-57ed9da5ec4b,c63e091f-9dc6-4e97-9a23-fd7ac37e43fc,probe00,ZFM-03321,2022-03-23,216,ORBm5
-0.05343763352745462,0.4667885459800261,-0.3697092494506859,0.9477981225068737,0.6441231301859639,0.7215465957400973,c1fbabc4-21b1-47f9-92b0-57ed9da5ec4b,c63e091f-9dc6-4e97-9a23-fd7ac37e43fc,probe00,ZFM-03321,2022-03-23,250,PL5
-0.1436051631647755,-1.024425370527707,0.7662639864114105,0.4185964709377654,0.00914577945974166,0.05495730684569756,c1fbabc4-21b1-47f9-92b0-57ed9da5ec4b,c63e091f-9dc6-4e97-9a23-fd7ac37e43fc,probe00,ZFM-03321,2022-03-23,267,PL6a
-0.6538173760219887,-0.7752656207796612,0.5617773696754935,0.0009167930496522019,0.05912074492876913,0.1843750190884369,c1fbabc4-21b1-47f9-92b0-57ed9da5ec4b,c63e091f-9dc6-4e97-9a23-fd7ac37e43fc,probe00,ZFM-03321,2022-03-23,280,PL6a
0.30106950549607814,0.038381973013278545,0.23541666985148937,0.4688271868573689,0.9475598445338121,0.6909027550488775,c1fbabc4-21b1-47f9-92b0-57ed9da5ec4b,c63e091f-9dc6-4e97-9a23-fd7ac37e43fc,probe00,ZFM-03321,2022-03-23,283,PL6a
0.15465767671436637,-0.3085266597209106,0.35154729048808614,0.2738933376405621,0.16780566111909467,0.12188749418689197,c1fbabc4-21b1-47f9-92b0-57ed9da5ec4b,c63e091f-9dc6-4e97-9a23-fd7ac37e43fc,probe00,ZFM-03321,2022-03-23,299,PL6a
-0.43091443811652175,-1.5893087563872594,1.2275244864397399,0.05506178180674433,0.02324154273401672,0.08383900971918393,c1fbabc4-21b1-47f9-92b0-57ed9da5ec4b,c63e091f-9dc6-4e97-9a23-fd7ac37e43fc,probe00,ZFM-03321,2022-03-23,314,PL6a
0.23620104841443745,0.35400761327800917,-0.14276138816987927,0.1911243008032163,0.12479778956461621,0.5432459976100199,c1fbabc4-21b1-47f9-92b0-57ed9da5ec4b,c63e091f-9dc6-4e97-9a23-fd7ac37e43fc,probe00,ZFM-03321,2022-03-23,322,PL6a
0.0929516027041048,-0.1017954810222168,0.2949166578335643,0.5493877413049427,0.6600739664495674,0.21043477335978877,c1fbabc4-21b1-47f9-92b0-57ed9da5ec4b,c63e091f-9dc6-4e97-9a23-fd7ac37e43fc,probe00,ZFM-03321,2022-03-23,333,PL6a
0.19100859531921302,-0.5620296254357873,-0.32844462446400563,0.6436732441827598,0.3904607752145297,0.6243461957821732,c1fbabc4-21b1-47f9-92b0-57ed9da5ec4b,c63e091f-9dc6-4e97-9a23-fd7ac37e43fc,probe00,ZFM-03321,2022-03-23,335,PL6a
0.22056504890928386,-1.1424113981489008,1.3786332701078798,0.01779724620309568,6.34327992071685e-08,9.141853291560708e-11,c1fbabc4-21b1-47f9-92b0-57ed9da5ec4b,c63e091f-9dc6-4e97-9a23-fd7ac37e43fc,probe00,ZFM-03321,2022-03-23,390,MOs5
-0.17989780908121955,-1.058864906761257,1.0225389976417851,0.1841398280009081,0.0007384509390418702,0.001301479051494036,c1fbabc4-21b1-47f9-92b0-57ed9da5ec4b,c63e091f-9dc6-4e97-9a23-fd7ac37e43fc,probe00,ZFM-03321,2022-03-23,397,MOs5
0.6571521110071648,1.094865611277463,-1.7359253469088693,0.2751514043392185,0.08594246800498949,0.007439735375728516,c1fbabc4-21b1-47f9-92b0-57ed9da5ec4b,c63e091f-9dc6-4e97-9a23-fd7ac37e43fc,probe00,ZFM-03321,2022-03-23,404,MOs5
0.7288973831949577,-23.566761101711197,23.500559105560832,6.630426083397748e-06,0.9986190463366478,0.9986229256053314,c1fbabc4-21b1-47f9-92b0-57ed9da5ec4b,c63e091f-9dc6-4e97-9a23-fd7ac37e43fc,probe00,ZFM-03321,2022-03-23,477,MOs5
0.44803697004570986,0.2144182873917867,-0.3265306242505177,0.0034525649283850537,0.2755567666417851,0.10236880225370935,c1fbabc4-21b1-47f9-92b0-57ed9da5ec4b,c63e091f-9dc6-4e97-9a23-fd7ac37e43fc,probe00,ZFM-03321,2022-03-23,483,MOs5
0.224182592137252,0.19446094173150913,-0.07412976657790721,0.09933867322325143,0.2818235581694567,0.6870136920241159,c1fbabc4-21b1-47f9-92b0-57ed9da5ec4b,c63e091f-9dc6-4e97-9a23-fd7ac37e43fc,probe00,ZFM-03321,2022-03-23,522,MOs2/3
0.34351309963895854,-0.008015442999127542,-0.12950333691330623,0.08924919529655008,0.9770255217119628,0.6473599537479526,c1fbabc4-21b1-47f9-92b0-57ed9da5ec4b,c63e091f-9dc6-4e97-9a23-fd7ac37e43fc,probe00,ZFM-03321,2022-03-23,638,ORBm5
21.646350271944762,18.95564434469535,-19.085384269542345,0.9984785019610949,0.9986676285239295,0.9986585092553465,c1fbabc4-21b1-47f9-92b0-57ed9da5ec4b,c63e091f-9dc6-4e97-9a23-fd7ac37e43fc,probe00,ZFM-03321,2022-03-23,680,PL6a
19.84656256388533,-1.7103573142712314,-19.84656256389622,0.9995859825892979,0.9999781460451341,0.9997507412462189,c1fbabc4-21b1-47f9-92b0-57ed9da5ec4b,c63e091f-9dc6-4e97-9a23-fd7ac37e43fc,probe00,ZFM-03321,2022-03-23,692,MOs5
-0.7971983159120051,-22.12443187456728,21.83142882799537,0.0035050153616200826,0.9990260454977853,0.9990389439758303,c1fbabc4-21b1-47f9-92b0-57ed9da5ec4b,c63e091f-9dc6-4e97-9a23-fd7ac37e43fc,probe00,ZFM-03321,2022-03-23,723,MOs2/3
0.01819521417458125,-0.12166273151554133,0.09496619588310454,0.9398424845749681,0.631017835094261,0.7128471631879134,aff57b75-b439-4537-be22-743acedc8e5d,ea47b0e3-727e-4bd5-9cab-581478b4cd10,probe00,ZFM-03321,2022-03-22,25,PIR
0.09832204907443548,-0.35455697131049646,-0.10943938567639128,0.7403255106286769,0.2591054761378414,0.7323144687876365,aff57b75-b439-4537-be22-743acedc8e5d,ea47b0e3-727e-4bd5-9cab-581478b4cd10,probe00,ZFM-03321,2022-03-22,44,PIR
-0.20317917143316683,-0.4319287412082719,0.006957175853870144,0.10279353423989594,0.001152791033944366,0.9592197620970989,aff57b75-b439-4537-be22-743acedc8e5d,ea47b0e3-727e-4bd5-9cab-581478b4cd10,probe00,ZFM-03321,2022-03-22,48,PIR
-0.35209037755166295,-1.8380596745597642,1.0885537799499958,0.010145638006215749,5.846265339847854e-18,5.684679949697506e-07,aff57b75-b439-4537-be22-743acedc8e5d,ea47b0e3-727e-4bd5-9cab-581478b4cd10,probe00,ZFM-03321,2022-03-22,211,CP
-0.2624170938338582,-1.0265131313590512,0.297602307673485,0.5242517645849173,0.031309460290521424,0.543026564660233,aff57b75-b439-4537-be22-743acedc8e5d,ea47b0e3-727e-4bd5-9cab-581478b4cd10,probe00,ZFM-03321,2022-03-22,328,LA
0.42304664615796167,-0.8415891190967375,-1.1413322447104772,0.11406570922368359,0.026340120474216848,0.003921032297723783,d0387aa6-b648-466a-b5a6-bb647c8acc41,1b1c4658-050c-447f-a08b-28f668bec84f,probe00,ZFM-03331,2022-03-11,1,mtg
1.917991559370953,-1.0663255662816464,-1.982299785677484,3.665590666629503e-19,3.076894819543111e-05,1.8275397722657708e-11,d0387aa6-b648-466a-b5a6-bb647c8acc41,1b1c4658-050c-447f-a08b-28f668bec84f,probe00,ZFM-03331,2022-03-11,24,MB
0.059423420470800355,-0.526509663459251,0.3973926330319332,0.8992777369600439,0.3587961129474726,0.5128543315482452,d0387aa6-b648-466a-b5a6-bb647c8acc41,1b1c4658-050c-447f-a08b-28f668bec84f,probe00,ZFM-03331,2022-03-11,336,SCop
-0.2102401464783009,0.05993555025425884,0.0077554490710946946,0.18940519103596054,0.7478601571064896,0.9680452837482367,d0387aa6-b648-466a-b5a6-bb647c8acc41,465fbc08-3a9f-4714-a0a0-79d76b39ccbc,probe01,ZFM-03331,2022-03-11,64,PIR
0.08574072878817628,0.0014975998268379374,0.31472363312599283,0.7867363750583212,0.9966389585729928,0.40179942440121375,d0387aa6-b648-466a-b5a6-bb647c8acc41,465fbc08-3a9f-4714-a0a0-79d76b39ccbc,probe01,ZFM-03331,2022-03-11,86,PIR
-0.2190867506154502,0.2646220745706951,0.04759985118487972,0.3575171609446369,0.32461364882133814,0.8645136466667552,d0387aa6-b648-466a-b5a6-bb647c8acc41,465fbc08-3a9f-4714-a0a0-79d76b39ccbc,probe01,ZFM-03331,2022-03-11,95,PIR
-0.5031035776720791,0.2845119823326693,0.5172905063672725,0.2741167089438755,0.5828854385972424,0.33397554058937784,d0387aa6-b648-466a-b5a6-bb647c8acc41,465fbc08-3a9f-4714-a0a0-79d76b39ccbc,probe01,ZFM-03331,2022-03-11,473,MOs6a
-1.0197263191223955,0.4636874339555921,0.9738228421646359,0.014065367279316962,0.3176640051615284,0.04032162991228558,d0387aa6-b648-466a-b5a6-bb647c8acc41,465fbc08-3a9f-4714-a0a0-79d76b39ccbc,probe01,ZFM-03331,2022-03-11,493,MOs6a
0.9886636523443416,-0.9072653245402158,-0.913501130306691,2.3717353246757946e-05,0.0026883453921921967,0.005345923356770876,d0387aa6-b648-466a-b5a6-bb647c8acc41,465fbc08-3a9f-4714-a0a0-79d76b39ccbc,probe01,ZFM-03331,2022-03-11,839,MOs6a
0.030204563897778158,-0.06995987287614723,0.022706988025796314,0.7689928375530032,0.6307858578339721,0.8760362202510307,d0d46f77-1066-4568-a984-b2469f948aa2,5fd2d3a0-124a-4528-ba0f-01379e243f72,probe01,ZFM-03331,2022-03-10,1,BLAv
0.015596339697892363,-0.04040573625625316,0.01853366143761545,0.6987265491922621,0.4752823376920793,0.7433177705126797,d0d46f77-1066-4568-a984-b2469f948aa2,5fd2d3a0-124a-4528-ba0f-01379e243f72,probe01,ZFM-03331,2022-03-10,126,BLAa
0.01155756438227691,0.0996713653873497,-0.09874501052721904,0.893666440622336,0.3940972475655429,0.39850736328128133,d0d46f77-1066-4568-a984-b2469f948aa2,5fd2d3a0-124a-4528-ba0f-01379e243f72,probe01,ZFM-03331,2022-03-10,464,BLAa
-0.0599011786505392,-0.05556921428073322,0.10056722056986477,0.014009900432638124,0.10712457351095216,0.003545624697483069,d0d46f77-1066-4568-a984-b2469f948aa2,adb05d2d-4aad-43a2-8465-f0f0f5ef85f6,probe00,ZFM-03331,2022-03-10,138,PL5
-0.13900023408289824,0.3154852432079318,0.2052459095474755,0.26294326184199757,0.05131526100900592,0.20484900266403494,d0d46f77-1066-4568-a984-b2469f948aa2,adb05d2d-4aad-43a2-8465-f0f0f5ef85f6,probe00,ZFM-03331,2022-03-10,407,ILA5
-0.01601462128613816,-0.19939309903055713,0.18132688366144162,0.8809437723392844,0.13616613366986643,0.17790286237323472,31684e30-6708-4816-a8cb-c32c63ea7541,2cd25262-6818-4b21-9f25-8b8f938c5e37,probe00,ZFM-03331,2022-03-08,463,LP
-0.238205799195878,0.2911551500780237,0.2528657277953162,0.18217570168102748,0.16912689864996144,0.2528355377133259,37ba7dd8-714f-4c63-a7e3-548e35d8664a,c9a47fb2-3348-4184-8c08-c7e4940e9264,probe00,ZFM-03329,2022-03-03,7,VPM
-0.20393092692190248,-0.2900729821781483,0.05259682813843246,0.06636285765048122,0.05950846165369881,0.742518725582672,37ba7dd8-714f-4c63-a7e3-548e35d8664a,c9a47fb2-3348-4184-8c08-c7e4940e9264,probe00,ZFM-03329,2022-03-03,22,VPM
-0.5145822546325103,0.16808190727279537,0.32902370529014746,0.023455258486853946,0.5444621192448993,0.25170146892846734,37ba7dd8-714f-4c63-a7e3-548e35d8664a,c9a47fb2-3348-4184-8c08-c7e4940e9264,probe00,ZFM-03329,2022-03-03,31,VPM
-0.027149881042583444,-0.2942513641542455,-0.031307266878959066,0.8057105806505707,0.05536860207058017,0.845348847362731,37ba7dd8-714f-4c63-a7e3-548e35d8664a,c9a47fb2-3348-4184-8c08-c7e4940e9264,probe00,ZFM-03329,2022-03-03,42,VPM
-0.8644964022635592,0.12391302432959839,0.8882376923462626,0.01764498790395825,0.7723453875682291,0.0440797279258142,37ba7dd8-714f-4c63-a7e3-548e35d8664a,c9a47fb2-3348-4184-8c08-c7e4940e9264,probe00,ZFM-03329,2022-03-03,64,VPM
-0.6882638583432883,0.6630250601958043,0.7526551276135324,2.826529983356076e-05,0.0002383304325186835,5.4411496085415766e-05,37ba7dd8-714f-4c63-a7e3-548e35d8664a,c9a47fb2-3348-4184-8c08-c7e4940e9264,probe00,ZFM-03329,2022-03-03,70,VPM
-0.4377454884956598,0.5260289748495,0.5767641943601192,8.581308577770833e-05,2.4419455644200604e-05,8.731080134822153e-06,37ba7dd8-714f-4c63-a7e3-548e35d8664a,c9a47fb2-3348-4184-8c08-c7e4940e9264,probe00,ZFM-03329,2022-03-03,74,VPM
-0.2457365776321363,-0.45178234888349555,0.08688910994266652,0.010489669005995994,0.0011148134238227643,0.5460126435186207,37ba7dd8-714f-4c63-a7e3-548e35d8664a,c9a47fb2-3348-4184-8c08-c7e4940e9264,probe00,ZFM-03329,2022-03-03,120,PO
-0.423710162924518,-0.21472328600976762,0.17626170286639217,0.012085971556596197,0.3462327553901694,0.45499668888887135,37ba7dd8-714f-4c63-a7e3-548e35d8664a,c9a47fb2-3348-4184-8c08-c7e4940e9264,probe00,ZFM-03329,2022-03-03,121,PO
-0.18032493207672823,-0.06683353192522903,0.10725679982540316,0.037313730182700636,0.5518411847046013,0.3599204769532476,37ba7dd8-714f-4c63-a7e3-548e35d8664a,c9a47fb2-3348-4184-8c08-c7e4940e9264,probe00,ZFM-03329,2022-03-03,141,PO
-0.8644964022607806,-0.2628417283570716,0.30384870580132906,0.006142229521950851,0.5454657349162233,0.4950174517219357,37ba7dd8-714f-4c63-a7e3-548e35d8664a,c9a47fb2-3348-4184-8c08-c7e4940e9264,probe00,ZFM-03329,2022-03-03,161,PO
-0.1649055975789357,-0.05328896184341056,0.12382869127069997,0.2273276689445619,0.762041023749031,0.500296360193886,37ba7dd8-714f-4c63-a7e3-548e35d8664a,c9a47fb2-3348-4184-8c08-c7e4940e9264,probe00,ZFM-03329,2022-03-03,172,PO
-0.6684409355106843,-0.14578875973338898,0.6273640292025734,0.03255382332771368,0.7113278199321205,0.12328193400391796,37ba7dd8-714f-4c63-a7e3-548e35d8664a,c9a47fb2-3348-4184-8c08-c7e4940e9264,probe00,ZFM-03329,2022-03-03,189,PO
-0.129879232333501,-0.11560209817684332,0.00832139168318544,0.4490204625940051,0.6121589040417703,0.9720873326157695,37ba7dd8-714f-4c63-a7e3-548e35d8664a,c9a47fb2-3348-4184-8c08-c7e4940e9264,probe00,ZFM-03329,2022-03-03,191,PO
-0.032599166099535004,-0.14933446480087958,0.11662604882565039,0.7361354713180454,0.23783557286197,0.3792988835756972,37ba7dd8-714f-4c63-a7e3-548e35d8664a,c9a47fb2-3348-4184-8c08-c7e4940e9264,probe00,ZFM-03329,2022-03-03,211,PO
0.0033403775292787166,-0.629860760537425,0.07071799644882222,0.980538094728204,0.0021400183810693332,0.7418249194134585,37ba7dd8-714f-4c63-a7e3-548e35d8664a,c9a47fb2-3348-4184-8c08-c7e4940e9264,probe00,ZFM-03329,2022-03-03,219,PO
-0.5615522612162854,0.38648741925005253,0.984602511600515,0.1184109930051009,0.33211247188181303,0.017462293718708312,37ba7dd8-714f-4c63-a7e3-548e35d8664a,c9a47fb2-3348-4184-8c08-c7e4940e9264,probe00,ZFM-03329,2022-03-03,231,LP
-1.1854844994662534,0.5194117962008821,0.9245657302407916,6.018519381751348e-06,0.07885454098640957,0.002208373358225746,37ba7dd8-714f-4c63-a7e3-548e35d8664a,c9a47fb2-3348-4184-8c08-c7e4940e9264,probe00,ZFM-03329,2022-03-03,233,LP
-0.0950226158022421,-0.4339422821608176,-0.0565139753799347,0.46144671626589384,0.021334981479905854,0.7733866635565413,37ba7dd8-714f-4c63-a7e3-548e35d8664a,c9a47fb2-3348-4184-8c08-c7e4940e9264,probe00,ZFM-03329,2022-03-03,249,LP
-0.04151524861919166,0.04723762467550864,-0.0020725145068554106,0.7532071963422837,0.7787932000738991,0.9906109463024187,37ba7dd8-714f-4c63-a7e3-548e35d8664a,c9a47fb2-3348-4184-8c08-c7e4940e9264,probe00,ZFM-03329,2022-03-03,252,LP
-0.372308072796127,0.35089295425187206,0.3100107822477157,0.0053351853306064885,0.025432964974086855,0.057670797423526335,37ba7dd8-714f-4c63-a7e3-548e35d8664a,c9a47fb2-3348-4184-8c08-c7e4940e9264,probe00,ZFM-03329,2022-03-03,260,LP
0.024717133089373802,-0.8082690177397576,-0.29509954711095077,0.8390132870010909,0.00011211391367352195,0.1741428619530373,37ba7dd8-714f-4c63-a7e3-548e35d8664a,c9a47fb2-3348-4184-8c08-c7e4940e9264,probe00,ZFM-03329,2022-03-03,266,LP
0.017281714261222707,0.39735456099463545,0.03613028968692728,0.8914254185359334,0.007614577393371235,0.8176581828351845,37ba7dd8-714f-4c63-a7e3-548e35d8664a,c9a47fb2-3348-4184-8c08-c7e4940e9264,probe00,ZFM-03329,2022-03-03,294,LP
-0.28617680107458504,-0.46120127815444356,-0.06464488702152288,0.04974625445552483,0.03447625556875415,0.7744724515359114,37ba7dd8-714f-4c63-a7e3-548e35d8664a,c9a47fb2-3348-4184-8c08-c7e4940e9264,probe00,ZFM-03329,2022-03-03,300,CA3
0.1901523213427649,0.5384513679293049,-0.10948722974359708,0.203186839659538,0.0017934566422851289,0.5488409567811061,37ba7dd8-714f-4c63-a7e3-548e35d8664a,c9a47fb2-3348-4184-8c08-c7e4940e9264,probe00,ZFM-03329,2022-03-03,318,CA1
0.6496060872591726,-21.596678854586376,-18.245456105843868,0.004101753609794789,0.9988211026878844,0.9990040356901192,37ba7dd8-714f-4c63-a7e3-548e35d8664a,c9a47fb2-3348-4184-8c08-c7e4940e9264,probe00,ZFM-03329,2022-03-03,322,CA1
0.839523772233389,1.0178914746887113,-0.9340114147365456,3.427668407951855e-05,5.882134542939398e-06,0.00011902757550625279,37ba7dd8-714f-4c63-a7e3-548e35d8664a,c9a47fb2-3348-4184-8c08-c7e4940e9264,probe00,ZFM-03329,2022-03-03,343,CA1
-0.022824930111055224,0.9166788798069273,0.21065791402172168,0.8903662791387914,2.59881111728295e-07,0.2619680634127072,37ba7dd8-714f-4c63-a7e3-548e35d8664a,c9a47fb2-3348-4184-8c08-c7e4940e9264,probe00,ZFM-03329,2022-03-03,375,VISa6a
0.7660825976816368,-1.1354756332742246,-0.8786581696814433,6.079843542443966e-05,0.004240515937773117,0.0341940863609947,37ba7dd8-714f-4c63-a7e3-548e35d8664a,c9a47fb2-3348-4184-8c08-c7e4940e9264,probe00,ZFM-03329,2022-03-03,376,VISa6a
0.23145185692730136,-0.35501316894103374,-0.2021639096318941,9.315635674250527e-05,2.873838009034493e-05,0.023464339062615282,37ba7dd8-714f-4c63-a7e3-548e35d8664a,c9a47fb2-3348-4184-8c08-c7e4940e9264,probe00,ZFM-03329,2022-03-03,380,VISa6a
0.0613211582278928,-0.10565152023496642,0.13873051229890995,0.6395859543144347,0.5291526506824187,0.43266060650583604,37ba7dd8-714f-4c63-a7e3-548e35d8664a,c9a47fb2-3348-4184-8c08-c7e4940e9264,probe00,ZFM-03329,2022-03-03,384,VISa6a
0.04574766364506125,-0.05078694953156943,-0.10370363578652864,0.4773017433098322,0.549031768684626,0.24315214613696512,37ba7dd8-714f-4c63-a7e3-548e35d8664a,c9a47fb2-3348-4184-8c08-c7e4940e9264,probe00,ZFM-03329,2022-03-03,409,VISa5
-0.3211660175485286,-0.8956199495189603,-0.16780970488096317,0.11962290846695643,0.014013076202005956,0.654684262427343,37ba7dd8-714f-4c63-a7e3-548e35d8664a,c9a47fb2-3348-4184-8c08-c7e4940e9264,probe00,ZFM-03329,2022-03-03,483,PO
-0.011019864199031962,-0.4926809761255263,-0.46943234763201375,0.9551598053682835,0.11901851131250696,0.15144350360848516,37ba7dd8-714f-4c63-a7e3-548e35d8664a,c9a47fb2-3348-4184-8c08-c7e4940e9264,probe00,ZFM-03329,2022-03-03,508,PO
-0.36443820112576675,0.13433590564369235,0.249605811121552,0.012569796047472824,0.4548554788554582,0.18142910356802744,37ba7dd8-714f-4c63-a7e3-548e35d8664a,c9a47fb2-3348-4184-8c08-c7e4940e9264,probe00,ZFM-03329,2022-03-03,532,LP
-0.1905532536909656,-1.0992787913726119,-0.077494821416117,0.07899140377290577,3.728064351919119e-08,0.7074591832691763,37ba7dd8-714f-4c63-a7e3-548e35d8664a,c9a47fb2-3348-4184-8c08-c7e4940e9264,probe00,ZFM-03329,2022-03-03,548,CA1
-0.47863499825449196,-21.739297637042565,-19.13728065507824,0.07078664231647569,0.9987775594054144,0.9989238755002314,37ba7dd8-714f-4c63-a7e3-548e35d8664a,c9a47fb2-3348-4184-8c08-c7e4940e9264,probe00,ZFM-03329,2022-03-03,574,VISa5
-0.6617275144283755,-1.418553894039495,0.5491519424273246,0.0014984590791682786,0.00021500011073467484,0.16504993491062914,37ba7dd8-714f-4c63-a7e3-548e35d8664a,c9a47fb2-3348-4184-8c08-c7e4940e9264,probe00,ZFM-03329,2022-03-03,577,VISa5
-0.9068770947589694,-22.35222551835197,-19.720761358877713,0.0007696051671937895,0.9989973958159446,0.9991154295134675,37ba7dd8-714f-4c63-a7e3-548e35d8664a,c9a47fb2-3348-4184-8c08-c7e4940e9264,probe00,ZFM-03329,2022-03-03,582,VISa5
-0.00953883016095041,0.39335810794277726,0.03254566784266079,0.8597547904574658,9.343657749551117e-09,0.6347150739959581,e0b73b6d-3409-441b-95ce-f22f5d22d380,d8866f7d-7c34-4592-a042-316b17bfbb19,probe00,ZFM-03329,2022-03-02,4,ND
0.043791321178957635,0.04063678629729642,0.009847119134696353,0.18566762389039748,0.3697235910692749,0.8279284199706777,e0b73b6d-3409-441b-95ce-f22f5d22d380,d8866f7d-7c34-4592-a042-316b17bfbb19,probe00,ZFM-03329,2022-03-02,14,ND
-0.08540886615416259,0.06541444028635957,0.1577291111107329,0.45822449551107236,0.6709619875117874,0.30566654228382484,e0b73b6d-3409-441b-95ce-f22f5d22d380,d8866f7d-7c34-4592-a042-316b17bfbb19,probe00,ZFM-03329,2022-03-02,17,ND
0.0033652728644164714,-0.26879670195042965,-0.060682499179742076,0.9647984443425276,0.018887343634081212,0.596099276943405,e0b73b6d-3409-441b-95ce-f22f5d22d380,d8866f7d-7c34-4592-a042-316b17bfbb19,probe00,ZFM-03329,2022-03-02,30,PAG
0.058432170069672155,-0.39698627052620666,0.5147693061825613,0.777131211017283,0.1848151864666232,0.0855213961680862,e0b73b6d-3409-441b-95ce-f22f5d22d380,d8866f7d-7c34-4592-a042-316b17bfbb19,probe00,ZFM-03329,2022-03-02,32,PAG
-0.01398330386917003,0.053674453339050854,0.015318418147072403,0.897303249336665,0.7168866163733707,0.9175734983241799,e0b73b6d-3409-441b-95ce-f22f5d22d380,d8866f7d-7c34-4592-a042-316b17bfbb19,probe00,ZFM-03329,2022-03-02,46,PAG
0.2372693922055634,0.2048817744361484,0.12054062600239723,0.16520309993214521,0.3564814919681767,0.5874708276505292,e0b73b6d-3409-441b-95ce-f22f5d22d380,d8866f7d-7c34-4592-a042-316b17bfbb19,probe00,ZFM-03329,2022-03-02,47,PAG
0.010973891821282236,0.3432190302473856,0.05160767965572159,0.8308846190442376,1.716815757079594e-07,0.4318392621718353,e0b73b6d-3409-441b-95ce-f22f5d22d380,d8866f7d-7c34-4592-a042-316b17bfbb19,probe00,ZFM-03329,2022-03-02,54,PAG
0.4244401948354527,-0.6966685999240201,-0.6578770629542704,0.00036164024512975155,0.0017823787298240365,0.00317444990937787,e0b73b6d-3409-441b-95ce-f22f5d22d380,d8866f7d-7c34-4592-a042-316b17bfbb19,probe00,ZFM-03329,2022-03-02,67,pc
0.08845319055308902,-0.3583330362406612,-0.16973439395983503,0.3480561220466494,0.01519789461283193,0.250179401223677,e0b73b6d-3409-441b-95ce-f22f5d22d380,d8866f7d-7c34-4592-a042-316b17bfbb19,probe00,ZFM-03329,2022-03-02,85,NPC
-0.4754881449310211,-0.0336043748467235,0.4855894985897805,0.01768482927524014,0.8974688827714571,0.06259705954959928,e0b73b6d-3409-441b-95ce-f22f5d22d380,d8866f7d-7c34-4592-a042-316b17bfbb19,probe00,ZFM-03329,2022-03-02,86,NPC
0.2058319401799632,0.06649410418807304,-0.1612725105153615,3.7147244053662686e-06,0.2802721136885732,0.008826883560936987,e0b73b6d-3409-441b-95ce-f22f5d22d380,d8866f7d-7c34-4592-a042-316b17bfbb19,probe00,ZFM-03329,2022-03-02,91,MB
-0.1665262652622266,0.03779231231529776,0.02283230949394413,0.2300239040046298,0.8429378916302659,0.9047169205655994,e0b73b6d-3409-441b-95ce-f22f5d22d380,d8866f7d-7c34-4592-a042-316b17bfbb19,probe00,ZFM-03329,2022-03-02,93,MB
-0.0689057179221497,0.05996474307395826,0.04539577258388196,0.171843919779624,0.38194972418574513,0.5080428787611689,e0b73b6d-3409-441b-95ce-f22f5d22d380,d8866f7d-7c34-4592-a042-316b17bfbb19,probe00,ZFM-03329,2022-03-02,95,MB
-0.08838064310666569,0.02131823925808593,-0.05465465950513279,0.22076201012327912,0.8323937962532864,0.5874238939524085,e0b73b6d-3409-441b-95ce-f22f5d22d380,d8866f7d-7c34-4592-a042-316b17bfbb19,probe00,ZFM-03329,2022-03-02,102,SCiw
-0.010720165618935157,0.03282450771082946,-0.1055838619931968,0.8878155838293502,0.7576310415613771,0.3208923165690437,e0b73b6d-3409-441b-95ce-f22f5d22d380,d8866f7d-7c34-4592-a042-316b17bfbb19,probe00,ZFM-03329,2022-03-02,115,MB
-0.1072463979075648,0.019302877129637325,0.04968999435731393,0.043238628101617396,0.791026880418597,0.4951681058940909,e0b73b6d-3409-441b-95ce-f22f5d22d380,d8866f7d-7c34-4592-a042-316b17bfbb19,probe00,ZFM-03329,2022-03-02,116,MB
-0.25563900505581966,-0.6069821488695374,0.40915640553961696,0.003477794141377879,5.3865089952547915e-06,0.002165810168455828,e0b73b6d-3409-441b-95ce-f22f5d22d380,d8866f7d-7c34-4592-a042-316b17bfbb19,probe00,ZFM-03329,2022-03-02,142,SCig
0.12862140267264918,0.11793049721022367,-0.03658485775627235,0.09710236698558658,0.25974006658901083,0.7266208240586227,e0b73b6d-3409-441b-95ce-f22f5d22d380,d8866f7d-7c34-4592-a042-316b17bfbb19,probe00,ZFM-03329,2022-03-02,193,SCsg
-0.1518193226666967,-0.26334227258283244,0.4351925295094915,0.27517269109291653,0.17453027160160828,0.0248421555545809,e0b73b6d-3409-441b-95ce-f22f5d22d380,d8866f7d-7c34-4592-a042-316b17bfbb19,probe00,ZFM-03329,2022-03-02,217,RSPv2/3
-0.48783445122620817,-0.022855989907222055,0.49285961915295895,0.039428807915181795,0.9406662491298167,0.10848504406878966,e0b73b6d-3409-441b-95ce-f22f5d22d380,d8866f7d-7c34-4592-a042-316b17bfbb19,probe00,ZFM-03329,2022-03-02,219,RSPv2/3
0.3858951539398026,0.023986752133231592,-0.583602540066658,0.11732137730060702,0.9474548092458683,0.108837376680865,e0b73b6d-3409-441b-95ce-f22f5d22d380,d8866f7d-7c34-4592-a042-316b17bfbb19,probe00,ZFM-03329,2022-03-02,239,RSPv5
0.13258352504196608,0.18438371640438003,-0.09201039627336546,0.07993561274274501,0.06906876825975465,0.3643033307808691,e0b73b6d-3409-441b-95ce-f22f5d22d380,d8866f7d-7c34-4592-a042-316b17bfbb19,probe00,ZFM-03329,2022-03-02,241,RSPv5
0.027914224776470944,0.08320305074402756,-0.08320305074402756,0.8620590667636955,0.7065206117603622,0.706520611760362,e0b73b6d-3409-441b-95ce-f22f5d22d380,d8866f7d-7c34-4592-a042-316b17bfbb19,probe00,ZFM-03329,2022-03-02,248,RSPv5
0.031056912683951082,0.13098393046175782,0.4080125702709337,0.806067373929879,0.42211843887659717,0.012399850610362329,e0b73b6d-3409-441b-95ce-f22f5d22d380,d8866f7d-7c34-4592-a042-316b17bfbb19,probe00,ZFM-03329,2022-03-02,249,RSPv5
-0.24048633030813674,1.2767497206272969,0.66916042842823,0.5346436362694643,0.002415531491775292,0.1118316621662124,e0b73b6d-3409-441b-95ce-f22f5d22d380,d8866f7d-7c34-4592-a042-316b17bfbb19,probe00,ZFM-03329,2022-03-02,298,RSPv5
0.033333468136192416,0.04404956928803644,-0.00854288083112724,0.6005951327811938,0.6141218598573968,0.9221044429077212,e0b73b6d-3409-441b-95ce-f22f5d22d380,d8866f7d-7c34-4592-a042-316b17bfbb19,probe00,ZFM-03329,2022-03-02,307,RSPv5
0.46389727817782034,-0.4777153201056735,0.22640089182484616,0.038997563666805256,0.16337172652140175,0.5088909839296665,e0b73b6d-3409-441b-95ce-f22f5d22d380,d8866f7d-7c34-4592-a042-316b17bfbb19,probe00,ZFM-03329,2022-03-02,319,RSPv5
0.2909607727248608,0.17021442773401835,-0.08320305074367586,0.12455075185853937,0.4999232625212854,0.7415824604652427,e0b73b6d-3409-441b-95ce-f22f5d22d380,d8866f7d-7c34-4592-a042-316b17bfbb19,probe00,ZFM-03329,2022-03-02,326,RSPv5
0.04478609892565133,-0.001487159284432566,-0.3614183344049358,0.7119844858593904,0.99338397448994,0.043885337631472066,e0b73b6d-3409-441b-95ce-f22f5d22d380,d8866f7d-7c34-4592-a042-316b17bfbb19,probe00,ZFM-03329,2022-03-02,355,RSPv5
-0.5870599205881272,-10.954634471035998,-9.364999185898089,0.26293569830073016,0.9988847745744022,0.9990466056949896,e0b73b6d-3409-441b-95ce-f22f5d22d380,d8866f7d-7c34-4592-a042-316b17bfbb19,probe00,ZFM-03329,2022-03-02,365,RSPv5
-0.29566035889259984,-0.7384198954963047,0.4507378230445197,0.059238844236582974,0.002719789798035736,0.06727186068634478,e0b73b6d-3409-441b-95ce-f22f5d22d380,d8866f7d-7c34-4592-a042-316b17bfbb19,probe00,ZFM-03329,2022-03-02,368,RSPv5
-0.02135886484262371,0.05608797371359331,0.036285346417506775,0.8353821984909878,0.688574162890188,0.795414495596722,e0b73b6d-3409-441b-95ce-f22f5d22d380,d8866f7d-7c34-4592-a042-316b17bfbb19,probe00,ZFM-03329,2022-03-02,420,PAG
0.21765903562889044,-0.09249589264158131,0.09249589270392017,0.2862847528039637,0.7448905695225374,0.7448905693565857,e0b73b6d-3409-441b-95ce-f22f5d22d380,d8866f7d-7c34-4592-a042-316b17bfbb19,probe00,ZFM-03329,2022-03-02,434,MB
-0.009751966910207494,0.1055922127753656,0.004222653231841678,0.7992363232665133,0.04167559179389537,0.9350842181365842,e0b73b6d-3409-441b-95ce-f22f5d22d380,d8866f7d-7c34-4592-a042-316b17bfbb19,probe00,ZFM-03329,2022-03-02,442,SCiw
-0.270798641216372,0.28886816452430936,0.23437997924023926,0.04687810870981192,0.09380938968442182,0.17396692739970665,e0b73b6d-3409-441b-95ce-f22f5d22d380,d8866f7d-7c34-4592-a042-316b17bfbb19,probe00,ZFM-03329,2022-03-02,447,MB
0.13702496183086166,0.41968186638053967,0.4966088655429095,0.30465901598191736,0.010252554358804077,0.002383474749146308,e0b73b6d-3409-441b-95ce-f22f5d22d380,d8866f7d-7c34-4592-a042-316b17bfbb19,probe00,ZFM-03329,2022-03-02,499,RSPv2/3
-0.21954085945357452,0.1492586121118142,0.13842346033996558,0.02369127369351969,0.3000248092144989,0.33647871646004135,87287aa4-727e-48c0-8b7d-92c9f35cc257,05d69b47-9e2c-4da3-ab45-be889e1fbef7,probe00,ZFM-03329,2022-03-01,1,BLAa
0.01770921360177061,0.4295242636716523,-0.35315128488707653,0.8763841075672362,0.012248043582445427,0.03944433185522142,87287aa4-727e-48c0-8b7d-92c9f35cc257,05d69b47-9e2c-4da3-ab45-be889e1fbef7,probe00,ZFM-03329,2022-03-01,16,BLAa
0.11864229003523381,-0.47184646823546894,0.009222946287355123,0.382848550360239,0.05189998790970911,0.9696895495242721,87287aa4-727e-48c0-8b7d-92c9f35cc257,05d69b47-9e2c-4da3-ab45-be889e1fbef7,probe00,ZFM-03329,2022-03-01,18,BLAa
0.04138295747923431,-0.20861820328658912,0.07141708177310434,0.414873145920013,0.011711133341137624,0.3881750389334566,87287aa4-727e-48c0-8b7d-92c9f35cc257,05d69b47-9e2c-4da3-ab45-be889e1fbef7,probe00,ZFM-03329,2022-03-01,24,BLAa
0.02857920691997401,-0.3639163692739194,-0.3863892251259774,0.8699029090482354,0.28931214191829924,0.26056063081178527,87287aa4-727e-48c0-8b7d-92c9f35cc257,05d69b47-9e2c-4da3-ab45-be889e1fbef7,probe00,ZFM-03329,2022-03-01,26,BLAa
-0.0532104805694016,-0.15399743476619807,-0.09240297856525441,0.6271352816829239,0.4065359289427015,0.6184647448844249,87287aa4-727e-48c0-8b7d-92c9f35cc257,05d69b47-9e2c-4da3-ab45-be889e1fbef7,probe00,ZFM-03329,2022-03-01,34,BLAa
-0.27056548663066143,-0.31407117512535254,-0.0913939329828106,0.04630300796274001,0.20780849019113867,0.7139586844401972,87287aa4-727e-48c0-8b7d-92c9f35cc257,05d69b47-9e2c-4da3-ab45-be889e1fbef7,probe00,ZFM-03329,2022-03-01,39,ec
-0.2422435475321575,-0.14136064740354878,0.11810378523928186,0.020530838354699817,0.4059319194980865,0.48746628886874377,87287aa4-727e-48c0-8b7d-92c9f35cc257,05d69b47-9e2c-4da3-ab45-be889e1fbef7,probe00,ZFM-03329,2022-03-01,57,CEAc
-0.33686454735142257,-0.5981779913115673,0.5410195774716204,0.22291183836439488,0.2028309213891104,0.24938822148965134,87287aa4-727e-48c0-8b7d-92c9f35cc257,05d69b47-9e2c-4da3-ab45-be889e1fbef7,probe00,ZFM-03329,2022-03-01,62,CEAc
-0.24570376895444268,0.5538831948448998,0.6417213598105191,0.38252458695544056,0.11418616360217035,0.06722527812057313,87287aa4-727e-48c0-8b7d-92c9f35cc257,05d69b47-9e2c-4da3-ab45-be889e1fbef7,probe00,ZFM-03329,2022-03-01,77,CEAl
0.8733195169732701,1.7940270468102268,-0.9757167232962763,0.03683086067939967,0.00013147809769009256,0.037564112508654615,87287aa4-727e-48c0-8b7d-92c9f35cc257,05d69b47-9e2c-4da3-ab45-be889e1fbef7,probe00,ZFM-03329,2022-03-01,85,CEAl
0.036331300189751586,-0.8347206392048809,-0.13872850651281746,0.8163740349936646,0.01373720735486535,0.6821572628947475,87287aa4-727e-48c0-8b7d-92c9f35cc257,05d69b47-9e2c-4da3-ab45-be889e1fbef7,probe00,ZFM-03329,2022-03-01,96,CEAl
0.20298676980402264,-0.0934909490206248,-0.13112211027301712,1.9770582912887464e-06,0.1741851380688748,0.05667067942645238,87287aa4-727e-48c0-8b7d-92c9f35cc257,05d69b47-9e2c-4da3-ab45-be889e1fbef7,probe00,ZFM-03329,2022-03-01,140,STR
0.048668261474778686,-0.2665358438470332,-0.14935020024939127,0.24747122485505302,0.00031834785491138785,0.04367907955091644,87287aa4-727e-48c0-8b7d-92c9f35cc257,05d69b47-9e2c-4da3-ab45-be889e1fbef7,probe00,ZFM-03329,2022-03-01,145,GPe
0.09443656602883109,0.03415475343262741,-0.18950519345185607,0.07149819130245735,0.6841579440370675,0.024003235411135505,87287aa4-727e-48c0-8b7d-92c9f35cc257,05d69b47-9e2c-4da3-ab45-be889e1fbef7,probe00,ZFM-03329,2022-03-01,146,GPe
0.046858004786872916,-0.04479684479654087,-0.08135444053033836,0.6051677688067955,0.7586465329482317,0.5768411315470283,87287aa4-727e-48c0-8b7d-92c9f35cc257,05d69b47-9e2c-4da3-ab45-be889e1fbef7,probe00,ZFM-03329,2022-03-01,152,GPe
-0.06258157147700098,-0.06335473840053718,0.10150650436490481,0.501117977441859,0.6640218580109395,0.4864664746038567,87287aa4-727e-48c0-8b7d-92c9f35cc257,05d69b47-9e2c-4da3-ab45-be889e1fbef7,probe00,ZFM-03329,2022-03-01,158,GPe
-0.05746498333698736,0.21708447594462804,0.15064030418068908,0.4212391826654519,0.034174384513969716,0.1416326319489648,87287aa4-727e-48c0-8b7d-92c9f35cc257,05d69b47-9e2c-4da3-ab45-be889e1fbef7,probe00,ZFM-03329,2022-03-01,167,int
-0.18232791613487281,-0.6314878349822656,0.23785718452110446,0.016808866632380615,6.985666580890886e-06,0.09050040097842307,87287aa4-727e-48c0-8b7d-92c9f35cc257,05d69b47-9e2c-4da3-ab45-be889e1fbef7,probe00,ZFM-03329,2022-03-01,197,RT
-0.05889151782822631,-0.04393631465185976,-0.0895950779726686,0.24356800961931402,0.5947174787969483,0.2779742609686199,87287aa4-727e-48c0-8b7d-92c9f35cc257,05d69b47-9e2c-4da3-ab45-be889e1fbef7,probe00,ZFM-03329,2022-03-01,201,RT
-0.09588397680235397,0.0027882917171376596,0.21309381690173465,0.031026009515404452,0.9667524717731141,0.0014450383955491967,87287aa4-727e-48c0-8b7d-92c9f35cc257,05d69b47-9e2c-4da3-ab45-be889e1fbef7,probe00,ZFM-03329,2022-03-01,244,CA3
0.19874210988857585,-0.17752659388044698,-0.2244723062512312,0.0319729282636726,0.258859443090355,0.15338642568241473,87287aa4-727e-48c0-8b7d-92c9f35cc257,05d69b47-9e2c-4da3-ab45-be889e1fbef7,probe00,ZFM-03329,2022-03-01,247,CA3
0.16893590850001383,-0.33928084480665055,-0.32401337265245594,0.37731671696434255,0.339546859460922,0.3617246561773678,87287aa4-727e-48c0-8b7d-92c9f35cc257,05d69b47-9e2c-4da3-ab45-be889e1fbef7,probe00,ZFM-03329,2022-03-01,258,BLAa
-0.061465499585033535,-0.47386473407563173,-0.17981402463519133,0.3856493512816228,0.0005881395095882195,0.1921574431926707,87287aa4-727e-48c0-8b7d-92c9f35cc257,05d69b47-9e2c-4da3-ab45-be889e1fbef7,probe00,ZFM-03329,2022-03-01,278,CEAc
0.028297833811816976,-0.33550557089419064,-0.8584168975769467,0.8604024191063644,0.3893211087873206,0.027626545257918945,595c8ddd-a8e3-438d-9c31-62b2a07cc6cf,93e075b2-10bf-4fcd-8d5e-3e51b211672c,probe00,ZFM-03330,2022-02-18,35,PIR
0.12872109363103193,0.08261784039762345,0.2205684185901221,0.3411299508999328,0.6762739243504062,0.26495352147629336,595c8ddd-a8e3-438d-9c31-62b2a07cc6cf,93e075b2-10bf-4fcd-8d5e-3e51b211672c,probe00,ZFM-03330,2022-02-18,45,PIR
0.012209263674072771,-1.2098330639598007,0.3343643266059009,0.9105897138316279,4.040598319064556e-07,0.16139714441042552,595c8ddd-a8e3-438d-9c31-62b2a07cc6cf,93e075b2-10bf-4fcd-8d5e-3e51b211672c,probe00,ZFM-03330,2022-02-18,47,PIR
-0.12339265718548907,0.01512388901833746,-0.29275562550054623,0.4357373742659101,0.9562447469694403,0.288207664731283,595c8ddd-a8e3-438d-9c31-62b2a07cc6cf,93e075b2-10bf-4fcd-8d5e-3e51b211672c,probe00,ZFM-03330,2022-02-18,48,PIR
0.02703361063513654,0.12323056035891539,0.22507613390929962,0.8207557011386224,0.47657718653510106,0.19356308143051304,595c8ddd-a8e3-438d-9c31-62b2a07cc6cf,93e075b2-10bf-4fcd-8d5e-3e51b211672c,probe00,ZFM-03330,2022-02-18,57,ENTl3
0.16978650714973043,-0.8728424563509073,-0.35093297527120915,0.19834248920864817,0.006588854837671706,0.27467204981595317,595c8ddd-a8e3-438d-9c31-62b2a07cc6cf,93e075b2-10bf-4fcd-8d5e-3e51b211672c,probe00,ZFM-03330,2022-02-18,59,ENTl3
-0.07433372920949938,-0.49552489095080565,-0.2929324688981684,0.6402923768042563,0.1357343909854285,0.3778172854966686,595c8ddd-a8e3-438d-9c31-62b2a07cc6cf,93e075b2-10bf-4fcd-8d5e-3e51b211672c,probe00,ZFM-03330,2022-02-18,73,ENTl5
-0.1631982923162387,-0.26145138820893343,0.010136959928027125,0.22701537072750388,0.2652449424211959,0.9655461217655458,595c8ddd-a8e3-438d-9c31-62b2a07cc6cf,93e075b2-10bf-4fcd-8d5e-3e51b211672c,probe00,ZFM-03330,2022-02-18,76,ENTl5
0.16473960056467915,-0.60158578394828,-0.4970265045438177,0.24069090290544404,0.06319973058960762,0.1248109498228945,595c8ddd-a8e3-438d-9c31-62b2a07cc6cf,93e075b2-10bf-4fcd-8d5e-3e51b211672c,probe00,ZFM-03330,2022-02-18,77,ENTl5
-0.03449643574374737,0.26240593287011876,0.09426901106860319,0.8075239242144979,0.19973337282288517,0.6450361966389223,595c8ddd-a8e3-438d-9c31-62b2a07cc6cf,93e075b2-10bf-4fcd-8d5e-3e51b211672c,probe00,ZFM-03330,2022-02-18,91,ECT5
-0.018012911128380993,-0.05585363634363276,-0.09661495730064008,0.8454319163394295,0.7169608088073851,0.530600910540016,595c8ddd-a8e3-438d-9c31-62b2a07cc6cf,93e075b2-10bf-4fcd-8d5e-3e51b211672c,probe00,ZFM-03330,2022-02-18,97,ECT6a
-10.252773908485903,10.37611561206443,10.02934874635039,0.9987091005501553,0.9986935709428071,0.9987372313974123,595c8ddd-a8e3-438d-9c31-62b2a07cc6cf,93e075b2-10bf-4fcd-8d5e-3e51b211672c,probe00,ZFM-03330,2022-02-18,102,ECT6a
-0.0055096976248067125,0.359618222352958,-0.02064285551363936,0.9639619428496987,0.04150056003791416,0.906849027107989,595c8ddd-a8e3-438d-9c31-62b2a07cc6cf,93e075b2-10bf-4fcd-8d5e-3e51b211672c,probe00,ZFM-03330,2022-02-18,112,ECT6a
-0.28727071907602925,0.2847883471743602,-0.4671099039682873,0.4330366871355428,0.6469310033991548,0.45249581522730997,595c8ddd-a8e3-438d-9c31-62b2a07cc6cf,93e075b2-10bf-4fcd-8d5e-3e51b211672c,probe00,ZFM-03330,2022-02-18,115,ECT6a
-10.359561432709812,10.591085068452754,10.58757012634531,0.9987468261759188,0.998718819286353,0.998719244480952,595c8ddd-a8e3-438d-9c31-62b2a07cc6cf,93e075b2-10bf-4fcd-8d5e-3e51b211672c,probe00,ZFM-03330,2022-02-18,124,ECT6a
0.15269082476722157,-0.5923547525625577,0.5923547527045017,0.5293495023818073,0.1360217240314467,0.13602172393762635,595c8ddd-a8e3-438d-9c31-62b2a07cc6cf,93e075b2-10bf-4fcd-8d5e-3e51b211672c,probe00,ZFM-03330,2022-02-18,139,ECT6a
-0.004366839984357208,0.1339227120142188,0.12558848347082557,0.9803396188556032,0.6102661818973956,0.6326683707661679,595c8ddd-a8e3-438d-9c31-62b2a07cc6cf,93e075b2-10bf-4fcd-8d5e-3e51b211672c,probe00,ZFM-03330,2022-02-18,150,ECT6a
0.30338128318056284,0.1447768144077472,-0.19356697857718022,0.14963008304123404,0.6626395384815182,0.5596936935342047,595c8ddd-a8e3-438d-9c31-62b2a07cc6cf,93e075b2-10bf-4fcd-8d5e-3e51b211672c,probe00,ZFM-03330,2022-02-18,154,TEa6b
0.008212439833700942,0.24098764068570133,0.1697545245233059,0.9436452975546302,0.14578877064955947,0.30554483660825726,595c8ddd-a8e3-438d-9c31-62b2a07cc6cf,93e075b2-10bf-4fcd-8d5e-3e51b211672c,probe00,ZFM-03330,2022-02-18,199,ccs
-0.1372184228508801,-10.36930612546699,-10.19316262819997,0.6503921075210146,0.998745647259586,0.998766954943863,595c8ddd-a8e3-438d-9c31-62b2a07cc6cf,93e075b2-10bf-4fcd-8d5e-3e51b211672c,probe00,ZFM-03330,2022-02-18,206,ccs
0.5148097085905823,-11.268476209049924,-10.694675786122547,0.0009901989690334972,0.9985382131843823,0.9986126485392148,595c8ddd-a8e3-438d-9c31-62b2a07cc6cf,93e075b2-10bf-4fcd-8d5e-3e51b211672c,probe00,ZFM-03330,2022-02-18,215,ccs
0.08528777974732916,-0.47370561140164,0.1837533904153208,0.26677504596487134,0.00042739777569497075,0.1718059780192448,595c8ddd-a8e3-438d-9c31-62b2a07cc6cf,93e075b2-10bf-4fcd-8d5e-3e51b211672c,probe00,ZFM-03330,2022-02-18,221,or
0.360948296941385,0.2199190192693333,-0.4822832837736683,0.020949509637050962,0.3972452319803127,0.0633836743653237,595c8ddd-a8e3-438d-9c31-62b2a07cc6cf,93e075b2-10bf-4fcd-8d5e-3e51b211672c,probe00,ZFM-03330,2022-02-18,232,SSp-bfd6b
0.28090558924942494,-10.601044862045075,-10.629877612136807,0.3804174320987803,0.9990819514443757,0.9990794545345718,595c8ddd-a8e3-438d-9c31-62b2a07cc6cf,93e075b2-10bf-4fcd-8d5e-3e51b211672c,probe00,ZFM-03330,2022-02-18,255,PIR
-0.07384257003130808,-0.11941540809535062,0.22477592375317781,0.5212918556239472,0.5053071807124647,0.2098712570826361,595c8ddd-a8e3-438d-9c31-62b2a07cc6cf,93e075b2-10bf-4fcd-8d5e-3e51b211672c,probe00,ZFM-03330,2022-02-18,258,PIR
0.1638692783262284,-0.38962219857109437,-0.3523151461582831,0.16725650139552817,0.10254893706263528,0.13986508849268187,595c8ddd-a8e3-438d-9c31-62b2a07cc6cf,93e075b2-10bf-4fcd-8d5e-3e51b211672c,probe00,ZFM-03330,2022-02-18,268,PIR
-0.03799295348895651,-10.873318306445778,-10.8113186414426,0.8725582211372535,0.9990310954740151,0.999036620165288,595c8ddd-a8e3-438d-9c31-62b2a07cc6cf,93e075b2-10bf-4fcd-8d5e-3e51b211672c,probe00,ZFM-03330,2022-02-18,274,ENTl3
-10.985220115807227,-0.16870365348109442,0.1687079913820572,0.9989791630723914,0.9999903996351615,0.9999903993883059,595c8ddd-a8e3-438d-9c31-62b2a07cc6cf,93e075b2-10bf-4fcd-8d5e-3e51b211672c,probe00,ZFM-03330,2022-02-18,277,ENTl5
-10.551056446560025,9.96247529675252,10.587569014067448,0.9987641902892791,0.998833128769985,0.9987599137021335,595c8ddd-a8e3-438d-9c31-62b2a07cc6cf,93e075b2-10bf-4fcd-8d5e-3e51b211672c,probe00,ZFM-03330,2022-02-18,298,ECT6a
0.041119049118486746,0.3865175507259808,0.12430807304000768,0.938681859387789,0.6023798697593667,0.8669349620202553,595c8ddd-a8e3-438d-9c31-62b2a07cc6cf,93e075b2-10bf-4fcd-8d5e-3e51b211672c,probe00,ZFM-03330,2022-02-18,354,CP
0.11819438903211582,0.33793567649915657,-0.925722341401279,0.7046393359236922,0.5674786522038567,0.11728501099065942,595c8ddd-a8e3-438d-9c31-62b2a07cc6cf,93e075b2-10bf-4fcd-8d5e-3e51b211672c,probe00,ZFM-03330,2022-02-18,359,ccs
-0.04605764445390139,-11.159607380844637,-10.023688039763726,0.880165806089833,0.9990102894002325,0.9991110304821036,595c8ddd-a8e3-438d-9c31-62b2a07cc6cf,93e075b2-10bf-4fcd-8d5e-3e51b211672c,probe00,ZFM-03330,2022-02-18,390,TEa6a
0.08369795328863654,-11.357381282315039,-10.10367890557774,0.6803385729790747,0.9986609093691787,0.9988087268756922,595c8ddd-a8e3-438d-9c31-62b2a07cc6cf,93e075b2-10bf-4fcd-8d5e-3e51b211672c,probe00,ZFM-03330,2022-02-18,398,ccs
0.3385206525268282,0.14171203916543285,0.7145585705889621,0.275611030071755,0.7413398545411629,0.13138061122527814,8e1bcbcb-43a3-4e08-8bdd-295255de6bb8,16e12c15-b78f-42d1-972f-a1824215f9af,probe00,ZFM-03332,2022-02-18,142,LA
-0.9984495584077042,-0.616292820318926,0.4901628701079483,0.010061058952749691,0.37242944914539977,0.5000256433779644,8e1bcbcb-43a3-4e08-8bdd-295255de6bb8,16e12c15-b78f-42d1-972f-a1824215f9af,probe00,ZFM-03332,2022-02-18,166,LA
0.6140098600012213,-1.5977595714019288,-1.091754148781444,0.03052129210037392,0.00015435698258630106,0.01771252093414168,e3261da8-3d99-4cca-aabc-ef51ed2e5abc,7a82c06b-0e33-454b-a98f-786a4024c1d0,probe00,ZFM-03330,2022-02-17,45,Eth
-0.18232155679395382,-0.09561234490428139,-0.5469056898259498,0.4182150737974749,0.7096111045728595,0.04573087671754453,e3261da8-3d99-4cca-aabc-ef51ed2e5abc,7a82c06b-0e33-454b-a98f-786a4024c1d0,probe00,ZFM-03330,2022-02-17,77,LP
0.09156719352548989,-0.7345648177915749,-0.6395801015210394,0.7401037745185046,0.032570048969803894,0.0839955465847751,e3261da8-3d99-4cca-aabc-ef51ed2e5abc,7a82c06b-0e33-454b-a98f-786a4024c1d0,probe00,ZFM-03330,2022-02-17,79,LP
0.0943106794712422,-0.604919482365905,-0.2625170820259373,0.702545050402167,0.034254957811947734,0.3987890415092188,e3261da8-3d99-4cca-aabc-ef51ed2e5abc,7a82c06b-0e33-454b-a98f-786a4024c1d0,probe00,ZFM-03330,2022-02-17,81,LP
0.03390155167568126,-0.37055394022749405,-0.05682462855208033,0.8958350615256043,0.19339996198182619,0.8548412519052286,e3261da8-3d99-4cca-aabc-ef51ed2e5abc,7a82c06b-0e33-454b-a98f-786a4024c1d0,probe00,ZFM-03330,2022-02-17,89,LP
0.08961215868968822,-0.532133321617652,-0.8873573255229342,0.7099079427511873,0.07119620130220707,0.00508094395425896,e3261da8-3d99-4cca-aabc-ef51ed2e5abc,7a82c06b-0e33-454b-a98f-786a4024c1d0,probe00,ZFM-03330,2022-02-17,99,LP
0.1298116115219919,0.15944439979145375,0.0045010996996503565,0.42685288201376237,0.33318563379845934,0.9802349723490844,e3261da8-3d99-4cca-aabc-ef51ed2e5abc,7a82c06b-0e33-454b-a98f-786a4024c1d0,probe00,ZFM-03330,2022-02-17,119,LP
0.6603573577407316,-0.9535700109455725,-0.8979613379881155,0.052100581751713206,0.01750287805504212,0.04623326013626188,e3261da8-3d99-4cca-aabc-ef51ed2e5abc,7a82c06b-0e33-454b-a98f-786a4024c1d0,probe00,ZFM-03330,2022-02-17,137,DG-po
-0.5465437063680687,-0.9786817826313152,-0.43112341141300886,0.0861527665576455,0.036449035521105094,0.3761655845249061,e3261da8-3d99-4cca-aabc-ef51ed2e5abc,7a82c06b-0e33-454b-a98f-786a4024c1d0,probe00,ZFM-03330,2022-02-17,138,DG-po
0.2040953563435236,-0.6765985284575802,-0.41979269003841485,0.5096176469071949,0.06122660154984771,0.2883086652078768,e3261da8-3d99-4cca-aabc-ef51ed2e5abc,7a82c06b-0e33-454b-a98f-786a4024c1d0,probe00,ZFM-03330,2022-02-17,143,DG-po
0.24724110289827814,-0.09555128616925512,-0.1432456764358758,0.15281328642948638,0.5907949577483865,0.4679935437921786,e3261da8-3d99-4cca-aabc-ef51ed2e5abc,7a82c06b-0e33-454b-a98f-786a4024c1d0,probe00,ZFM-03330,2022-02-17,144,DG-sg
-0.1370063605819102,-0.13080877453635498,0.13110258903862165,0.2611434133280691,0.31867284055498457,0.35512041210227496,e3261da8-3d99-4cca-aabc-ef51ed2e5abc,7a82c06b-0e33-454b-a98f-786a4024c1d0,probe00,ZFM-03330,2022-02-17,149,DG-sg
-0.7884573603642677,-0.38360935458397427,-0.15406606489706354,0.1910400308719148,0.6168776038988364,0.8466403486812715,e3261da8-3d99-4cca-aabc-ef51ed2e5abc,7a82c06b-0e33-454b-a98f-786a4024c1d0,probe00,ZFM-03330,2022-02-17,152,DG-sg
0.587786664902122,-0.5765692769663754,-0.6084489648760848,0.13051636809682407,0.1668957621100523,0.19794673574833577,e3261da8-3d99-4cca-aabc-ef51ed2e5abc,7a82c06b-0e33-454b-a98f-786a4024c1d0,probe00,ZFM-03330,2022-02-17,154,DG-sg
0.0357672238585294,-0.6017515218691887,-0.35202498226019224,0.7794584244300522,6.700116178339704e-05,0.031064465425391888,e3261da8-3d99-4cca-aabc-ef51ed2e5abc,7a82c06b-0e33-454b-a98f-786a4024c1d0,probe00,ZFM-03330,2022-02-17,160,DG-mo
-0.9295359586241742,-1.3287571875977253,-0.6045533502763183,0.007260627133231752,0.032917824472121084,0.34315220731247276,e3261da8-3d99-4cca-aabc-ef51ed2e5abc,7a82c06b-0e33-454b-a98f-786a4024c1d0,probe00,ZFM-03330,2022-02-17,176,CA1
-0.5570150062353652,-1.6682944023573998,-0.4320612313977702,0.080139927744587,0.004641375347597527,0.47951508173923774,e3261da8-3d99-4cca-aabc-ef51ed2e5abc,7a82c06b-0e33-454b-a98f-786a4024c1d0,probe00,ZFM-03330,2022-02-17,181,CA1
3.4192981623881735e-07,1.4979347784877044,-20.013522722464433,0.999999999994945,0.9999780695358694,0.9997283535933729,e3261da8-3d99-4cca-aabc-ef51ed2e5abc,7a82c06b-0e33-454b-a98f-786a4024c1d0,probe00,ZFM-03330,2022-02-17,183,CA1
-5.551115123125783e-16,1.3093358013693737,0.17534867085707795,0.9999999999999996,0.20708009757630697,0.8773265161474167,e3261da8-3d99-4cca-aabc-ef51ed2e5abc,7a82c06b-0e33-454b-a98f-786a4024c1d0,probe00,ZFM-03330,2022-02-17,205,VISa6a
0.6061358035703525,-0.7804308275172602,-0.33152976113270577,0.08549971064723372,0.04016693867305659,0.44452927430640143,e3261da8-3d99-4cca-aabc-ef51ed2e5abc,7a82c06b-0e33-454b-a98f-786a4024c1d0,probe00,ZFM-03330,2022-02-17,211,VISa6a
0.10125373370517274,-0.24282999899317717,-0.0473944223378821,0.6340175610942972,0.28430716672436196,0.8489369060734906,e3261da8-3d99-4cca-aabc-ef51ed2e5abc,7a82c06b-0e33-454b-a98f-786a4024c1d0,probe00,ZFM-03330,2022-02-17,223,VISa5
-0.1228981363231535,-0.6758497839449984,-0.36202850216793686,0.5634979193650271,0.010442805259096582,0.19926302767352244,e3261da8-3d99-4cca-aabc-ef51ed2e5abc,7a82c06b-0e33-454b-a98f-786a4024c1d0,probe00,ZFM-03330,2022-02-17,225,VISa5
0.733969175080198,-0.8175732815375908,-1.4515838285299405,0.051171102037923674,0.07141342228546715,0.004097579131631724,e3261da8-3d99-4cca-aabc-ef51ed2e5abc,7a82c06b-0e33-454b-a98f-786a4024c1d0,probe00,ZFM-03330,2022-02-17,259,Eth
-1.335001066732279,1.2773003408981642,1.2814083972225296,0.02421243008477583,0.034111450740012844,0.03899288170551477,e3261da8-3d99-4cca-aabc-ef51ed2e5abc,7a82c06b-0e33-454b-a98f-786a4024c1d0,probe00,ZFM-03330,2022-02-17,283,LP
-22.525443761703254,20.128494083949406,22.158719157473136,0.9986817034100196,0.99882198425027,0.9987031658682948,e3261da8-3d99-4cca-aabc-ef51ed2e5abc,7a82c06b-0e33-454b-a98f-786a4024c1d0,probe00,ZFM-03330,2022-02-17,297,DG-sg
0.03125254350410467,-0.4347168652488763,-0.8214142605351453,0.9182854749293097,0.23570650312162233,0.03665835721709429,e3261da8-3d99-4cca-aabc-ef51ed2e5abc,7a82c06b-0e33-454b-a98f-786a4024c1d0,probe00,ZFM-03330,2022-02-17,311,VISa6a
-0.5717863235556785,-0.27632493015246207,0.6204986735110176,0.15156761549149492,0.5371168964853724,0.19148347480597838,e3261da8-3d99-4cca-aabc-ef51ed2e5abc,7a82c06b-0e33-454b-a98f-786a4024c1d0,probe00,ZFM-03330,2022-02-17,321,VISa6a
-0.27029032973990963,0.27195239935772153,0.08464186663520953,0.17517410841097925,0.19304801725543919,0.7053300400302926,e3261da8-3d99-4cca-aabc-ef51ed2e5abc,7a82c06b-0e33-454b-a98f-786a4024c1d0,probe00,ZFM-03330,2022-02-17,325,VISa5
-0.21217451994363684,-0.2132016776166046,-0.34457428199727946,0.513836438166782,0.5676506602820512,0.38651129367412407,e3261da8-3d99-4cca-aabc-ef51ed2e5abc,f07d1d05-72a9-4599-8970-bce441c9d21c,probe01,ZFM-03330,2022-02-17,33,MRN
0.4198538455433297,-0.8478788378219881,-1.0061886992755182,0.09205419055456142,0.006224836308376894,0.0029946210248639918,e3261da8-3d99-4cca-aabc-ef51ed2e5abc,f07d1d05-72a9-4599-8970-bce441c9d21c,probe01,ZFM-03330,2022-02-17,34,MRN
0.16907633003424238,-0.36278269373304806,0.23349329411063408,0.5189248653012642,0.18777294018818647,0.4442481769084997,e3261da8-3d99-4cca-aabc-ef51ed2e5abc,f07d1d05-72a9-4599-8970-bce441c9d21c,probe01,ZFM-03330,2022-02-17,41,MRN
-0.01393750784378009,-0.03987574051334092,-0.024809227856740057,0.891818925643789,0.712436841791172,0.8331233146189676,e3261da8-3d99-4cca-aabc-ef51ed2e5abc,f07d1d05-72a9-4599-8970-bce441c9d21c,probe01,ZFM-03330,2022-02-17,45,MRN
-0.19885085874701575,0.2575625761419976,0.232854820907994,0.5599884251887401,0.4642187238865316,0.5393779075093628,e3261da8-3d99-4cca-aabc-ef51ed2e5abc,f07d1d05-72a9-4599-8970-bce441c9d21c,probe01,ZFM-03330,2022-02-17,52,SCig
0.324239668181848,-0.29481713051017777,-0.18747789747211935,0.02068709932128404,0.04389115489180958,0.25102731291374003,e3261da8-3d99-4cca-aabc-ef51ed2e5abc,f07d1d05-72a9-4599-8970-bce441c9d21c,probe01,ZFM-03330,2022-02-17,79,SCig
0.024966622730461588,-0.32569039780527725,-0.10659398475044479,0.8459252983866936,0.021093094422673212,0.48808880155826995,e3261da8-3d99-4cca-aabc-ef51ed2e5abc,f07d1d05-72a9-4599-8970-bce441c9d21c,probe01,ZFM-03330,2022-02-17,86,SCig
4.069545331830682e-07,1.484688304715402,-22.026769222003907,0.9999999999939387,0.9999781275329874,0.9996991063859635,e3261da8-3d99-4cca-aabc-ef51ed2e5abc,f07d1d05-72a9-4599-8970-bce441c9d21c,probe01,ZFM-03330,2022-02-17,115,RSPv2/3
0.12136085700426895,-0.5588478023671125,-0.5931573709076494,0.7718066815399087,0.2590608430245589,0.2687757245454654,e3261da8-3d99-4cca-aabc-ef51ed2e5abc,f07d1d05-72a9-4599-8970-bce441c9d21c,probe01,ZFM-03330,2022-02-17,125,RSPv5
-0.05556985107074708,-0.22401816915436312,-0.16133852843438734,0.8927513987286524,0.6219126714327219,0.742622083386383,e3261da8-3d99-4cca-aabc-ef51ed2e5abc,f07d1d05-72a9-4599-8970-bce441c9d21c,probe01,ZFM-03330,2022-02-17,127,RSPv5
0.10536051565782686,-0.30135807521616137,-0.1564950512849244,0.7412968938164428,0.38387111196411805,0.6796032653471016,e3261da8-3d99-4cca-aabc-ef51ed2e5abc,f07d1d05-72a9-4599-8970-bce441c9d21c,probe01,ZFM-03330,2022-02-17,181,SCig
-0.013208284413331883,0.040676304775715946,0.0709053067370315,0.6763111750534245,0.3848283381455957,0.1298063630586384,5244890d-9353-4cfe-a18e-23481883e3a4,455d9684-12b3-4c40-97a3-5a47b9c31589,probe01,ZFM-03330,2022-02-16,0,SNr
-0.11908862101480239,-1.2075360297455968,-0.3210323870379788,0.21813865584932923,3.225823254586229e-08,0.14160234088549153,5244890d-9353-4cfe-a18e-23481883e3a4,455d9684-12b3-4c40-97a3-5a47b9c31589,probe01,ZFM-03330,2022-02-16,2,SNr
-0.40142304890972824,0.8281616791855783,0.4139628911049426,0.035522957687288234,0.00048313011813102543,0.08107670683993422,5244890d-9353-4cfe-a18e-23481883e3a4,455d9684-12b3-4c40-97a3-5a47b9c31589,probe01,ZFM-03330,2022-02-16,6,SNr
-0.08516176953644428,0.5325352427446279,-0.0441824748306983,0.5910638017209269,0.01016823033960022,0.8311491652519856,5244890d-9353-4cfe-a18e-23481883e3a4,455d9684-12b3-4c40-97a3-5a47b9c31589,probe01,ZFM-03330,2022-02-16,7,SNr
-0.0361556925924023,-0.6609540909764855,0.17761008944196371,0.6368488677727098,3.720435988007253e-06,0.2137939001252217,5244890d-9353-4cfe-a18e-23481883e3a4,455d9684-12b3-4c40-97a3-5a47b9c31589,probe01,ZFM-03330,2022-02-16,32,MB
-0.05800404322484544,-0.004516642422945527,0.20518733788509683,0.35549096309399764,0.9621201659166551,0.0309608150365118,5244890d-9353-4cfe-a18e-23481883e3a4,455d9684-12b3-4c40-97a3-5a47b9c31589,probe01,ZFM-03330,2022-02-16,41,MRN
-0.026564282886166336,0.32465845896899204,0.08708320657475656,0.6404204443228849,3.424980164881225e-05,0.2664261128188814,5244890d-9353-4cfe-a18e-23481883e3a4,455d9684-12b3-4c40-97a3-5a47b9c31589,probe01,ZFM-03330,2022-02-16,46,MRN
-0.03158945081076599,-0.0705326854170809,0.030867429024648448,0.4085547047463498,0.22503688202677463,0.5954498259699955,5244890d-9353-4cfe-a18e-23481883e3a4,455d9684-12b3-4c40-97a3-5a47b9c31589,probe01,ZFM-03330,2022-02-16,54,MRN
0.057870423163241085,-1.0287229924070889,-0.20385765634678388,0.4763876109746006,8.557722914967666e-10,0.22414017053517843,5244890d-9353-4cfe-a18e-23481883e3a4,455d9684-12b3-4c40-97a3-5a47b9c31589,probe01,ZFM-03330,2022-02-16,57,MRN
-0.26697196000808743,0.06823370511555876,0.14187102257993467,3.588407041140326e-08,0.33631651810135665,0.04559982060933099,5244890d-9353-4cfe-a18e-23481883e3a4,455d9684-12b3-4c40-97a3-5a47b9c31589,probe01,ZFM-03330,2022-02-16,62,MRN
-0.07503253365846835,0.2556433966500418,0.02013639731649835,0.0011759124798599685,2.238407449512105e-15,0.5323523969976247,5244890d-9353-4cfe-a18e-23481883e3a4,455d9684-12b3-4c40-97a3-5a47b9c31589,probe01,ZFM-03330,2022-02-16,65,MRN
-0.285366938259715,-1.865008802092691,0.4562415851207428,0.01549983823561528,3.1382711801473125e-07,0.21083158745371933,5244890d-9353-4cfe-a18e-23481883e3a4,455d9684-12b3-4c40-97a3-5a47b9c31589,probe01,ZFM-03330,2022-02-16,89,SCig
-0.10424975100025785,-0.08428118849340084,0.3027414255190476,0.007341995077613186,0.16556927451234127,6.336835823263846e-07,5244890d-9353-4cfe-a18e-23481883e3a4,455d9684-12b3-4c40-97a3-5a47b9c31589,probe01,ZFM-03330,2022-02-16,128,root
-0.01709568237414004,-0.37549083815423706,0.27423710444906385,0.7860386935150829,0.0005169046776358673,0.01122440098187684,5244890d-9353-4cfe-a18e-23481883e3a4,455d9684-12b3-4c40-97a3-5a47b9c31589,probe01,ZFM-03330,2022-02-16,160,POST
0.034292280394124304,-0.17906877860993392,0.009764250945871411,0.44522851911466443,0.010985540843637008,0.8897084122945121,5244890d-9353-4cfe-a18e-23481883e3a4,455d9684-12b3-4c40-97a3-5a47b9c31589,probe01,ZFM-03330,2022-02-16,168,POST
-0.19339142935827824,-0.006106842736222343,0.25384504905589567,0.0006521340305843044,0.9431875211675035,0.003053901932358845,5244890d-9353-4cfe-a18e-23481883e3a4,455d9684-12b3-4c40-97a3-5a47b9c31589,probe01,ZFM-03330,2022-02-16,172,POST
-0.03443846136773138,0.3061831766637668,0.12559923976865103,0.5982128869059955,0.0007353345897913558,0.16608629636551953,5244890d-9353-4cfe-a18e-23481883e3a4,455d9684-12b3-4c40-97a3-5a47b9c31589,probe01,ZFM-03330,2022-02-16,175,POST
0.07633267360553267,-2.584477849394477,0.22019918739509023,0.5788345345234056,1.3329008549874808e-05,0.710624462985376,5244890d-9353-4cfe-a18e-23481883e3a4,455d9684-12b3-4c40-97a3-5a47b9c31589,probe01,ZFM-03330,2022-02-16,192,MB
0.004453412575709255,0.3098848691784467,0.05429111127817625,0.9245490749741097,1.7970604539604015e-06,0.40283477744672314,5244890d-9353-4cfe-a18e-23481883e3a4,455d9684-12b3-4c40-97a3-5a47b9c31589,probe01,ZFM-03330,2022-02-16,198,MB
-0.3743894382732024,-0.5650255208255183,0.18838085125284895,2.4064140994392057e-05,0.00031513993073102093,0.22971601569700306,5244890d-9353-4cfe-a18e-23481883e3a4,455d9684-12b3-4c40-97a3-5a47b9c31589,probe01,ZFM-03330,2022-02-16,199,MB
-0.08951887482678852,-0.2114440274893437,0.05642792138574784,0.005457134417602676,3.527371440285529e-05,0.2696414637726723,5244890d-9353-4cfe-a18e-23481883e3a4,455d9684-12b3-4c40-97a3-5a47b9c31589,probe01,ZFM-03330,2022-02-16,203,MB
-0.18050667276866528,-0.027136351876808518,0.08549082515870424,0.015184318289122303,0.808231110693223,0.4444898471620796,5244890d-9353-4cfe-a18e-23481883e3a4,455d9684-12b3-4c40-97a3-5a47b9c31589,probe01,ZFM-03330,2022-02-16,240,POST
-0.18659688204710106,0.16608003587833364,0.09174907342376584,0.0030131993731784563,0.06455764449184416,0.30721756055284777,5244890d-9353-4cfe-a18e-23481883e3a4,c6a3def0-9bce-4ef9-a57d-0dc2d4ae3d65,probe00,ZFM-03330,2022-02-16,6,TTd
-0.152221497024468,-0.8863544111441827,-0.11694769771960137,0.04168851167717189,2.2597981355746333e-09,0.4302620722906185,5244890d-9353-4cfe-a18e-23481883e3a4,c6a3def0-9bce-4ef9-a57d-0dc2d4ae3d65,probe00,ZFM-03330,2022-02-16,19,TTd
-0.13850384083059714,-1.1329051988780354,-0.12835588098532388,0.023833058721140443,2.2314711924881886e-17,0.3366088356966813,5244890d-9353-4cfe-a18e-23481883e3a4,c6a3def0-9bce-4ef9-a57d-0dc2d4ae3d65,probe00,ZFM-03330,2022-02-16,30,TTd
-0.06356698953926303,0.4192856131637215,0.00954117543618306,0.2542021211384822,2.0846261779422113e-08,0.8985112151148413,5244890d-9353-4cfe-a18e-23481883e3a4,c6a3def0-9bce-4ef9-a57d-0dc2d4ae3d65,probe00,ZFM-03330,2022-02-16,39,TTd
-0.04219055463606755,-13.614108575836124,9.720434709076168,0.681631592834997,0.998257713183729,0.9987560116958497,5244890d-9353-4cfe-a18e-23481883e3a4,c6a3def0-9bce-4ef9-a57d-0dc2d4ae3d65,probe00,ZFM-03330,2022-02-16,43,TTd
-0.12866745803124613,-0.11089498932150632,-0.17678708313025734,0.25974981587265056,0.526301834060616,0.31241231325629903,5244890d-9353-4cfe-a18e-23481883e3a4,c6a3def0-9bce-4ef9-a57d-0dc2d4ae3d65,probe00,ZFM-03330,2022-02-16,49,TTd
0.0755550684721304,-2.7701712024580902,-0.3810096096284736,0.15820120793305714,7.630008508811822e-32,0.10626813750418501,5244890d-9353-4cfe-a18e-23481883e3a4,c6a3def0-9bce-4ef9-a57d-0dc2d4ae3d65,probe00,ZFM-03330,2022-02-16,52,TTd
0.0731172284403868,-0.34809553366324997,-0.13368566231779594,0.41061314823087525,0.016373639430534603,0.35658025214343714,5244890d-9353-4cfe-a18e-23481883e3a4,c6a3def0-9bce-4ef9-a57d-0dc2d4ae3d65,probe00,ZFM-03330,2022-02-16,53,TTd
-0.01629080695599644,-0.3578259583543253,0.11926468323749412,0.747416138982399,2.3508666969652667e-05,0.1587086967577589,5244890d-9353-4cfe-a18e-23481883e3a4,c6a3def0-9bce-4ef9-a57d-0dc2d4ae3d65,probe00,ZFM-03330,2022-02-16,58,TTd
0.06938122102103747,-1.048131192050274,-0.024163788300462077,0.2829705916789007,1.378953297338678e-14,0.8591331637638284,5244890d-9353-4cfe-a18e-23481883e3a4,c6a3def0-9bce-4ef9-a57d-0dc2d4ae3d65,probe00,ZFM-03330,2022-02-16,62,TTd
0.008820252560087654,-0.7919833488457447,-0.022576635421162145,0.8997088491026249,3.4367071543574445e-09,0.8662279178589042,5244890d-9353-4cfe-a18e-23481883e3a4,c6a3def0-9bce-4ef9-a57d-0dc2d4ae3d65,probe00,ZFM-03330,2022-02-16,74,TTd
0.002420165174196187,0.12029465980153502,-0.0802543191491365,0.9234125582978677,0.0008682149769711318,0.026306657025373173,5244890d-9353-4cfe-a18e-23481883e3a4,c6a3def0-9bce-4ef9-a57d-0dc2d4ae3d65,probe00,ZFM-03330,2022-02-16,79,DP
-0.13774558605113554,-1.2898568243815776,0.08770385677265277,0.15333720632900047,1.109523716843917e-08,0.69767508747015,5244890d-9353-4cfe-a18e-23481883e3a4,c6a3def0-9bce-4ef9-a57d-0dc2d4ae3d65,probe00,ZFM-03330,2022-02-16,81,DP
-0.04592064992821307,-0.5421725177256932,-0.09272430741387086,0.5391182073987877,3.387395623110112e-05,0.4783139431516771,5244890d-9353-4cfe-a18e-23481883e3a4,c6a3def0-9bce-4ef9-a57d-0dc2d4ae3d65,probe00,ZFM-03330,2022-02-16,84,DP
0.013580132730386135,-2.2340432360684064,0.2829517282710942,0.8516259212309653,8.12698688904861e-17,0.2914466985631867,5244890d-9353-4cfe-a18e-23481883e3a4,c6a3def0-9bce-4ef9-a57d-0dc2d4ae3d65,probe00,ZFM-03330,2022-02-16,88,DP
-0.04151533508712491,-1.0873234565104062,0.1353146420341536,0.6941052822774191,2.228130953644287e-06,0.5559758258064416,5244890d-9353-4cfe-a18e-23481883e3a4,c6a3def0-9bce-4ef9-a57d-0dc2d4ae3d65,probe00,ZFM-03330,2022-02-16,91,DP
0.011916237684048807,-1.1385454185211181,-0.10423666097657339,0.8316370668038708,8.071913525372862e-21,0.3915483594066006,5244890d-9353-4cfe-a18e-23481883e3a4,c6a3def0-9bce-4ef9-a57d-0dc2d4ae3d65,probe00,ZFM-03330,2022-02-16,97,DP
-0.051159404979400844,-0.1601121876490904,-0.04101249610796043,0.4514530436611167,0.12946157198450936,0.6977350923813177,5244890d-9353-4cfe-a18e-23481883e3a4,c6a3def0-9bce-4ef9-a57d-0dc2d4ae3d65,probe00,ZFM-03330,2022-02-16,103,DP
-0.07233375754708574,-0.9836733141940125,0.26448821161751196,0.12118731192068347,3.628332712610766e-23,0.007685438839365669,5244890d-9353-4cfe-a18e-23481883e3a4,c6a3def0-9bce-4ef9-a57d-0dc2d4ae3d65,probe00,ZFM-03330,2022-02-16,111,DP
-0.029573319046796213,-1.6822913356989917,-0.14612562437121734,0.5908208596249647,2.379256779026976e-29,0.3285789062451784,5244890d-9353-4cfe-a18e-23481883e3a4,c6a3def0-9bce-4ef9-a57d-0dc2d4ae3d65,probe00,ZFM-03330,2022-02-16,112,DP
0.1461967531865508,-0.5263695308749508,0.006494071589039224,0.16245975374679256,0.004042164666882144,0.9717062255728358,5244890d-9353-4cfe-a18e-23481883e3a4,c6a3def0-9bce-4ef9-a57d-0dc2d4ae3d65,probe00,ZFM-03330,2022-02-16,115,DP
-0.0662222006226934,0.3312058054443041,0.04443158598273854,0.00835336498463241,6.656219697932882e-22,0.19691871596915034,5244890d-9353-4cfe-a18e-23481883e3a4,c6a3def0-9bce-4ef9-a57d-0dc2d4ae3d65,probe00,ZFM-03330,2022-02-16,133,ILA5
-0.03443846136805477,-1.277608088579853,0.051162428401675425,0.7609393873665778,1.2276036914121498e-06,0.8459677586874483,5244890d-9353-4cfe-a18e-23481883e3a4,c6a3def0-9bce-4ef9-a57d-0dc2d4ae3d65,probe00,ZFM-03330,2022-02-16,137,ILA5
-0.49736855281323783,-0.5961970861124757,0.17782857316840336,0.0048217266418043615,0.05697369400226092,0.570195588254292,5244890d-9353-4cfe-a18e-23481883e3a4,c6a3def0-9bce-4ef9-a57d-0dc2d4ae3d65,probe00,ZFM-03330,2022-02-16,138,ILA5
-0.05845958261495618,-0.746703138373229,0.04547183941332615,0.28633152100797776,6.554282463387909e-13,0.6615659445282525,5244890d-9353-4cfe-a18e-23481883e3a4,c6a3def0-9bce-4ef9-a57d-0dc2d4ae3d65,probe00,ZFM-03330,2022-02-16,139,ILA5
-0.06695658768854144,0.4103247678636506,0.04817503690057784,0.13562276965795572,1.1261611710158999e-11,0.4253805295021965,5244890d-9353-4cfe-a18e-23481883e3a4,c6a3def0-9bce-4ef9-a57d-0dc2d4ae3d65,probe00,ZFM-03330,2022-02-16,148,ILA5
-0.03158945081076571,-0.13055943465553127,0.15795840884364537,0.6507938230571044,0.23195934323456457,0.14812782116553835,5244890d-9353-4cfe-a18e-23481883e3a4,c6a3def0-9bce-4ef9-a57d-0dc2d4ae3d65,probe00,ZFM-03330,2022-02-16,149,ILA5
0.0009267843246603957,0.082635011398835,0.05300321379246195,0.9851481743989267,0.2559686695677881,0.4662297293517136,5244890d-9353-4cfe-a18e-23481883e3a4,c6a3def0-9bce-4ef9-a57d-0dc2d4ae3d65,probe00,ZFM-03330,2022-02-16,159,ILA5
0.08270218649424545,-1.3624794758733796,-0.16724035151619954,0.39402086006498804,2.5329022675376767e-09,0.4644805373613583,5244890d-9353-4cfe-a18e-23481883e3a4,c6a3def0-9bce-4ef9-a57d-0dc2d4ae3d65,probe00,ZFM-03330,2022-02-16,166,ILA5
-0.0968321486927651,0.4376820810164136,0.12958979894648753,0.010915227156423174,1.1392911370643122e-17,0.011272285167933415,5244890d-9353-4cfe-a18e-23481883e3a4,c6a3def0-9bce-4ef9-a57d-0dc2d4ae3d65,probe00,ZFM-03330,2022-02-16,168,ILA5
-0.43000225582965523,-1.9138908864771162,1.0731077071111002,0.00666905257415405,0.0006728344089657033,0.056573211141310704,5244890d-9353-4cfe-a18e-23481883e3a4,c6a3def0-9bce-4ef9-a57d-0dc2d4ae3d65,probe00,ZFM-03330,2022-02-16,175,ILA5
0.02948993156686984,-0.08202553970169695,-0.04993722515019941,0.4994076452199312,0.21564531410837984,0.4509622806797067,5244890d-9353-4cfe-a18e-23481883e3a4,c6a3def0-9bce-4ef9-a57d-0dc2d4ae3d65,probe00,ZFM-03330,2022-02-16,179,ILA5
-0.016368938060216387,-0.6156926410546113,-0.05172529353917053,0.7158135234680316,2.433736093684675e-14,0.5217712540694608,5244890d-9353-4cfe-a18e-23481883e3a4,c6a3def0-9bce-4ef9-a57d-0dc2d4ae3d65,probe00,ZFM-03330,2022-02-16,184,ILA5
-0.1696366794504624,-0.09611097818504641,0.23009029914852602,0.07119333494603733,0.5093421038320061,0.11417216247462282,5244890d-9353-4cfe-a18e-23481883e3a4,c6a3def0-9bce-4ef9-a57d-0dc2d4ae3d65,probe00,ZFM-03330,2022-02-16,188,ILA5
-0.014074525146157098,-1.4086383758966685,0.134907442728664,0.8742908764753626,1.8492667815434677e-10,0.5416056466373342,5244890d-9353-4cfe-a18e-23481883e3a4,c6a3def0-9bce-4ef9-a57d-0dc2d4ae3d65,probe00,ZFM-03330,2022-02-16,190,ILA5
-0.013158654158686825,-0.10064589104740548,0.1582157428688828,0.8076962452178023,0.23051093078180174,0.05944312670569744,5244890d-9353-4cfe-a18e-23481883e3a4,c6a3def0-9bce-4ef9-a57d-0dc2d4ae3d65,probe00,ZFM-03330,2022-02-16,192,ILA5
-0.031035434134670872,-0.08889705070564327,-0.01636776659339908,0.6603067513510306,0.40888015222842267,0.8791405427890497,5244890d-9353-4cfe-a18e-23481883e3a4,c6a3def0-9bce-4ef9-a57d-0dc2d4ae3d65,probe00,ZFM-03330,2022-02-16,195,ILA5
-0.02696767136898437,0.2447095374898956,-0.023903933618688214,0.5645740289504195,0.00017919354490962712,0.7143754578173964,5244890d-9353-4cfe-a18e-23481883e3a4,c6a3def0-9bce-4ef9-a57d-0dc2d4ae3d65,probe00,ZFM-03330,2022-02-16,196,ILA5
0.04730077312704396,-1.6272969536290705,0.301911345594322,0.7034026728716177,3.73563879908931e-06,0.3907933076530049,5244890d-9353-4cfe-a18e-23481883e3a4,c6a3def0-9bce-4ef9-a57d-0dc2d4ae3d65,probe00,ZFM-03330,2022-02-16,203,PL5
0.011916237684224826,0.23953397118970948,-0.12587465271765885,0.9308347702956992,0.20945368733583913,0.5095513521207173,5244890d-9353-4cfe-a18e-23481883e3a4,c6a3def0-9bce-4ef9-a57d-0dc2d4ae3d65,probe00,ZFM-03330,2022-02-16,206,PL5
-0.09965553797306609,-0.057569645162514935,0.21568072620589362,0.369879146665236,0.7359722024581621,0.20649341298019286,5244890d-9353-4cfe-a18e-23481883e3a4,c6a3def0-9bce-4ef9-a57d-0dc2d4ae3d65,probe00,ZFM-03330,2022-02-16,214,PL5
-0.14904976006337867,0.8022644079995296,-0.1407785093460557,0.20242963402972614,3.3097638915655824e-08,0.33236146784922604,5244890d-9353-4cfe-a18e-23481883e3a4,c6a3def0-9bce-4ef9-a57d-0dc2d4ae3d65,probe00,ZFM-03330,2022-02-16,223,PL5
-0.08803699310633745,0.33441438294452774,0.0985085800289419,0.16009058563940193,0.00010303706616494143,0.25265969650276787,5244890d-9353-4cfe-a18e-23481883e3a4,c6a3def0-9bce-4ef9-a57d-0dc2d4ae3d65,probe00,ZFM-03330,2022-02-16,226,PL5
-0.03021393412482055,0.7017693653782769,-0.07031575382367158,0.7859985099984187,5.910905203597793e-07,0.6167945476014502,5244890d-9353-4cfe-a18e-23481883e3a4,c6a3def0-9bce-4ef9-a57d-0dc2d4ae3d65,probe00,ZFM-03330,2022-02-16,229,PL5
-0.4925838273042534,0.8174597248522109,0.6264044880875662,0.002761083267854458,7.059639686383125e-05,0.0023236469890922304,5244890d-9353-4cfe-a18e-23481883e3a4,c6a3def0-9bce-4ef9-a57d-0dc2d4ae3d65,probe00,ZFM-03330,2022-02-16,252,PL5
-0.15724666495121972,1.3906612011042698,0.1009936756734503,0.48411249822031055,6.213188147575549e-08,0.6942642805184589,5244890d-9353-4cfe-a18e-23481883e3a4,c6a3def0-9bce-4ef9-a57d-0dc2d4ae3d65,probe00,ZFM-03330,2022-02-16,253,PL5
-0.06783720182983949,0.08488985694581472,0.10062903349572935,0.08410429997793964,0.13975086637293305,0.08002973332842238,5244890d-9353-4cfe-a18e-23481883e3a4,c6a3def0-9bce-4ef9-a57d-0dc2d4ae3d65,probe00,ZFM-03330,2022-02-16,266,ACAd5
-0.09332997919627667,0.26907580641730805,0.2737651467806944,0.17694177636991126,0.005966895826116763,0.005149756424711777,5244890d-9353-4cfe-a18e-23481883e3a4,c6a3def0-9bce-4ef9-a57d-0dc2d4ae3d65,probe00,ZFM-03330,2022-02-16,267,ACAd5
-0.13471032106656955,-0.2901813504880659,0.36606127313642883,0.016942436283885014,0.0021368613657196463,0.00010731206357721786,5244890d-9353-4cfe-a18e-23481883e3a4,c6a3def0-9bce-4ef9-a57d-0dc2d4ae3d65,probe00,ZFM-03330,2022-02-16,273,ACAd5
0.04548588910286329,-0.606588412521925,-0.22965961167869411,0.5708284765990159,1.975275045723397e-05,0.10614280680185127,5244890d-9353-4cfe-a18e-23481883e3a4,c6a3def0-9bce-4ef9-a57d-0dc2d4ae3d65,probe00,ZFM-03330,2022-02-16,285,MOs5
-0.04076402014486406,-0.7233019722171559,0.026031074473349403,0.3574280697891028,3.1896452185753586e-18,0.7540767984108814,5244890d-9353-4cfe-a18e-23481883e3a4,c6a3def0-9bce-4ef9-a57d-0dc2d4ae3d65,probe00,ZFM-03330,2022-02-16,291,MOs5
0.07788000920532348,-0.28301761626829564,0.011434962750695901,0.22678665191749758,0.006632191803918945,0.9126577940496254,5244890d-9353-4cfe-a18e-23481883e3a4,c6a3def0-9bce-4ef9-a57d-0dc2d4ae3d65,probe00,ZFM-03330,2022-02-16,324,TTd
0.01679432515673024,-0.3782381917679873,-0.06683605443522306,0.7705049491713295,7.349031742978355e-05,0.48356787479130736,5244890d-9353-4cfe-a18e-23481883e3a4,c6a3def0-9bce-4ef9-a57d-0dc2d4ae3d65,probe00,ZFM-03330,2022-02-16,325,TTd
-0.009363569525322246,-0.553079747151772,0.1031628764727188,0.9377252573137835,0.0096072393219995,0.6290717869466848,5244890d-9353-4cfe-a18e-23481883e3a4,c6a3def0-9bce-4ef9-a57d-0dc2d4ae3d65,probe00,ZFM-03330,2022-02-16,348,DP
-0.06325301778640274,0.43495289529385095,0.08262951093501952,0.5367993221104306,0.0015539514248752492,0.5477368438505,5244890d-9353-4cfe-a18e-23481883e3a4,c6a3def0-9bce-4ef9-a57d-0dc2d4ae3d65,probe00,ZFM-03330,2022-02-16,350,DP
0.03631131976876492,0.5854317803201645,-0.039259441517405465,0.7304857657299773,1.7203028895289174e-05,0.7731523238962907,5244890d-9353-4cfe-a18e-23481883e3a4,c6a3def0-9bce-4ef9-a57d-0dc2d4ae3d65,probe00,ZFM-03330,2022-02-16,367,ILA5
-0.10668867335859723,0.09077824230162408,0.14295331540972672,0.1290966041201486,0.3778723451345576,0.16493798330253884,5244890d-9353-4cfe-a18e-23481883e3a4,c6a3def0-9bce-4ef9-a57d-0dc2d4ae3d65,probe00,ZFM-03330,2022-02-16,369,ILA5
0.005464535266095472,-1.2458385781776062,-0.2582388185986687,0.9750769240048314,0.0015864700610749055,0.5126782084800299,5244890d-9353-4cfe-a18e-23481883e3a4,c6a3def0-9bce-4ef9-a57d-0dc2d4ae3d65,probe00,ZFM-03330,2022-02-16,374,ILA5
-0.5308538658663293,0.3239068196292109,0.3692403609307331,0.005073675391812108,0.20889237011580508,0.15200326705384803,5244890d-9353-4cfe-a18e-23481883e3a4,c6a3def0-9bce-4ef9-a57d-0dc2d4ae3d65,probe00,ZFM-03330,2022-02-16,398,PL5
0.052955403576617696,0.36128494318761106,0.00012373740068791217,0.2938836525027688,1.363145871677093e-07,0.9985598302772768,5244890d-9353-4cfe-a18e-23481883e3a4,c6a3def0-9bce-4ef9-a57d-0dc2d4ae3d65,probe00,ZFM-03330,2022-02-16,405,PL5
-0.01227055445834245,-0.8065123584270787,0.20640520913680355,0.9156919582174422,0.00043589850140953265,0.36803068915117654,5244890d-9353-4cfe-a18e-23481883e3a4,c6a3def0-9bce-4ef9-a57d-0dc2d4ae3d65,probe00,ZFM-03330,2022-02-16,426,MOs5
0.2604639531611476,-1.0157895280492397,-0.54355054740181,0.010142483247370401,4.616499483163437e-07,0.006980582163915228,5244890d-9353-4cfe-a18e-23481883e3a4,c6a3def0-9bce-4ef9-a57d-0dc2d4ae3d65,probe00,ZFM-03330,2022-02-16,439,TTd
0.019110606410098374,-12.65443395022202,10.552519552690121,0.883874870951434,0.9986744054556317,0.9988945879077933,5244890d-9353-4cfe-a18e-23481883e3a4,c6a3def0-9bce-4ef9-a57d-0dc2d4ae3d65,probe00,ZFM-03330,2022-02-16,446,DP
-0.06475077227630248,-0.9899260161280685,-0.08236896422266807,0.31294206861405405,6.398291269825988e-14,0.5326106651243501,5244890d-9353-4cfe-a18e-23481883e3a4,c6a3def0-9bce-4ef9-a57d-0dc2d4ae3d65,probe00,ZFM-03330,2022-02-16,457,ILA5
-0.2920784484257706,0.2552833047196901,0.3743829962608203,0.02621038414423443,0.16894368042321906,0.04365586313477412,5244890d-9353-4cfe-a18e-23481883e3a4,c6a3def0-9bce-4ef9-a57d-0dc2d4ae3d65,probe00,ZFM-03330,2022-02-16,471,MOs5
-0.6813745939436816,-0.024802026575985958,0.4229807759496974,0.0007839517193028879,0.9247649406245959,0.18600292358265003,0d04401a-2e75-4449-b699-252000ed2b76,0e236047-e8ca-49b8-a18e-d0f6ff3ee592,probe01,ZFM-03332,2022-02-16,27,PIR
0.040491404723630775,0.021473965172648213,0.00661527287127861,0.6143340658642877,0.8322119741740702,0.9573133240605257,0d04401a-2e75-4449-b699-252000ed2b76,0e236047-e8ca-49b8-a18e-d0f6ff3ee592,probe01,ZFM-03332,2022-02-16,46,PIR
-0.319236832482349,0.29701454102001884,0.2859096689042297,0.35450558143483846,0.4565488303488633,0.5628311504647201,0d04401a-2e75-4449-b699-252000ed2b76,0e236047-e8ca-49b8-a18e-d0f6ff3ee592,probe01,ZFM-03332,2022-02-16,82,PIR
-0.30436733865734733,0.7303232665152094,0.3348102196887709,0.14969479976456643,0.0008087671008000408,0.22162585442158633,0d04401a-2e75-4449-b699-252000ed2b76,0e236047-e8ca-49b8-a18e-d0f6ff3ee592,probe01,ZFM-03332,2022-02-16,137,ORBl2/3
0.0804633155374429,0.4298945661654485,0.2998268968617755,0.6548073926618472,0.03461027321711914,0.22956430849554088,0d04401a-2e75-4449-b699-252000ed2b76,0e236047-e8ca-49b8-a18e-d0f6ff3ee592,probe01,ZFM-03332,2022-02-16,150,ORBl5
-0.1389387473242335,-0.13802973925966733,-0.013656642294970212,0.5377104983245714,0.6465477194073368,0.9702419302623434,0d04401a-2e75-4449-b699-252000ed2b76,0e236047-e8ca-49b8-a18e-d0f6ff3ee592,probe01,ZFM-03332,2022-02-16,342,PIR
-0.13017417149455265,-0.28397869883583715,-0.004068709252131306,0.3303260015265105,0.05927040033759501,0.9813757819048042,7ab26936-81b3-482d-a60f-538e2e325f1e,32be7608-6d32-4c8e-af5e-beb298ba8c73,probe00,ZFM-03330,2022-02-15,15,STR
0.10416603948205741,0.16951367558019345,-0.2029104226844136,0.17998473088424682,0.032721885881512425,0.030443882499614633,7ab26936-81b3-482d-a60f-538e2e325f1e,32be7608-6d32-4c8e-af5e-beb298ba8c73,probe00,ZFM-03330,2022-02-15,17,STR
0.3001045924503378,0.3103155869824217,-0.28973825133901143,0.0351021227894121,0.028753514956384063,0.08599380686478415,7ab26936-81b3-482d-a60f-538e2e325f1e,32be7608-6d32-4c8e-af5e-beb298ba8c73,probe00,ZFM-03330,2022-02-15,25,OLF
0.06899287148695138,-1.1672816815927982,0.046615469517155325,0.7005246400807332,9.79395469820117e-06,0.8760260247302064,7ab26936-81b3-482d-a60f-538e2e325f1e,32be7608-6d32-4c8e-af5e-beb298ba8c73,probe00,ZFM-03330,2022-02-15,32,OLF
0.4253066369637796,-0.14423588620538674,-0.41779785003465897,5.276607412842013e-05,0.20854397907219036,0.0019064618465696487,7ab26936-81b3-482d-a60f-538e2e325f1e,32be7608-6d32-4c8e-af5e-beb298ba8c73,probe00,ZFM-03330,2022-02-15,35,OLF
-0.16846222405150046,-1.4460951967613553,0.555754379837441,0.41702296782267756,3.0365138594955934e-05,0.14936217021258186,7ab26936-81b3-482d-a60f-538e2e325f1e,32be7608-6d32-4c8e-af5e-beb298ba8c73,probe00,ZFM-03330,2022-02-15,42,TTd
0.04206958016248863,-0.2150807798713635,-0.14732231111535624,0.7980573705033065,0.23730381556072178,0.4876348285343043,7ab26936-81b3-482d-a60f-538e2e325f1e,32be7608-6d32-4c8e-af5e-beb298ba8c73,probe00,ZFM-03330,2022-02-15,43,TTd
0.04206958016248154,-0.18138883035678932,0.08205855457756338,0.7174689215276856,0.15854510595325644,0.583995643230451,7ab26936-81b3-482d-a60f-538e2e325f1e,32be7608-6d32-4c8e-af5e-beb298ba8c73,probe00,ZFM-03330,2022-02-15,47,TTd
0.005675667836580883,0.025812157146567663,-0.008214898032477602,0.9417627230946565,0.752507770791161,0.931780705563986,7ab26936-81b3-482d-a60f-538e2e325f1e,32be7608-6d32-4c8e-af5e-beb298ba8c73,probe00,ZFM-03330,2022-02-15,53,DP
0.9928426671242535,-1.6651644611977732,-0.5479948609912806,1.6560006433264762e-14,2.063923219210847e-12,0.03599860284182612,7ab26936-81b3-482d-a60f-538e2e325f1e,32be7608-6d32-4c8e-af5e-beb298ba8c73,probe00,ZFM-03330,2022-02-15,58,ILA2/3
-0.1333697401567621,-0.7691217220455491,0.11443607578629161,0.5923362703602275,0.01599359590634395,0.753584496855402,7ab26936-81b3-482d-a60f-538e2e325f1e,32be7608-6d32-4c8e-af5e-beb298ba8c73,probe00,ZFM-03330,2022-02-15,59,ILA2/3
0.22282958228497196,0.05596402153602168,-0.3000853701396507,0.2644680244433486,0.7882090929450966,0.22221996941234734,7ab26936-81b3-482d-a60f-538e2e325f1e,32be7608-6d32-4c8e-af5e-beb298ba8c73,probe00,ZFM-03330,2022-02-15,81,ILA5
0.19376254245831606,0.6178460195808619,-0.2422681920682674,0.3732211691801983,0.0028051762016738095,0.32772712046695696,7ab26936-81b3-482d-a60f-538e2e325f1e,32be7608-6d32-4c8e-af5e-beb298ba8c73,probe00,ZFM-03330,2022-02-15,87,ILA5
0.3426423974828497,0.02423512024689459,-0.4404369699620493,0.08055039110485392,0.9062206426553893,0.0697042993250478,7ab26936-81b3-482d-a60f-538e2e325f1e,32be7608-6d32-4c8e-af5e-beb298ba8c73,probe00,ZFM-03330,2022-02-15,93,ILA5
0.04089393209263634,0.45149748048000676,0.13140675963276757,0.8276388553221475,0.014398525314023755,0.5477658834287567,7ab26936-81b3-482d-a60f-538e2e325f1e,32be7608-6d32-4c8e-af5e-beb298ba8c73,probe00,ZFM-03330,2022-02-15,105,ILA5
0.07598107474426058,0.19494539523068244,0.12808732812690254,0.6842412169284415,0.30979137927083056,0.5708893028513287,7ab26936-81b3-482d-a60f-538e2e325f1e,32be7608-6d32-4c8e-af5e-beb298ba8c73,probe00,ZFM-03330,2022-02-15,119,ILA5
0.15767289908764723,-0.15773761164084865,-0.06043146203191785,0.19989156538700592,0.24293104500874807,0.7020254280700866,7ab26936-81b3-482d-a60f-538e2e325f1e,32be7608-6d32-4c8e-af5e-beb298ba8c73,probe00,ZFM-03330,2022-02-15,126,ILA5
0.3111638191893572,0.45678568766470073,-0.2542779421229037,0.09629869752833824,0.012175424484951824,0.2423391807305203,7ab26936-81b3-482d-a60f-538e2e325f1e,32be7608-6d32-4c8e-af5e-beb298ba8c73,probe00,ZFM-03330,2022-02-15,127,ILA5
-0.7329885676038436,-0.13265249084190947,0.2702003312639299,0.05358851114454126,0.7524515499482806,0.56781703745386,7ab26936-81b3-482d-a60f-538e2e325f1e,32be7608-6d32-4c8e-af5e-beb298ba8c73,probe00,ZFM-03330,2022-02-15,130,ILA5
0.06899287148961834,0.27690306351672644,-0.060162724459501576,0.7476116211455948,0.1986674428717996,0.8133249888792453,7ab26936-81b3-482d-a60f-538e2e325f1e,32be7608-6d32-4c8e-af5e-beb298ba8c73,probe00,ZFM-03330,2022-02-15,136,ILA5
0.0927482790603716,-0.15729425704903122,-0.1153707022556172,0.5090726517622894,0.3059195884265271,0.5207061620088869,7ab26936-81b3-482d-a60f-538e2e325f1e,32be7608-6d32-4c8e-af5e-beb298ba8c73,probe00,ZFM-03330,2022-02-15,141,ILA5
1.6491126448752071,2.495443891880361,-1.0674117209128164,0.09735158193303753,0.005598949760209015,0.29368502454437284,7ab26936-81b3-482d-a60f-538e2e325f1e,32be7608-6d32-4c8e-af5e-beb298ba8c73,probe00,ZFM-03330,2022-02-15,155,ILA5
-0.18090365071072056,-0.1115593092671556,0.03739367635099307,0.1190021777203097,0.3753265687470212,0.7978978128819058,7ab26936-81b3-482d-a60f-538e2e325f1e,32be7608-6d32-4c8e-af5e-beb298ba8c73,probe00,ZFM-03330,2022-02-15,156,ILA5
-0.08035008852536916,-0.46567265567870686,0.13232239499229576,0.4530144134697429,0.00023491947690395325,0.36441598394594044,7ab26936-81b3-482d-a60f-538e2e325f1e,32be7608-6d32-4c8e-af5e-beb298ba8c73,probe00,ZFM-03330,2022-02-15,161,ILA5
-0.32900254084313,0.6989921448848398,0.1697756753664138,0.5309660171079396,0.16406737477105493,0.772720952919906,7ab26936-81b3-482d-a60f-538e2e325f1e,32be7608-6d32-4c8e-af5e-beb298ba8c73,probe00,ZFM-03330,2022-02-15,162,ILA5
-0.07627267205196317,0.15170159915197615,0.3479584515309955,0.6526146028080806,0.39050575513539554,0.0918744553610137,7ab26936-81b3-482d-a60f-538e2e325f1e,32be7608-6d32-4c8e-af5e-beb298ba8c73,probe00,ZFM-03330,2022-02-15,165,ILA5
-0.2080203022997592,-0.7389499466319838,-0.30068991115318855,0.6073095701870794,0.15545102634461166,0.6110843025614446,7ab26936-81b3-482d-a60f-538e2e325f1e,32be7608-6d32-4c8e-af5e-beb298ba8c73,probe00,ZFM-03330,2022-02-15,167,ILA5
-0.39947215659424107,-0.5751899369901203,0.14381071639333842,0.0353686777030534,0.012362497182682012,0.5822444822928333,7ab26936-81b3-482d-a60f-538e2e325f1e,32be7608-6d32-4c8e-af5e-beb298ba8c73,probe00,ZFM-03330,2022-02-15,170,PL5
0.19565620380544782,0.1702664616457282,-0.24059552734118841,0.17517589380008447,0.2479796651643842,0.1677135448681336,7ab26936-81b3-482d-a60f-538e2e325f1e,32be7608-6d32-4c8e-af5e-beb298ba8c73,probe00,ZFM-03330,2022-02-15,172,PL5
0.07426396509657751,0.2291676212032664,0.18296920388708027,0.6472235496040317,0.16786748719089806,0.34973386615065716,7ab26936-81b3-482d-a60f-538e2e325f1e,32be7608-6d32-4c8e-af5e-beb298ba8c73,probe00,ZFM-03330,2022-02-15,178,PL5
0.18784072708673394,0.10334860160271075,0.1579090234753815,0.3955424359525741,0.6575770639440068,0.5639932798911544,7ab26936-81b3-482d-a60f-538e2e325f1e,32be7608-6d32-4c8e-af5e-beb298ba8c73,probe00,ZFM-03330,2022-02-15,182,PL5
-0.09917023631483733,-0.0800062558060507,-0.19942976743421886,0.547284296709229,0.6523683966677838,0.3350104805127586,7ab26936-81b3-482d-a60f-538e2e325f1e,32be7608-6d32-4c8e-af5e-beb298ba8c73,probe00,ZFM-03330,2022-02-15,194,PL5
0.15054024176853834,0.15181992231596958,-0.03436645588006869,0.1871320375231328,0.19664385530470962,0.8043423874790918,7ab26936-81b3-482d-a60f-538e2e325f1e,32be7608-6d32-4c8e-af5e-beb298ba8c73,probe00,ZFM-03330,2022-02-15,205,PL5
-0.08288803484930585,0.25770296007257604,-0.10093434278829733,0.49901407566170874,0.03731111908752259,0.4880017600749813,7ab26936-81b3-482d-a60f-538e2e325f1e,32be7608-6d32-4c8e-af5e-beb298ba8c73,probe00,ZFM-03330,2022-02-15,207,PL5
-0.2286119457059608,1.2411617870104437,0.2893095163041954,0.498117549801843,4.7826303969724506e-05,0.42447641255923296,7ab26936-81b3-482d-a60f-538e2e325f1e,32be7608-6d32-4c8e-af5e-beb298ba8c73,probe00,ZFM-03330,2022-02-15,214,PL5
0.312719620837124,-0.4392038009209346,-0.5298764719989728,0.09096013275026765,0.042222024385538806,0.03511221711054084,7ab26936-81b3-482d-a60f-538e2e325f1e,32be7608-6d32-4c8e-af5e-beb298ba8c73,probe00,ZFM-03330,2022-02-15,217,PL5
0.12223144407430535,0.4739720442563905,-0.2814583096407913,0.6805174172974928,0.09993926497997291,0.4121576912945,7ab26936-81b3-482d-a60f-538e2e325f1e,32be7608-6d32-4c8e-af5e-beb298ba8c73,probe00,ZFM-03330,2022-02-15,220,PL5
0.31699727480471035,0.28372463457924724,-0.47622414035577665,0.21074669369503551,0.26206732717405035,0.11346410759168812,7ab26936-81b3-482d-a60f-538e2e325f1e,32be7608-6d32-4c8e-af5e-beb298ba8c73,probe00,ZFM-03330,2022-02-15,221,PL5
-0.12474844029888109,-0.6774485378478592,-0.2150652159680657,0.3992631995009599,0.0002512772059505666,0.3098669675422624,7ab26936-81b3-482d-a60f-538e2e325f1e,32be7608-6d32-4c8e-af5e-beb298ba8c73,probe00,ZFM-03330,2022-02-15,231,PL5
0.1817902034941058,-0.04369273463317729,-0.25414097775866273,0.04303164893703879,0.6480031358400471,0.023913017496471654,7ab26936-81b3-482d-a60f-538e2e325f1e,32be7608-6d32-4c8e-af5e-beb298ba8c73,probe00,ZFM-03330,2022-02-15,238,PL5
0.1265630370931054,-1.2983858095503056,-0.9130040584920955,0.43229370563650016,6.002942703634168e-07,0.0016739193121185739,7ab26936-81b3-482d-a60f-538e2e325f1e,32be7608-6d32-4c8e-af5e-beb298ba8c73,probe00,ZFM-03330,2022-02-15,259,PL5
0.3008100860574747,0.3173510817651593,-0.5026234525673571,0.009371007802664826,0.005784528563543989,0.00024030059565112504,7ab26936-81b3-482d-a60f-538e2e325f1e,32be7608-6d32-4c8e-af5e-beb298ba8c73,probe00,ZFM-03330,2022-02-15,272,PL5
0.5575649377194152,0.4086938514275633,-0.8132263779203177,0.008258685614220653,0.04814154633976456,0.0009650372028506414,7ab26936-81b3-482d-a60f-538e2e325f1e,32be7608-6d32-4c8e-af5e-beb298ba8c73,probe00,ZFM-03330,2022-02-15,274,PL5
-19.54554668692889,19.671258724433283,18.72951577941724,0.9987453452359227,0.998737275616288,0.9987977273115515,7ab26936-81b3-482d-a60f-538e2e325f1e,32be7608-6d32-4c8e-af5e-beb298ba8c73,probe00,ZFM-03330,2022-02-15,278,PL5
-0.39393696551562546,0.22458409748201924,-0.1008882224187437,0.15665438862051806,0.4339394607517427,0.7606011163921906,7ab26936-81b3-482d-a60f-538e2e325f1e,32be7608-6d32-4c8e-af5e-beb298ba8c73,probe00,ZFM-03330,2022-02-15,285,PL5
0.5418031254833212,0.4598434627508835,-0.469312218745957,2.0801572890865307e-05,0.0002099629460789379,0.001507821941959462,7ab26936-81b3-482d-a60f-538e2e325f1e,32be7608-6d32-4c8e-af5e-beb298ba8c73,probe00,ZFM-03330,2022-02-15,291,PL5
0.19084797499321354,0.8761478011189683,-0.14479715051517833,0.21847248120364715,8.678874986841329e-10,0.39976463968026166,7ab26936-81b3-482d-a60f-538e2e325f1e,32be7608-6d32-4c8e-af5e-beb298ba8c73,probe00,ZFM-03330,2022-02-15,296,PL5
0.38107002602344914,-1.077750256252363,-0.8438582623633707,0.21884691104051757,0.015286719769584406,0.09472965765980608,7ab26936-81b3-482d-a60f-538e2e325f1e,32be7608-6d32-4c8e-af5e-beb298ba8c73,probe00,ZFM-03330,2022-02-15,310,PL5
-0.20802030229719665,-0.18007385115537713,0.2011624875908518,0.3040275228809233,0.419888154431564,0.4358866731571014,7ab26936-81b3-482d-a60f-538e2e325f1e,32be7608-6d32-4c8e-af5e-beb298ba8c73,probe00,ZFM-03330,2022-02-15,321,ACAd5
0.18500630208562463,0.5232061481424183,-0.11273703469026342,0.014015287290257954,6.217143653109866e-13,0.19384143663077802,7ab26936-81b3-482d-a60f-538e2e325f1e,32be7608-6d32-4c8e-af5e-beb298ba8c73,probe00,ZFM-03330,2022-02-15,327,ACAd5
0.20952429080340515,0.881447075472169,0.1531762487257563,0.6145899319018029,0.022801615128688592,0.7415927080054436,7ab26936-81b3-482d-a60f-538e2e325f1e,32be7608-6d32-4c8e-af5e-beb298ba8c73,probe00,ZFM-03330,2022-02-15,332,ACAd5
0.357665783052193,-0.06800009500791404,-0.2863255099312372,5.1425667229396676e-05,0.4737054825995929,0.01027537642757864,7ab26936-81b3-482d-a60f-538e2e325f1e,32be7608-6d32-4c8e-af5e-beb298ba8c73,probe00,ZFM-03330,2022-02-15,338,ACAd5
0.12523450587970303,0.6780370666055682,-0.06131552228911008,0.18695077911413072,4.1794256888590634e-14,0.5678257438699873,7ab26936-81b3-482d-a60f-538e2e325f1e,32be7608-6d32-4c8e-af5e-beb298ba8c73,probe00,ZFM-03330,2022-02-15,343,ACAd5
-0.5674674553776285,0.5119236453502954,0.313856332877617,0.025992671386519877,0.04254407251946344,0.27865390027986514,7ab26936-81b3-482d-a60f-538e2e325f1e,32be7608-6d32-4c8e-af5e-beb298ba8c73,probe00,ZFM-03330,2022-02-15,351,ACAd5
0.11164303448939217,-0.11912371971675126,-0.04059918581149785,0.44327143436169947,0.45202485395459957,0.826596002348704,7ab26936-81b3-482d-a60f-538e2e325f1e,32be7608-6d32-4c8e-af5e-beb298ba8c73,probe00,ZFM-03330,2022-02-15,361,ACAd5
0.24507726756867418,0.43706019156262294,-0.4363814736773239,0.25108694139148424,0.03567860795092753,0.07881595134737865,7ab26936-81b3-482d-a60f-538e2e325f1e,32be7608-6d32-4c8e-af5e-beb298ba8c73,probe00,ZFM-03330,2022-02-15,370,MOs5
-0.1888402574770301,-0.2160950790253045,-0.2388852030679726,0.5599960933941062,0.5503115782978902,0.5675108170320674,7ab26936-81b3-482d-a60f-538e2e325f1e,32be7608-6d32-4c8e-af5e-beb298ba8c73,probe00,ZFM-03330,2022-02-15,379,MOs5
0.38107002602344897,-0.09692100324063657,-0.8438582623633695,0.5944265211831228,0.9006887170821188,0.354381366159906,7ab26936-81b3-482d-a60f-538e2e325f1e,32be7608-6d32-4c8e-af5e-beb298ba8c73,probe00,ZFM-03330,2022-02-15,393,MOs5
-0.2807828238016874,-0.2085958496191742,0.4596393165674263,0.10646950547435165,0.28432126482218656,0.040116086293991146,7ab26936-81b3-482d-a60f-538e2e325f1e,32be7608-6d32-4c8e-af5e-beb298ba8c73,probe00,ZFM-03330,2022-02-15,411,OLF
0.5828070878989892,-2.590072220240982,0.4409031399283863,0.025545580378585658,0.002033563950435696,0.621442437849119,7ab26936-81b3-482d-a60f-538e2e325f1e,32be7608-6d32-4c8e-af5e-beb298ba8c73,probe00,ZFM-03330,2022-02-15,412,TTd
-0.05519858548904883,-0.5254368696635604,0.10717089195666119,0.5947335703415855,2.4866348630123558e-05,0.45508656763926436,7ab26936-81b3-482d-a60f-538e2e325f1e,32be7608-6d32-4c8e-af5e-beb298ba8c73,probe00,ZFM-03330,2022-02-15,414,TTd
-0.0844069753516032,-0.3453020525940739,0.26511002896318814,0.519466629825371,0.022550861550025086,0.12908546608458066,7ab26936-81b3-482d-a60f-538e2e325f1e,32be7608-6d32-4c8e-af5e-beb298ba8c73,probe00,ZFM-03330,2022-02-15,418,TTd
0.6279092397153957,-1.296258541804742,-0.9989129419003171,0.0009269800523527107,8.438467806624902e-06,0.002386932313417445,7ab26936-81b3-482d-a60f-538e2e325f1e,32be7608-6d32-4c8e-af5e-beb298ba8c73,probe00,ZFM-03330,2022-02-15,424,ILA2/3
0.3810700260234486,-0.708592612305112,-1.0099175748463907,0.15892867984609393,0.04282743558062139,0.011706755809289648,7ab26936-81b3-482d-a60f-538e2e325f1e,32be7608-6d32-4c8e-af5e-beb298ba8c73,probe00,ZFM-03330,2022-02-15,441,ILA5
0.07970241737548917,0.08326170237461153,-0.028419115595069294,0.4408515674839557,0.4398378348979982,0.8226447501925416,7ab26936-81b3-482d-a60f-538e2e325f1e,32be7608-6d32-4c8e-af5e-beb298ba8c73,probe00,ZFM-03330,2022-02-15,476,ILA5
-0.6887460542729393,-1.0223540988644269,0.22595781793324976,0.013779190076513705,0.008036268794031248,0.5985481660796466,7ab26936-81b3-482d-a60f-538e2e325f1e,32be7608-6d32-4c8e-af5e-beb298ba8c73,probe00,ZFM-03330,2022-02-15,484,ILA5
0.38107002602344586,0.6297386654484092,-1.8851474227999088,0.6637589531870685,0.489792774665043,0.07615798754067364,7ab26936-81b3-482d-a60f-538e2e325f1e,32be7608-6d32-4c8e-af5e-beb298ba8c73,probe00,ZFM-03330,2022-02-15,504,PL5
0.14543200311211918,0.25615699902585587,-0.2148241753325929,0.19548703383284027,0.023383359981883112,0.10861687288196643,7ab26936-81b3-482d-a60f-538e2e325f1e,32be7608-6d32-4c8e-af5e-beb298ba8c73,probe00,ZFM-03330,2022-02-15,527,ACAd5
0.916290731874156,1.0172668081143295,-0.5464645095098356,0.23081721937102717,0.15136437697396254,0.5155147627888423,7ab26936-81b3-482d-a60f-538e2e325f1e,32be7608-6d32-4c8e-af5e-beb298ba8c73,probe00,ZFM-03330,2022-02-15,555,MOs5
0.15574689962867871,-1.8521930817095449,-0.314973765187149,0.35724994773734287,6.7908830697644205e-09,0.3777207694022745,7ab26936-81b3-482d-a60f-538e2e325f1e,32be7608-6d32-4c8e-af5e-beb298ba8c73,probe00,ZFM-03330,2022-02-15,593,ILA5
0.1507162377040101,0.032308333062892755,-0.1101793970294626,0.30169308190638655,0.83327964005358,0.5418345303016663,7ab26936-81b3-482d-a60f-538e2e325f1e,32be7608-6d32-4c8e-af5e-beb298ba8c73,probe00,ZFM-03330,2022-02-15,597,ILA5
-0.09239210957044547,-0.650859413597345,-0.4865746833439379,0.5167317739244494,0.00029521568461722086,0.017757798962735858,7ab26936-81b3-482d-a60f-538e2e325f1e,32be7608-6d32-4c8e-af5e-beb298ba8c73,probe00,ZFM-03330,2022-02-15,617,MOs5
0.34165659389681224,0.09517414540291844,-0.7336986816728738,0.08533730821102968,0.6444907529755995,0.0026032977845825162,7ab26936-81b3-482d-a60f-538e2e325f1e,32be7608-6d32-4c8e-af5e-beb298ba8c73,probe00,ZFM-03330,2022-02-15,618,MOs5
0.06899287148711758,0.15626219863626728,0.2364195234233202,0.7308404028262012,0.4544443377033809,0.33491881543832625,7ab26936-81b3-482d-a60f-538e2e325f1e,32be7608-6d32-4c8e-af5e-beb298ba8c73,probe00,ZFM-03330,2022-02-15,623,MOs5
-0.1219111582969003,-0.7261314268190207,0.13596090847005723,0.33515039176747474,5.930388872701853e-06,0.45820955608149827,7ab26936-81b3-482d-a60f-538e2e325f1e,32be7608-6d32-4c8e-af5e-beb298ba8c73,probe00,ZFM-03330,2022-02-15,638,PL5
-0.7055926472047447,-19.40107407803703,0.7055926472046262,0.08710692942134753,0.9990565400509132,0.9999757374275908,803dd5b6-248a-4811-b36b-d7070bbfa3a1,d8610288-4482-4fb9-bcca-26db1b02f189,probe00,ZFM-03332,2022-02-15,140,ILA5
-0.0922135140879847,-20.70843631506923,0.09221351406908111,0.7458861956004841,0.999215415428115,0.9999975295725648,803dd5b6-248a-4811-b36b-d7070bbfa3a1,d8610288-4482-4fb9-bcca-26db1b02f189,probe00,ZFM-03332,2022-02-15,182,ILA5
-0.2927289292162103,-20.622074616409268,0.2927289292177752,0.342435779774381,0.9992550476828118,0.9999925226651297,803dd5b6-248a-4811-b36b-d7070bbfa3a1,d8610288-4482-4fb9-bcca-26db1b02f189,probe00,ZFM-03332,2022-02-15,341,ACAd6a
-0.2300421082728884,-20.650634481412776,0.23004210826340007,0.47427082312260127,0.9992922974148649,0.999994425450444,803dd5b6-248a-4811-b36b-d7070bbfa3a1,d8610288-4482-4fb9-bcca-26db1b02f189,probe00,ZFM-03332,2022-02-15,347,ACAd6a
-0.08518000612509603,-20.711197827294725,0.08518000610423065,0.8024573585888531,0.9993449044590167,0.9999980948808425,803dd5b6-248a-4811-b36b-d7070bbfa3a1,d8610288-4482-4fb9-bcca-26db1b02f189,probe00,ZFM-03332,2022-02-15,460,DP
0.41363528241086206,-20.84575715611447,-20.3895377435188,0.015013470446851217,0.9987399357401907,0.9987675128334425,803dd5b6-248a-4811-b36b-d7070bbfa3a1,d8610288-4482-4fb9-bcca-26db1b02f189,probe00,ZFM-03332,2022-02-15,515,ILA5
0.037996072717411664,-0.014963973847662543,-0.32538684117801653,0.5210593698247491,0.8641951963806952,0.00022656711619975964,40d3fa8b-3c47-4146-ad7a-c38dc7323e4e,24dccee6-db86-405d-b7ed-99bd28fe2cfd,probe00,ZFM-02601,2021-11-18,11,VPMpc
-0.12061736952280416,-0.3826850325743537,0.15764556191237403,0.006267314689741767,1.376359542489621e-07,0.031388947798549505,40d3fa8b-3c47-4146-ad7a-c38dc7323e4e,24dccee6-db86-405d-b7ed-99bd28fe2cfd,probe00,ZFM-02601,2021-11-18,24,VPMpc
0.11641035184441159,0.1091452106007035,-0.05467851217708813,0.07446044100029592,0.23110534345492917,0.5521067042117795,40d3fa8b-3c47-4146-ad7a-c38dc7323e4e,24dccee6-db86-405d-b7ed-99bd28fe2cfd,probe00,ZFM-02601,2021-11-18,130,PO
-0.029748952976725196,-0.08086692600188156,-0.01703674493431967,0.3610515304899403,0.09639669030704327,0.7284459767662781,40d3fa8b-3c47-4146-ad7a-c38dc7323e4e,24dccee6-db86-405d-b7ed-99bd28fe2cfd,probe00,ZFM-02601,2021-11-18,140,PO
-0.29078768747488337,-0.3995854191598257,0.25012490249487124,0.002048670646005867,0.011398681606416274,0.11630163958651885,40d3fa8b-3c47-4146-ad7a-c38dc7323e4e,24dccee6-db86-405d-b7ed-99bd28fe2cfd,probe00,ZFM-02601,2021-11-18,144,PO
0.012542862081732865,-0.02365700491928921,-0.028973580577407718,0.8744479789110088,0.8385612170026537,0.8046608460994817,40d3fa8b-3c47-4146-ad7a-c38dc7323e4e,24dccee6-db86-405d-b7ed-99bd28fe2cfd,probe00,ZFM-02601,2021-11-18,158,PO
-0.13443188349388907,-0.12968593230649078,0.04286357199732302,0.008441186983345644,0.09678128441869979,0.5864000401208609,40d3fa8b-3c47-4146-ad7a-c38dc7323e4e,24dccee6-db86-405d-b7ed-99bd28fe2cfd,probe00,ZFM-02601,2021-11-18,228,Eth
-0.027852475048433828,0.14778946642528643,-0.018579554465348785,0.521273801361246,0.015393082977007781,0.7627914554915353,40d3fa8b-3c47-4146-ad7a-c38dc7323e4e,24dccee6-db86-405d-b7ed-99bd28fe2cfd,probe00,ZFM-02601,2021-11-18,462,VISa5
-0.301213353837149,-0.37408232225740795,0.24438143851053817,8.685012382633422e-07,0.0002371078114125406,0.017265060321925565,40d3fa8b-3c47-4146-ad7a-c38dc7323e4e,24dccee6-db86-405d-b7ed-99bd28fe2cfd,probe00,ZFM-02601,2021-11-18,493,VPMpc
-0.04549201368471682,0.2500193198213364,-0.046720807962441685,0.4472546012257803,0.0023556067741475457,0.5734296044494351,40d3fa8b-3c47-4146-ad7a-c38dc7323e4e,24dccee6-db86-405d-b7ed-99bd28fe2cfd,probe00,ZFM-02601,2021-11-18,502,PO
-0.14522340476487805,0.06016296907563842,0.09405709528141473,0.0026916949813041067,0.3911518384811201,0.18406270889167498,40d3fa8b-3c47-4146-ad7a-c38dc7323e4e,24dccee6-db86-405d-b7ed-99bd28fe2cfd,probe00,ZFM-02601,2021-11-18,617,LP
-0.10235384123917884,-0.06746284155838972,0.034886071058703116,0.011462934284282876,0.2659397530489551,0.5685657098462135,40d3fa8b-3c47-4146-ad7a-c38dc7323e4e,24dccee6-db86-405d-b7ed-99bd28fe2cfd,probe00,ZFM-02601,2021-11-18,621,LP
-0.08361152543386365,-0.26187355261312845,0.013500923629931175,0.11220285705296681,0.001684424506920697,0.8724474215352087,40d3fa8b-3c47-4146-ad7a-c38dc7323e4e,24dccee6-db86-405d-b7ed-99bd28fe2cfd,probe00,ZFM-02601,2021-11-18,640,LP
-0.07332837967070957,-0.07762496621276072,0.032387615098259104,0.07357066832774,0.2059300938723625,0.6009281939740669,40d3fa8b-3c47-4146-ad7a-c38dc7323e4e,24dccee6-db86-405d-b7ed-99bd28fe2cfd,probe00,ZFM-02601,2021-11-18,682,ccs
0.10204559321599115,-0.7450177642150517,-0.08199162502592477,0.4210899890686064,0.001184656117338051,0.7232345130239,40d3fa8b-3c47-4146-ad7a-c38dc7323e4e,24dccee6-db86-405d-b7ed-99bd28fe2cfd,probe00,ZFM-02601,2021-11-18,709,VISa5
-0.0840944661245752,-0.13494202279513945,0.22611896224790004,0.4094652792649963,0.384856790084409,0.14891243722028846,40d3fa8b-3c47-4146-ad7a-c38dc7323e4e,24dccee6-db86-405d-b7ed-99bd28fe2cfd,probe00,ZFM-02601,2021-11-18,710,VISa5
-0.11429527727664046,-0.0012484700836128421,-0.023872109592266752,0.12279915758212515,0.990890520035093,0.8287102415552912,40d3fa8b-3c47-4146-ad7a-c38dc7323e4e,24dccee6-db86-405d-b7ed-99bd28fe2cfd,probe00,ZFM-02601,2021-11-18,723,VPMpc
0.010163318050922148,0.030221388595598756,0.004142151075710803,0.8711954477724523,0.6908723006695575,0.9581964984242881,53771a15-33be-4a62-a779-a8c609b742e2,b3ec8ef7-aa89-42c4-b967-f065afb6ac8d,probe01,ZFM-02601,2021-11-16,55,MEA
0.2149131509547198,0.3693722465677202,-0.28382834661213996,0.20692197886787744,0.05982303329461947,0.16620374830325546,53771a15-33be-4a62-a779-a8c609b742e2,b3ec8ef7-aa89-42c4-b967-f065afb6ac8d,probe01,ZFM-02601,2021-11-16,79,MEA
0.11622757153336719,0.31556854749508706,-0.07921062996500454,0.23522933892660103,0.005642445323511938,0.5049606614613806,53771a15-33be-4a62-a779-a8c609b742e2,b3ec8ef7-aa89-42c4-b967-f065afb6ac8d,probe01,ZFM-02601,2021-11-16,90,MEA
0.037541761857996424,0.30936646117109295,-0.07380733336237229,0.5462422677161582,1.6400629891478602e-05,0.32342366530700495,53771a15-33be-4a62-a779-a8c609b742e2,b3ec8ef7-aa89-42c4-b967-f065afb6ac8d,probe01,ZFM-02601,2021-11-16,127,MEA
-0.1681342030782545,0.03359972777045657,0.20331760888912936,0.11786117704880338,0.7937842675537,0.127019178504555,53771a15-33be-4a62-a779-a8c609b742e2,b3ec8ef7-aa89-42c4-b967-f065afb6ac8d,probe01,ZFM-02601,2021-11-16,132,MEA
0.0636178067628031,-0.07548395125582051,0.038563285156179135,0.44149583221814803,0.4664805428273716,0.7204920085894285,53771a15-33be-4a62-a779-a8c609b742e2,b3ec8ef7-aa89-42c4-b967-f065afb6ac8d,probe01,ZFM-02601,2021-11-16,135,MEA
0.08177834862349756,0.06450106746486152,-0.02242320600593344,0.4874017066583636,0.6524901584617157,0.8804373614971898,53771a15-33be-4a62-a779-a8c609b742e2,b3ec8ef7-aa89-42c4-b967-f065afb6ac8d,probe01,ZFM-02601,2021-11-16,153,opt
-0.07341499402764393,-0.09963903700943966,0.1801518159318808,0.29361236615414654,0.2521394927985109,0.045977049711840356,53771a15-33be-4a62-a779-a8c609b742e2,b3ec8ef7-aa89-42c4-b967-f065afb6ac8d,probe01,ZFM-02601,2021-11-16,257,int
0.10569106905322714,0.02860352478207985,-0.06030546503527005,0.01522167908288535,0.5919956421566572,0.2777974292302692,53771a15-33be-4a62-a779-a8c609b742e2,b3ec8ef7-aa89-42c4-b967-f065afb6ac8d,probe01,ZFM-02601,2021-11-16,342,RT
0.05740442561253657,0.03854290566182916,0.05441828335582371,0.16751330683149768,0.4497540798293309,0.3047869843225406,53771a15-33be-4a62-a779-a8c609b742e2,b3ec8ef7-aa89-42c4-b967-f065afb6ac8d,probe01,ZFM-02601,2021-11-16,362,RT
-3.7061789190110595e-09,2.869391636554285,18.81191074794682,0.9999999999999236,0.9999479649492304,0.9996688842391568,53771a15-33be-4a62-a779-a8c609b742e2,b3ec8ef7-aa89-42c4-b967-f065afb6ac8d,probe01,ZFM-02601,2021-11-16,375,RT
-0.1683602617778915,-0.14860658376623667,0.19880512095314837,0.0035120722347131428,0.037123087078685196,0.007138546991111559,53771a15-33be-4a62-a779-a8c609b742e2,b3ec8ef7-aa89-42c4-b967-f065afb6ac8d,probe01,ZFM-02601,2021-11-16,426,RT
0.0853543398545594,0.2328057164329253,-0.16764476420866303,0.1876603033879184,0.0020984985845568962,0.03354381833140278,53771a15-33be-4a62-a779-a8c609b742e2,b3ec8ef7-aa89-42c4-b967-f065afb6ac8d,probe01,ZFM-02601,2021-11-16,432,RT
0.2971678808941107,-0.2953339014526631,0.07276566809672588,0.004568133767939812,0.04439566237673245,0.6334394914341717,53771a15-33be-4a62-a779-a8c609b742e2,b3ec8ef7-aa89-42c4-b967-f065afb6ac8d,probe01,ZFM-02601,2021-11-16,457,LGv
-0.4287748433724517,0.19115491901755546,0.4026543108258408,0.006240643191041814,0.28407198471198636,0.028767725751588334,53771a15-33be-4a62-a779-a8c609b742e2,b3ec8ef7-aa89-42c4-b967-f065afb6ac8d,probe01,ZFM-02601,2021-11-16,530,MEA
-0.3392091408596284,-0.026965406241946887,0.043195337998519975,0.15048768443436253,0.9220759475200573,0.8796438765622456,53771a15-33be-4a62-a779-a8c609b742e2,b3ec8ef7-aa89-42c4-b967-f065afb6ac8d,probe01,ZFM-02601,2021-11-16,632,LGv
-0.5997843107433509,-0.0557263874048797,0.5387098427002331,0.010572716632349089,0.8379281766966691,0.05471989796663536,53771a15-33be-4a62-a779-a8c609b742e2,ea3cefba-dda1-4f8e-bd85-97547181a660,probe00,ZFM-02601,2021-11-16,28,ORBm2/3
-0.23768467405587065,-0.29484631768197295,-0.5915243594010309,0.0745761365363207,0.07470802680673251,0.0005627917849753504,53771a15-33be-4a62-a779-a8c609b742e2,ea3cefba-dda1-4f8e-bd85-97547181a660,probe00,ZFM-02601,2021-11-16,86,ORBm5
-1.838376280588239e-13,3.7811407514020727,-18.941615597089477,1.0,0.999924669010576,0.9996359000103027,53771a15-33be-4a62-a779-a8c609b742e2,ea3cefba-dda1-4f8e-bd85-97547181a660,probe00,ZFM-02601,2021-11-16,96,ORBm5
-0.39255475138944174,-0.16236001040575837,0.5644172995151179,0.17338660422658514,0.6465058861667163,0.12228315051152948,53771a15-33be-4a62-a779-a8c609b742e2,ea3cefba-dda1-4f8e-bd85-97547181a660,probe00,ZFM-02601,2021-11-16,136,ORBm5
0.036946028713418025,-0.8716600433134281,-0.8343887497232141,0.8447713838369457,0.00172914618713498,0.003955453388811365,53771a15-33be-4a62-a779-a8c609b742e2,ea3cefba-dda1-4f8e-bd85-97547181a660,probe00,ZFM-02601,2021-11-16,167,ORBm5
-0.05068580256256582,-0.1368273100292971,0.18040883837322766,0.7967671107810373,0.5811454827075626,0.48327029525713516,53771a15-33be-4a62-a779-a8c609b742e2,ea3cefba-dda1-4f8e-bd85-97547181a660,probe00,ZFM-02601,2021-11-16,170,ORBm5
0.11127970268676529,0.4688846664922423,-0.30685178919476963,0.15998566825506588,1.3403931171405191e-07,0.0009422560150064987,53771a15-33be-4a62-a779-a8c609b742e2,ea3cefba-dda1-4f8e-bd85-97547181a660,probe00,ZFM-02601,2021-11-16,234,PL5
-0.14688789850146533,-0.07508793364730929,0.3038945608836465,0.5220554969646678,0.7912115362342224,0.30102123517462165,53771a15-33be-4a62-a779-a8c609b742e2,ea3cefba-dda1-4f8e-bd85-97547181a660,probe00,ZFM-02601,2021-11-16,257,PL6a
0.5827432442898695,-1.0819083240382803,-0.8002743828262106,8.802889341212435e-06,8.672210568995401e-07,0.0004923389170562823,53771a15-33be-4a62-a779-a8c609b742e2,ea3cefba-dda1-4f8e-bd85-97547181a660,probe00,ZFM-02601,2021-11-16,272,PL6a
0.2293135428425382,-0.22830464075931853,-0.7500404802566188,0.26382795496492484,0.3803099477564623,0.005814840499202704,53771a15-33be-4a62-a779-a8c609b742e2,ea3cefba-dda1-4f8e-bd85-97547181a660,probe00,ZFM-02601,2021-11-16,384,MOs5
-0.08381316868983955,0.10496920507286174,0.06036062969470987,0.30903589554280475,0.28184321311535343,0.551248145826871,53771a15-33be-4a62-a779-a8c609b742e2,ea3cefba-dda1-4f8e-bd85-97547181a660,probe00,ZFM-02601,2021-11-16,507,PL6a
0.10765030849544811,-0.487582688964141,-0.13529984631628622,0.007168790492569159,1.2219546417309729e-14,0.0323151478580015,865496ae-3206-4974-af44-2cff2f7023f2,4850f644-8665-4e24-8c3c-bfa86de2c0f5,probe01,ZFM-02600,2021-08-28,26,PIR
0.04327165135217727,-0.6637573312368023,-0.10801002007424867,0.5313467982979712,8.198076347625451e-09,0.34824325684849156,865496ae-3206-4974-af44-2cff2f7023f2,4850f644-8665-4e24-8c3c-bfa86de2c0f5,probe01,ZFM-02600,2021-08-28,29,PIR
-0.039773529582820884,-0.021389844746488647,0.18796038443538585,0.6479079543345954,0.8584717611980098,0.1171235665388013,865496ae-3206-4974-af44-2cff2f7023f2,4850f644-8665-4e24-8c3c-bfa86de2c0f5,probe01,ZFM-02600,2021-08-28,42,PIR
-0.014756410138537956,-0.46201967110804915,-0.004438561860869859,0.6814303237263194,1.439052576242653e-16,0.9367409368073604,865496ae-3206-4974-af44-2cff2f7023f2,4850f644-8665-4e24-8c3c-bfa86de2c0f5,probe01,ZFM-02600,2021-08-28,43,PIR
-0.04633257420814233,-0.3377655893840097,-0.007883162441850954,0.13241676540698605,2.6840046963009106e-13,0.86454264945126,865496ae-3206-4974-af44-2cff2f7023f2,4850f644-8665-4e24-8c3c-bfa86de2c0f5,probe01,ZFM-02600,2021-08-28,56,ee
0.027087526094366213,-0.10972364319318129,0.11283664767861265,0.3172039927492618,0.004126572526909509,0.0031808411018958353,865496ae-3206-4974-af44-2cff2f7023f2,4850f644-8665-4e24-8c3c-bfa86de2c0f5,probe01,ZFM-02600,2021-08-28,60,ee
-0.1183447569248589,0.04055466922853145,0.06157856902023754,2.37271377200404e-07,0.19165453639423413,0.04741361176006629,865496ae-3206-4974-af44-2cff2f7023f2,4850f644-8665-4e24-8c3c-bfa86de2c0f5,probe01,ZFM-02600,2021-08-28,134,AIp6b
-0.010920649967838907,-0.18212357836426285,-0.03063838212189205,0.7496865836268174,0.00022387575434974953,0.5347078429540202,865496ae-3206-4974-af44-2cff2f7023f2,4850f644-8665-4e24-8c3c-bfa86de2c0f5,probe01,ZFM-02600,2021-08-28,137,ec
0.13424371220511305,0.14448761652249148,0.20519056220816168,3.618305777064973e-07,4.469309388491729e-05,6.76595907730152e-09,865496ae-3206-4974-af44-2cff2f7023f2,4850f644-8665-4e24-8c3c-bfa86de2c0f5,probe01,ZFM-02600,2021-08-28,151,CP
0.4554258224363623,-0.6668266438909368,-0.07903997898881647,0.00022198964807120008,0.001185209556019884,0.7007349931220604,865496ae-3206-4974-af44-2cff2f7023f2,4850f644-8665-4e24-8c3c-bfa86de2c0f5,probe01,ZFM-02600,2021-08-28,312,SSp-bfd6a
0.0452469460278393,-0.07601476559317838,-0.00014537930750138303,0.03368833994919247,0.011023565749636043,0.9961210860640157,865496ae-3206-4974-af44-2cff2f7023f2,4850f644-8665-4e24-8c3c-bfa86de2c0f5,probe01,ZFM-02600,2021-08-28,315,SSp-bfd6a
0.17083973510329784,-0.4878374229646049,0.18380355237437712,0.02492914014497763,5.390022823108962e-05,0.12815445610333034,865496ae-3206-4974-af44-2cff2f7023f2,4850f644-8665-4e24-8c3c-bfa86de2c0f5,probe01,ZFM-02600,2021-08-28,320,SSp-bfd6a
0.12096355093906859,-0.126005123467046,0.05386759530062207,0.00011822960021372075,0.004855833900945448,0.22857437382971957,865496ae-3206-4974-af44-2cff2f7023f2,4850f644-8665-4e24-8c3c-bfa86de2c0f5,probe01,ZFM-02600,2021-08-28,328,SSp-bfd6a
0.05563462875734684,0.11885887236943987,-0.001427293505058992,0.24436939688082304,0.06371703088156261,0.9822363654527019,865496ae-3206-4974-af44-2cff2f7023f2,4850f644-8665-4e24-8c3c-bfa86de2c0f5,probe01,ZFM-02600,2021-08-28,335,SSp-bfd6a
-0.024743998973314973,-0.07987327166210928,0.16429316335350955,0.4247798120386639,0.06534898354148733,0.0001502671114424602,865496ae-3206-4974-af44-2cff2f7023f2,4850f644-8665-4e24-8c3c-bfa86de2c0f5,probe01,ZFM-02600,2021-08-28,337,SSp-bfd6a
0.03966882608814742,0.2558761076236811,-0.004738375120022929,0.1347712354975677,1.290525541875195e-13,0.890898645795154,865496ae-3206-4974-af44-2cff2f7023f2,4850f644-8665-4e24-8c3c-bfa86de2c0f5,probe01,ZFM-02600,2021-08-28,357,SSp-bfd5
0.13685507013121526,0.0819015195996465,0.057995998746092174,0.00039028476961758913,0.1173188427028669,0.26742846703310863,865496ae-3206-4974-af44-2cff2f7023f2,4850f644-8665-4e24-8c3c-bfa86de2c0f5,probe01,ZFM-02600,2021-08-28,363,SSp-bfd5
0.5077812994757083,-1.3191066645013203,-0.019823680371059426,0.007350759250761072,0.0010065757436464621,0.9605824541072793,865496ae-3206-4974-af44-2cff2f7023f2,4850f644-8665-4e24-8c3c-bfa86de2c0f5,probe01,ZFM-02600,2021-08-28,559,SSp-bfd6a
0.11584535313851499,0.19272199281094604,-0.01813987365739384,0.024743509975116373,0.004708945494757554,0.7902206831437644,865496ae-3206-4974-af44-2cff2f7023f2,5712250f-7ea2-4f55-a7ac-15e855533225,probe00,ZFM-02600,2021-08-28,6,ORBm2/3
0.015559254360939124,0.8794453950754028,0.047461769661241444,0.8169868116262888,5.467230274857148e-29,0.5464848690674364,865496ae-3206-4974-af44-2cff2f7023f2,5712250f-7ea2-4f55-a7ac-15e855533225,probe00,ZFM-02600,2021-08-28,14,ORBm2/3
0.07832210377057065,-0.09526413139080696,0.04877523883212384,0.3565043647210029,0.4266255097544963,0.6839863503716274,865496ae-3206-4974-af44-2cff2f7023f2,5712250f-7ea2-4f55-a7ac-15e855533225,probe00,ZFM-02600,2021-08-28,75,ORBm5
0.12434450108045284,0.5668660945067812,-0.15854194827138537,2.1767175535184383e-07,8.497264584309939e-82,8.424322210043162e-08,865496ae-3206-4974-af44-2cff2f7023f2,5712250f-7ea2-4f55-a7ac-15e855533225,probe00,ZFM-02600,2021-08-28,91,ILA5
0.059502544505542175,0.3136704910577503,-0.11966763722997785,0.04538202286132543,3.208448807373822e-16,0.0018388680106922691,865496ae-3206-4974-af44-2cff2f7023f2,5712250f-7ea2-4f55-a7ac-15e855533225,probe00,ZFM-02600,2021-08-28,98,ILA5
-0.03859112513226802,-0.1510989864061615,-0.021150542795588496,0.06218564444076321,3.224055624186975e-07,0.47444368522193825,865496ae-3206-4974-af44-2cff2f7023f2,5712250f-7ea2-4f55-a7ac-15e855533225,probe00,ZFM-02600,2021-08-28,106,ILA5
0.027316559358325984,0.12392566452567383,0.02667968802070267,0.24753633904443673,8.85451106718068e-05,0.39870820221758985,865496ae-3206-4974-af44-2cff2f7023f2,5712250f-7ea2-4f55-a7ac-15e855533225,probe00,ZFM-02600,2021-08-28,107,ILA5
0.005592899478857032,-0.11063764777912546,0.16353070550593254,0.8903491515603223,0.05332378614537306,0.004289230584893339,865496ae-3206-4974-af44-2cff2f7023f2,5712250f-7ea2-4f55-a7ac-15e855533225,probe00,ZFM-02600,2021-08-28,119,ILA5
0.03951185312358203,-0.1027451171998684,0.2839659939349745,0.287352849289207,0.050845375512756995,6.773345527523304e-08,865496ae-3206-4974-af44-2cff2f7023f2,5712250f-7ea2-4f55-a7ac-15e855533225,probe00,ZFM-02600,2021-08-28,125,ILA5
0.1862793131979898,0.4681844658847181,-0.17185288936536586,0.0165185112336342,1.5720046592026584e-06,0.07797116231035689,865496ae-3206-4974-af44-2cff2f7023f2,5712250f-7ea2-4f55-a7ac-15e855533225,probe00,ZFM-02600,2021-08-28,128,ILA5
0.014407153979012946,0.0241806921746108,0.011430064055828078,0.3995752907947506,0.3017002434212872,0.6254114258764857,865496ae-3206-4974-af44-2cff2f7023f2,5712250f-7ea2-4f55-a7ac-15e855533225,probe00,ZFM-02600,2021-08-28,130,ILA5
0.15608821054511302,0.5696357439219737,0.010019955986553617,0.018278156234590632,2.5697218236531556e-12,0.9020112230339674,865496ae-3206-4974-af44-2cff2f7023f2,5712250f-7ea2-4f55-a7ac-15e855533225,probe00,ZFM-02600,2021-08-28,133,ILA5
0.0906684101259359,0.5455714461380223,-0.07789581378426122,0.3919677942319243,3.0645216187874266e-05,0.5517174311547396,865496ae-3206-4974-af44-2cff2f7023f2,5712250f-7ea2-4f55-a7ac-15e855533225,probe00,ZFM-02600,2021-08-28,150,ILA5
0.06243510423182193,0.15999510856540156,-0.04414549562319317,0.1380947335275066,0.0042945279769765225,0.4307365646867173,865496ae-3206-4974-af44-2cff2f7023f2,5712250f-7ea2-4f55-a7ac-15e855533225,probe00,ZFM-02600,2021-08-28,151,ILA5
0.0706023593525496,0.4816845679192735,0.16946138655137444,0.24627363866288543,2.338040726285214e-10,0.025778668658024695,865496ae-3206-4974-af44-2cff2f7023f2,5712250f-7ea2-4f55-a7ac-15e855533225,probe00,ZFM-02600,2021-08-28,165,ILA5
0.112894291351124,0.353280775062289,-0.033063291599097155,0.04705679320824784,1.1874094463235156e-06,0.6493746193278453,865496ae-3206-4974-af44-2cff2f7023f2,5712250f-7ea2-4f55-a7ac-15e855533225,probe00,ZFM-02600,2021-08-28,174,ILA5
0.274761055716134,0.18689746980623367,0.18092730281972902,3.031925587632596e-07,0.00927261488872546,0.01177808508606347,865496ae-3206-4974-af44-2cff2f7023f2,5712250f-7ea2-4f55-a7ac-15e855533225,probe00,ZFM-02600,2021-08-28,189,ILA5
0.01240963764696253,0.029742612458542317,0.054359240093904825,0.6906549285993226,0.4849522462772887,0.20182800354809283,865496ae-3206-4974-af44-2cff2f7023f2,5712250f-7ea2-4f55-a7ac-15e855533225,probe00,ZFM-02600,2021-08-28,209,ILA5
0.23450944629159734,0.2044265841963367,0.011833477080552846,0.0004227639596822775,0.020055946212423077,0.8929259710907166,865496ae-3206-4974-af44-2cff2f7023f2,5712250f-7ea2-4f55-a7ac-15e855533225,probe00,ZFM-02600,2021-08-28,213,ILA5
0.012784335644988256,0.2628366827442128,-0.02028957317170758,0.7077235766278586,3.083611383203438e-09,0.6472837511996512,865496ae-3206-4974-af44-2cff2f7023f2,5712250f-7ea2-4f55-a7ac-15e855533225,probe00,ZFM-02600,2021-08-28,270,PL5
0.23450944629159787,0.29758826937498256,0.023151423673221358,1.6303473499597008e-06,2.699424034954576e-06,0.7150678680605824,865496ae-3206-4974-af44-2cff2f7023f2,5712250f-7ea2-4f55-a7ac-15e855533225,probe00,ZFM-02600,2021-08-28,282,PL5
-0.014153463288018198,-0.10062666882674784,0.15464463473257678,0.5078616651544958,0.0008136580654408329,2.669201681625244e-07,865496ae-3206-4974-af44-2cff2f7023f2,5712250f-7ea2-4f55-a7ac-15e855533225,probe00,ZFM-02600,2021-08-28,299,PL5
0.1784507972472794,-0.0632211403278378,0.15614168814600105,0.04636949132153831,0.6166292641005331,0.21629169095489453,865496ae-3206-4974-af44-2cff2f7023f2,5712250f-7ea2-4f55-a7ac-15e855533225,probe00,ZFM-02600,2021-08-28,321,PL5
-0.09630101716526071,-0.38096158846412037,0.07000727502930457,0.059616366928914546,8.089970638125244e-07,0.364647492794847,865496ae-3206-4974-af44-2cff2f7023f2,5712250f-7ea2-4f55-a7ac-15e855533225,probe00,ZFM-02600,2021-08-28,328,PL5
0.16397014716164507,-0.3551608427249289,0.16891000779108475,0.051286027784464464,0.005578422157985707,0.1874599748041137,865496ae-3206-4974-af44-2cff2f7023f2,5712250f-7ea2-4f55-a7ac-15e855533225,probe00,ZFM-02600,2021-08-28,350,PL5
-0.18867544674572506,0.03455353306467933,-0.39022251995657264,8.952132521451292e-05,0.6141831571816548,1.2477721909307817e-08,865496ae-3206-4974-af44-2cff2f7023f2,5712250f-7ea2-4f55-a7ac-15e855533225,probe00,ZFM-02600,2021-08-28,351,PL5
0.05923477103557322,-0.011674009848087957,0.19900277270099215,0.07201955641573704,0.7977404636521147,1.2505291223496967e-05,865496ae-3206-4974-af44-2cff2f7023f2,5712250f-7ea2-4f55-a7ac-15e855533225,probe00,ZFM-02600,2021-08-28,352,PL5
-0.014396833727234583,0.2784827531978519,0.07854134598272682,0.5318505183097697,8.303139319084406e-21,0.008324355942452896,865496ae-3206-4974-af44-2cff2f7023f2,5712250f-7ea2-4f55-a7ac-15e855533225,probe00,ZFM-02600,2021-08-28,363,PL5
-0.01715802972681811,-0.34342104879249086,0.11136067782735261,0.5870099393996948,4.0461929876860574e-13,0.01866037905292632,865496ae-3206-4974-af44-2cff2f7023f2,5712250f-7ea2-4f55-a7ac-15e855533225,probe00,ZFM-02600,2021-08-28,376,PL5
0.8364958484553278,-0.8207690337711004,0.2778432548970041,0.01103914166335461,0.1910379116788744,0.658044675289795,865496ae-3206-4974-af44-2cff2f7023f2,5712250f-7ea2-4f55-a7ac-15e855533225,probe00,ZFM-02600,2021-08-28,387,PL5
-0.1897711959253894,-0.08872010262584501,0.14489474855566004,1.7997820713223771e-06,0.10792943656873223,0.008653960351427554,865496ae-3206-4974-af44-2cff2f7023f2,5712250f-7ea2-4f55-a7ac-15e855533225,probe00,ZFM-02600,2021-08-28,389,PL5
0.30241021687112873,0.029492273635341796,-0.7753588965046051,0.0010474649134159994,0.8235354553341362,4.5533245858228294e-09,865496ae-3206-4974-af44-2cff2f7023f2,5712250f-7ea2-4f55-a7ac-15e855533225,probe00,ZFM-02600,2021-08-28,433,ACAd5
0.14250762480312876,-0.5036774299951281,0.012766186075085145,0.036150883945794056,2.83803076008893e-06,0.9055328387784414,865496ae-3206-4974-af44-2cff2f7023f2,5712250f-7ea2-4f55-a7ac-15e855533225,probe00,ZFM-02600,2021-08-28,451,MOs5
-0.2387885943931437,-0.17180246723931933,-0.08265661772105701,4.536351063250286e-08,0.006331213519378089,0.18901535508007894,865496ae-3206-4974-af44-2cff2f7023f2,5712250f-7ea2-4f55-a7ac-15e855533225,probe00,ZFM-02600,2021-08-28,452,MOs5
0.07606419727418047,0.09949959484788129,0.1601242166643155,0.005245321660175751,0.006766605648877732,1.3116022843559182e-05,865496ae-3206-4974-af44-2cff2f7023f2,5712250f-7ea2-4f55-a7ac-15e855533225,probe00,ZFM-02600,2021-08-28,456,MOs5
0.513081245686615,-0.008547324120351245,0.08997789493161802,6.387334100523272e-61,0.845447361275978,0.040165951123880876,865496ae-3206-4974-af44-2cff2f7023f2,5712250f-7ea2-4f55-a7ac-15e855533225,probe00,ZFM-02600,2021-08-28,458,MOs5
0.8355690641295597,0.5584161596526683,-0.13163982833691512,1.2360898512264143e-77,3.640090802872346e-24,0.016821942196911587,865496ae-3206-4974-af44-2cff2f7023f2,5712250f-7ea2-4f55-a7ac-15e855533225,probe00,ZFM-02600,2021-08-28,468,MOs5
0.5810830365715792,-0.34759394200598986,0.3029936241351583,5.344566800631903e-06,0.08931409427036785,0.13860065243513117,865496ae-3206-4974-af44-2cff2f7023f2,5712250f-7ea2-4f55-a7ac-15e855533225,probe00,ZFM-02600,2021-08-28,473,MOs5
-0.12917052662324618,-0.5170676128102797,0.08144080428597947,2.630255444844968e-07,1.8215185951763715e-39,0.0384165553329144,865496ae-3206-4974-af44-2cff2f7023f2,5712250f-7ea2-4f55-a7ac-15e855533225,probe00,ZFM-02600,2021-08-28,504,MOs5
0.004401634851814798,0.30795604233338936,-0.15588107199670465,0.9517699075021842,0.0010968215132784152,0.09845485196568492,865496ae-3206-4974-af44-2cff2f7023f2,5712250f-7ea2-4f55-a7ac-15e855533225,probe00,ZFM-02600,2021-08-28,527,ILA5
-0.036510875264157305,0.473362730502649,-0.11521164613762541,0.36245130263624037,4.497616992639586e-21,0.02185912548937033,865496ae-3206-4974-af44-2cff2f7023f2,5712250f-7ea2-4f55-a7ac-15e855533225,probe00,ZFM-02600,2021-08-28,537,ILA5
-0.3196747855151381,-0.0586480188267638,0.3713883500119073,0.001227197063009534,0.6617986436897318,0.005605086850989789,865496ae-3206-4974-af44-2cff2f7023f2,5712250f-7ea2-4f55-a7ac-15e855533225,probe00,ZFM-02600,2021-08-28,622,MOs5
-0.04666027309144756,-0.28829265329555687,-0.05788562583783185,0.32937512578156725,3.157840103257257e-05,0.4033612598498836,0d24afce-9d3c-449e-ac9f-577eefefbd7e,cc8dd669-7938-4594-868d-b8ca0663b69a,probe01,ZFM-02600,2021-08-27,35,SNc
-0.02793666360469268,-0.3508652682367755,0.06318319578499358,0.42864435213967633,1.2221923190760754e-11,0.22227854545810044,0d24afce-9d3c-449e-ac9f-577eefefbd7e,cc8dd669-7938-4594-868d-b8ca0663b69a,probe01,ZFM-02600,2021-08-27,45,MB
0.08800619380037991,0.24480797618132305,-0.14807834972157513,0.2939317864375849,0.023197340284701697,0.16969964576382857,0d24afce-9d3c-449e-ac9f-577eefefbd7e,cc8dd669-7938-4594-868d-b8ca0663b69a,probe01,ZFM-02600,2021-08-27,87,SPFp
-0.19050130931733883,0.20545754261881877,0.02372832315135303,0.001694174112554675,0.008389561027180154,0.7608008492521021,0d24afce-9d3c-449e-ac9f-577eefefbd7e,cc8dd669-7938-4594-868d-b8ca0663b69a,probe01,ZFM-02600,2021-08-27,124,POL
0.054125142749935476,-0.2921722974823521,0.09104024099702344,0.05660096916994588,1.2546073465491476e-12,0.02695961825360308,0d24afce-9d3c-449e-ac9f-577eefefbd7e,cc8dd669-7938-4594-868d-b8ca0663b69a,probe01,ZFM-02600,2021-08-27,125,POL
0.013282160144468667,0.19041759853497647,0.04978209887511473,0.22970181461178463,2.1370272185051282e-40,0.0005039175311467008,0d24afce-9d3c-449e-ac9f-577eefefbd7e,cc8dd669-7938-4594-868d-b8ca0663b69a,probe01,ZFM-02600,2021-08-27,143,APN
-0.11443642113282959,-0.015402838061199416,-0.3258634805246808,0.005065704314718391,0.7855462376196988,8.585775508905529e-09,0d24afce-9d3c-449e-ac9f-577eefefbd7e,cc8dd669-7938-4594-868d-b8ca0663b69a,probe01,ZFM-02600,2021-08-27,157,APN
0.23795997756336804,-0.09026852361133285,-0.20483014649549686,2.9413662545702e-11,0.06795359241070498,3.4450333029610566e-05,0d24afce-9d3c-449e-ac9f-577eefefbd7e,cc8dd669-7938-4594-868d-b8ca0663b69a,probe01,ZFM-02600,2021-08-27,184,APN
0.07281831019930576,-0.011917287518046174,-0.004670993078251004,4.06884996824535e-12,0.4019592536808837,0.7425299955092288,0d24afce-9d3c-449e-ac9f-577eefefbd7e,cc8dd669-7938-4594-868d-b8ca0663b69a,probe01,ZFM-02600,2021-08-27,201,APN
0.019424583563795943,-0.07406875819353449,-0.04263115191860582,0.07696069378310672,9.077268285116599e-07,0.0047076542981135385,0d24afce-9d3c-449e-ac9f-577eefefbd7e,cc8dd669-7938-4594-868d-b8ca0663b69a,probe01,ZFM-02600,2021-08-27,212,APN
0.02010924805854445,0.044129528185027106,-0.015506946023570087,0.1597940580475733,0.02094284279400742,0.4171484156585562,0d24afce-9d3c-449e-ac9f-577eefefbd7e,cc8dd669-7938-4594-868d-b8ca0663b69a,probe01,ZFM-02600,2021-08-27,216,APN
0.048158008705875055,-0.05154820378490273,-0.0552424157991757,0.02567252927320028,0.08064115954785098,0.06118232953227968,0d24afce-9d3c-449e-ac9f-577eefefbd7e,cc8dd669-7938-4594-868d-b8ca0663b69a,probe01,ZFM-02600,2021-08-27,218,APN
-0.0436052737706577,-0.4250477748110414,0.05044661460415805,0.03125010263665592,9.698541333756669e-45,0.09579682783020384,0d24afce-9d3c-449e-ac9f-577eefefbd7e,cc8dd669-7938-4594-868d-b8ca0663b69a,probe01,ZFM-02600,2021-08-27,220,APN
-0.061859011683632975,-0.08170274964544423,0.03359417132541332,0.02918440992958627,0.03553783830170444,0.3873882714316469,0d24afce-9d3c-449e-ac9f-577eefefbd7e,cc8dd669-7938-4594-868d-b8ca0663b69a,probe01,ZFM-02600,2021-08-27,335,SNr
0.09060360223844068,-0.10937993247665274,0.0777983604294409,0.0011695256172558452,0.004710173064517427,0.04441069881952068,0d24afce-9d3c-449e-ac9f-577eefefbd7e,cc8dd669-7938-4594-868d-b8ca0663b69a,probe01,ZFM-02600,2021-08-27,346,MB
-0.4820744519901469,-0.8556976695625836,0.3513445603022108,4.3642902841004944e-14,1.1554131358761935e-16,0.0006668749897708277,0d24afce-9d3c-449e-ac9f-577eefefbd7e,cc8dd669-7938-4594-868d-b8ca0663b69a,probe01,ZFM-02600,2021-08-27,352,ZI
0.25031269953987845,0.5387143296338668,-0.47499851524775655,1.909106866009887e-07,7.24590185393573e-20,8.639084239936036e-16,0d24afce-9d3c-449e-ac9f-577eefefbd7e,ff02e36b-95e9-4985-a6e3-ba2977063496,probe00,ZFM-02600,2021-08-27,29,PO
-0.0020117269562416468,-0.025509825779577392,0.003216942835115782,0.9152152474216487,0.3194089358719825,0.9000799119770072,0d24afce-9d3c-449e-ac9f-577eefefbd7e,ff02e36b-95e9-4985-a6e3-ba2977063496,probe00,ZFM-02600,2021-08-27,86,PO
-8.926021160468806e-05,-0.08285568076492214,0.0264644163804959,0.9958503996571246,0.00043978205905198444,0.2615654296101684,0d24afce-9d3c-449e-ac9f-577eefefbd7e,ff02e36b-95e9-4985-a6e3-ba2977063496,probe00,ZFM-02600,2021-08-27,104,PO
-0.010979470430196186,-0.0699731409324107,-0.055032285752835475,0.7612899544485071,0.15822976778475828,0.26710287111609676,0d24afce-9d3c-449e-ac9f-577eefefbd7e,ff02e36b-95e9-4985-a6e3-ba2977063496,probe00,ZFM-02600,2021-08-27,109,PO
0.117763257566554,0.24048305784793322,0.08601900645343925,0.004426152653721107,6.21233625010763e-06,0.10600271605918275,0d24afce-9d3c-449e-ac9f-577eefefbd7e,ff02e36b-95e9-4985-a6e3-ba2977063496,probe00,ZFM-02600,2021-08-27,183,LP
-0.01692956048074807,0.0346950118652629,-0.05301828701524457,0.5411339566423174,0.3498300644294574,0.15309844759932134,0d24afce-9d3c-449e-ac9f-577eefefbd7e,ff02e36b-95e9-4985-a6e3-ba2977063496,probe00,ZFM-02600,2021-08-27,195,LP
-0.11258714356287045,0.5290690233448839,-0.005273683944246249,0.00962669603579938,1.3717199725996228e-23,0.9205170769300729,0d24afce-9d3c-449e-ac9f-577eefefbd7e,ff02e36b-95e9-4985-a6e3-ba2977063496,probe00,ZFM-02600,2021-08-27,203,LP
0.04583561958347021,-0.3361946252812556,0.05158475186644307,0.0760296288734867,6.7503262694873905e-19,0.17308470189419456,0d24afce-9d3c-449e-ac9f-577eefefbd7e,ff02e36b-95e9-4985-a6e3-ba2977063496,probe00,ZFM-02600,2021-08-27,206,LP
0.0438256502968852,-0.2639634734419722,-0.044599603331635845,0.0009384116422102293,1.4678327482530622e-43,0.019367744064813425,0d24afce-9d3c-449e-ac9f-577eefefbd7e,ff02e36b-95e9-4985-a6e3-ba2977063496,probe00,ZFM-02600,2021-08-27,298,CA1
0.010389705767456306,-0.04740778498637568,0.03899053492384552,0.5532184404463137,0.04703745832904411,0.10239432015976177,0d24afce-9d3c-449e-ac9f-577eefefbd7e,ff02e36b-95e9-4985-a6e3-ba2977063496,probe00,ZFM-02600,2021-08-27,341,VISa5
-0.09227870029980645,-0.17969761824906919,0.07535284671109171,0.05827459359095832,0.0084212803726991,0.2692417406840345,0d24afce-9d3c-449e-ac9f-577eefefbd7e,ff02e36b-95e9-4985-a6e3-ba2977063496,probe00,ZFM-02600,2021-08-27,362,VISa5
-0.144438070489323,0.07209592385484194,0.23703807531521834,0.01964996463796492,0.375797308023998,0.003592289595618125,0d24afce-9d3c-449e-ac9f-577eefefbd7e,ff02e36b-95e9-4985-a6e3-ba2977063496,probe00,ZFM-02600,2021-08-27,398,VISa2/3
0.026808295868961055,-0.040003451004434344,0.06771980634730833,0.31653167248854885,0.271983128728265,0.06294118691461004,0d24afce-9d3c-449e-ac9f-577eefefbd7e,ff02e36b-95e9-4985-a6e3-ba2977063496,probe00,ZFM-02600,2021-08-27,429,PO
-0.08609318388041928,0.2959406149778137,-0.03322355459909849,0.042116487627465865,3.572404956892705e-08,0.5361377254140745,0d24afce-9d3c-449e-ac9f-577eefefbd7e,ff02e36b-95e9-4985-a6e3-ba2977063496,probe00,ZFM-02600,2021-08-27,455,DG-po
-0.027810605790167742,0.09007563872614988,-0.03569648639001349,0.3077534767494986,0.022516662636665068,0.3659100877922916,c8f68575-e5a8-4960-a690-0149c5c4683f,382684fb-7088-4d4c-83ca-486e93c342f0,probe00,ZFM-02600,2021-08-26,11,MRN
0.058113977967301625,-0.03676039306860769,-0.04463331558703358,1.902060335572612e-13,0.0018183896410367026,0.0001529333477297109,c8f68575-e5a8-4960-a690-0149c5c4683f,382684fb-7088-4d4c-83ca-486e93c342f0,probe00,ZFM-02600,2021-08-26,24,INC
-0.08962930106968975,0.09382015124315578,0.037956939284512756,3.1134109701849413e-35,2.4305242813958286e-19,0.0002749195745114435,c8f68575-e5a8-4960-a690-0149c5c4683f,382684fb-7088-4d4c-83ca-486e93c342f0,probe00,ZFM-02600,2021-08-26,50,MRN
0.027746413849669985,0.15172098504632336,-0.017480123583596578,0.029861106232402835,5.938178091499428e-17,0.3350872594566343,c8f68575-e5a8-4960-a690-0149c5c4683f,382684fb-7088-4d4c-83ca-486e93c342f0,probe00,ZFM-02600,2021-08-26,62,PAG
-0.32820143718301714,-0.21126421919191796,0.6884059829173697,3.990142486845554e-06,0.050971188773238515,2.0214677666288796e-10,c8f68575-e5a8-4960-a690-0149c5c4683f,382684fb-7088-4d4c-83ca-486e93c342f0,probe00,ZFM-02600,2021-08-26,157,SCop
0.02910452090645699,0.0030011456236809925,0.2080661613102178,0.43361988560558173,0.9560230843250755,0.00013176782850413178,c8f68575-e5a8-4960-a690-0149c5c4683f,eead949d-45e5-46ae-9b1d-646b280b4ecf,probe01,ZFM-02600,2021-08-26,43,OLF
0.0060118608234677835,0.1729219292023379,0.11174542832039294,0.7894455089205227,4.528382368639229e-08,0.0004091560824818168,c8f68575-e5a8-4960-a690-0149c5c4683f,eead949d-45e5-46ae-9b1d-646b280b4ecf,probe01,ZFM-02600,2021-08-26,48,OLF
-0.18776884378334663,-0.10655919607554233,0.08179085834409547,0.00027890656843791137,0.17508161907626996,0.29794178972466734,c8f68575-e5a8-4960-a690-0149c5c4683f,eead949d-45e5-46ae-9b1d-646b280b4ecf,probe01,ZFM-02600,2021-08-26,53,OLF
-0.010038792989964533,-0.08098232306403104,-0.024956687078047234,0.6121139663175813,0.006902195423165997,0.4051032950386372,c8f68575-e5a8-4960-a690-0149c5c4683f,eead949d-45e5-46ae-9b1d-646b280b4ecf,probe01,ZFM-02600,2021-08-26,91,OLF
-0.025101891290514666,-0.3066406556669253,0.012200602345242388,0.05976102572037531,5.0731005191934605e-46,0.5709625744819683,c8f68575-e5a8-4960-a690-0149c5c4683f,eead949d-45e5-46ae-9b1d-646b280b4ecf,probe01,ZFM-02600,2021-08-26,97,OLF
-0.06784889529274488,-0.524562729223519,0.18390550252456148,0.32877839161137656,1.055911543972434e-05,0.12247219033996051,c8f68575-e5a8-4960-a690-0149c5c4683f,eead949d-45e5-46ae-9b1d-646b280b4ecf,probe01,ZFM-02600,2021-08-26,131,PIR
0.060932947517917085,0.12928897573791392,0.04457804750989137,0.10002298774378421,0.01408079114079095,0.39725354960064463,c8f68575-e5a8-4960-a690-0149c5c4683f,eead949d-45e5-46ae-9b1d-646b280b4ecf,probe01,ZFM-02600,2021-08-26,134,PIR
0.13432286571600527,0.08119660240814695,0.03226365738715049,1.1473685929398136e-09,0.01038918095658689,0.3085568674237855,c8f68575-e5a8-4960-a690-0149c5c4683f,eead949d-45e5-46ae-9b1d-646b280b4ecf,probe01,ZFM-02600,2021-08-26,135,PIR
-0.047451933312239326,0.5081846127504,0.21084115381482038,0.5420267172594937,5.004529519772464e-07,0.03704214991060797,c8f68575-e5a8-4960-a690-0149c5c4683f,eead949d-45e5-46ae-9b1d-646b280b4ecf,probe01,ZFM-02600,2021-08-26,165,PIR
-0.017192762406479524,0.24250933917567197,0.02686570797416363,0.5726215918180474,9.602492450318358e-09,0.5250213726849837,c8f68575-e5a8-4960-a690-0149c5c4683f,eead949d-45e5-46ae-9b1d-646b280b4ecf,probe01,ZFM-02600,2021-08-26,177,PIR
-0.0654013379527505,0.12845547360655857,0.29311788634764874,0.031638622884565794,0.0028363543145345,9.677269537384004e-12,c8f68575-e5a8-4960-a690-0149c5c4683f,eead949d-45e5-46ae-9b1d-646b280b4ecf,probe01,ZFM-02600,2021-08-26,183,PIR
-0.07241811768637092,0.11531905593790388,-0.09133316904959823,0.21840090333365303,0.1763269190283291,0.28421015984818443,c8f68575-e5a8-4960-a690-0149c5c4683f,eead949d-45e5-46ae-9b1d-646b280b4ecf,probe01,ZFM-02600,2021-08-26,200,PIR
0.04735601558228867,0.2019769150368384,-0.019525070359300595,0.005869925220794911,4.9412848067534586e-17,0.417437736425716,c8f68575-e5a8-4960-a690-0149c5c4683f,eead949d-45e5-46ae-9b1d-646b280b4ecf,probe01,ZFM-02600,2021-08-26,204,ORBl2/3
0.08130344605611439,0.40921062214824505,0.0059245812029633214,2.2344543924559863e-06,1.7125159432609689e-71,0.795745977931237,c8f68575-e5a8-4960-a690-0149c5c4683f,eead949d-45e5-46ae-9b1d-646b280b4ecf,probe01,ZFM-02600,2021-08-26,209,ORBl2/3
-0.3222964559056526,0.2595909545698969,0.4613936764800633,0.00012737963072356176,0.02227909647987022,4.858049525056492e-05,c8f68575-e5a8-4960-a690-0149c5c4683f,eead949d-45e5-46ae-9b1d-646b280b4ecf,probe01,ZFM-02600,2021-08-26,220,ORBl2/3
-0.050187994637394914,1.0412071547049517,0.1712402766179574,0.46375142058791186,1.2432693945431958e-37,0.034973977188047484,c8f68575-e5a8-4960-a690-0149c5c4683f,eead949d-45e5-46ae-9b1d-646b280b4ecf,probe01,ZFM-02600,2021-08-26,221,ORBl2/3
-0.05666878415725294,-0.09462018506056008,-0.08043035572115521,0.42747169772636284,0.38716721271573906,0.46229055008590114,c8f68575-e5a8-4960-a690-0149c5c4683f,eead949d-45e5-46ae-9b1d-646b280b4ecf,probe01,ZFM-02600,2021-08-26,235,ORBl2/3
0.09827640194600823,-0.049629810444189786,0.10270127822758914,0.04205673901155072,0.4897057911786443,0.15287301439728218,c8f68575-e5a8-4960-a690-0149c5c4683f,eead949d-45e5-46ae-9b1d-646b280b4ecf,probe01,ZFM-02600,2021-08-26,247,ORBl2/3
-0.015923396778006617,0.11004886328961659,0.16423026725715587,0.6860285372693447,0.049876498011769334,0.003427883860400401,c8f68575-e5a8-4960-a690-0149c5c4683f,eead949d-45e5-46ae-9b1d-646b280b4ecf,probe01,ZFM-02600,2021-08-26,251,ORBl5
0.13632692154010914,0.38678730544646606,-0.019098961697574836,0.011328676616933906,7.642865907096929e-08,0.790680433612772,c8f68575-e5a8-4960-a690-0149c5c4683f,eead949d-45e5-46ae-9b1d-646b280b4ecf,probe01,ZFM-02600,2021-08-26,252,ORBl5
0.008109957373787379,-0.1609674699440313,-0.03797146552646889,0.7981688708175949,0.0010528111982190164,0.43964215730444745,c8f68575-e5a8-4960-a690-0149c5c4683f,eead949d-45e5-46ae-9b1d-646b280b4ecf,probe01,ZFM-02600,2021-08-26,255,ORBl5
0.013965816603215235,0.14490265570675698,-0.059041365100363764,0.7394307421978819,0.01558843469483605,0.324430196180015,c8f68575-e5a8-4960-a690-0149c5c4683f,eead949d-45e5-46ae-9b1d-646b280b4ecf,probe01,ZFM-02600,2021-08-26,258,ORBl5
0.1100356967462348,0.13055609349875621,0.08087470147028925,0.0021823719479684874,0.010333465912754407,0.1121524171512698,c8f68575-e5a8-4960-a690-0149c5c4683f,eead949d-45e5-46ae-9b1d-646b280b4ecf,probe01,ZFM-02600,2021-08-26,263,ORBl5
0.09773469690807107,0.08698964902607172,-0.047221033766448386,1.0148763173625329e-07,0.0010030317174140933,0.07413958319276556,c8f68575-e5a8-4960-a690-0149c5c4683f,eead949d-45e5-46ae-9b1d-646b280b4ecf,probe01,ZFM-02600,2021-08-26,264,ORBl5
0.09537740219711752,0.13280621589040825,-0.1696522164978657,6.995889249640809e-09,1.9411201216375257e-08,7.198751257509977e-13,c8f68575-e5a8-4960-a690-0149c5c4683f,eead949d-45e5-46ae-9b1d-646b280b4ecf,probe01,ZFM-02600,2021-08-26,275,ORBl5
0.11462490950772611,0.4380587601614146,-0.030502244512315743,0.00015847092298329525,1.065468809561213e-27,0.447571448762349,c8f68575-e5a8-4960-a690-0149c5c4683f,eead949d-45e5-46ae-9b1d-646b280b4ecf,probe01,ZFM-02600,2021-08-26,289,ORBl5
-0.035206917593926454,0.021599052178991378,0.007270922925212649,0.3230938634564974,0.6800743239940898,0.8895971533885374,c8f68575-e5a8-4960-a690-0149c5c4683f,eead949d-45e5-46ae-9b1d-646b280b4ecf,probe01,ZFM-02600,2021-08-26,292,ORBl5
0.015761738062608572,0.11583165733755535,0.006076276843296043,0.2682410468289279,1.3112374085696466e-08,0.7655494212967964,c8f68575-e5a8-4960-a690-0149c5c4683f,eead949d-45e5-46ae-9b1d-646b280b4ecf,probe01,ZFM-02600,2021-08-26,294,ORBl5
-0.09371072073419984,0.04572208775906517,0.2573480186417209,0.0001863634494995561,0.20668649962802133,1.1832987152121268e-12,c8f68575-e5a8-4960-a690-0149c5c4683f,eead949d-45e5-46ae-9b1d-646b280b4ecf,probe01,ZFM-02600,2021-08-26,300,ORBl5
-0.07063441781244553,-0.9387081446469046,0.17120104490005292,0.1511498747645318,6.914866364376158e-22,0.0795046562844267,c8f68575-e5a8-4960-a690-0149c5c4683f,eead949d-45e5-46ae-9b1d-646b280b4ecf,probe01,ZFM-02600,2021-08-26,311,ORBl5
-0.30374175144035104,0.04180613336363092,0.36823093378853883,2.7387185242081044e-18,0.40090378883329536,1.3737648229209117e-13,c8f68575-e5a8-4960-a690-0149c5c4683f,eead949d-45e5-46ae-9b1d-646b280b4ecf,probe01,ZFM-02600,2021-08-26,321,ORBl5
0.08425679191380975,-1.3143484224970035,0.23705890329771015,0.5002767635670273,4.796443783424295e-06,0.40943579304371236,c8f68575-e5a8-4960-a690-0149c5c4683f,eead949d-45e5-46ae-9b1d-646b280b4ecf,probe01,ZFM-02600,2021-08-26,327,ORBl5
-0.09169656957822137,-0.051073925279963316,0.06745143564193087,1.546736021097006e-05,0.10751393762679876,0.03353947541296809,c8f68575-e5a8-4960-a690-0149c5c4683f,eead949d-45e5-46ae-9b1d-646b280b4ecf,probe01,ZFM-02600,2021-08-26,332,ORBl5
-0.05463295072521336,0.09912471691809138,0.053152648469058345,4.335859814032832e-05,2.426038454217466e-07,0.005628444923286178,c8f68575-e5a8-4960-a690-0149c5c4683f,eead949d-45e5-46ae-9b1d-646b280b4ecf,probe01,ZFM-02600,2021-08-26,334,ORBl5
0.10127971261866975,-0.05276788789548646,0.35547680135927157,0.0019045445830502216,0.27932299666744487,3.147155549894255e-13,c8f68575-e5a8-4960-a690-0149c5c4683f,eead949d-45e5-46ae-9b1d-646b280b4ecf,probe01,ZFM-02600,2021-08-26,358,ORBl5
0.06838244275651932,-1.7221230035332673,1.7751944713166679,0.58733607646332,0.0010519050701987337,0.0007321999422429979,c8f68575-e5a8-4960-a690-0149c5c4683f,eead949d-45e5-46ae-9b1d-646b280b4ecf,probe01,ZFM-02600,2021-08-26,384,ORBl6a
-0.25766560203500566,-0.21255682551973992,-0.17158551311960207,0.0020206365711554143,0.11894425985459696,0.208148349915385,c8f68575-e5a8-4960-a690-0149c5c4683f,eead949d-45e5-46ae-9b1d-646b280b4ecf,probe01,ZFM-02600,2021-08-26,399,ORBl6a
-0.007312316436445474,0.5314659637593268,0.08162970527944974,0.8272653856733001,2.315551783211404e-34,0.06044700493448321,c8f68575-e5a8-4960-a690-0149c5c4683f,eead949d-45e5-46ae-9b1d-646b280b4ecf,probe01,ZFM-02600,2021-08-26,415,ORBl6a
0.038070131848302255,0.43391220354727045,0.0698809639324166,0.45263840466392724,9.94610535615837e-11,0.29758550698731623,c8f68575-e5a8-4960-a690-0149c5c4683f,eead949d-45e5-46ae-9b1d-646b280b4ecf,probe01,ZFM-02600,2021-08-26,418,ORBl6a
-0.23105661987549625,0.015144724842475553,0.647500157321708,0.031987560366893424,0.9225729291403135,3.246950850147318e-05,c8f68575-e5a8-4960-a690-0149c5c4683f,eead949d-45e5-46ae-9b1d-646b280b4ecf,probe01,ZFM-02600,2021-08-26,431,ORBl6a
-0.0676956620655232,0.310934395752472,0.12185826226526908,0.0007810155690172458,7.599547889407313e-30,8.693995888231791e-06,c8f68575-e5a8-4960-a690-0149c5c4683f,eead949d-45e5-46ae-9b1d-646b280b4ecf,probe01,ZFM-02600,2021-08-26,436,ORBl6a
-0.20869403318936341,-0.38666105933030614,-0.09346965513800085,9.14052157347871e-09,3.508156946364849e-10,0.12932663735366662,c8f68575-e5a8-4960-a690-0149c5c4683f,eead949d-45e5-46ae-9b1d-646b280b4ecf,probe01,ZFM-02600,2021-08-26,454,ORBl6a
-0.015149128816440913,-0.027102519805407756,-0.08414323051670419,0.11074673005265316,0.05708508162703708,3.482944537340015e-09,c8f68575-e5a8-4960-a690-0149c5c4683f,eead949d-45e5-46ae-9b1d-646b280b4ecf,probe01,ZFM-02600,2021-08-26,466,FRP6a
0.23671873135695307,0.03562225011734382,0.12385085783229466,2.525048604835074e-11,0.4886203651578809,0.016053831403134582,c8f68575-e5a8-4960-a690-0149c5c4683f,eead949d-45e5-46ae-9b1d-646b280b4ecf,probe01,ZFM-02600,2021-08-26,473,FRP6a
-0.02241298369498474,0.504719659665102,0.017624733473089915,0.6694232170218064,2.0418625970831605e-13,0.7975477054661697,c8f68575-e5a8-4960-a690-0149c5c4683f,eead949d-45e5-46ae-9b1d-646b280b4ecf,probe01,ZFM-02600,2021-08-26,527,MOs6a
-0.1812422790604767,0.04669884152650368,-0.04015986824191718,1.86830334712704e-30,0.04537899680862163,0.08526566185899434,c8f68575-e5a8-4960-a690-0149c5c4683f,eead949d-45e5-46ae-9b1d-646b280b4ecf,probe01,ZFM-02600,2021-08-26,539,MOs6a
-0.2820606841197215,0.11256895401727257,0.17396303205127134,1.4142920363192517e-18,0.013630482798382774,0.00013770299971107409,c8f68575-e5a8-4960-a690-0149c5c4683f,eead949d-45e5-46ae-9b1d-646b280b4ecf,probe01,ZFM-02600,2021-08-26,542,MOs6a
0.017312044570103238,-0.0360515948878858,0.10675561227261285,0.6366282176471337,0.5070049394391223,0.04944033797972267,c8f68575-e5a8-4960-a690-0149c5c4683f,eead949d-45e5-46ae-9b1d-646b280b4ecf,probe01,ZFM-02600,2021-08-26,550,MOs6a
0.019188890102117225,0.10023232501937378,-0.09370777664950265,0.6305159146868337,0.08249467890488646,0.10451200984503037,c8f68575-e5a8-4960-a690-0149c5c4683f,eead949d-45e5-46ae-9b1d-646b280b4ecf,probe01,ZFM-02600,2021-08-26,555,MOs6a
-0.3614545407342607,-0.04116984237850359,0.8818343949679376,4.302317709337879e-06,0.7195591973853871,1.464447504176148e-14,c8f68575-e5a8-4960-a690-0149c5c4683f,eead949d-45e5-46ae-9b1d-646b280b4ecf,probe01,ZFM-02600,2021-08-26,558,MOs6a
0.1348048503494303,1.081054741324308,-0.04116239086079483,0.18038197906977715,9.215145901058672e-20,0.729034323258226,c8f68575-e5a8-4960-a690-0149c5c4683f,eead949d-45e5-46ae-9b1d-646b280b4ecf,probe01,ZFM-02600,2021-08-26,569,MOs6a
-0.012304952999620993,-0.4967779690486097,0.18745942220700368,0.7158971792826623,5.1281922880807816e-18,0.0010974877053634728,c8f68575-e5a8-4960-a690-0149c5c4683f,eead949d-45e5-46ae-9b1d-646b280b4ecf,probe01,ZFM-02600,2021-08-26,593,MOs5
0.05015266690054322,0.02405993383185027,0.15978176513474607,0.3470121639007391,0.7567864896401526,0.03971150888435741,c8f68575-e5a8-4960-a690-0149c5c4683f,eead949d-45e5-46ae-9b1d-646b280b4ecf,probe01,ZFM-02600,2021-08-26,678,PIR
-0.0839793263967982,1.057661947548147,0.36100501922716954,0.48229168837386727,6.562585704969559e-14,0.01050713046082978,c8f68575-e5a8-4960-a690-0149c5c4683f,eead949d-45e5-46ae-9b1d-646b280b4ecf,probe01,ZFM-02600,2021-08-26,761,ORBl6a
-0.13067148870235434,0.6751357108011422,0.4811669915066658,0.13496360215942083,7.483275371996497e-10,1.1491583184760751e-05,c8f68575-e5a8-4960-a690-0149c5c4683f,eead949d-45e5-46ae-9b1d-646b280b4ecf,probe01,ZFM-02600,2021-08-26,806,MOs6a
-0.04098272472619835,-0.2984691952523055,-0.005511483818645024,0.044994923151424136,2.0282798212044123e-22,0.8572593612027029,5b7e1b65-b844-4fe8-b19e-1c3175290a63,9ceaa3aa-6821-4676-b72f-7bd5878576cd,probe01,ZFM-02600,2021-08-25,20,PAA
-0.10187607525340722,-0.1306501397561765,0.05385289222373822,0.0012553803808736264,0.0037522873667853404,0.23222687841136114,5b7e1b65-b844-4fe8-b19e-1c3175290a63,9ceaa3aa-6821-4676-b72f-7bd5878576cd,probe01,ZFM-02600,2021-08-25,63,CTXsp
0.03223486202726637,-0.8067707773820774,-0.07779675629862745,0.5205247296784138,6.864330509975579e-20,0.37865225241748335,5b7e1b65-b844-4fe8-b19e-1c3175290a63,9ceaa3aa-6821-4676-b72f-7bd5878576cd,probe01,ZFM-02600,2021-08-25,71,BLAa
-0.13705499745312,0.3765024165726894,0.06823309536431056,0.1813826374278278,0.003911326537601547,0.6010534684521783,5b7e1b65-b844-4fe8-b19e-1c3175290a63,9ceaa3aa-6821-4676-b72f-7bd5878576cd,probe01,ZFM-02600,2021-08-25,321,CTXsp
-0.1650948299950048,0.5540589023762088,0.013299665421175458,0.005295117821877469,3.1633277212504414e-14,0.8554055459780685,5b7e1b65-b844-4fe8-b19e-1c3175290a63,c5bf594f-245e-4ff2-b53e-516e9dd8f065,probe00,ZFM-02600,2021-08-25,24,DP
-0.05557676722907526,0.3137487988697993,0.012626211296353322,0.017772997745699938,4.444572705688337e-25,0.6772024869451234,5b7e1b65-b844-4fe8-b19e-1c3175290a63,c5bf594f-245e-4ff2-b53e-516e9dd8f065,probe00,ZFM-02600,2021-08-25,49,DP
0.06977594020302988,0.15754299009461653,-0.24425238912637098,0.7818455822150427,0.6430696562756553,0.47246996777798533,5b7e1b65-b844-4fe8-b19e-1c3175290a63,c5bf594f-245e-4ff2-b53e-516e9dd8f065,probe00,ZFM-02600,2021-08-25,81,ORBm2/3
0.005327983115094054,0.28084950334740116,-0.05467675147564903,0.8002813499582169,1.7661536805123297e-24,0.04681643150479667,5b7e1b65-b844-4fe8-b19e-1c3175290a63,c5bf594f-245e-4ff2-b53e-516e9dd8f065,probe00,ZFM-02600,2021-08-25,121,ORBm5
-0.10934707788233966,-0.06042290838372669,0.2006235434616983,0.06994366329004216,0.4749002324291425,0.017669780597206388,5b7e1b65-b844-4fe8-b19e-1c3175290a63,c5bf594f-245e-4ff2-b53e-516e9dd8f065,probe00,ZFM-02600,2021-08-25,125,ORBm5
0.029660095200648093,-0.032287578198591405,-0.012617507962747354,0.36119700898903795,0.4784100675976847,0.7817702652559517,5b7e1b65-b844-4fe8-b19e-1c3175290a63,c5bf594f-245e-4ff2-b53e-516e9dd8f065,probe00,ZFM-02600,2021-08-25,133,ORBm5
-0.01992405595449727,0.17437968979023,0.023548971761451355,0.4019469005344144,3.790379995940257e-08,0.4576084902258615,5b7e1b65-b844-4fe8-b19e-1c3175290a63,c5bf594f-245e-4ff2-b53e-516e9dd8f065,probe00,ZFM-02600,2021-08-25,158,ORBm5
-0.07067525253014877,-0.4899622593225168,-0.273143509844339,0.172286781770428,4.384518024725591e-09,0.001068507692309594,5b7e1b65-b844-4fe8-b19e-1c3175290a63,c5bf594f-245e-4ff2-b53e-516e9dd8f065,probe00,ZFM-02600,2021-08-25,196,ILA5
0.1363481006119886,0.018544208706959414,0.065312127495624,0.0007746981317800083,0.7429264343658675,0.24803432373042644,5b7e1b65-b844-4fe8-b19e-1c3175290a63,c5bf594f-245e-4ff2-b53e-516e9dd8f065,probe00,ZFM-02600,2021-08-25,197,ILA5
-0.02653254012447464,-0.5305543977296422,0.0547886452561455,0.6757282437071429,1.8435815338822565e-07,0.5902456968685678,5b7e1b65-b844-4fe8-b19e-1c3175290a63,c5bf594f-245e-4ff2-b53e-516e9dd8f065,probe00,ZFM-02600,2021-08-25,230,ILA5
0.012121321775879407,-0.08981239529761889,0.011501220288023237,0.14395533435144953,2.5911978183635684e-14,0.32933560837578024,5b7e1b65-b844-4fe8-b19e-1c3175290a63,c5bf594f-245e-4ff2-b53e-516e9dd8f065,probe00,ZFM-02600,2021-08-25,249,ILA5
0.06950632574556784,-0.16393761740643692,-0.006588795598099828,0.03430336096773909,0.0005875084600344911,0.8901228606182178,5b7e1b65-b844-4fe8-b19e-1c3175290a63,c5bf594f-245e-4ff2-b53e-516e9dd8f065,probe00,ZFM-02600,2021-08-25,251,ILA5
0.14354875820271978,-0.22755493239601343,-0.10180868985729491,3.018948841615134e-06,5.647319123057682e-07,0.02520068091558171,5b7e1b65-b844-4fe8-b19e-1c3175290a63,c5bf594f-245e-4ff2-b53e-516e9dd8f065,probe00,ZFM-02600,2021-08-25,268,ILA5
0.025382883669777367,-0.02431725842473811,-0.022119570013421963,0.05351036159689889,0.18620915019577033,0.22920418099708917,5b7e1b65-b844-4fe8-b19e-1c3175290a63,c5bf594f-245e-4ff2-b53e-516e9dd8f065,probe00,ZFM-02600,2021-08-25,283,PL5
-0.3033249315548639,-0.16340952647787502,0.017276706975349013,0.00018465750687335415,0.15845795539469965,0.8814719287802049,5b7e1b65-b844-4fe8-b19e-1c3175290a63,c5bf594f-245e-4ff2-b53e-516e9dd8f065,probe00,ZFM-02600,2021-08-25,308,PL5
0.01047306899852618,-0.12469324440471222,-0.07085493466122156,0.6405904827446203,0.00010767636221198567,0.027768033019261243,5b7e1b65-b844-4fe8-b19e-1c3175290a63,c5bf594f-245e-4ff2-b53e-516e9dd8f065,probe00,ZFM-02600,2021-08-25,324,PL5
0.7553297097173355,-0.841713965358373,-0.8992083781262881,1.0927293021948333e-42,4.44902680194745e-19,1.5010858107007607e-21,5b7e1b65-b844-4fe8-b19e-1c3175290a63,c5bf594f-245e-4ff2-b53e-516e9dd8f065,probe00,ZFM-02600,2021-08-25,386,PL6a
-0.24521204552355333,-0.05832637095840204,-0.0032244684371686566,2.375730827233405e-07,0.37879955623670514,0.961193987770435,5b7e1b65-b844-4fe8-b19e-1c3175290a63,c5bf594f-245e-4ff2-b53e-516e9dd8f065,probe00,ZFM-02600,2021-08-25,405,PL6a
0.38692928047249425,-0.15339909017591435,-0.44983395373729285,0.020827586524666875,0.5262358119705401,0.06310202586377511,5b7e1b65-b844-4fe8-b19e-1c3175290a63,c5bf594f-245e-4ff2-b53e-516e9dd8f065,probe00,ZFM-02600,2021-08-25,442,ACAd5
0.06072100240439822,-0.0485418030750402,0.09369711246840243,0.011706846328401332,0.1535825350313159,0.005879475211697228,5b7e1b65-b844-4fe8-b19e-1c3175290a63,c5bf594f-245e-4ff2-b53e-516e9dd8f065,probe00,ZFM-02600,2021-08-25,496,ILA5
0.06169347177643688,-0.2819802892570834,0.061739497600954305,0.4212538568239672,0.01429777478066816,0.5917099765164453,5b7e1b65-b844-4fe8-b19e-1c3175290a63,c5bf594f-245e-4ff2-b53e-516e9dd8f065,probe00,ZFM-02600,2021-08-25,498,ILA5
0.10537007122824713,0.9310644108201914,-0.07486677130265675,0.17504270785608989,1.4601878628872454e-24,0.410754655491649,5b7e1b65-b844-4fe8-b19e-1c3175290a63,c5bf594f-245e-4ff2-b53e-516e9dd8f065,probe00,ZFM-02600,2021-08-25,538,PL5
0.056617286044366465,-0.06844957177779143,-0.151791219878458,0.6693333877446006,0.7159582811854455,0.4197269388579228,5b7e1b65-b844-4fe8-b19e-1c3175290a63,c5bf594f-245e-4ff2-b53e-516e9dd8f065,probe00,ZFM-02600,2021-08-25,577,ILA5
0.36277530389822726,-0.7832541679122448,0.09389682706993902,0.000195073863951681,0.00010168449978820709,0.7009524461617378,91e629f5-f161-44e4-8dd0-15954c602f02,985672f4-4308-4f68-84ac-0d10acad84bb,probe00,ZFM-02181,2021-07-16,636,MOs6a
-0.00416599896043434,0.058276592573429056,-0.15162537033727302,0.981094370775056,0.9228698581622871,0.8058648928083424,299bf322-e039-4444-8f04-67fde247ae5e,3641cd8e-831f-46b5-9600-688c23aaa79b,probe00,ZFM-02181,2021-07-14,45,ORBm2/3
0.26258215484119296,0.040779906878249804,-0.6249877734889137,0.10684294295251158,0.9456541937441678,0.3062685964171392,299bf322-e039-4444-8f04-67fde247ae5e,3641cd8e-831f-46b5-9600-688c23aaa79b,probe00,ZFM-02181,2021-07-14,144,ORBm5
0.8523740461192146,3.490997282357531,23.139076092939455,0.4149564675333183,0.004366601583065586,0.9988919851175521,299bf322-e039-4444-8f04-67fde247ae5e,3641cd8e-831f-46b5-9600-688c23aaa79b,probe00,ZFM-02181,2021-07-14,299,PL5
-0.07520737454369263,-21.017783046931438,-19.878273098683273,0.7603872538412223,0.9990759880386539,0.9991260846825285,299bf322-e039-4444-8f04-67fde247ae5e,3641cd8e-831f-46b5-9600-688c23aaa79b,probe00,ZFM-02181,2021-07-14,365,MOs5
-0.04804131174069671,0.22311744944819953,0.09778978935193963,0.6669356704613751,0.524339880793302,0.7864492860247148,299bf322-e039-4444-8f04-67fde247ae5e,3641cd8e-831f-46b5-9600-688c23aaa79b,probe00,ZFM-02181,2021-07-14,517,ORBm5
-0.08364102188595934,1.7347051562964233,1.0358737754516967,0.7587958679980376,0.000168589822902299,0.03384939831332227,299bf322-e039-4444-8f04-67fde247ae5e,3641cd8e-831f-46b5-9600-688c23aaa79b,probe00,ZFM-02181,2021-07-14,587,MOs5
-0.9790958209439398,0.9306311073590655,1.8896558781091113,0.03445115912484498,0.26881677256089487,0.033029333283625305,299bf322-e039-4444-8f04-67fde247ae5e,3641cd8e-831f-46b5-9600-688c23aaa79b,probe00,ZFM-02181,2021-07-14,639,MOs5
-0.05403839341726772,-0.017171058049839993,0.020136841741583478,0.3452629401152012,0.9316799688850569,0.9220716279498734,299bf322-e039-4444-8f04-67fde247ae5e,60d5e964-4827-406b-af75-3b856edec162,probe01,ZFM-02181,2021-07-14,153,CEAm
-0.09919844836060299,-0.040013416451188354,-0.06941583098543119,0.022541604991015818,0.7921504111870941,0.655442027239425,299bf322-e039-4444-8f04-67fde247ae5e,60d5e964-4827-406b-af75-3b856edec162,probe01,ZFM-02181,2021-07-14,191,SI
-0.12301315700360631,-0.4454538513512245,-0.23312284863051028,8.857773524177395e-07,2.176619692344971e-05,0.029446324869476542,299bf322-e039-4444-8f04-67fde247ae5e,60d5e964-4827-406b-af75-3b856edec162,probe01,ZFM-02181,2021-07-14,238,GPi
0.08537032415931883,-0.030729354213962605,0.1295394222277874,0.0013367139773998854,0.7517034426282136,0.19752370917888207,299bf322-e039-4444-8f04-67fde247ae5e,60d5e964-4827-406b-af75-3b856edec162,probe01,ZFM-02181,2021-07-14,248,int
0.20461342566156857,-0.10839552605381525,-0.09401090604331146,6.774208137718277e-10,0.40082563893044465,0.48013550729421783,299bf322-e039-4444-8f04-67fde247ae5e,60d5e964-4827-406b-af75-3b856edec162,probe01,ZFM-02181,2021-07-14,258,int
